position,stability_score,stability_category,confidence
100000,1.0,stable,1.0
200000,0.7182175,stable,0.06072499999999998
300000,0.28800000000000003,variable,0.27999999999999997
400000,0.07507499999999999,variable,0.8123125
500000,0.6476800000000001,intermediate,0.3487999999999988
