distance,ps
1024056.5670773427,123393.26413480786
1977143.6883042026,37222.90007569836
3017947.6495146444,21362.09067392171
4000927.4997175243,15234.557884370939
5060594.020277525,11950.197085060056
6107087.620934306,9969.54702997748
7031672.590027256,8672.143861224129
8096235.469727272,7817.1835741804425
8894047.758714374,7169.066874278419
