{
  "experimental": {
    "shape": [10, 10],
    "non_zero": 100,
    "mean": 67.44444444444444,
    "std": 57.16508474217673,
    "min": 9.0,
    "max": 247.0
  },
  "simulation": {
    "shape": [10, 10],
    "non_zero": 22,
    "mean": 0.09444444444444444,
    "std": 0.24089813942877783,
    "min": 0.0,
    "max": 1.0
  },
  "correlation": {
    "pearson_r": -0.09213652545618323,
    "pearson_p": 0.547200327928891,
    "spearman_rho": -0.1258018688072963,
    "spearman_p": 0.41026024611951006,
    "sample_size": 45
  },
  "scale_factor": 714.1176470588235
}
