{
  "pearson_r": 0.047754081698154455,
  "pearson_p": 0.7554149531344542,
  "spearman_rho": -0.08359092833734622,
  "spearman_p": 0.5851192076987503,
  "sample_size": 45,
  "normalization": "KR_balanced",
  "experimental": {
    "min": 0.0007553531653040204,
    "max": 0.01474185228597671,
    "mean": 0.0036702417072576586,
    "std": 0.0030306938115052056
  },
  "simulation": {
    "min": 0.0007553531653040204,
    "max": 0.010860598779990039,
    "mean": 0.0020763003044786637,
    "std": 0.003369321615292289
  }
}
