{
  "pearson_r": 0.15756692131269492,
  "pearson_p": 0.301266112485322,
  "spearman_rho": 0.11048734186111182,
  "spearman_p": 0.46996772532194564,
  "sample_size": 45,
  "normalization": "KR_balanced",
  "experimental": {
    "min": 0.0007553531653040204,
    "max": 0.01474185228597671,
    "mean": 0.0036702417072576586,
    "std": 0.0030306938115052056
  },
  "simulation": {
    "min": 0.0007553531653040204,
    "max": 0.010860598779990039,
    "mean": 0.0020763003044786637,
    "std": 0.003369321615292289
  }
}
