chrom,start,end,insulation_score
chr8,127100000,127600000,0.8400000000000001
chr8,127200000,127700000,0.643125
chr8,127300000,127800000,0.4724999999999999
chr8,127400000,127900000,0.32812499999999994
chr8,127500000,128000000,0.4725
