{
  "locus": "ldlr",
  "locus_id": "ldlr_300kb",
  "window": {
    "chromosome": "chr19",
    "start": 10940000,
    "end": 11240000,
    "resolution_bp": 1000,
    "n_bins": 300
  },
  "alphagenome": {
    "sdk_version": "0.6.0",
    "sequence_length": 524288,
    "contact_map_resolution": 2048,
    "contact_map_shape": [
      256,
      256
    ],
    "cell_line": "HepG2",
    "track_name": "4dn:4DNFIS6HAUPP",
    "assay": "in situ Hi-C",
    "ontology_curie": "EFO:0001187"
  },
  "correlations": {
    "archcode_vs_alphagenome": {
      "pearson_r": 0.2929507798437953,
      "pearson_p": 0.0,
      "spearman_rho": 0.4322710937577771,
      "spearman_p": 0.0,
      "n": 44551
    },
    "archcode_vs_hic": {
      "pearson_r": 0.08683029774777185,
      "pearson_p": 2.6694859023724214e-75,
      "spearman_rho": 0.1521590931633154,
      "spearman_p": 6.198373208654822e-229,
      "n": 44551
    },
    "alphagenome_vs_hic": {
      "pearson_r": 0.13420295533193302,
      "pearson_p": 4.303116246048961e-178,
      "spearman_rho": 0.15933233215169687,
      "spearman_p": 4.16623269319371e-251,
      "n": 44551
    }
  }
}