{
  "locus": "brca1",
  "locus_id": "brca1_400kb",
  "window": {
    "chromosome": "chr17",
    "start": 42900000,
    "end": 43300000,
    "resolution_bp": 1000,
    "n_bins": 400
  },
  "alphagenome": {
    "sdk_version": "0.6.0",
    "sequence_length": 524288,
    "contact_map_resolution": 2048,
    "contact_map_shape": [256, 256],
    "cell_line": "GM12878",
    "track_name": "4dn:4DNFIXP4QG5B",
    "assay": "in situ Hi-C",
    "ontology_curie": "EFO:0002784"
  },
  "correlations": {
    "archcode_vs_alphagenome": {
      "pearson_r": 0.2097262394176505,
      "pearson_p": 0.0,
      "spearman_rho": 0.5239279784060855,
      "spearman_p": 0.0,
      "n": 79401
    },
    "archcode_vs_hic": {
      "pearson_r": -0.015324371286988372,
      "pearson_p": 1.5722496222003395e-5,
      "spearman_rho": 0.1614716860098068,
      "spearman_p": 0.0,
      "n": 79401
    },
    "alphagenome_vs_hic": {
      "pearson_r": 0.04810237756081683,
      "pearson_p": 6.726443819417501e-42,
      "spearman_rho": -0.03909907894348599,
      "spearman_p": 3.01165765758192e-28,
      "n": 79401
    }
  }
}
