{
  "gene": "BRCA1",
  "K562": {
    "r": 0.5304356552637919,
    "p": 0.0,
    "n_pairs": 12093
  },
  "MCF7": {
    "r": 0.49995297491678753,
    "p": 0.0,
    "n_pairs": 7307
  }
}
