{
  "gene": "TP53",
  "K562": {
    "r": 0.2925713774626441,
    "p": 3.583131939841318e-154,
    "n_pairs": 7821
  },
  "MCF7": {
    "r": 0.2755443130873755,
    "p": 2.8020467760615453e-136,
    "n_pairs": 7821
  }
}
