{
  "analysis": "MPRA_ARCHCODE_crossvalidation",
  "mpra_source": "Kircher et al. 2019, Nat Commun 10:3583",
  "mavedb_urn": "urn:mavedb:00000018-a-1",
  "mpra_region_grch38": "chr11:5,227,022-5,227,208",
  "mpra_cell_line": "HEL 92.1.7 (erythroid)",
  "total_mpra_variants": 623,
  "total_mpra_substitutions": 561,
  "atlas_variants_in_region": 30,
  "allele_specific_matches": 22,
  "position_level_matches": 30,
  "pearl_positions_in_mpra": [
    5227099,
    5227100,
    5227101,
    5227102,
    5227142,
    5227157,
    5227158,
    5227159,
    5227161,
    5227163,
    5227172
  ],
  "n_pearl_positions": 11,
  "allele_pearson_r": -0.2050358280719414,
  "allele_pearson_p": 0.3600107175314902,
  "allele_spearman_rho": -0.41974016146664256,
  "allele_spearman_p": 0.05180645964052657,
  "mpra_pearl_mean": -0.015454545454545455,
  "mpra_nonpearl_mean": -0.021420454545454548,
  "mpra_pearl_vs_nonpearl_U": 8818.5,
  "mpra_pearl_vs_nonpearl_p": 0.9065544356476916,
  "position_pearson_r": -0.01907168564818358,
  "position_pearson_p": 0.9203203917724362,
  "position_spearman_rho": -0.186101163831692,
  "position_spearman_p": 0.3247996751740869,
  "position_n": 30,
  "position_aggregated_spearman_rho": -0.19811677488140428,
  "position_aggregated_spearman_p": 0.4024226382496811,
  "position_aggregated_n": 20
}