ClinVar_ID,Position,Ref,Alt,Category,Label,Pearl,LSSIM,VEP_Score,CADD_Phred,MPRA_score,MPRA_pval
VCV000393704,5227039,G,C,5_prime_UTR,Pathogenic,False,0.976,0.5,21.0,-0.13,0.2979
VCV000869257,5227056,T,C,5_prime_UTR,Benign,False,0.9767,0.1,15.6,-0.1,0.05107
VCV003051702,5227091,C,T,other,Benign,False,0.9614,0.2,8.1,-0.02,0.5653199999999999
VCV000869256,5227096,C,A,other,Pathogenic,False,0.9614,0.2,12.1,-0.05,0.19505
VCV000869286,5227097,T,G,other,Pathogenic,False,0.9609,0.2,17.4,-0.09,0.34732
VCV000869287,5227098,T,A,other,Pathogenic,False,0.9612,0.2,17.5,0.04,0.47962
VCV000015471,5227099,T,C,promoter,Pathogenic,True,0.9157,0.2,15.1,0.03,0.1391599999999999
VCV000015470,5227099,T,G,promoter,Pathogenic,True,0.9157,0.2,15.2,-0.15,0.11772
VCV000869288,5227100,T,G,promoter,Pathogenic,True,0.9143,0.2,19.3,-0.09,0.27684
VCV000869289,5227101,A,C,other,Pathogenic,False,0.96,0.2,18.6,0.16,0.00486
VCV000015467,5227101,A,T,other,Pathogenic,False,0.96,0.2,18.6,0.03,0.67132
VCV000015466,5227102,T,C,promoter,Pathogenic,True,0.9173,0.2,19.2,0.07,0.00061
VCV000801184,5227142,G,A,promoter,Pathogenic,True,0.9144,0.2,15.7,0.06,0.06441
VCV000869327,5227147,G,T,other,Pathogenic,False,0.9595,0.2,14.5,-0.01,0.95355
VCV002506212,5227157,G,T,promoter,Pathogenic,True,0.9186,0.2,12.1,-0.07,0.07439
VCV000015465,5227157,G,C,other,Pathogenic,False,0.9619,0.2,12.3,-0.15,0.01191
VCV000036285,5227158,G,T,promoter,Pathogenic,True,0.9157,0.2,15.6,0.0,0.99723
VCV000015464,5227158,G,C,promoter,Pathogenic,True,0.9157,0.2,15.6,-0.06,0.62241
VCV000015460,5227159,G,A,other,Pathogenic,False,0.9603,0.2,18.6,-0.02,0.4908
VCV000015514,5227161,G,A,promoter,Pathogenic,True,0.9146,0.2,16.9,0.05,0.21943
VCV000015586,5227172,G,C,promoter,Pathogenic,True,0.9177,0.2,13.4,-0.03,0.14186
VCV000015461,5227172,G,A,other,Pathogenic,False,0.9615,0.2,14.1,-0.17,7e-05
