locus,anchor_start,anchor_end,other_anchor,count,pvalue,id,pos,ref,alt,snv,category,sig,hgvs
HBA1,176933,178222,chr16:125445-128988,2,0.483694596969381,VCV004533035,177331,.,.,False,nonsense,Pathogenic,c.349G>T
HBA1,176933,178222,chr16:125445-128988,2,0.483694596969381,VCV004076507,177310,.,.,False,synonymous,Likely pathogenic,c.328C>T
HBA1,176933,178222,chr16:125445-128988,2,0.483694596969381,VCV004074262,177368,.,.,False,missense,Likely pathogenic,c.386T>C
HBA1,176933,178222,chr16:125445-128988,2,0.483694596969381,VCV003766692,177311,.,.,False,missense,Likely pathogenic,c.329T>C
HBA1,176933,178222,chr16:125445-128988,2,0.483694596969381,VCV003579879,177017,.,.,False,nonsense,Likely pathogenic,c.184A>T
HBA1,176933,178222,chr16:125445-128988,2,0.483694596969381,VCV002502312,177134,.,.,False,splice,Likely pathogenic,c.300+1G>A
HBA1,176933,178222,chr16:125445-128988,2,0.483694596969381,VCV001809522,177097,.,.,False,missense,Likely pathogenic,c.264C>G
HBA1,176933,178222,chr16:125445-128988,2,0.483694596969381,VCV001330688,177308,.,.,False,missense,Likely pathogenic,c.326C>A
HBA1,176933,178222,chr16:125445-128988,2,0.483694596969381,VCV000995656,177134,.,.,False,splice,Pathogenic,c.300+1G>T
HBA1,176933,178222,chr16:125445-128988,2,0.483694596969381,VCV000993066,177011,.,.,False,missense,Pathogenic,c.178G>C
HBA1,176933,178222,chr16:125445-128988,2,0.483694596969381,VCV000811900,177340,.,.,False,missense,Pathogenic,c.358C>T
HBA1,176933,178222,chr16:125445-128988,2,0.483694596969381,VCV000439095,177040,.,.,False,missense,Likely benign,c.207C>G
HBA1,176933,178222,chr16:125445-128988,2,0.483694596969381,VCV000015865,177371,.,.,False,missense,Likely pathogenic,c.389T>C
HBA1,176933,178222,chr16:125445-128988,2,0.483694596969381,VCV000015856,177403,.,.,False,missense,Pathogenic; other,c.421T>C
HBA1,176933,178222,chr16:125445-128988,2,0.483694596969381,VCV000015849,177012,.,.,False,missense,Pathogenic,c.179G>A
HBA1,176933,178222,chr16:125445-128988,2,0.483694596969381,VCV000015828,177392,.,.,False,missense,Pathogenic; other,c.410T>G
HBA1,176933,178222,chr16:125445-128988,2,0.483694596969381,VCV000015821,177407,.,.,False,missense,Pathogenic; other,c.425G>A
HBA1,176933,178222,chr16:125445-128988,2,0.483694596969381,VCV000015807,177361,.,.,False,missense,Pathogenic; other,c.379G>C
HBA1,176933,178222,chr16:125445-128988,2,0.483694596969381,VCV000015800,177314,.,.,False,missense,Likely pathogenic,c.332C>A
HBA1,176933,178222,chr16:125445-128988,2,0.483694596969381,VCV000015792,177406,.,.,False,missense,Pathogenic; other,c.424C>T
HBA1,176933,178222,chr16:125445-128988,2,0.483694596969381,VCV000015783,176967,.,.,False,missense,Likely pathogenic,c.134C>T
HBA1,176933,178222,chr16:125445-128988,2,0.483694596969381,VCV000015779,177095,.,.,False,missense,Pathogenic,c.262C>T
HBA1,176933,178222,chr16:125445-128988,2,0.483694596969381,VCV000015776,177098,.,.,False,missense,Pathogenic; other,c.265G>T
HBA1,176933,178222,chr16:125445-128988,2,0.483694596969381,VCV000015773,177407,.,.,False,missense,Pathogenic; other,c.425G>T
HBA1,176933,178222,chr16:125445-128988,2,0.483694596969381,VCV000015752,177111,.,.,False,missense,Pathogenic; other,c.278G>A
HBA1,176933,178222,chr16:125445-128988,2,0.483694596969381,VCV000015733,177056,.,.,False,missense,Conflicting classifications of pathogenicity,c.223G>C
HBA1,176933,178222,chr16:125445-128988,2,0.483694596969381,VCV000015730,177120,.,.,False,missense,Conflicting classifications of pathogenicity,c.287C>T
HBA1,176933,178222,chr16:125445-128988,2,0.483694596969381,VCV000015711,177111,.,.,False,missense,Likely pathogenic,c.278G>T
HBA1,176933,178222,chr16:125445-128988,2,0.483694596969381,VCV004685641,177345,.,.,False,synonymous,Likely benign,c.363G>T
HBA1,176933,178222,chr16:125445-128988,2,0.483694596969381,VCV003766985,177400,.,.,False,missense,Likely benign,c.418A>G
HBA1,176933,178222,chr16:125445-128988,2,0.483694596969381,VCV003766932,176986,.,.,False,missense,Likely benign,c.153C>G
HBA1,176933,178222,chr16:125445-128988,2,0.483694596969381,VCV003766910,177306,.,.,False,synonymous,Likely benign,c.324G>A
HBA1,176933,178222,chr16:125445-128988,2,0.483694596969381,VCV003766747,177109,.,.,False,synonymous,Likely benign,c.276T>G
HBA1,176933,178222,chr16:125445-128988,2,0.483694596969381,VCV003344963,177333,.,.,False,synonymous,Likely benign,c.351G>A
HBA1,176933,178222,chr16:125445-128988,2,0.483694596969381,VCV003036580,177412,.,.,False,other,Likely benign,c.*1G>A
HBA1,176933,178222,chr16:125445-128988,2,0.483694596969381,VCV003029547,177301,.,.,False,synonymous,Likely benign,c.319C>T
HBA1,176933,178222,chr16:125445-128988,2,0.483694596969381,VCV002428629,177399,.,.,False,synonymous,Likely benign,c.417C>G
HBA1,176933,178222,chr16:125445-128988,2,0.483694596969381,VCV002428618,177379,.,.,False,missense,Likely benign,c.397G>A
HBA1,176933,178222,chr16:125445-128988,2,0.483694596969381,VCV002428547,177070,.,.,False,missense,Benign,c.237C>A
HBA1,176933,178222,chr16:125445-128988,2,0.483694596969381,VCV001679446,177088,.,.,False,missense,Likely benign,c.255C>A
HBA1,176933,178222,chr16:125445-128988,2,0.483694596969381,VCV001330740,177291,.,.,False,missense,Conflicting classifications of pathogenicity,c.309C>A
HBA1,176933,178222,chr16:125445-128988,2,0.483694596969381,VCV000994077,177180,.,.,False,intronic,Likely benign,c.300+47C>A
HBA1,176933,178222,chr16:125445-128988,2,0.483694596969381,VCV000993413,177234,.,.,False,intronic,Likely benign,c.301-49C>T
HBA1,176933,178222,chr16:125445-128988,2,0.483694596969381,VCV000993349,176983,.,.,False,missense,Conflicting classifications of pathogenicity,c.150C>A
HBA1,176933,178222,chr16:125445-128988,2,0.483694596969381,VCV000990365,177274,.,.,False,intronic,Likely benign,c.301-9T>C
HBA1,176933,178222,chr16:125445-128988,2,0.483694596969381,VCV000811573,177694,.,.,False,other,Benign,
HBA1,176933,178222,chr16:125445-128988,2,0.483694596969381,VCV000811124,177031,.,.,False,synonymous,Likely benign,c.198G>A
HBA1,176933,178222,chr16:125445-128988,2,0.483694596969381,VCV000801164,177317,.,.,False,missense,Likely benign,c.335C>T
HBA1,176933,178222,chr16:125445-128988,2,0.483694596969381,VCV000788899,177083,.,.,False,synonymous,Conflicting classifications of pathogenicity,c.250C>T
HBA1,176933,178222,chr16:125445-128988,2,0.483694596969381,VCV000439768,177188,.,.,False,intronic,Benign,c.300+55G>T
HBA1,176933,178222,chr16:125445-128988,2,0.483694596969381,VCV000439101,177378,.,.,False,synonymous,Likely benign,c.396T>C
HBA1,176933,178222,chr16:125445-128988,2,0.483694596969381,VCV000439097,177266,.,.,False,splice,Likely benign,c.301-17C>A
HBA1,176933,178222,chr16:125445-128988,2,0.483694596969381,VCV000439094,177457,.,.,False,other,Benign/Likely benign,c.*46C>A
HBA1,176933,178222,chr16:125445-128988,2,0.483694596969381,VCV000015889,176987,.,.,False,missense,Likely benign,c.154G>A
HBA1,176933,178222,chr16:125445-128988,2,0.483694596969381,VCV000015885,177103,.,.,False,missense,Conflicting classifications of pathogenicity,c.270C>G
HBA1,176933,178222,chr16:125445-128988,2,0.483694596969381,VCV000015834,177059,.,.,False,missense,Conflicting classifications of pathogenicity,c.226G>T
HBA1,176933,178222,chr16:125445-128988,2,0.483694596969381,VCV000015832,177332,.,.,False,missense,Likely benign,c.350A>C
HBA1,176933,178222,chr16:125445-128988,2,0.483694596969381,VCV000015829,177323,.,.,False,missense,Conflicting classifications of pathogenicity,c.341T>A
HBA1,176933,178222,chr16:125445-128988,2,0.483694596969381,VCV000015817,177120,.,.,False,missense,Conflicting classifications of pathogenicity,c.287C>G
HBA1,176933,178222,chr16:125445-128988,2,0.483694596969381,VCV000015806,176987,.,.,False,missense,Conflicting classifications of pathogenicity,c.154G>C
HBA1,176933,178222,chr16:125445-128988,2,0.483694596969381,VCV000015793,177331,.,.,False,missense,Conflicting classifications of pathogenicity,c.349G>A
HBA1,176933,178222,chr16:125445-128988,2,0.483694596969381,VCV000015790,177006,.,.,False,missense,Likely benign,c.173G>A
HBA1,176933,178222,chr16:125445-128988,2,0.483694596969381,VCV000015782,176996,.,.,False,missense,Benign/Likely benign,c.163C>G
HBA1,176933,178222,chr16:125445-128988,2,0.483694596969381,VCV000015766,177366,.,.,False,missense,Likely benign,c.384G>C
HBA1,176933,178222,chr16:125445-128988,2,0.483694596969381,VCV000015759,177105,.,.,False,missense,Likely benign,c.272A>C
HBA1,176933,178222,chr16:125445-128988,2,0.483694596969381,VCV000015750,177344,.,.,False,missense,Conflicting classifications of pathogenicity,c.362C>A
HBA1,176933,178222,chr16:125445-128988,2,0.483694596969381,VCV000015707,177106,.,.,False,missense,Likely benign,c.273G>C
HBA1,176933,178222,chr16:154075-155861,2,0.587402133704019,VCV004533035,177331,.,.,False,nonsense,Pathogenic,c.349G>T
HBA1,176933,178222,chr16:154075-155861,2,0.587402133704019,VCV004076507,177310,.,.,False,synonymous,Likely pathogenic,c.328C>T
HBA1,176933,178222,chr16:154075-155861,2,0.587402133704019,VCV004074262,177368,.,.,False,missense,Likely pathogenic,c.386T>C
HBA1,176933,178222,chr16:154075-155861,2,0.587402133704019,VCV003766692,177311,.,.,False,missense,Likely pathogenic,c.329T>C
HBA1,176933,178222,chr16:154075-155861,2,0.587402133704019,VCV003579879,177017,.,.,False,nonsense,Likely pathogenic,c.184A>T
HBA1,176933,178222,chr16:154075-155861,2,0.587402133704019,VCV002502312,177134,.,.,False,splice,Likely pathogenic,c.300+1G>A
HBA1,176933,178222,chr16:154075-155861,2,0.587402133704019,VCV001809522,177097,.,.,False,missense,Likely pathogenic,c.264C>G
HBA1,176933,178222,chr16:154075-155861,2,0.587402133704019,VCV001330688,177308,.,.,False,missense,Likely pathogenic,c.326C>A
HBA1,176933,178222,chr16:154075-155861,2,0.587402133704019,VCV000995656,177134,.,.,False,splice,Pathogenic,c.300+1G>T
HBA1,176933,178222,chr16:154075-155861,2,0.587402133704019,VCV000993066,177011,.,.,False,missense,Pathogenic,c.178G>C
HBA1,176933,178222,chr16:154075-155861,2,0.587402133704019,VCV000811900,177340,.,.,False,missense,Pathogenic,c.358C>T
HBA1,176933,178222,chr16:154075-155861,2,0.587402133704019,VCV000439095,177040,.,.,False,missense,Likely benign,c.207C>G
HBA1,176933,178222,chr16:154075-155861,2,0.587402133704019,VCV000015865,177371,.,.,False,missense,Likely pathogenic,c.389T>C
HBA1,176933,178222,chr16:154075-155861,2,0.587402133704019,VCV000015856,177403,.,.,False,missense,Pathogenic; other,c.421T>C
HBA1,176933,178222,chr16:154075-155861,2,0.587402133704019,VCV000015849,177012,.,.,False,missense,Pathogenic,c.179G>A
HBA1,176933,178222,chr16:154075-155861,2,0.587402133704019,VCV000015828,177392,.,.,False,missense,Pathogenic; other,c.410T>G
HBA1,176933,178222,chr16:154075-155861,2,0.587402133704019,VCV000015821,177407,.,.,False,missense,Pathogenic; other,c.425G>A
HBA1,176933,178222,chr16:154075-155861,2,0.587402133704019,VCV000015807,177361,.,.,False,missense,Pathogenic; other,c.379G>C
HBA1,176933,178222,chr16:154075-155861,2,0.587402133704019,VCV000015800,177314,.,.,False,missense,Likely pathogenic,c.332C>A
HBA1,176933,178222,chr16:154075-155861,2,0.587402133704019,VCV000015792,177406,.,.,False,missense,Pathogenic; other,c.424C>T
HBA1,176933,178222,chr16:154075-155861,2,0.587402133704019,VCV000015783,176967,.,.,False,missense,Likely pathogenic,c.134C>T
HBA1,176933,178222,chr16:154075-155861,2,0.587402133704019,VCV000015779,177095,.,.,False,missense,Pathogenic,c.262C>T
HBA1,176933,178222,chr16:154075-155861,2,0.587402133704019,VCV000015776,177098,.,.,False,missense,Pathogenic; other,c.265G>T
HBA1,176933,178222,chr16:154075-155861,2,0.587402133704019,VCV000015773,177407,.,.,False,missense,Pathogenic; other,c.425G>T
HBA1,176933,178222,chr16:154075-155861,2,0.587402133704019,VCV000015752,177111,.,.,False,missense,Pathogenic; other,c.278G>A
HBA1,176933,178222,chr16:154075-155861,2,0.587402133704019,VCV000015733,177056,.,.,False,missense,Conflicting classifications of pathogenicity,c.223G>C
HBA1,176933,178222,chr16:154075-155861,2,0.587402133704019,VCV000015730,177120,.,.,False,missense,Conflicting classifications of pathogenicity,c.287C>T
HBA1,176933,178222,chr16:154075-155861,2,0.587402133704019,VCV000015711,177111,.,.,False,missense,Likely pathogenic,c.278G>T
HBA1,176933,178222,chr16:154075-155861,2,0.587402133704019,VCV004685641,177345,.,.,False,synonymous,Likely benign,c.363G>T
HBA1,176933,178222,chr16:154075-155861,2,0.587402133704019,VCV003766985,177400,.,.,False,missense,Likely benign,c.418A>G
HBA1,176933,178222,chr16:154075-155861,2,0.587402133704019,VCV003766932,176986,.,.,False,missense,Likely benign,c.153C>G
HBA1,176933,178222,chr16:154075-155861,2,0.587402133704019,VCV003766910,177306,.,.,False,synonymous,Likely benign,c.324G>A
HBA1,176933,178222,chr16:154075-155861,2,0.587402133704019,VCV003766747,177109,.,.,False,synonymous,Likely benign,c.276T>G
HBA1,176933,178222,chr16:154075-155861,2,0.587402133704019,VCV003344963,177333,.,.,False,synonymous,Likely benign,c.351G>A
HBA1,176933,178222,chr16:154075-155861,2,0.587402133704019,VCV003036580,177412,.,.,False,other,Likely benign,c.*1G>A
HBA1,176933,178222,chr16:154075-155861,2,0.587402133704019,VCV003029547,177301,.,.,False,synonymous,Likely benign,c.319C>T
HBA1,176933,178222,chr16:154075-155861,2,0.587402133704019,VCV002428629,177399,.,.,False,synonymous,Likely benign,c.417C>G
HBA1,176933,178222,chr16:154075-155861,2,0.587402133704019,VCV002428618,177379,.,.,False,missense,Likely benign,c.397G>A
HBA1,176933,178222,chr16:154075-155861,2,0.587402133704019,VCV002428547,177070,.,.,False,missense,Benign,c.237C>A
HBA1,176933,178222,chr16:154075-155861,2,0.587402133704019,VCV001679446,177088,.,.,False,missense,Likely benign,c.255C>A
HBA1,176933,178222,chr16:154075-155861,2,0.587402133704019,VCV001330740,177291,.,.,False,missense,Conflicting classifications of pathogenicity,c.309C>A
HBA1,176933,178222,chr16:154075-155861,2,0.587402133704019,VCV000994077,177180,.,.,False,intronic,Likely benign,c.300+47C>A
HBA1,176933,178222,chr16:154075-155861,2,0.587402133704019,VCV000993413,177234,.,.,False,intronic,Likely benign,c.301-49C>T
HBA1,176933,178222,chr16:154075-155861,2,0.587402133704019,VCV000993349,176983,.,.,False,missense,Conflicting classifications of pathogenicity,c.150C>A
HBA1,176933,178222,chr16:154075-155861,2,0.587402133704019,VCV000990365,177274,.,.,False,intronic,Likely benign,c.301-9T>C
HBA1,176933,178222,chr16:154075-155861,2,0.587402133704019,VCV000811573,177694,.,.,False,other,Benign,
HBA1,176933,178222,chr16:154075-155861,2,0.587402133704019,VCV000811124,177031,.,.,False,synonymous,Likely benign,c.198G>A
HBA1,176933,178222,chr16:154075-155861,2,0.587402133704019,VCV000801164,177317,.,.,False,missense,Likely benign,c.335C>T
HBA1,176933,178222,chr16:154075-155861,2,0.587402133704019,VCV000788899,177083,.,.,False,synonymous,Conflicting classifications of pathogenicity,c.250C>T
HBA1,176933,178222,chr16:154075-155861,2,0.587402133704019,VCV000439768,177188,.,.,False,intronic,Benign,c.300+55G>T
HBA1,176933,178222,chr16:154075-155861,2,0.587402133704019,VCV000439101,177378,.,.,False,synonymous,Likely benign,c.396T>C
HBA1,176933,178222,chr16:154075-155861,2,0.587402133704019,VCV000439097,177266,.,.,False,splice,Likely benign,c.301-17C>A
HBA1,176933,178222,chr16:154075-155861,2,0.587402133704019,VCV000439094,177457,.,.,False,other,Benign/Likely benign,c.*46C>A
HBA1,176933,178222,chr16:154075-155861,2,0.587402133704019,VCV000015889,176987,.,.,False,missense,Likely benign,c.154G>A
HBA1,176933,178222,chr16:154075-155861,2,0.587402133704019,VCV000015885,177103,.,.,False,missense,Conflicting classifications of pathogenicity,c.270C>G
HBA1,176933,178222,chr16:154075-155861,2,0.587402133704019,VCV000015834,177059,.,.,False,missense,Conflicting classifications of pathogenicity,c.226G>T
HBA1,176933,178222,chr16:154075-155861,2,0.587402133704019,VCV000015832,177332,.,.,False,missense,Likely benign,c.350A>C
HBA1,176933,178222,chr16:154075-155861,2,0.587402133704019,VCV000015829,177323,.,.,False,missense,Conflicting classifications of pathogenicity,c.341T>A
HBA1,176933,178222,chr16:154075-155861,2,0.587402133704019,VCV000015817,177120,.,.,False,missense,Conflicting classifications of pathogenicity,c.287C>G
HBA1,176933,178222,chr16:154075-155861,2,0.587402133704019,VCV000015806,176987,.,.,False,missense,Conflicting classifications of pathogenicity,c.154G>C
HBA1,176933,178222,chr16:154075-155861,2,0.587402133704019,VCV000015793,177331,.,.,False,missense,Conflicting classifications of pathogenicity,c.349G>A
HBA1,176933,178222,chr16:154075-155861,2,0.587402133704019,VCV000015790,177006,.,.,False,missense,Likely benign,c.173G>A
HBA1,176933,178222,chr16:154075-155861,2,0.587402133704019,VCV000015782,176996,.,.,False,missense,Benign/Likely benign,c.163C>G
HBA1,176933,178222,chr16:154075-155861,2,0.587402133704019,VCV000015766,177366,.,.,False,missense,Likely benign,c.384G>C
HBA1,176933,178222,chr16:154075-155861,2,0.587402133704019,VCV000015759,177105,.,.,False,missense,Likely benign,c.272A>C
HBA1,176933,178222,chr16:154075-155861,2,0.587402133704019,VCV000015750,177344,.,.,False,missense,Conflicting classifications of pathogenicity,c.362C>A
HBA1,176933,178222,chr16:154075-155861,2,0.587402133704019,VCV000015707,177106,.,.,False,missense,Likely benign,c.273G>C
HBA1,176933,178222,chr16:162390-165037,8,0.00321215811211207,VCV004533035,177331,.,.,False,nonsense,Pathogenic,c.349G>T
HBA1,176933,178222,chr16:162390-165037,8,0.00321215811211207,VCV004076507,177310,.,.,False,synonymous,Likely pathogenic,c.328C>T
HBA1,176933,178222,chr16:162390-165037,8,0.00321215811211207,VCV004074262,177368,.,.,False,missense,Likely pathogenic,c.386T>C
HBA1,176933,178222,chr16:162390-165037,8,0.00321215811211207,VCV003766692,177311,.,.,False,missense,Likely pathogenic,c.329T>C
HBA1,176933,178222,chr16:162390-165037,8,0.00321215811211207,VCV003579879,177017,.,.,False,nonsense,Likely pathogenic,c.184A>T
HBA1,176933,178222,chr16:162390-165037,8,0.00321215811211207,VCV002502312,177134,.,.,False,splice,Likely pathogenic,c.300+1G>A
HBA1,176933,178222,chr16:162390-165037,8,0.00321215811211207,VCV001809522,177097,.,.,False,missense,Likely pathogenic,c.264C>G
HBA1,176933,178222,chr16:162390-165037,8,0.00321215811211207,VCV001330688,177308,.,.,False,missense,Likely pathogenic,c.326C>A
HBA1,176933,178222,chr16:162390-165037,8,0.00321215811211207,VCV000995656,177134,.,.,False,splice,Pathogenic,c.300+1G>T
HBA1,176933,178222,chr16:162390-165037,8,0.00321215811211207,VCV000993066,177011,.,.,False,missense,Pathogenic,c.178G>C
HBA1,176933,178222,chr16:162390-165037,8,0.00321215811211207,VCV000811900,177340,.,.,False,missense,Pathogenic,c.358C>T
HBA1,176933,178222,chr16:162390-165037,8,0.00321215811211207,VCV000439095,177040,.,.,False,missense,Likely benign,c.207C>G
HBA1,176933,178222,chr16:162390-165037,8,0.00321215811211207,VCV000015865,177371,.,.,False,missense,Likely pathogenic,c.389T>C
HBA1,176933,178222,chr16:162390-165037,8,0.00321215811211207,VCV000015856,177403,.,.,False,missense,Pathogenic; other,c.421T>C
HBA1,176933,178222,chr16:162390-165037,8,0.00321215811211207,VCV000015849,177012,.,.,False,missense,Pathogenic,c.179G>A
HBA1,176933,178222,chr16:162390-165037,8,0.00321215811211207,VCV000015828,177392,.,.,False,missense,Pathogenic; other,c.410T>G
HBA1,176933,178222,chr16:162390-165037,8,0.00321215811211207,VCV000015821,177407,.,.,False,missense,Pathogenic; other,c.425G>A
HBA1,176933,178222,chr16:162390-165037,8,0.00321215811211207,VCV000015807,177361,.,.,False,missense,Pathogenic; other,c.379G>C
HBA1,176933,178222,chr16:162390-165037,8,0.00321215811211207,VCV000015800,177314,.,.,False,missense,Likely pathogenic,c.332C>A
HBA1,176933,178222,chr16:162390-165037,8,0.00321215811211207,VCV000015792,177406,.,.,False,missense,Pathogenic; other,c.424C>T
HBA1,176933,178222,chr16:162390-165037,8,0.00321215811211207,VCV000015783,176967,.,.,False,missense,Likely pathogenic,c.134C>T
HBA1,176933,178222,chr16:162390-165037,8,0.00321215811211207,VCV000015779,177095,.,.,False,missense,Pathogenic,c.262C>T
HBA1,176933,178222,chr16:162390-165037,8,0.00321215811211207,VCV000015776,177098,.,.,False,missense,Pathogenic; other,c.265G>T
HBA1,176933,178222,chr16:162390-165037,8,0.00321215811211207,VCV000015773,177407,.,.,False,missense,Pathogenic; other,c.425G>T
HBA1,176933,178222,chr16:162390-165037,8,0.00321215811211207,VCV000015752,177111,.,.,False,missense,Pathogenic; other,c.278G>A
HBA1,176933,178222,chr16:162390-165037,8,0.00321215811211207,VCV000015733,177056,.,.,False,missense,Conflicting classifications of pathogenicity,c.223G>C
HBA1,176933,178222,chr16:162390-165037,8,0.00321215811211207,VCV000015730,177120,.,.,False,missense,Conflicting classifications of pathogenicity,c.287C>T
HBA1,176933,178222,chr16:162390-165037,8,0.00321215811211207,VCV000015711,177111,.,.,False,missense,Likely pathogenic,c.278G>T
HBA1,176933,178222,chr16:162390-165037,8,0.00321215811211207,VCV004685641,177345,.,.,False,synonymous,Likely benign,c.363G>T
HBA1,176933,178222,chr16:162390-165037,8,0.00321215811211207,VCV003766985,177400,.,.,False,missense,Likely benign,c.418A>G
HBA1,176933,178222,chr16:162390-165037,8,0.00321215811211207,VCV003766932,176986,.,.,False,missense,Likely benign,c.153C>G
HBA1,176933,178222,chr16:162390-165037,8,0.00321215811211207,VCV003766910,177306,.,.,False,synonymous,Likely benign,c.324G>A
HBA1,176933,178222,chr16:162390-165037,8,0.00321215811211207,VCV003766747,177109,.,.,False,synonymous,Likely benign,c.276T>G
HBA1,176933,178222,chr16:162390-165037,8,0.00321215811211207,VCV003344963,177333,.,.,False,synonymous,Likely benign,c.351G>A
HBA1,176933,178222,chr16:162390-165037,8,0.00321215811211207,VCV003036580,177412,.,.,False,other,Likely benign,c.*1G>A
HBA1,176933,178222,chr16:162390-165037,8,0.00321215811211207,VCV003029547,177301,.,.,False,synonymous,Likely benign,c.319C>T
HBA1,176933,178222,chr16:162390-165037,8,0.00321215811211207,VCV002428629,177399,.,.,False,synonymous,Likely benign,c.417C>G
HBA1,176933,178222,chr16:162390-165037,8,0.00321215811211207,VCV002428618,177379,.,.,False,missense,Likely benign,c.397G>A
HBA1,176933,178222,chr16:162390-165037,8,0.00321215811211207,VCV002428547,177070,.,.,False,missense,Benign,c.237C>A
HBA1,176933,178222,chr16:162390-165037,8,0.00321215811211207,VCV001679446,177088,.,.,False,missense,Likely benign,c.255C>A
HBA1,176933,178222,chr16:162390-165037,8,0.00321215811211207,VCV001330740,177291,.,.,False,missense,Conflicting classifications of pathogenicity,c.309C>A
HBA1,176933,178222,chr16:162390-165037,8,0.00321215811211207,VCV000994077,177180,.,.,False,intronic,Likely benign,c.300+47C>A
HBA1,176933,178222,chr16:162390-165037,8,0.00321215811211207,VCV000993413,177234,.,.,False,intronic,Likely benign,c.301-49C>T
HBA1,176933,178222,chr16:162390-165037,8,0.00321215811211207,VCV000993349,176983,.,.,False,missense,Conflicting classifications of pathogenicity,c.150C>A
HBA1,176933,178222,chr16:162390-165037,8,0.00321215811211207,VCV000990365,177274,.,.,False,intronic,Likely benign,c.301-9T>C
HBA1,176933,178222,chr16:162390-165037,8,0.00321215811211207,VCV000811573,177694,.,.,False,other,Benign,
HBA1,176933,178222,chr16:162390-165037,8,0.00321215811211207,VCV000811124,177031,.,.,False,synonymous,Likely benign,c.198G>A
HBA1,176933,178222,chr16:162390-165037,8,0.00321215811211207,VCV000801164,177317,.,.,False,missense,Likely benign,c.335C>T
HBA1,176933,178222,chr16:162390-165037,8,0.00321215811211207,VCV000788899,177083,.,.,False,synonymous,Conflicting classifications of pathogenicity,c.250C>T
HBA1,176933,178222,chr16:162390-165037,8,0.00321215811211207,VCV000439768,177188,.,.,False,intronic,Benign,c.300+55G>T
HBA1,176933,178222,chr16:162390-165037,8,0.00321215811211207,VCV000439101,177378,.,.,False,synonymous,Likely benign,c.396T>C
HBA1,176933,178222,chr16:162390-165037,8,0.00321215811211207,VCV000439097,177266,.,.,False,splice,Likely benign,c.301-17C>A
HBA1,176933,178222,chr16:162390-165037,8,0.00321215811211207,VCV000439094,177457,.,.,False,other,Benign/Likely benign,c.*46C>A
HBA1,176933,178222,chr16:162390-165037,8,0.00321215811211207,VCV000015889,176987,.,.,False,missense,Likely benign,c.154G>A
HBA1,176933,178222,chr16:162390-165037,8,0.00321215811211207,VCV000015885,177103,.,.,False,missense,Conflicting classifications of pathogenicity,c.270C>G
HBA1,176933,178222,chr16:162390-165037,8,0.00321215811211207,VCV000015834,177059,.,.,False,missense,Conflicting classifications of pathogenicity,c.226G>T
HBA1,176933,178222,chr16:162390-165037,8,0.00321215811211207,VCV000015832,177332,.,.,False,missense,Likely benign,c.350A>C
HBA1,176933,178222,chr16:162390-165037,8,0.00321215811211207,VCV000015829,177323,.,.,False,missense,Conflicting classifications of pathogenicity,c.341T>A
HBA1,176933,178222,chr16:162390-165037,8,0.00321215811211207,VCV000015817,177120,.,.,False,missense,Conflicting classifications of pathogenicity,c.287C>G
HBA1,176933,178222,chr16:162390-165037,8,0.00321215811211207,VCV000015806,176987,.,.,False,missense,Conflicting classifications of pathogenicity,c.154G>C
HBA1,176933,178222,chr16:162390-165037,8,0.00321215811211207,VCV000015793,177331,.,.,False,missense,Conflicting classifications of pathogenicity,c.349G>A
HBA1,176933,178222,chr16:162390-165037,8,0.00321215811211207,VCV000015790,177006,.,.,False,missense,Likely benign,c.173G>A
HBA1,176933,178222,chr16:162390-165037,8,0.00321215811211207,VCV000015782,176996,.,.,False,missense,Benign/Likely benign,c.163C>G
HBA1,176933,178222,chr16:162390-165037,8,0.00321215811211207,VCV000015766,177366,.,.,False,missense,Likely benign,c.384G>C
HBA1,176933,178222,chr16:162390-165037,8,0.00321215811211207,VCV000015759,177105,.,.,False,missense,Likely benign,c.272A>C
HBA1,176933,178222,chr16:162390-165037,8,0.00321215811211207,VCV000015750,177344,.,.,False,missense,Conflicting classifications of pathogenicity,c.362C>A
HBA1,176933,178222,chr16:162390-165037,8,0.00321215811211207,VCV000015707,177106,.,.,False,missense,Likely benign,c.273G>C
HBA1,176933,178222,chr16:168260-172012,21,2.01391657785429e-13,VCV004533035,177331,.,.,False,nonsense,Pathogenic,c.349G>T
HBA1,176933,178222,chr16:168260-172012,21,2.01391657785429e-13,VCV004076507,177310,.,.,False,synonymous,Likely pathogenic,c.328C>T
HBA1,176933,178222,chr16:168260-172012,21,2.01391657785429e-13,VCV004074262,177368,.,.,False,missense,Likely pathogenic,c.386T>C
HBA1,176933,178222,chr16:168260-172012,21,2.01391657785429e-13,VCV003766692,177311,.,.,False,missense,Likely pathogenic,c.329T>C
HBA1,176933,178222,chr16:168260-172012,21,2.01391657785429e-13,VCV003579879,177017,.,.,False,nonsense,Likely pathogenic,c.184A>T
HBA1,176933,178222,chr16:168260-172012,21,2.01391657785429e-13,VCV002502312,177134,.,.,False,splice,Likely pathogenic,c.300+1G>A
HBA1,176933,178222,chr16:168260-172012,21,2.01391657785429e-13,VCV001809522,177097,.,.,False,missense,Likely pathogenic,c.264C>G
HBA1,176933,178222,chr16:168260-172012,21,2.01391657785429e-13,VCV001330688,177308,.,.,False,missense,Likely pathogenic,c.326C>A
HBA1,176933,178222,chr16:168260-172012,21,2.01391657785429e-13,VCV000995656,177134,.,.,False,splice,Pathogenic,c.300+1G>T
HBA1,176933,178222,chr16:168260-172012,21,2.01391657785429e-13,VCV000993066,177011,.,.,False,missense,Pathogenic,c.178G>C
HBA1,176933,178222,chr16:168260-172012,21,2.01391657785429e-13,VCV000811900,177340,.,.,False,missense,Pathogenic,c.358C>T
HBA1,176933,178222,chr16:168260-172012,21,2.01391657785429e-13,VCV000439095,177040,.,.,False,missense,Likely benign,c.207C>G
HBA1,176933,178222,chr16:168260-172012,21,2.01391657785429e-13,VCV000015865,177371,.,.,False,missense,Likely pathogenic,c.389T>C
HBA1,176933,178222,chr16:168260-172012,21,2.01391657785429e-13,VCV000015856,177403,.,.,False,missense,Pathogenic; other,c.421T>C
HBA1,176933,178222,chr16:168260-172012,21,2.01391657785429e-13,VCV000015849,177012,.,.,False,missense,Pathogenic,c.179G>A
HBA1,176933,178222,chr16:168260-172012,21,2.01391657785429e-13,VCV000015828,177392,.,.,False,missense,Pathogenic; other,c.410T>G
HBA1,176933,178222,chr16:168260-172012,21,2.01391657785429e-13,VCV000015821,177407,.,.,False,missense,Pathogenic; other,c.425G>A
HBA1,176933,178222,chr16:168260-172012,21,2.01391657785429e-13,VCV000015807,177361,.,.,False,missense,Pathogenic; other,c.379G>C
HBA1,176933,178222,chr16:168260-172012,21,2.01391657785429e-13,VCV000015800,177314,.,.,False,missense,Likely pathogenic,c.332C>A
HBA1,176933,178222,chr16:168260-172012,21,2.01391657785429e-13,VCV000015792,177406,.,.,False,missense,Pathogenic; other,c.424C>T
HBA1,176933,178222,chr16:168260-172012,21,2.01391657785429e-13,VCV000015783,176967,.,.,False,missense,Likely pathogenic,c.134C>T
HBA1,176933,178222,chr16:168260-172012,21,2.01391657785429e-13,VCV000015779,177095,.,.,False,missense,Pathogenic,c.262C>T
HBA1,176933,178222,chr16:168260-172012,21,2.01391657785429e-13,VCV000015776,177098,.,.,False,missense,Pathogenic; other,c.265G>T
HBA1,176933,178222,chr16:168260-172012,21,2.01391657785429e-13,VCV000015773,177407,.,.,False,missense,Pathogenic; other,c.425G>T
HBA1,176933,178222,chr16:168260-172012,21,2.01391657785429e-13,VCV000015752,177111,.,.,False,missense,Pathogenic; other,c.278G>A
HBA1,176933,178222,chr16:168260-172012,21,2.01391657785429e-13,VCV000015733,177056,.,.,False,missense,Conflicting classifications of pathogenicity,c.223G>C
HBA1,176933,178222,chr16:168260-172012,21,2.01391657785429e-13,VCV000015730,177120,.,.,False,missense,Conflicting classifications of pathogenicity,c.287C>T
HBA1,176933,178222,chr16:168260-172012,21,2.01391657785429e-13,VCV000015711,177111,.,.,False,missense,Likely pathogenic,c.278G>T
HBA1,176933,178222,chr16:168260-172012,21,2.01391657785429e-13,VCV004685641,177345,.,.,False,synonymous,Likely benign,c.363G>T
HBA1,176933,178222,chr16:168260-172012,21,2.01391657785429e-13,VCV003766985,177400,.,.,False,missense,Likely benign,c.418A>G
HBA1,176933,178222,chr16:168260-172012,21,2.01391657785429e-13,VCV003766932,176986,.,.,False,missense,Likely benign,c.153C>G
HBA1,176933,178222,chr16:168260-172012,21,2.01391657785429e-13,VCV003766910,177306,.,.,False,synonymous,Likely benign,c.324G>A
HBA1,176933,178222,chr16:168260-172012,21,2.01391657785429e-13,VCV003766747,177109,.,.,False,synonymous,Likely benign,c.276T>G
HBA1,176933,178222,chr16:168260-172012,21,2.01391657785429e-13,VCV003344963,177333,.,.,False,synonymous,Likely benign,c.351G>A
HBA1,176933,178222,chr16:168260-172012,21,2.01391657785429e-13,VCV003036580,177412,.,.,False,other,Likely benign,c.*1G>A
HBA1,176933,178222,chr16:168260-172012,21,2.01391657785429e-13,VCV003029547,177301,.,.,False,synonymous,Likely benign,c.319C>T
HBA1,176933,178222,chr16:168260-172012,21,2.01391657785429e-13,VCV002428629,177399,.,.,False,synonymous,Likely benign,c.417C>G
HBA1,176933,178222,chr16:168260-172012,21,2.01391657785429e-13,VCV002428618,177379,.,.,False,missense,Likely benign,c.397G>A
HBA1,176933,178222,chr16:168260-172012,21,2.01391657785429e-13,VCV002428547,177070,.,.,False,missense,Benign,c.237C>A
HBA1,176933,178222,chr16:168260-172012,21,2.01391657785429e-13,VCV001679446,177088,.,.,False,missense,Likely benign,c.255C>A
HBA1,176933,178222,chr16:168260-172012,21,2.01391657785429e-13,VCV001330740,177291,.,.,False,missense,Conflicting classifications of pathogenicity,c.309C>A
HBA1,176933,178222,chr16:168260-172012,21,2.01391657785429e-13,VCV000994077,177180,.,.,False,intronic,Likely benign,c.300+47C>A
HBA1,176933,178222,chr16:168260-172012,21,2.01391657785429e-13,VCV000993413,177234,.,.,False,intronic,Likely benign,c.301-49C>T
HBA1,176933,178222,chr16:168260-172012,21,2.01391657785429e-13,VCV000993349,176983,.,.,False,missense,Conflicting classifications of pathogenicity,c.150C>A
HBA1,176933,178222,chr16:168260-172012,21,2.01391657785429e-13,VCV000990365,177274,.,.,False,intronic,Likely benign,c.301-9T>C
HBA1,176933,178222,chr16:168260-172012,21,2.01391657785429e-13,VCV000811573,177694,.,.,False,other,Benign,
HBA1,176933,178222,chr16:168260-172012,21,2.01391657785429e-13,VCV000811124,177031,.,.,False,synonymous,Likely benign,c.198G>A
HBA1,176933,178222,chr16:168260-172012,21,2.01391657785429e-13,VCV000801164,177317,.,.,False,missense,Likely benign,c.335C>T
HBA1,176933,178222,chr16:168260-172012,21,2.01391657785429e-13,VCV000788899,177083,.,.,False,synonymous,Conflicting classifications of pathogenicity,c.250C>T
HBA1,176933,178222,chr16:168260-172012,21,2.01391657785429e-13,VCV000439768,177188,.,.,False,intronic,Benign,c.300+55G>T
HBA1,176933,178222,chr16:168260-172012,21,2.01391657785429e-13,VCV000439101,177378,.,.,False,synonymous,Likely benign,c.396T>C
HBA1,176933,178222,chr16:168260-172012,21,2.01391657785429e-13,VCV000439097,177266,.,.,False,splice,Likely benign,c.301-17C>A
HBA1,176933,178222,chr16:168260-172012,21,2.01391657785429e-13,VCV000439094,177457,.,.,False,other,Benign/Likely benign,c.*46C>A
HBA1,176933,178222,chr16:168260-172012,21,2.01391657785429e-13,VCV000015889,176987,.,.,False,missense,Likely benign,c.154G>A
HBA1,176933,178222,chr16:168260-172012,21,2.01391657785429e-13,VCV000015885,177103,.,.,False,missense,Conflicting classifications of pathogenicity,c.270C>G
HBA1,176933,178222,chr16:168260-172012,21,2.01391657785429e-13,VCV000015834,177059,.,.,False,missense,Conflicting classifications of pathogenicity,c.226G>T
HBA1,176933,178222,chr16:168260-172012,21,2.01391657785429e-13,VCV000015832,177332,.,.,False,missense,Likely benign,c.350A>C
HBA1,176933,178222,chr16:168260-172012,21,2.01391657785429e-13,VCV000015829,177323,.,.,False,missense,Conflicting classifications of pathogenicity,c.341T>A
HBA1,176933,178222,chr16:168260-172012,21,2.01391657785429e-13,VCV000015817,177120,.,.,False,missense,Conflicting classifications of pathogenicity,c.287C>G
HBA1,176933,178222,chr16:168260-172012,21,2.01391657785429e-13,VCV000015806,176987,.,.,False,missense,Conflicting classifications of pathogenicity,c.154G>C
HBA1,176933,178222,chr16:168260-172012,21,2.01391657785429e-13,VCV000015793,177331,.,.,False,missense,Conflicting classifications of pathogenicity,c.349G>A
HBA1,176933,178222,chr16:168260-172012,21,2.01391657785429e-13,VCV000015790,177006,.,.,False,missense,Likely benign,c.173G>A
HBA1,176933,178222,chr16:168260-172012,21,2.01391657785429e-13,VCV000015782,176996,.,.,False,missense,Benign/Likely benign,c.163C>G
HBA1,176933,178222,chr16:168260-172012,21,2.01391657785429e-13,VCV000015766,177366,.,.,False,missense,Likely benign,c.384G>C
HBA1,176933,178222,chr16:168260-172012,21,2.01391657785429e-13,VCV000015759,177105,.,.,False,missense,Likely benign,c.272A>C
HBA1,176933,178222,chr16:168260-172012,21,2.01391657785429e-13,VCV000015750,177344,.,.,False,missense,Conflicting classifications of pathogenicity,c.362C>A
HBA1,176933,178222,chr16:168260-172012,21,2.01391657785429e-13,VCV000015707,177106,.,.,False,missense,Likely benign,c.273G>C
HBA1,176933,178222,chr16:187170-189559,8,0.00444376023571872,VCV004533035,177331,.,.,False,nonsense,Pathogenic,c.349G>T
HBA1,176933,178222,chr16:187170-189559,8,0.00444376023571872,VCV004076507,177310,.,.,False,synonymous,Likely pathogenic,c.328C>T
HBA1,176933,178222,chr16:187170-189559,8,0.00444376023571872,VCV004074262,177368,.,.,False,missense,Likely pathogenic,c.386T>C
HBA1,176933,178222,chr16:187170-189559,8,0.00444376023571872,VCV003766692,177311,.,.,False,missense,Likely pathogenic,c.329T>C
HBA1,176933,178222,chr16:187170-189559,8,0.00444376023571872,VCV003579879,177017,.,.,False,nonsense,Likely pathogenic,c.184A>T
HBA1,176933,178222,chr16:187170-189559,8,0.00444376023571872,VCV002502312,177134,.,.,False,splice,Likely pathogenic,c.300+1G>A
HBA1,176933,178222,chr16:187170-189559,8,0.00444376023571872,VCV001809522,177097,.,.,False,missense,Likely pathogenic,c.264C>G
HBA1,176933,178222,chr16:187170-189559,8,0.00444376023571872,VCV001330688,177308,.,.,False,missense,Likely pathogenic,c.326C>A
HBA1,176933,178222,chr16:187170-189559,8,0.00444376023571872,VCV000995656,177134,.,.,False,splice,Pathogenic,c.300+1G>T
HBA1,176933,178222,chr16:187170-189559,8,0.00444376023571872,VCV000993066,177011,.,.,False,missense,Pathogenic,c.178G>C
HBA1,176933,178222,chr16:187170-189559,8,0.00444376023571872,VCV000811900,177340,.,.,False,missense,Pathogenic,c.358C>T
HBA1,176933,178222,chr16:187170-189559,8,0.00444376023571872,VCV000439095,177040,.,.,False,missense,Likely benign,c.207C>G
HBA1,176933,178222,chr16:187170-189559,8,0.00444376023571872,VCV000015865,177371,.,.,False,missense,Likely pathogenic,c.389T>C
HBA1,176933,178222,chr16:187170-189559,8,0.00444376023571872,VCV000015856,177403,.,.,False,missense,Pathogenic; other,c.421T>C
HBA1,176933,178222,chr16:187170-189559,8,0.00444376023571872,VCV000015849,177012,.,.,False,missense,Pathogenic,c.179G>A
HBA1,176933,178222,chr16:187170-189559,8,0.00444376023571872,VCV000015828,177392,.,.,False,missense,Pathogenic; other,c.410T>G
HBA1,176933,178222,chr16:187170-189559,8,0.00444376023571872,VCV000015821,177407,.,.,False,missense,Pathogenic; other,c.425G>A
HBA1,176933,178222,chr16:187170-189559,8,0.00444376023571872,VCV000015807,177361,.,.,False,missense,Pathogenic; other,c.379G>C
HBA1,176933,178222,chr16:187170-189559,8,0.00444376023571872,VCV000015800,177314,.,.,False,missense,Likely pathogenic,c.332C>A
HBA1,176933,178222,chr16:187170-189559,8,0.00444376023571872,VCV000015792,177406,.,.,False,missense,Pathogenic; other,c.424C>T
HBA1,176933,178222,chr16:187170-189559,8,0.00444376023571872,VCV000015783,176967,.,.,False,missense,Likely pathogenic,c.134C>T
HBA1,176933,178222,chr16:187170-189559,8,0.00444376023571872,VCV000015779,177095,.,.,False,missense,Pathogenic,c.262C>T
HBA1,176933,178222,chr16:187170-189559,8,0.00444376023571872,VCV000015776,177098,.,.,False,missense,Pathogenic; other,c.265G>T
HBA1,176933,178222,chr16:187170-189559,8,0.00444376023571872,VCV000015773,177407,.,.,False,missense,Pathogenic; other,c.425G>T
HBA1,176933,178222,chr16:187170-189559,8,0.00444376023571872,VCV000015752,177111,.,.,False,missense,Pathogenic; other,c.278G>A
HBA1,176933,178222,chr16:187170-189559,8,0.00444376023571872,VCV000015733,177056,.,.,False,missense,Conflicting classifications of pathogenicity,c.223G>C
HBA1,176933,178222,chr16:187170-189559,8,0.00444376023571872,VCV000015730,177120,.,.,False,missense,Conflicting classifications of pathogenicity,c.287C>T
HBA1,176933,178222,chr16:187170-189559,8,0.00444376023571872,VCV000015711,177111,.,.,False,missense,Likely pathogenic,c.278G>T
HBA1,176933,178222,chr16:187170-189559,8,0.00444376023571872,VCV004685641,177345,.,.,False,synonymous,Likely benign,c.363G>T
HBA1,176933,178222,chr16:187170-189559,8,0.00444376023571872,VCV003766985,177400,.,.,False,missense,Likely benign,c.418A>G
HBA1,176933,178222,chr16:187170-189559,8,0.00444376023571872,VCV003766932,176986,.,.,False,missense,Likely benign,c.153C>G
HBA1,176933,178222,chr16:187170-189559,8,0.00444376023571872,VCV003766910,177306,.,.,False,synonymous,Likely benign,c.324G>A
HBA1,176933,178222,chr16:187170-189559,8,0.00444376023571872,VCV003766747,177109,.,.,False,synonymous,Likely benign,c.276T>G
HBA1,176933,178222,chr16:187170-189559,8,0.00444376023571872,VCV003344963,177333,.,.,False,synonymous,Likely benign,c.351G>A
HBA1,176933,178222,chr16:187170-189559,8,0.00444376023571872,VCV003036580,177412,.,.,False,other,Likely benign,c.*1G>A
HBA1,176933,178222,chr16:187170-189559,8,0.00444376023571872,VCV003029547,177301,.,.,False,synonymous,Likely benign,c.319C>T
HBA1,176933,178222,chr16:187170-189559,8,0.00444376023571872,VCV002428629,177399,.,.,False,synonymous,Likely benign,c.417C>G
HBA1,176933,178222,chr16:187170-189559,8,0.00444376023571872,VCV002428618,177379,.,.,False,missense,Likely benign,c.397G>A
HBA1,176933,178222,chr16:187170-189559,8,0.00444376023571872,VCV002428547,177070,.,.,False,missense,Benign,c.237C>A
HBA1,176933,178222,chr16:187170-189559,8,0.00444376023571872,VCV001679446,177088,.,.,False,missense,Likely benign,c.255C>A
HBA1,176933,178222,chr16:187170-189559,8,0.00444376023571872,VCV001330740,177291,.,.,False,missense,Conflicting classifications of pathogenicity,c.309C>A
HBA1,176933,178222,chr16:187170-189559,8,0.00444376023571872,VCV000994077,177180,.,.,False,intronic,Likely benign,c.300+47C>A
HBA1,176933,178222,chr16:187170-189559,8,0.00444376023571872,VCV000993413,177234,.,.,False,intronic,Likely benign,c.301-49C>T
HBA1,176933,178222,chr16:187170-189559,8,0.00444376023571872,VCV000993349,176983,.,.,False,missense,Conflicting classifications of pathogenicity,c.150C>A
HBA1,176933,178222,chr16:187170-189559,8,0.00444376023571872,VCV000990365,177274,.,.,False,intronic,Likely benign,c.301-9T>C
HBA1,176933,178222,chr16:187170-189559,8,0.00444376023571872,VCV000811573,177694,.,.,False,other,Benign,
HBA1,176933,178222,chr16:187170-189559,8,0.00444376023571872,VCV000811124,177031,.,.,False,synonymous,Likely benign,c.198G>A
HBA1,176933,178222,chr16:187170-189559,8,0.00444376023571872,VCV000801164,177317,.,.,False,missense,Likely benign,c.335C>T
HBA1,176933,178222,chr16:187170-189559,8,0.00444376023571872,VCV000788899,177083,.,.,False,synonymous,Conflicting classifications of pathogenicity,c.250C>T
HBA1,176933,178222,chr16:187170-189559,8,0.00444376023571872,VCV000439768,177188,.,.,False,intronic,Benign,c.300+55G>T
HBA1,176933,178222,chr16:187170-189559,8,0.00444376023571872,VCV000439101,177378,.,.,False,synonymous,Likely benign,c.396T>C
HBA1,176933,178222,chr16:187170-189559,8,0.00444376023571872,VCV000439097,177266,.,.,False,splice,Likely benign,c.301-17C>A
HBA1,176933,178222,chr16:187170-189559,8,0.00444376023571872,VCV000439094,177457,.,.,False,other,Benign/Likely benign,c.*46C>A
HBA1,176933,178222,chr16:187170-189559,8,0.00444376023571872,VCV000015889,176987,.,.,False,missense,Likely benign,c.154G>A
HBA1,176933,178222,chr16:187170-189559,8,0.00444376023571872,VCV000015885,177103,.,.,False,missense,Conflicting classifications of pathogenicity,c.270C>G
HBA1,176933,178222,chr16:187170-189559,8,0.00444376023571872,VCV000015834,177059,.,.,False,missense,Conflicting classifications of pathogenicity,c.226G>T
HBA1,176933,178222,chr16:187170-189559,8,0.00444376023571872,VCV000015832,177332,.,.,False,missense,Likely benign,c.350A>C
HBA1,176933,178222,chr16:187170-189559,8,0.00444376023571872,VCV000015829,177323,.,.,False,missense,Conflicting classifications of pathogenicity,c.341T>A
HBA1,176933,178222,chr16:187170-189559,8,0.00444376023571872,VCV000015817,177120,.,.,False,missense,Conflicting classifications of pathogenicity,c.287C>G
HBA1,176933,178222,chr16:187170-189559,8,0.00444376023571872,VCV000015806,176987,.,.,False,missense,Conflicting classifications of pathogenicity,c.154G>C
HBA1,176933,178222,chr16:187170-189559,8,0.00444376023571872,VCV000015793,177331,.,.,False,missense,Conflicting classifications of pathogenicity,c.349G>A
HBA1,176933,178222,chr16:187170-189559,8,0.00444376023571872,VCV000015790,177006,.,.,False,missense,Likely benign,c.173G>A
HBA1,176933,178222,chr16:187170-189559,8,0.00444376023571872,VCV000015782,176996,.,.,False,missense,Benign/Likely benign,c.163C>G
HBA1,176933,178222,chr16:187170-189559,8,0.00444376023571872,VCV000015766,177366,.,.,False,missense,Likely benign,c.384G>C
HBA1,176933,178222,chr16:187170-189559,8,0.00444376023571872,VCV000015759,177105,.,.,False,missense,Likely benign,c.272A>C
HBA1,176933,178222,chr16:187170-189559,8,0.00444376023571872,VCV000015750,177344,.,.,False,missense,Conflicting classifications of pathogenicity,c.362C>A
HBA1,176933,178222,chr16:187170-189559,8,0.00444376023571872,VCV000015707,177106,.,.,False,missense,Likely benign,c.273G>C
HBA1,176933,178222,chr16:191980-194416,6,0.0125120721208013,VCV004533035,177331,.,.,False,nonsense,Pathogenic,c.349G>T
HBA1,176933,178222,chr16:191980-194416,6,0.0125120721208013,VCV004076507,177310,.,.,False,synonymous,Likely pathogenic,c.328C>T
HBA1,176933,178222,chr16:191980-194416,6,0.0125120721208013,VCV004074262,177368,.,.,False,missense,Likely pathogenic,c.386T>C
HBA1,176933,178222,chr16:191980-194416,6,0.0125120721208013,VCV003766692,177311,.,.,False,missense,Likely pathogenic,c.329T>C
HBA1,176933,178222,chr16:191980-194416,6,0.0125120721208013,VCV003579879,177017,.,.,False,nonsense,Likely pathogenic,c.184A>T
HBA1,176933,178222,chr16:191980-194416,6,0.0125120721208013,VCV002502312,177134,.,.,False,splice,Likely pathogenic,c.300+1G>A
HBA1,176933,178222,chr16:191980-194416,6,0.0125120721208013,VCV001809522,177097,.,.,False,missense,Likely pathogenic,c.264C>G
HBA1,176933,178222,chr16:191980-194416,6,0.0125120721208013,VCV001330688,177308,.,.,False,missense,Likely pathogenic,c.326C>A
HBA1,176933,178222,chr16:191980-194416,6,0.0125120721208013,VCV000995656,177134,.,.,False,splice,Pathogenic,c.300+1G>T
HBA1,176933,178222,chr16:191980-194416,6,0.0125120721208013,VCV000993066,177011,.,.,False,missense,Pathogenic,c.178G>C
HBA1,176933,178222,chr16:191980-194416,6,0.0125120721208013,VCV000811900,177340,.,.,False,missense,Pathogenic,c.358C>T
HBA1,176933,178222,chr16:191980-194416,6,0.0125120721208013,VCV000439095,177040,.,.,False,missense,Likely benign,c.207C>G
HBA1,176933,178222,chr16:191980-194416,6,0.0125120721208013,VCV000015865,177371,.,.,False,missense,Likely pathogenic,c.389T>C
HBA1,176933,178222,chr16:191980-194416,6,0.0125120721208013,VCV000015856,177403,.,.,False,missense,Pathogenic; other,c.421T>C
HBA1,176933,178222,chr16:191980-194416,6,0.0125120721208013,VCV000015849,177012,.,.,False,missense,Pathogenic,c.179G>A
HBA1,176933,178222,chr16:191980-194416,6,0.0125120721208013,VCV000015828,177392,.,.,False,missense,Pathogenic; other,c.410T>G
HBA1,176933,178222,chr16:191980-194416,6,0.0125120721208013,VCV000015821,177407,.,.,False,missense,Pathogenic; other,c.425G>A
HBA1,176933,178222,chr16:191980-194416,6,0.0125120721208013,VCV000015807,177361,.,.,False,missense,Pathogenic; other,c.379G>C
HBA1,176933,178222,chr16:191980-194416,6,0.0125120721208013,VCV000015800,177314,.,.,False,missense,Likely pathogenic,c.332C>A
HBA1,176933,178222,chr16:191980-194416,6,0.0125120721208013,VCV000015792,177406,.,.,False,missense,Pathogenic; other,c.424C>T
HBA1,176933,178222,chr16:191980-194416,6,0.0125120721208013,VCV000015783,176967,.,.,False,missense,Likely pathogenic,c.134C>T
HBA1,176933,178222,chr16:191980-194416,6,0.0125120721208013,VCV000015779,177095,.,.,False,missense,Pathogenic,c.262C>T
HBA1,176933,178222,chr16:191980-194416,6,0.0125120721208013,VCV000015776,177098,.,.,False,missense,Pathogenic; other,c.265G>T
HBA1,176933,178222,chr16:191980-194416,6,0.0125120721208013,VCV000015773,177407,.,.,False,missense,Pathogenic; other,c.425G>T
HBA1,176933,178222,chr16:191980-194416,6,0.0125120721208013,VCV000015752,177111,.,.,False,missense,Pathogenic; other,c.278G>A
HBA1,176933,178222,chr16:191980-194416,6,0.0125120721208013,VCV000015733,177056,.,.,False,missense,Conflicting classifications of pathogenicity,c.223G>C
HBA1,176933,178222,chr16:191980-194416,6,0.0125120721208013,VCV000015730,177120,.,.,False,missense,Conflicting classifications of pathogenicity,c.287C>T
HBA1,176933,178222,chr16:191980-194416,6,0.0125120721208013,VCV000015711,177111,.,.,False,missense,Likely pathogenic,c.278G>T
HBA1,176933,178222,chr16:191980-194416,6,0.0125120721208013,VCV004685641,177345,.,.,False,synonymous,Likely benign,c.363G>T
HBA1,176933,178222,chr16:191980-194416,6,0.0125120721208013,VCV003766985,177400,.,.,False,missense,Likely benign,c.418A>G
HBA1,176933,178222,chr16:191980-194416,6,0.0125120721208013,VCV003766932,176986,.,.,False,missense,Likely benign,c.153C>G
HBA1,176933,178222,chr16:191980-194416,6,0.0125120721208013,VCV003766910,177306,.,.,False,synonymous,Likely benign,c.324G>A
HBA1,176933,178222,chr16:191980-194416,6,0.0125120721208013,VCV003766747,177109,.,.,False,synonymous,Likely benign,c.276T>G
HBA1,176933,178222,chr16:191980-194416,6,0.0125120721208013,VCV003344963,177333,.,.,False,synonymous,Likely benign,c.351G>A
HBA1,176933,178222,chr16:191980-194416,6,0.0125120721208013,VCV003036580,177412,.,.,False,other,Likely benign,c.*1G>A
HBA1,176933,178222,chr16:191980-194416,6,0.0125120721208013,VCV003029547,177301,.,.,False,synonymous,Likely benign,c.319C>T
HBA1,176933,178222,chr16:191980-194416,6,0.0125120721208013,VCV002428629,177399,.,.,False,synonymous,Likely benign,c.417C>G
HBA1,176933,178222,chr16:191980-194416,6,0.0125120721208013,VCV002428618,177379,.,.,False,missense,Likely benign,c.397G>A
HBA1,176933,178222,chr16:191980-194416,6,0.0125120721208013,VCV002428547,177070,.,.,False,missense,Benign,c.237C>A
HBA1,176933,178222,chr16:191980-194416,6,0.0125120721208013,VCV001679446,177088,.,.,False,missense,Likely benign,c.255C>A
HBA1,176933,178222,chr16:191980-194416,6,0.0125120721208013,VCV001330740,177291,.,.,False,missense,Conflicting classifications of pathogenicity,c.309C>A
HBA1,176933,178222,chr16:191980-194416,6,0.0125120721208013,VCV000994077,177180,.,.,False,intronic,Likely benign,c.300+47C>A
HBA1,176933,178222,chr16:191980-194416,6,0.0125120721208013,VCV000993413,177234,.,.,False,intronic,Likely benign,c.301-49C>T
HBA1,176933,178222,chr16:191980-194416,6,0.0125120721208013,VCV000993349,176983,.,.,False,missense,Conflicting classifications of pathogenicity,c.150C>A
HBA1,176933,178222,chr16:191980-194416,6,0.0125120721208013,VCV000990365,177274,.,.,False,intronic,Likely benign,c.301-9T>C
HBA1,176933,178222,chr16:191980-194416,6,0.0125120721208013,VCV000811573,177694,.,.,False,other,Benign,
HBA1,176933,178222,chr16:191980-194416,6,0.0125120721208013,VCV000811124,177031,.,.,False,synonymous,Likely benign,c.198G>A
HBA1,176933,178222,chr16:191980-194416,6,0.0125120721208013,VCV000801164,177317,.,.,False,missense,Likely benign,c.335C>T
HBA1,176933,178222,chr16:191980-194416,6,0.0125120721208013,VCV000788899,177083,.,.,False,synonymous,Conflicting classifications of pathogenicity,c.250C>T
HBA1,176933,178222,chr16:191980-194416,6,0.0125120721208013,VCV000439768,177188,.,.,False,intronic,Benign,c.300+55G>T
HBA1,176933,178222,chr16:191980-194416,6,0.0125120721208013,VCV000439101,177378,.,.,False,synonymous,Likely benign,c.396T>C
HBA1,176933,178222,chr16:191980-194416,6,0.0125120721208013,VCV000439097,177266,.,.,False,splice,Likely benign,c.301-17C>A
HBA1,176933,178222,chr16:191980-194416,6,0.0125120721208013,VCV000439094,177457,.,.,False,other,Benign/Likely benign,c.*46C>A
HBA1,176933,178222,chr16:191980-194416,6,0.0125120721208013,VCV000015889,176987,.,.,False,missense,Likely benign,c.154G>A
HBA1,176933,178222,chr16:191980-194416,6,0.0125120721208013,VCV000015885,177103,.,.,False,missense,Conflicting classifications of pathogenicity,c.270C>G
HBA1,176933,178222,chr16:191980-194416,6,0.0125120721208013,VCV000015834,177059,.,.,False,missense,Conflicting classifications of pathogenicity,c.226G>T
HBA1,176933,178222,chr16:191980-194416,6,0.0125120721208013,VCV000015832,177332,.,.,False,missense,Likely benign,c.350A>C
HBA1,176933,178222,chr16:191980-194416,6,0.0125120721208013,VCV000015829,177323,.,.,False,missense,Conflicting classifications of pathogenicity,c.341T>A
HBA1,176933,178222,chr16:191980-194416,6,0.0125120721208013,VCV000015817,177120,.,.,False,missense,Conflicting classifications of pathogenicity,c.287C>G
HBA1,176933,178222,chr16:191980-194416,6,0.0125120721208013,VCV000015806,176987,.,.,False,missense,Conflicting classifications of pathogenicity,c.154G>C
HBA1,176933,178222,chr16:191980-194416,6,0.0125120721208013,VCV000015793,177331,.,.,False,missense,Conflicting classifications of pathogenicity,c.349G>A
HBA1,176933,178222,chr16:191980-194416,6,0.0125120721208013,VCV000015790,177006,.,.,False,missense,Likely benign,c.173G>A
HBA1,176933,178222,chr16:191980-194416,6,0.0125120721208013,VCV000015782,176996,.,.,False,missense,Benign/Likely benign,c.163C>G
HBA1,176933,178222,chr16:191980-194416,6,0.0125120721208013,VCV000015766,177366,.,.,False,missense,Likely benign,c.384G>C
HBA1,176933,178222,chr16:191980-194416,6,0.0125120721208013,VCV000015759,177105,.,.,False,missense,Likely benign,c.272A>C
HBA1,176933,178222,chr16:191980-194416,6,0.0125120721208013,VCV000015750,177344,.,.,False,missense,Conflicting classifications of pathogenicity,c.362C>A
HBA1,176933,178222,chr16:191980-194416,6,0.0125120721208013,VCV000015707,177106,.,.,False,missense,Likely benign,c.273G>C
HBA1,176933,178222,chr16:214269-218164,4,0.0726851205221641,VCV004533035,177331,.,.,False,nonsense,Pathogenic,c.349G>T
HBA1,176933,178222,chr16:214269-218164,4,0.0726851205221641,VCV004076507,177310,.,.,False,synonymous,Likely pathogenic,c.328C>T
HBA1,176933,178222,chr16:214269-218164,4,0.0726851205221641,VCV004074262,177368,.,.,False,missense,Likely pathogenic,c.386T>C
HBA1,176933,178222,chr16:214269-218164,4,0.0726851205221641,VCV003766692,177311,.,.,False,missense,Likely pathogenic,c.329T>C
HBA1,176933,178222,chr16:214269-218164,4,0.0726851205221641,VCV003579879,177017,.,.,False,nonsense,Likely pathogenic,c.184A>T
HBA1,176933,178222,chr16:214269-218164,4,0.0726851205221641,VCV002502312,177134,.,.,False,splice,Likely pathogenic,c.300+1G>A
HBA1,176933,178222,chr16:214269-218164,4,0.0726851205221641,VCV001809522,177097,.,.,False,missense,Likely pathogenic,c.264C>G
HBA1,176933,178222,chr16:214269-218164,4,0.0726851205221641,VCV001330688,177308,.,.,False,missense,Likely pathogenic,c.326C>A
HBA1,176933,178222,chr16:214269-218164,4,0.0726851205221641,VCV000995656,177134,.,.,False,splice,Pathogenic,c.300+1G>T
HBA1,176933,178222,chr16:214269-218164,4,0.0726851205221641,VCV000993066,177011,.,.,False,missense,Pathogenic,c.178G>C
HBA1,176933,178222,chr16:214269-218164,4,0.0726851205221641,VCV000811900,177340,.,.,False,missense,Pathogenic,c.358C>T
HBA1,176933,178222,chr16:214269-218164,4,0.0726851205221641,VCV000439095,177040,.,.,False,missense,Likely benign,c.207C>G
HBA1,176933,178222,chr16:214269-218164,4,0.0726851205221641,VCV000015865,177371,.,.,False,missense,Likely pathogenic,c.389T>C
HBA1,176933,178222,chr16:214269-218164,4,0.0726851205221641,VCV000015856,177403,.,.,False,missense,Pathogenic; other,c.421T>C
HBA1,176933,178222,chr16:214269-218164,4,0.0726851205221641,VCV000015849,177012,.,.,False,missense,Pathogenic,c.179G>A
HBA1,176933,178222,chr16:214269-218164,4,0.0726851205221641,VCV000015828,177392,.,.,False,missense,Pathogenic; other,c.410T>G
HBA1,176933,178222,chr16:214269-218164,4,0.0726851205221641,VCV000015821,177407,.,.,False,missense,Pathogenic; other,c.425G>A
HBA1,176933,178222,chr16:214269-218164,4,0.0726851205221641,VCV000015807,177361,.,.,False,missense,Pathogenic; other,c.379G>C
HBA1,176933,178222,chr16:214269-218164,4,0.0726851205221641,VCV000015800,177314,.,.,False,missense,Likely pathogenic,c.332C>A
HBA1,176933,178222,chr16:214269-218164,4,0.0726851205221641,VCV000015792,177406,.,.,False,missense,Pathogenic; other,c.424C>T
HBA1,176933,178222,chr16:214269-218164,4,0.0726851205221641,VCV000015783,176967,.,.,False,missense,Likely pathogenic,c.134C>T
HBA1,176933,178222,chr16:214269-218164,4,0.0726851205221641,VCV000015779,177095,.,.,False,missense,Pathogenic,c.262C>T
HBA1,176933,178222,chr16:214269-218164,4,0.0726851205221641,VCV000015776,177098,.,.,False,missense,Pathogenic; other,c.265G>T
HBA1,176933,178222,chr16:214269-218164,4,0.0726851205221641,VCV000015773,177407,.,.,False,missense,Pathogenic; other,c.425G>T
HBA1,176933,178222,chr16:214269-218164,4,0.0726851205221641,VCV000015752,177111,.,.,False,missense,Pathogenic; other,c.278G>A
HBA1,176933,178222,chr16:214269-218164,4,0.0726851205221641,VCV000015733,177056,.,.,False,missense,Conflicting classifications of pathogenicity,c.223G>C
HBA1,176933,178222,chr16:214269-218164,4,0.0726851205221641,VCV000015730,177120,.,.,False,missense,Conflicting classifications of pathogenicity,c.287C>T
HBA1,176933,178222,chr16:214269-218164,4,0.0726851205221641,VCV000015711,177111,.,.,False,missense,Likely pathogenic,c.278G>T
HBA1,176933,178222,chr16:214269-218164,4,0.0726851205221641,VCV004685641,177345,.,.,False,synonymous,Likely benign,c.363G>T
HBA1,176933,178222,chr16:214269-218164,4,0.0726851205221641,VCV003766985,177400,.,.,False,missense,Likely benign,c.418A>G
HBA1,176933,178222,chr16:214269-218164,4,0.0726851205221641,VCV003766932,176986,.,.,False,missense,Likely benign,c.153C>G
HBA1,176933,178222,chr16:214269-218164,4,0.0726851205221641,VCV003766910,177306,.,.,False,synonymous,Likely benign,c.324G>A
HBA1,176933,178222,chr16:214269-218164,4,0.0726851205221641,VCV003766747,177109,.,.,False,synonymous,Likely benign,c.276T>G
HBA1,176933,178222,chr16:214269-218164,4,0.0726851205221641,VCV003344963,177333,.,.,False,synonymous,Likely benign,c.351G>A
HBA1,176933,178222,chr16:214269-218164,4,0.0726851205221641,VCV003036580,177412,.,.,False,other,Likely benign,c.*1G>A
HBA1,176933,178222,chr16:214269-218164,4,0.0726851205221641,VCV003029547,177301,.,.,False,synonymous,Likely benign,c.319C>T
HBA1,176933,178222,chr16:214269-218164,4,0.0726851205221641,VCV002428629,177399,.,.,False,synonymous,Likely benign,c.417C>G
HBA1,176933,178222,chr16:214269-218164,4,0.0726851205221641,VCV002428618,177379,.,.,False,missense,Likely benign,c.397G>A
HBA1,176933,178222,chr16:214269-218164,4,0.0726851205221641,VCV002428547,177070,.,.,False,missense,Benign,c.237C>A
HBA1,176933,178222,chr16:214269-218164,4,0.0726851205221641,VCV001679446,177088,.,.,False,missense,Likely benign,c.255C>A
HBA1,176933,178222,chr16:214269-218164,4,0.0726851205221641,VCV001330740,177291,.,.,False,missense,Conflicting classifications of pathogenicity,c.309C>A
HBA1,176933,178222,chr16:214269-218164,4,0.0726851205221641,VCV000994077,177180,.,.,False,intronic,Likely benign,c.300+47C>A
HBA1,176933,178222,chr16:214269-218164,4,0.0726851205221641,VCV000993413,177234,.,.,False,intronic,Likely benign,c.301-49C>T
HBA1,176933,178222,chr16:214269-218164,4,0.0726851205221641,VCV000993349,176983,.,.,False,missense,Conflicting classifications of pathogenicity,c.150C>A
HBA1,176933,178222,chr16:214269-218164,4,0.0726851205221641,VCV000990365,177274,.,.,False,intronic,Likely benign,c.301-9T>C
HBA1,176933,178222,chr16:214269-218164,4,0.0726851205221641,VCV000811573,177694,.,.,False,other,Benign,
HBA1,176933,178222,chr16:214269-218164,4,0.0726851205221641,VCV000811124,177031,.,.,False,synonymous,Likely benign,c.198G>A
HBA1,176933,178222,chr16:214269-218164,4,0.0726851205221641,VCV000801164,177317,.,.,False,missense,Likely benign,c.335C>T
HBA1,176933,178222,chr16:214269-218164,4,0.0726851205221641,VCV000788899,177083,.,.,False,synonymous,Conflicting classifications of pathogenicity,c.250C>T
HBA1,176933,178222,chr16:214269-218164,4,0.0726851205221641,VCV000439768,177188,.,.,False,intronic,Benign,c.300+55G>T
HBA1,176933,178222,chr16:214269-218164,4,0.0726851205221641,VCV000439101,177378,.,.,False,synonymous,Likely benign,c.396T>C
HBA1,176933,178222,chr16:214269-218164,4,0.0726851205221641,VCV000439097,177266,.,.,False,splice,Likely benign,c.301-17C>A
HBA1,176933,178222,chr16:214269-218164,4,0.0726851205221641,VCV000439094,177457,.,.,False,other,Benign/Likely benign,c.*46C>A
HBA1,176933,178222,chr16:214269-218164,4,0.0726851205221641,VCV000015889,176987,.,.,False,missense,Likely benign,c.154G>A
HBA1,176933,178222,chr16:214269-218164,4,0.0726851205221641,VCV000015885,177103,.,.,False,missense,Conflicting classifications of pathogenicity,c.270C>G
HBA1,176933,178222,chr16:214269-218164,4,0.0726851205221641,VCV000015834,177059,.,.,False,missense,Conflicting classifications of pathogenicity,c.226G>T
HBA1,176933,178222,chr16:214269-218164,4,0.0726851205221641,VCV000015832,177332,.,.,False,missense,Likely benign,c.350A>C
HBA1,176933,178222,chr16:214269-218164,4,0.0726851205221641,VCV000015829,177323,.,.,False,missense,Conflicting classifications of pathogenicity,c.341T>A
HBA1,176933,178222,chr16:214269-218164,4,0.0726851205221641,VCV000015817,177120,.,.,False,missense,Conflicting classifications of pathogenicity,c.287C>G
HBA1,176933,178222,chr16:214269-218164,4,0.0726851205221641,VCV000015806,176987,.,.,False,missense,Conflicting classifications of pathogenicity,c.154G>C
HBA1,176933,178222,chr16:214269-218164,4,0.0726851205221641,VCV000015793,177331,.,.,False,missense,Conflicting classifications of pathogenicity,c.349G>A
HBA1,176933,178222,chr16:214269-218164,4,0.0726851205221641,VCV000015790,177006,.,.,False,missense,Likely benign,c.173G>A
HBA1,176933,178222,chr16:214269-218164,4,0.0726851205221641,VCV000015782,176996,.,.,False,missense,Benign/Likely benign,c.163C>G
HBA1,176933,178222,chr16:214269-218164,4,0.0726851205221641,VCV000015766,177366,.,.,False,missense,Likely benign,c.384G>C
HBA1,176933,178222,chr16:214269-218164,4,0.0726851205221641,VCV000015759,177105,.,.,False,missense,Likely benign,c.272A>C
HBA1,176933,178222,chr16:214269-218164,4,0.0726851205221641,VCV000015750,177344,.,.,False,missense,Conflicting classifications of pathogenicity,c.362C>A
HBA1,176933,178222,chr16:214269-218164,4,0.0726851205221641,VCV000015707,177106,.,.,False,missense,Likely benign,c.273G>C
HBA1,176933,178222,chr16:226254-228731,4,0.0582815663438616,VCV004533035,177331,.,.,False,nonsense,Pathogenic,c.349G>T
HBA1,176933,178222,chr16:226254-228731,4,0.0582815663438616,VCV004076507,177310,.,.,False,synonymous,Likely pathogenic,c.328C>T
HBA1,176933,178222,chr16:226254-228731,4,0.0582815663438616,VCV004074262,177368,.,.,False,missense,Likely pathogenic,c.386T>C
HBA1,176933,178222,chr16:226254-228731,4,0.0582815663438616,VCV003766692,177311,.,.,False,missense,Likely pathogenic,c.329T>C
HBA1,176933,178222,chr16:226254-228731,4,0.0582815663438616,VCV003579879,177017,.,.,False,nonsense,Likely pathogenic,c.184A>T
HBA1,176933,178222,chr16:226254-228731,4,0.0582815663438616,VCV002502312,177134,.,.,False,splice,Likely pathogenic,c.300+1G>A
HBA1,176933,178222,chr16:226254-228731,4,0.0582815663438616,VCV001809522,177097,.,.,False,missense,Likely pathogenic,c.264C>G
HBA1,176933,178222,chr16:226254-228731,4,0.0582815663438616,VCV001330688,177308,.,.,False,missense,Likely pathogenic,c.326C>A
HBA1,176933,178222,chr16:226254-228731,4,0.0582815663438616,VCV000995656,177134,.,.,False,splice,Pathogenic,c.300+1G>T
HBA1,176933,178222,chr16:226254-228731,4,0.0582815663438616,VCV000993066,177011,.,.,False,missense,Pathogenic,c.178G>C
HBA1,176933,178222,chr16:226254-228731,4,0.0582815663438616,VCV000811900,177340,.,.,False,missense,Pathogenic,c.358C>T
HBA1,176933,178222,chr16:226254-228731,4,0.0582815663438616,VCV000439095,177040,.,.,False,missense,Likely benign,c.207C>G
HBA1,176933,178222,chr16:226254-228731,4,0.0582815663438616,VCV000015865,177371,.,.,False,missense,Likely pathogenic,c.389T>C
HBA1,176933,178222,chr16:226254-228731,4,0.0582815663438616,VCV000015856,177403,.,.,False,missense,Pathogenic; other,c.421T>C
HBA1,176933,178222,chr16:226254-228731,4,0.0582815663438616,VCV000015849,177012,.,.,False,missense,Pathogenic,c.179G>A
HBA1,176933,178222,chr16:226254-228731,4,0.0582815663438616,VCV000015828,177392,.,.,False,missense,Pathogenic; other,c.410T>G
HBA1,176933,178222,chr16:226254-228731,4,0.0582815663438616,VCV000015821,177407,.,.,False,missense,Pathogenic; other,c.425G>A
HBA1,176933,178222,chr16:226254-228731,4,0.0582815663438616,VCV000015807,177361,.,.,False,missense,Pathogenic; other,c.379G>C
HBA1,176933,178222,chr16:226254-228731,4,0.0582815663438616,VCV000015800,177314,.,.,False,missense,Likely pathogenic,c.332C>A
HBA1,176933,178222,chr16:226254-228731,4,0.0582815663438616,VCV000015792,177406,.,.,False,missense,Pathogenic; other,c.424C>T
HBA1,176933,178222,chr16:226254-228731,4,0.0582815663438616,VCV000015783,176967,.,.,False,missense,Likely pathogenic,c.134C>T
HBA1,176933,178222,chr16:226254-228731,4,0.0582815663438616,VCV000015779,177095,.,.,False,missense,Pathogenic,c.262C>T
HBA1,176933,178222,chr16:226254-228731,4,0.0582815663438616,VCV000015776,177098,.,.,False,missense,Pathogenic; other,c.265G>T
HBA1,176933,178222,chr16:226254-228731,4,0.0582815663438616,VCV000015773,177407,.,.,False,missense,Pathogenic; other,c.425G>T
HBA1,176933,178222,chr16:226254-228731,4,0.0582815663438616,VCV000015752,177111,.,.,False,missense,Pathogenic; other,c.278G>A
HBA1,176933,178222,chr16:226254-228731,4,0.0582815663438616,VCV000015733,177056,.,.,False,missense,Conflicting classifications of pathogenicity,c.223G>C
HBA1,176933,178222,chr16:226254-228731,4,0.0582815663438616,VCV000015730,177120,.,.,False,missense,Conflicting classifications of pathogenicity,c.287C>T
HBA1,176933,178222,chr16:226254-228731,4,0.0582815663438616,VCV000015711,177111,.,.,False,missense,Likely pathogenic,c.278G>T
HBA1,176933,178222,chr16:226254-228731,4,0.0582815663438616,VCV004685641,177345,.,.,False,synonymous,Likely benign,c.363G>T
HBA1,176933,178222,chr16:226254-228731,4,0.0582815663438616,VCV003766985,177400,.,.,False,missense,Likely benign,c.418A>G
HBA1,176933,178222,chr16:226254-228731,4,0.0582815663438616,VCV003766932,176986,.,.,False,missense,Likely benign,c.153C>G
HBA1,176933,178222,chr16:226254-228731,4,0.0582815663438616,VCV003766910,177306,.,.,False,synonymous,Likely benign,c.324G>A
HBA1,176933,178222,chr16:226254-228731,4,0.0582815663438616,VCV003766747,177109,.,.,False,synonymous,Likely benign,c.276T>G
HBA1,176933,178222,chr16:226254-228731,4,0.0582815663438616,VCV003344963,177333,.,.,False,synonymous,Likely benign,c.351G>A
HBA1,176933,178222,chr16:226254-228731,4,0.0582815663438616,VCV003036580,177412,.,.,False,other,Likely benign,c.*1G>A
HBA1,176933,178222,chr16:226254-228731,4,0.0582815663438616,VCV003029547,177301,.,.,False,synonymous,Likely benign,c.319C>T
HBA1,176933,178222,chr16:226254-228731,4,0.0582815663438616,VCV002428629,177399,.,.,False,synonymous,Likely benign,c.417C>G
HBA1,176933,178222,chr16:226254-228731,4,0.0582815663438616,VCV002428618,177379,.,.,False,missense,Likely benign,c.397G>A
HBA1,176933,178222,chr16:226254-228731,4,0.0582815663438616,VCV002428547,177070,.,.,False,missense,Benign,c.237C>A
HBA1,176933,178222,chr16:226254-228731,4,0.0582815663438616,VCV001679446,177088,.,.,False,missense,Likely benign,c.255C>A
HBA1,176933,178222,chr16:226254-228731,4,0.0582815663438616,VCV001330740,177291,.,.,False,missense,Conflicting classifications of pathogenicity,c.309C>A
HBA1,176933,178222,chr16:226254-228731,4,0.0582815663438616,VCV000994077,177180,.,.,False,intronic,Likely benign,c.300+47C>A
HBA1,176933,178222,chr16:226254-228731,4,0.0582815663438616,VCV000993413,177234,.,.,False,intronic,Likely benign,c.301-49C>T
HBA1,176933,178222,chr16:226254-228731,4,0.0582815663438616,VCV000993349,176983,.,.,False,missense,Conflicting classifications of pathogenicity,c.150C>A
HBA1,176933,178222,chr16:226254-228731,4,0.0582815663438616,VCV000990365,177274,.,.,False,intronic,Likely benign,c.301-9T>C
HBA1,176933,178222,chr16:226254-228731,4,0.0582815663438616,VCV000811573,177694,.,.,False,other,Benign,
HBA1,176933,178222,chr16:226254-228731,4,0.0582815663438616,VCV000811124,177031,.,.,False,synonymous,Likely benign,c.198G>A
HBA1,176933,178222,chr16:226254-228731,4,0.0582815663438616,VCV000801164,177317,.,.,False,missense,Likely benign,c.335C>T
HBA1,176933,178222,chr16:226254-228731,4,0.0582815663438616,VCV000788899,177083,.,.,False,synonymous,Conflicting classifications of pathogenicity,c.250C>T
HBA1,176933,178222,chr16:226254-228731,4,0.0582815663438616,VCV000439768,177188,.,.,False,intronic,Benign,c.300+55G>T
HBA1,176933,178222,chr16:226254-228731,4,0.0582815663438616,VCV000439101,177378,.,.,False,synonymous,Likely benign,c.396T>C
HBA1,176933,178222,chr16:226254-228731,4,0.0582815663438616,VCV000439097,177266,.,.,False,splice,Likely benign,c.301-17C>A
HBA1,176933,178222,chr16:226254-228731,4,0.0582815663438616,VCV000439094,177457,.,.,False,other,Benign/Likely benign,c.*46C>A
HBA1,176933,178222,chr16:226254-228731,4,0.0582815663438616,VCV000015889,176987,.,.,False,missense,Likely benign,c.154G>A
HBA1,176933,178222,chr16:226254-228731,4,0.0582815663438616,VCV000015885,177103,.,.,False,missense,Conflicting classifications of pathogenicity,c.270C>G
HBA1,176933,178222,chr16:226254-228731,4,0.0582815663438616,VCV000015834,177059,.,.,False,missense,Conflicting classifications of pathogenicity,c.226G>T
HBA1,176933,178222,chr16:226254-228731,4,0.0582815663438616,VCV000015832,177332,.,.,False,missense,Likely benign,c.350A>C
HBA1,176933,178222,chr16:226254-228731,4,0.0582815663438616,VCV000015829,177323,.,.,False,missense,Conflicting classifications of pathogenicity,c.341T>A
HBA1,176933,178222,chr16:226254-228731,4,0.0582815663438616,VCV000015817,177120,.,.,False,missense,Conflicting classifications of pathogenicity,c.287C>G
HBA1,176933,178222,chr16:226254-228731,4,0.0582815663438616,VCV000015806,176987,.,.,False,missense,Conflicting classifications of pathogenicity,c.154G>C
HBA1,176933,178222,chr16:226254-228731,4,0.0582815663438616,VCV000015793,177331,.,.,False,missense,Conflicting classifications of pathogenicity,c.349G>A
HBA1,176933,178222,chr16:226254-228731,4,0.0582815663438616,VCV000015790,177006,.,.,False,missense,Likely benign,c.173G>A
HBA1,176933,178222,chr16:226254-228731,4,0.0582815663438616,VCV000015782,176996,.,.,False,missense,Benign/Likely benign,c.163C>G
HBA1,176933,178222,chr16:226254-228731,4,0.0582815663438616,VCV000015766,177366,.,.,False,missense,Likely benign,c.384G>C
HBA1,176933,178222,chr16:226254-228731,4,0.0582815663438616,VCV000015759,177105,.,.,False,missense,Likely benign,c.272A>C
HBA1,176933,178222,chr16:226254-228731,4,0.0582815663438616,VCV000015750,177344,.,.,False,missense,Conflicting classifications of pathogenicity,c.362C>A
HBA1,176933,178222,chr16:226254-228731,4,0.0582815663438616,VCV000015707,177106,.,.,False,missense,Likely benign,c.273G>C
HBA1,176933,178222,chr16:230058-232191,1,0.816561715677317,VCV004533035,177331,.,.,False,nonsense,Pathogenic,c.349G>T
HBA1,176933,178222,chr16:230058-232191,1,0.816561715677317,VCV004076507,177310,.,.,False,synonymous,Likely pathogenic,c.328C>T
HBA1,176933,178222,chr16:230058-232191,1,0.816561715677317,VCV004074262,177368,.,.,False,missense,Likely pathogenic,c.386T>C
HBA1,176933,178222,chr16:230058-232191,1,0.816561715677317,VCV003766692,177311,.,.,False,missense,Likely pathogenic,c.329T>C
HBA1,176933,178222,chr16:230058-232191,1,0.816561715677317,VCV003579879,177017,.,.,False,nonsense,Likely pathogenic,c.184A>T
HBA1,176933,178222,chr16:230058-232191,1,0.816561715677317,VCV002502312,177134,.,.,False,splice,Likely pathogenic,c.300+1G>A
HBA1,176933,178222,chr16:230058-232191,1,0.816561715677317,VCV001809522,177097,.,.,False,missense,Likely pathogenic,c.264C>G
HBA1,176933,178222,chr16:230058-232191,1,0.816561715677317,VCV001330688,177308,.,.,False,missense,Likely pathogenic,c.326C>A
HBA1,176933,178222,chr16:230058-232191,1,0.816561715677317,VCV000995656,177134,.,.,False,splice,Pathogenic,c.300+1G>T
HBA1,176933,178222,chr16:230058-232191,1,0.816561715677317,VCV000993066,177011,.,.,False,missense,Pathogenic,c.178G>C
HBA1,176933,178222,chr16:230058-232191,1,0.816561715677317,VCV000811900,177340,.,.,False,missense,Pathogenic,c.358C>T
HBA1,176933,178222,chr16:230058-232191,1,0.816561715677317,VCV000439095,177040,.,.,False,missense,Likely benign,c.207C>G
HBA1,176933,178222,chr16:230058-232191,1,0.816561715677317,VCV000015865,177371,.,.,False,missense,Likely pathogenic,c.389T>C
HBA1,176933,178222,chr16:230058-232191,1,0.816561715677317,VCV000015856,177403,.,.,False,missense,Pathogenic; other,c.421T>C
HBA1,176933,178222,chr16:230058-232191,1,0.816561715677317,VCV000015849,177012,.,.,False,missense,Pathogenic,c.179G>A
HBA1,176933,178222,chr16:230058-232191,1,0.816561715677317,VCV000015828,177392,.,.,False,missense,Pathogenic; other,c.410T>G
HBA1,176933,178222,chr16:230058-232191,1,0.816561715677317,VCV000015821,177407,.,.,False,missense,Pathogenic; other,c.425G>A
HBA1,176933,178222,chr16:230058-232191,1,0.816561715677317,VCV000015807,177361,.,.,False,missense,Pathogenic; other,c.379G>C
HBA1,176933,178222,chr16:230058-232191,1,0.816561715677317,VCV000015800,177314,.,.,False,missense,Likely pathogenic,c.332C>A
HBA1,176933,178222,chr16:230058-232191,1,0.816561715677317,VCV000015792,177406,.,.,False,missense,Pathogenic; other,c.424C>T
HBA1,176933,178222,chr16:230058-232191,1,0.816561715677317,VCV000015783,176967,.,.,False,missense,Likely pathogenic,c.134C>T
HBA1,176933,178222,chr16:230058-232191,1,0.816561715677317,VCV000015779,177095,.,.,False,missense,Pathogenic,c.262C>T
HBA1,176933,178222,chr16:230058-232191,1,0.816561715677317,VCV000015776,177098,.,.,False,missense,Pathogenic; other,c.265G>T
HBA1,176933,178222,chr16:230058-232191,1,0.816561715677317,VCV000015773,177407,.,.,False,missense,Pathogenic; other,c.425G>T
HBA1,176933,178222,chr16:230058-232191,1,0.816561715677317,VCV000015752,177111,.,.,False,missense,Pathogenic; other,c.278G>A
HBA1,176933,178222,chr16:230058-232191,1,0.816561715677317,VCV000015733,177056,.,.,False,missense,Conflicting classifications of pathogenicity,c.223G>C
HBA1,176933,178222,chr16:230058-232191,1,0.816561715677317,VCV000015730,177120,.,.,False,missense,Conflicting classifications of pathogenicity,c.287C>T
HBA1,176933,178222,chr16:230058-232191,1,0.816561715677317,VCV000015711,177111,.,.,False,missense,Likely pathogenic,c.278G>T
HBA1,176933,178222,chr16:230058-232191,1,0.816561715677317,VCV004685641,177345,.,.,False,synonymous,Likely benign,c.363G>T
HBA1,176933,178222,chr16:230058-232191,1,0.816561715677317,VCV003766985,177400,.,.,False,missense,Likely benign,c.418A>G
HBA1,176933,178222,chr16:230058-232191,1,0.816561715677317,VCV003766932,176986,.,.,False,missense,Likely benign,c.153C>G
HBA1,176933,178222,chr16:230058-232191,1,0.816561715677317,VCV003766910,177306,.,.,False,synonymous,Likely benign,c.324G>A
HBA1,176933,178222,chr16:230058-232191,1,0.816561715677317,VCV003766747,177109,.,.,False,synonymous,Likely benign,c.276T>G
HBA1,176933,178222,chr16:230058-232191,1,0.816561715677317,VCV003344963,177333,.,.,False,synonymous,Likely benign,c.351G>A
HBA1,176933,178222,chr16:230058-232191,1,0.816561715677317,VCV003036580,177412,.,.,False,other,Likely benign,c.*1G>A
HBA1,176933,178222,chr16:230058-232191,1,0.816561715677317,VCV003029547,177301,.,.,False,synonymous,Likely benign,c.319C>T
HBA1,176933,178222,chr16:230058-232191,1,0.816561715677317,VCV002428629,177399,.,.,False,synonymous,Likely benign,c.417C>G
HBA1,176933,178222,chr16:230058-232191,1,0.816561715677317,VCV002428618,177379,.,.,False,missense,Likely benign,c.397G>A
HBA1,176933,178222,chr16:230058-232191,1,0.816561715677317,VCV002428547,177070,.,.,False,missense,Benign,c.237C>A
HBA1,176933,178222,chr16:230058-232191,1,0.816561715677317,VCV001679446,177088,.,.,False,missense,Likely benign,c.255C>A
HBA1,176933,178222,chr16:230058-232191,1,0.816561715677317,VCV001330740,177291,.,.,False,missense,Conflicting classifications of pathogenicity,c.309C>A
HBA1,176933,178222,chr16:230058-232191,1,0.816561715677317,VCV000994077,177180,.,.,False,intronic,Likely benign,c.300+47C>A
HBA1,176933,178222,chr16:230058-232191,1,0.816561715677317,VCV000993413,177234,.,.,False,intronic,Likely benign,c.301-49C>T
HBA1,176933,178222,chr16:230058-232191,1,0.816561715677317,VCV000993349,176983,.,.,False,missense,Conflicting classifications of pathogenicity,c.150C>A
HBA1,176933,178222,chr16:230058-232191,1,0.816561715677317,VCV000990365,177274,.,.,False,intronic,Likely benign,c.301-9T>C
HBA1,176933,178222,chr16:230058-232191,1,0.816561715677317,VCV000811573,177694,.,.,False,other,Benign,
HBA1,176933,178222,chr16:230058-232191,1,0.816561715677317,VCV000811124,177031,.,.,False,synonymous,Likely benign,c.198G>A
HBA1,176933,178222,chr16:230058-232191,1,0.816561715677317,VCV000801164,177317,.,.,False,missense,Likely benign,c.335C>T
HBA1,176933,178222,chr16:230058-232191,1,0.816561715677317,VCV000788899,177083,.,.,False,synonymous,Conflicting classifications of pathogenicity,c.250C>T
HBA1,176933,178222,chr16:230058-232191,1,0.816561715677317,VCV000439768,177188,.,.,False,intronic,Benign,c.300+55G>T
HBA1,176933,178222,chr16:230058-232191,1,0.816561715677317,VCV000439101,177378,.,.,False,synonymous,Likely benign,c.396T>C
HBA1,176933,178222,chr16:230058-232191,1,0.816561715677317,VCV000439097,177266,.,.,False,splice,Likely benign,c.301-17C>A
HBA1,176933,178222,chr16:230058-232191,1,0.816561715677317,VCV000439094,177457,.,.,False,other,Benign/Likely benign,c.*46C>A
HBA1,176933,178222,chr16:230058-232191,1,0.816561715677317,VCV000015889,176987,.,.,False,missense,Likely benign,c.154G>A
HBA1,176933,178222,chr16:230058-232191,1,0.816561715677317,VCV000015885,177103,.,.,False,missense,Conflicting classifications of pathogenicity,c.270C>G
HBA1,176933,178222,chr16:230058-232191,1,0.816561715677317,VCV000015834,177059,.,.,False,missense,Conflicting classifications of pathogenicity,c.226G>T
HBA1,176933,178222,chr16:230058-232191,1,0.816561715677317,VCV000015832,177332,.,.,False,missense,Likely benign,c.350A>C
HBA1,176933,178222,chr16:230058-232191,1,0.816561715677317,VCV000015829,177323,.,.,False,missense,Conflicting classifications of pathogenicity,c.341T>A
HBA1,176933,178222,chr16:230058-232191,1,0.816561715677317,VCV000015817,177120,.,.,False,missense,Conflicting classifications of pathogenicity,c.287C>G
HBA1,176933,178222,chr16:230058-232191,1,0.816561715677317,VCV000015806,176987,.,.,False,missense,Conflicting classifications of pathogenicity,c.154G>C
HBA1,176933,178222,chr16:230058-232191,1,0.816561715677317,VCV000015793,177331,.,.,False,missense,Conflicting classifications of pathogenicity,c.349G>A
HBA1,176933,178222,chr16:230058-232191,1,0.816561715677317,VCV000015790,177006,.,.,False,missense,Likely benign,c.173G>A
HBA1,176933,178222,chr16:230058-232191,1,0.816561715677317,VCV000015782,176996,.,.,False,missense,Benign/Likely benign,c.163C>G
HBA1,176933,178222,chr16:230058-232191,1,0.816561715677317,VCV000015766,177366,.,.,False,missense,Likely benign,c.384G>C
HBA1,176933,178222,chr16:230058-232191,1,0.816561715677317,VCV000015759,177105,.,.,False,missense,Likely benign,c.272A>C
HBA1,176933,178222,chr16:230058-232191,1,0.816561715677317,VCV000015750,177344,.,.,False,missense,Conflicting classifications of pathogenicity,c.362C>A
HBA1,176933,178222,chr16:230058-232191,1,0.816561715677317,VCV000015707,177106,.,.,False,missense,Likely benign,c.273G>C
HBA1,176933,178222,chr16:419961-421769,1,0.0123202158749948,VCV004533035,177331,.,.,False,nonsense,Pathogenic,c.349G>T
HBA1,176933,178222,chr16:419961-421769,1,0.0123202158749948,VCV004076507,177310,.,.,False,synonymous,Likely pathogenic,c.328C>T
HBA1,176933,178222,chr16:419961-421769,1,0.0123202158749948,VCV004074262,177368,.,.,False,missense,Likely pathogenic,c.386T>C
HBA1,176933,178222,chr16:419961-421769,1,0.0123202158749948,VCV003766692,177311,.,.,False,missense,Likely pathogenic,c.329T>C
HBA1,176933,178222,chr16:419961-421769,1,0.0123202158749948,VCV003579879,177017,.,.,False,nonsense,Likely pathogenic,c.184A>T
HBA1,176933,178222,chr16:419961-421769,1,0.0123202158749948,VCV002502312,177134,.,.,False,splice,Likely pathogenic,c.300+1G>A
HBA1,176933,178222,chr16:419961-421769,1,0.0123202158749948,VCV001809522,177097,.,.,False,missense,Likely pathogenic,c.264C>G
HBA1,176933,178222,chr16:419961-421769,1,0.0123202158749948,VCV001330688,177308,.,.,False,missense,Likely pathogenic,c.326C>A
HBA1,176933,178222,chr16:419961-421769,1,0.0123202158749948,VCV000995656,177134,.,.,False,splice,Pathogenic,c.300+1G>T
HBA1,176933,178222,chr16:419961-421769,1,0.0123202158749948,VCV000993066,177011,.,.,False,missense,Pathogenic,c.178G>C
HBA1,176933,178222,chr16:419961-421769,1,0.0123202158749948,VCV000811900,177340,.,.,False,missense,Pathogenic,c.358C>T
HBA1,176933,178222,chr16:419961-421769,1,0.0123202158749948,VCV000439095,177040,.,.,False,missense,Likely benign,c.207C>G
HBA1,176933,178222,chr16:419961-421769,1,0.0123202158749948,VCV000015865,177371,.,.,False,missense,Likely pathogenic,c.389T>C
HBA1,176933,178222,chr16:419961-421769,1,0.0123202158749948,VCV000015856,177403,.,.,False,missense,Pathogenic; other,c.421T>C
HBA1,176933,178222,chr16:419961-421769,1,0.0123202158749948,VCV000015849,177012,.,.,False,missense,Pathogenic,c.179G>A
HBA1,176933,178222,chr16:419961-421769,1,0.0123202158749948,VCV000015828,177392,.,.,False,missense,Pathogenic; other,c.410T>G
HBA1,176933,178222,chr16:419961-421769,1,0.0123202158749948,VCV000015821,177407,.,.,False,missense,Pathogenic; other,c.425G>A
HBA1,176933,178222,chr16:419961-421769,1,0.0123202158749948,VCV000015807,177361,.,.,False,missense,Pathogenic; other,c.379G>C
HBA1,176933,178222,chr16:419961-421769,1,0.0123202158749948,VCV000015800,177314,.,.,False,missense,Likely pathogenic,c.332C>A
HBA1,176933,178222,chr16:419961-421769,1,0.0123202158749948,VCV000015792,177406,.,.,False,missense,Pathogenic; other,c.424C>T
HBA1,176933,178222,chr16:419961-421769,1,0.0123202158749948,VCV000015783,176967,.,.,False,missense,Likely pathogenic,c.134C>T
HBA1,176933,178222,chr16:419961-421769,1,0.0123202158749948,VCV000015779,177095,.,.,False,missense,Pathogenic,c.262C>T
HBA1,176933,178222,chr16:419961-421769,1,0.0123202158749948,VCV000015776,177098,.,.,False,missense,Pathogenic; other,c.265G>T
HBA1,176933,178222,chr16:419961-421769,1,0.0123202158749948,VCV000015773,177407,.,.,False,missense,Pathogenic; other,c.425G>T
HBA1,176933,178222,chr16:419961-421769,1,0.0123202158749948,VCV000015752,177111,.,.,False,missense,Pathogenic; other,c.278G>A
HBA1,176933,178222,chr16:419961-421769,1,0.0123202158749948,VCV000015733,177056,.,.,False,missense,Conflicting classifications of pathogenicity,c.223G>C
HBA1,176933,178222,chr16:419961-421769,1,0.0123202158749948,VCV000015730,177120,.,.,False,missense,Conflicting classifications of pathogenicity,c.287C>T
HBA1,176933,178222,chr16:419961-421769,1,0.0123202158749948,VCV000015711,177111,.,.,False,missense,Likely pathogenic,c.278G>T
HBA1,176933,178222,chr16:419961-421769,1,0.0123202158749948,VCV004685641,177345,.,.,False,synonymous,Likely benign,c.363G>T
HBA1,176933,178222,chr16:419961-421769,1,0.0123202158749948,VCV003766985,177400,.,.,False,missense,Likely benign,c.418A>G
HBA1,176933,178222,chr16:419961-421769,1,0.0123202158749948,VCV003766932,176986,.,.,False,missense,Likely benign,c.153C>G
HBA1,176933,178222,chr16:419961-421769,1,0.0123202158749948,VCV003766910,177306,.,.,False,synonymous,Likely benign,c.324G>A
HBA1,176933,178222,chr16:419961-421769,1,0.0123202158749948,VCV003766747,177109,.,.,False,synonymous,Likely benign,c.276T>G
HBA1,176933,178222,chr16:419961-421769,1,0.0123202158749948,VCV003344963,177333,.,.,False,synonymous,Likely benign,c.351G>A
HBA1,176933,178222,chr16:419961-421769,1,0.0123202158749948,VCV003036580,177412,.,.,False,other,Likely benign,c.*1G>A
HBA1,176933,178222,chr16:419961-421769,1,0.0123202158749948,VCV003029547,177301,.,.,False,synonymous,Likely benign,c.319C>T
HBA1,176933,178222,chr16:419961-421769,1,0.0123202158749948,VCV002428629,177399,.,.,False,synonymous,Likely benign,c.417C>G
HBA1,176933,178222,chr16:419961-421769,1,0.0123202158749948,VCV002428618,177379,.,.,False,missense,Likely benign,c.397G>A
HBA1,176933,178222,chr16:419961-421769,1,0.0123202158749948,VCV002428547,177070,.,.,False,missense,Benign,c.237C>A
HBA1,176933,178222,chr16:419961-421769,1,0.0123202158749948,VCV001679446,177088,.,.,False,missense,Likely benign,c.255C>A
HBA1,176933,178222,chr16:419961-421769,1,0.0123202158749948,VCV001330740,177291,.,.,False,missense,Conflicting classifications of pathogenicity,c.309C>A
HBA1,176933,178222,chr16:419961-421769,1,0.0123202158749948,VCV000994077,177180,.,.,False,intronic,Likely benign,c.300+47C>A
HBA1,176933,178222,chr16:419961-421769,1,0.0123202158749948,VCV000993413,177234,.,.,False,intronic,Likely benign,c.301-49C>T
HBA1,176933,178222,chr16:419961-421769,1,0.0123202158749948,VCV000993349,176983,.,.,False,missense,Conflicting classifications of pathogenicity,c.150C>A
HBA1,176933,178222,chr16:419961-421769,1,0.0123202158749948,VCV000990365,177274,.,.,False,intronic,Likely benign,c.301-9T>C
HBA1,176933,178222,chr16:419961-421769,1,0.0123202158749948,VCV000811573,177694,.,.,False,other,Benign,
HBA1,176933,178222,chr16:419961-421769,1,0.0123202158749948,VCV000811124,177031,.,.,False,synonymous,Likely benign,c.198G>A
HBA1,176933,178222,chr16:419961-421769,1,0.0123202158749948,VCV000801164,177317,.,.,False,missense,Likely benign,c.335C>T
HBA1,176933,178222,chr16:419961-421769,1,0.0123202158749948,VCV000788899,177083,.,.,False,synonymous,Conflicting classifications of pathogenicity,c.250C>T
HBA1,176933,178222,chr16:419961-421769,1,0.0123202158749948,VCV000439768,177188,.,.,False,intronic,Benign,c.300+55G>T
HBA1,176933,178222,chr16:419961-421769,1,0.0123202158749948,VCV000439101,177378,.,.,False,synonymous,Likely benign,c.396T>C
HBA1,176933,178222,chr16:419961-421769,1,0.0123202158749948,VCV000439097,177266,.,.,False,splice,Likely benign,c.301-17C>A
HBA1,176933,178222,chr16:419961-421769,1,0.0123202158749948,VCV000439094,177457,.,.,False,other,Benign/Likely benign,c.*46C>A
HBA1,176933,178222,chr16:419961-421769,1,0.0123202158749948,VCV000015889,176987,.,.,False,missense,Likely benign,c.154G>A
HBA1,176933,178222,chr16:419961-421769,1,0.0123202158749948,VCV000015885,177103,.,.,False,missense,Conflicting classifications of pathogenicity,c.270C>G
HBA1,176933,178222,chr16:419961-421769,1,0.0123202158749948,VCV000015834,177059,.,.,False,missense,Conflicting classifications of pathogenicity,c.226G>T
HBA1,176933,178222,chr16:419961-421769,1,0.0123202158749948,VCV000015832,177332,.,.,False,missense,Likely benign,c.350A>C
HBA1,176933,178222,chr16:419961-421769,1,0.0123202158749948,VCV000015829,177323,.,.,False,missense,Conflicting classifications of pathogenicity,c.341T>A
HBA1,176933,178222,chr16:419961-421769,1,0.0123202158749948,VCV000015817,177120,.,.,False,missense,Conflicting classifications of pathogenicity,c.287C>G
HBA1,176933,178222,chr16:419961-421769,1,0.0123202158749948,VCV000015806,176987,.,.,False,missense,Conflicting classifications of pathogenicity,c.154G>C
HBA1,176933,178222,chr16:419961-421769,1,0.0123202158749948,VCV000015793,177331,.,.,False,missense,Conflicting classifications of pathogenicity,c.349G>A
HBA1,176933,178222,chr16:419961-421769,1,0.0123202158749948,VCV000015790,177006,.,.,False,missense,Likely benign,c.173G>A
HBA1,176933,178222,chr16:419961-421769,1,0.0123202158749948,VCV000015782,176996,.,.,False,missense,Benign/Likely benign,c.163C>G
HBA1,176933,178222,chr16:419961-421769,1,0.0123202158749948,VCV000015766,177366,.,.,False,missense,Likely benign,c.384G>C
HBA1,176933,178222,chr16:419961-421769,1,0.0123202158749948,VCV000015759,177105,.,.,False,missense,Likely benign,c.272A>C
HBA1,176933,178222,chr16:419961-421769,1,0.0123202158749948,VCV000015750,177344,.,.,False,missense,Conflicting classifications of pathogenicity,c.362C>A
HBA1,176933,178222,chr16:419961-421769,1,0.0123202158749948,VCV000015707,177106,.,.,False,missense,Likely benign,c.273G>C
HBA1,176933,178222,chr16:447865-449807,1,0.0103918490808043,VCV004533035,177331,.,.,False,nonsense,Pathogenic,c.349G>T
HBA1,176933,178222,chr16:447865-449807,1,0.0103918490808043,VCV004076507,177310,.,.,False,synonymous,Likely pathogenic,c.328C>T
HBA1,176933,178222,chr16:447865-449807,1,0.0103918490808043,VCV004074262,177368,.,.,False,missense,Likely pathogenic,c.386T>C
HBA1,176933,178222,chr16:447865-449807,1,0.0103918490808043,VCV003766692,177311,.,.,False,missense,Likely pathogenic,c.329T>C
HBA1,176933,178222,chr16:447865-449807,1,0.0103918490808043,VCV003579879,177017,.,.,False,nonsense,Likely pathogenic,c.184A>T
HBA1,176933,178222,chr16:447865-449807,1,0.0103918490808043,VCV002502312,177134,.,.,False,splice,Likely pathogenic,c.300+1G>A
HBA1,176933,178222,chr16:447865-449807,1,0.0103918490808043,VCV001809522,177097,.,.,False,missense,Likely pathogenic,c.264C>G
HBA1,176933,178222,chr16:447865-449807,1,0.0103918490808043,VCV001330688,177308,.,.,False,missense,Likely pathogenic,c.326C>A
HBA1,176933,178222,chr16:447865-449807,1,0.0103918490808043,VCV000995656,177134,.,.,False,splice,Pathogenic,c.300+1G>T
HBA1,176933,178222,chr16:447865-449807,1,0.0103918490808043,VCV000993066,177011,.,.,False,missense,Pathogenic,c.178G>C
HBA1,176933,178222,chr16:447865-449807,1,0.0103918490808043,VCV000811900,177340,.,.,False,missense,Pathogenic,c.358C>T
HBA1,176933,178222,chr16:447865-449807,1,0.0103918490808043,VCV000439095,177040,.,.,False,missense,Likely benign,c.207C>G
HBA1,176933,178222,chr16:447865-449807,1,0.0103918490808043,VCV000015865,177371,.,.,False,missense,Likely pathogenic,c.389T>C
HBA1,176933,178222,chr16:447865-449807,1,0.0103918490808043,VCV000015856,177403,.,.,False,missense,Pathogenic; other,c.421T>C
HBA1,176933,178222,chr16:447865-449807,1,0.0103918490808043,VCV000015849,177012,.,.,False,missense,Pathogenic,c.179G>A
HBA1,176933,178222,chr16:447865-449807,1,0.0103918490808043,VCV000015828,177392,.,.,False,missense,Pathogenic; other,c.410T>G
HBA1,176933,178222,chr16:447865-449807,1,0.0103918490808043,VCV000015821,177407,.,.,False,missense,Pathogenic; other,c.425G>A
HBA1,176933,178222,chr16:447865-449807,1,0.0103918490808043,VCV000015807,177361,.,.,False,missense,Pathogenic; other,c.379G>C
HBA1,176933,178222,chr16:447865-449807,1,0.0103918490808043,VCV000015800,177314,.,.,False,missense,Likely pathogenic,c.332C>A
HBA1,176933,178222,chr16:447865-449807,1,0.0103918490808043,VCV000015792,177406,.,.,False,missense,Pathogenic; other,c.424C>T
HBA1,176933,178222,chr16:447865-449807,1,0.0103918490808043,VCV000015783,176967,.,.,False,missense,Likely pathogenic,c.134C>T
HBA1,176933,178222,chr16:447865-449807,1,0.0103918490808043,VCV000015779,177095,.,.,False,missense,Pathogenic,c.262C>T
HBA1,176933,178222,chr16:447865-449807,1,0.0103918490808043,VCV000015776,177098,.,.,False,missense,Pathogenic; other,c.265G>T
HBA1,176933,178222,chr16:447865-449807,1,0.0103918490808043,VCV000015773,177407,.,.,False,missense,Pathogenic; other,c.425G>T
HBA1,176933,178222,chr16:447865-449807,1,0.0103918490808043,VCV000015752,177111,.,.,False,missense,Pathogenic; other,c.278G>A
HBA1,176933,178222,chr16:447865-449807,1,0.0103918490808043,VCV000015733,177056,.,.,False,missense,Conflicting classifications of pathogenicity,c.223G>C
HBA1,176933,178222,chr16:447865-449807,1,0.0103918490808043,VCV000015730,177120,.,.,False,missense,Conflicting classifications of pathogenicity,c.287C>T
HBA1,176933,178222,chr16:447865-449807,1,0.0103918490808043,VCV000015711,177111,.,.,False,missense,Likely pathogenic,c.278G>T
HBA1,176933,178222,chr16:447865-449807,1,0.0103918490808043,VCV004685641,177345,.,.,False,synonymous,Likely benign,c.363G>T
HBA1,176933,178222,chr16:447865-449807,1,0.0103918490808043,VCV003766985,177400,.,.,False,missense,Likely benign,c.418A>G
HBA1,176933,178222,chr16:447865-449807,1,0.0103918490808043,VCV003766932,176986,.,.,False,missense,Likely benign,c.153C>G
HBA1,176933,178222,chr16:447865-449807,1,0.0103918490808043,VCV003766910,177306,.,.,False,synonymous,Likely benign,c.324G>A
HBA1,176933,178222,chr16:447865-449807,1,0.0103918490808043,VCV003766747,177109,.,.,False,synonymous,Likely benign,c.276T>G
HBA1,176933,178222,chr16:447865-449807,1,0.0103918490808043,VCV003344963,177333,.,.,False,synonymous,Likely benign,c.351G>A
HBA1,176933,178222,chr16:447865-449807,1,0.0103918490808043,VCV003036580,177412,.,.,False,other,Likely benign,c.*1G>A
HBA1,176933,178222,chr16:447865-449807,1,0.0103918490808043,VCV003029547,177301,.,.,False,synonymous,Likely benign,c.319C>T
HBA1,176933,178222,chr16:447865-449807,1,0.0103918490808043,VCV002428629,177399,.,.,False,synonymous,Likely benign,c.417C>G
HBA1,176933,178222,chr16:447865-449807,1,0.0103918490808043,VCV002428618,177379,.,.,False,missense,Likely benign,c.397G>A
HBA1,176933,178222,chr16:447865-449807,1,0.0103918490808043,VCV002428547,177070,.,.,False,missense,Benign,c.237C>A
HBA1,176933,178222,chr16:447865-449807,1,0.0103918490808043,VCV001679446,177088,.,.,False,missense,Likely benign,c.255C>A
HBA1,176933,178222,chr16:447865-449807,1,0.0103918490808043,VCV001330740,177291,.,.,False,missense,Conflicting classifications of pathogenicity,c.309C>A
HBA1,176933,178222,chr16:447865-449807,1,0.0103918490808043,VCV000994077,177180,.,.,False,intronic,Likely benign,c.300+47C>A
HBA1,176933,178222,chr16:447865-449807,1,0.0103918490808043,VCV000993413,177234,.,.,False,intronic,Likely benign,c.301-49C>T
HBA1,176933,178222,chr16:447865-449807,1,0.0103918490808043,VCV000993349,176983,.,.,False,missense,Conflicting classifications of pathogenicity,c.150C>A
HBA1,176933,178222,chr16:447865-449807,1,0.0103918490808043,VCV000990365,177274,.,.,False,intronic,Likely benign,c.301-9T>C
HBA1,176933,178222,chr16:447865-449807,1,0.0103918490808043,VCV000811573,177694,.,.,False,other,Benign,
HBA1,176933,178222,chr16:447865-449807,1,0.0103918490808043,VCV000811124,177031,.,.,False,synonymous,Likely benign,c.198G>A
HBA1,176933,178222,chr16:447865-449807,1,0.0103918490808043,VCV000801164,177317,.,.,False,missense,Likely benign,c.335C>T
HBA1,176933,178222,chr16:447865-449807,1,0.0103918490808043,VCV000788899,177083,.,.,False,synonymous,Conflicting classifications of pathogenicity,c.250C>T
HBA1,176933,178222,chr16:447865-449807,1,0.0103918490808043,VCV000439768,177188,.,.,False,intronic,Benign,c.300+55G>T
HBA1,176933,178222,chr16:447865-449807,1,0.0103918490808043,VCV000439101,177378,.,.,False,synonymous,Likely benign,c.396T>C
HBA1,176933,178222,chr16:447865-449807,1,0.0103918490808043,VCV000439097,177266,.,.,False,splice,Likely benign,c.301-17C>A
HBA1,176933,178222,chr16:447865-449807,1,0.0103918490808043,VCV000439094,177457,.,.,False,other,Benign/Likely benign,c.*46C>A
HBA1,176933,178222,chr16:447865-449807,1,0.0103918490808043,VCV000015889,176987,.,.,False,missense,Likely benign,c.154G>A
HBA1,176933,178222,chr16:447865-449807,1,0.0103918490808043,VCV000015885,177103,.,.,False,missense,Conflicting classifications of pathogenicity,c.270C>G
HBA1,176933,178222,chr16:447865-449807,1,0.0103918490808043,VCV000015834,177059,.,.,False,missense,Conflicting classifications of pathogenicity,c.226G>T
HBA1,176933,178222,chr16:447865-449807,1,0.0103918490808043,VCV000015832,177332,.,.,False,missense,Likely benign,c.350A>C
HBA1,176933,178222,chr16:447865-449807,1,0.0103918490808043,VCV000015829,177323,.,.,False,missense,Conflicting classifications of pathogenicity,c.341T>A
HBA1,176933,178222,chr16:447865-449807,1,0.0103918490808043,VCV000015817,177120,.,.,False,missense,Conflicting classifications of pathogenicity,c.287C>G
HBA1,176933,178222,chr16:447865-449807,1,0.0103918490808043,VCV000015806,176987,.,.,False,missense,Conflicting classifications of pathogenicity,c.154G>C
HBA1,176933,178222,chr16:447865-449807,1,0.0103918490808043,VCV000015793,177331,.,.,False,missense,Conflicting classifications of pathogenicity,c.349G>A
HBA1,176933,178222,chr16:447865-449807,1,0.0103918490808043,VCV000015790,177006,.,.,False,missense,Likely benign,c.173G>A
HBA1,176933,178222,chr16:447865-449807,1,0.0103918490808043,VCV000015782,176996,.,.,False,missense,Benign/Likely benign,c.163C>G
HBA1,176933,178222,chr16:447865-449807,1,0.0103918490808043,VCV000015766,177366,.,.,False,missense,Likely benign,c.384G>C
HBA1,176933,178222,chr16:447865-449807,1,0.0103918490808043,VCV000015759,177105,.,.,False,missense,Likely benign,c.272A>C
HBA1,176933,178222,chr16:447865-449807,1,0.0103918490808043,VCV000015750,177344,.,.,False,missense,Conflicting classifications of pathogenicity,c.362C>A
HBA1,176933,178222,chr16:447865-449807,1,0.0103918490808043,VCV000015707,177106,.,.,False,missense,Likely benign,c.273G>C
HBA1,176933,178222,chr16:1542315-1544268,1,0.00568598488070236,VCV004533035,177331,.,.,False,nonsense,Pathogenic,c.349G>T
HBA1,176933,178222,chr16:1542315-1544268,1,0.00568598488070236,VCV004076507,177310,.,.,False,synonymous,Likely pathogenic,c.328C>T
HBA1,176933,178222,chr16:1542315-1544268,1,0.00568598488070236,VCV004074262,177368,.,.,False,missense,Likely pathogenic,c.386T>C
HBA1,176933,178222,chr16:1542315-1544268,1,0.00568598488070236,VCV003766692,177311,.,.,False,missense,Likely pathogenic,c.329T>C
HBA1,176933,178222,chr16:1542315-1544268,1,0.00568598488070236,VCV003579879,177017,.,.,False,nonsense,Likely pathogenic,c.184A>T
HBA1,176933,178222,chr16:1542315-1544268,1,0.00568598488070236,VCV002502312,177134,.,.,False,splice,Likely pathogenic,c.300+1G>A
HBA1,176933,178222,chr16:1542315-1544268,1,0.00568598488070236,VCV001809522,177097,.,.,False,missense,Likely pathogenic,c.264C>G
HBA1,176933,178222,chr16:1542315-1544268,1,0.00568598488070236,VCV001330688,177308,.,.,False,missense,Likely pathogenic,c.326C>A
HBA1,176933,178222,chr16:1542315-1544268,1,0.00568598488070236,VCV000995656,177134,.,.,False,splice,Pathogenic,c.300+1G>T
HBA1,176933,178222,chr16:1542315-1544268,1,0.00568598488070236,VCV000993066,177011,.,.,False,missense,Pathogenic,c.178G>C
HBA1,176933,178222,chr16:1542315-1544268,1,0.00568598488070236,VCV000811900,177340,.,.,False,missense,Pathogenic,c.358C>T
HBA1,176933,178222,chr16:1542315-1544268,1,0.00568598488070236,VCV000439095,177040,.,.,False,missense,Likely benign,c.207C>G
HBA1,176933,178222,chr16:1542315-1544268,1,0.00568598488070236,VCV000015865,177371,.,.,False,missense,Likely pathogenic,c.389T>C
HBA1,176933,178222,chr16:1542315-1544268,1,0.00568598488070236,VCV000015856,177403,.,.,False,missense,Pathogenic; other,c.421T>C
HBA1,176933,178222,chr16:1542315-1544268,1,0.00568598488070236,VCV000015849,177012,.,.,False,missense,Pathogenic,c.179G>A
HBA1,176933,178222,chr16:1542315-1544268,1,0.00568598488070236,VCV000015828,177392,.,.,False,missense,Pathogenic; other,c.410T>G
HBA1,176933,178222,chr16:1542315-1544268,1,0.00568598488070236,VCV000015821,177407,.,.,False,missense,Pathogenic; other,c.425G>A
HBA1,176933,178222,chr16:1542315-1544268,1,0.00568598488070236,VCV000015807,177361,.,.,False,missense,Pathogenic; other,c.379G>C
HBA1,176933,178222,chr16:1542315-1544268,1,0.00568598488070236,VCV000015800,177314,.,.,False,missense,Likely pathogenic,c.332C>A
HBA1,176933,178222,chr16:1542315-1544268,1,0.00568598488070236,VCV000015792,177406,.,.,False,missense,Pathogenic; other,c.424C>T
HBA1,176933,178222,chr16:1542315-1544268,1,0.00568598488070236,VCV000015783,176967,.,.,False,missense,Likely pathogenic,c.134C>T
HBA1,176933,178222,chr16:1542315-1544268,1,0.00568598488070236,VCV000015779,177095,.,.,False,missense,Pathogenic,c.262C>T
HBA1,176933,178222,chr16:1542315-1544268,1,0.00568598488070236,VCV000015776,177098,.,.,False,missense,Pathogenic; other,c.265G>T
HBA1,176933,178222,chr16:1542315-1544268,1,0.00568598488070236,VCV000015773,177407,.,.,False,missense,Pathogenic; other,c.425G>T
HBA1,176933,178222,chr16:1542315-1544268,1,0.00568598488070236,VCV000015752,177111,.,.,False,missense,Pathogenic; other,c.278G>A
HBA1,176933,178222,chr16:1542315-1544268,1,0.00568598488070236,VCV000015733,177056,.,.,False,missense,Conflicting classifications of pathogenicity,c.223G>C
HBA1,176933,178222,chr16:1542315-1544268,1,0.00568598488070236,VCV000015730,177120,.,.,False,missense,Conflicting classifications of pathogenicity,c.287C>T
HBA1,176933,178222,chr16:1542315-1544268,1,0.00568598488070236,VCV000015711,177111,.,.,False,missense,Likely pathogenic,c.278G>T
HBA1,176933,178222,chr16:1542315-1544268,1,0.00568598488070236,VCV004685641,177345,.,.,False,synonymous,Likely benign,c.363G>T
HBA1,176933,178222,chr16:1542315-1544268,1,0.00568598488070236,VCV003766985,177400,.,.,False,missense,Likely benign,c.418A>G
HBA1,176933,178222,chr16:1542315-1544268,1,0.00568598488070236,VCV003766932,176986,.,.,False,missense,Likely benign,c.153C>G
HBA1,176933,178222,chr16:1542315-1544268,1,0.00568598488070236,VCV003766910,177306,.,.,False,synonymous,Likely benign,c.324G>A
HBA1,176933,178222,chr16:1542315-1544268,1,0.00568598488070236,VCV003766747,177109,.,.,False,synonymous,Likely benign,c.276T>G
HBA1,176933,178222,chr16:1542315-1544268,1,0.00568598488070236,VCV003344963,177333,.,.,False,synonymous,Likely benign,c.351G>A
HBA1,176933,178222,chr16:1542315-1544268,1,0.00568598488070236,VCV003036580,177412,.,.,False,other,Likely benign,c.*1G>A
HBA1,176933,178222,chr16:1542315-1544268,1,0.00568598488070236,VCV003029547,177301,.,.,False,synonymous,Likely benign,c.319C>T
HBA1,176933,178222,chr16:1542315-1544268,1,0.00568598488070236,VCV002428629,177399,.,.,False,synonymous,Likely benign,c.417C>G
HBA1,176933,178222,chr16:1542315-1544268,1,0.00568598488070236,VCV002428618,177379,.,.,False,missense,Likely benign,c.397G>A
HBA1,176933,178222,chr16:1542315-1544268,1,0.00568598488070236,VCV002428547,177070,.,.,False,missense,Benign,c.237C>A
HBA1,176933,178222,chr16:1542315-1544268,1,0.00568598488070236,VCV001679446,177088,.,.,False,missense,Likely benign,c.255C>A
HBA1,176933,178222,chr16:1542315-1544268,1,0.00568598488070236,VCV001330740,177291,.,.,False,missense,Conflicting classifications of pathogenicity,c.309C>A
HBA1,176933,178222,chr16:1542315-1544268,1,0.00568598488070236,VCV000994077,177180,.,.,False,intronic,Likely benign,c.300+47C>A
HBA1,176933,178222,chr16:1542315-1544268,1,0.00568598488070236,VCV000993413,177234,.,.,False,intronic,Likely benign,c.301-49C>T
HBA1,176933,178222,chr16:1542315-1544268,1,0.00568598488070236,VCV000993349,176983,.,.,False,missense,Conflicting classifications of pathogenicity,c.150C>A
HBA1,176933,178222,chr16:1542315-1544268,1,0.00568598488070236,VCV000990365,177274,.,.,False,intronic,Likely benign,c.301-9T>C
HBA1,176933,178222,chr16:1542315-1544268,1,0.00568598488070236,VCV000811573,177694,.,.,False,other,Benign,
HBA1,176933,178222,chr16:1542315-1544268,1,0.00568598488070236,VCV000811124,177031,.,.,False,synonymous,Likely benign,c.198G>A
HBA1,176933,178222,chr16:1542315-1544268,1,0.00568598488070236,VCV000801164,177317,.,.,False,missense,Likely benign,c.335C>T
HBA1,176933,178222,chr16:1542315-1544268,1,0.00568598488070236,VCV000788899,177083,.,.,False,synonymous,Conflicting classifications of pathogenicity,c.250C>T
HBA1,176933,178222,chr16:1542315-1544268,1,0.00568598488070236,VCV000439768,177188,.,.,False,intronic,Benign,c.300+55G>T
HBA1,176933,178222,chr16:1542315-1544268,1,0.00568598488070236,VCV000439101,177378,.,.,False,synonymous,Likely benign,c.396T>C
HBA1,176933,178222,chr16:1542315-1544268,1,0.00568598488070236,VCV000439097,177266,.,.,False,splice,Likely benign,c.301-17C>A
HBA1,176933,178222,chr16:1542315-1544268,1,0.00568598488070236,VCV000439094,177457,.,.,False,other,Benign/Likely benign,c.*46C>A
HBA1,176933,178222,chr16:1542315-1544268,1,0.00568598488070236,VCV000015889,176987,.,.,False,missense,Likely benign,c.154G>A
HBA1,176933,178222,chr16:1542315-1544268,1,0.00568598488070236,VCV000015885,177103,.,.,False,missense,Conflicting classifications of pathogenicity,c.270C>G
HBA1,176933,178222,chr16:1542315-1544268,1,0.00568598488070236,VCV000015834,177059,.,.,False,missense,Conflicting classifications of pathogenicity,c.226G>T
HBA1,176933,178222,chr16:1542315-1544268,1,0.00568598488070236,VCV000015832,177332,.,.,False,missense,Likely benign,c.350A>C
HBA1,176933,178222,chr16:1542315-1544268,1,0.00568598488070236,VCV000015829,177323,.,.,False,missense,Conflicting classifications of pathogenicity,c.341T>A
HBA1,176933,178222,chr16:1542315-1544268,1,0.00568598488070236,VCV000015817,177120,.,.,False,missense,Conflicting classifications of pathogenicity,c.287C>G
HBA1,176933,178222,chr16:1542315-1544268,1,0.00568598488070236,VCV000015806,176987,.,.,False,missense,Conflicting classifications of pathogenicity,c.154G>C
HBA1,176933,178222,chr16:1542315-1544268,1,0.00568598488070236,VCV000015793,177331,.,.,False,missense,Conflicting classifications of pathogenicity,c.349G>A
HBA1,176933,178222,chr16:1542315-1544268,1,0.00568598488070236,VCV000015790,177006,.,.,False,missense,Likely benign,c.173G>A
HBA1,176933,178222,chr16:1542315-1544268,1,0.00568598488070236,VCV000015782,176996,.,.,False,missense,Benign/Likely benign,c.163C>G
HBA1,176933,178222,chr16:1542315-1544268,1,0.00568598488070236,VCV000015766,177366,.,.,False,missense,Likely benign,c.384G>C
HBA1,176933,178222,chr16:1542315-1544268,1,0.00568598488070236,VCV000015759,177105,.,.,False,missense,Likely benign,c.272A>C
HBA1,176933,178222,chr16:1542315-1544268,1,0.00568598488070236,VCV000015750,177344,.,.,False,missense,Conflicting classifications of pathogenicity,c.362C>A
HBA1,176933,178222,chr16:1542315-1544268,1,0.00568598488070236,VCV000015707,177106,.,.,False,missense,Likely benign,c.273G>C
