ClinVar_ID,Position_GRCh38,Ref,Alt,HGVS_c,HGVS_p,Category,ClinVar_Significance,ARCHCODE_SSIM,ARCHCODE_LSSIM,ARCHCODE_DeltaInsulation,ARCHCODE_LoopIntegrity,ARCHCODE_Verdict,VEP_Consequence,VEP_Score,VEP_Impact,SIFT_Score,SIFT_Prediction,VEP_Interpretation,Pearl,Discordance,Mechanism_Insight,Label,Source,locus,is_queryable_snv,is_synthetic_or_demo,mechanism_subclass,clinvar_bucket,Tags,DNA,RNA,kircher_value,kircher_p_value,kircher_exact_match,ldlr_lssim_q05,ldlr_bottom5,ldlr_primary_candidate,ldlr_conflicting_candidate_like,ldlr_strict_mechanism_control,ldlr_control_like_but_low_lssim,same_promoter_upstream_window,matched_window_name,matched_window_start,matched_window_end,distance_to_window_bp,control_rebuild_option_class,control_rebuild_gate_status,control_rebuild_note
VCV000684564,11087511,C,T,NM_000527.4(LDLR):c.-2038C>T,,5_prime_UTR,Benign,0.9997,0.9978,0.012,0,BENIGN,upstream_gene_variant,0.15,MODIFIER,-1.0,,Low Impact,False,AGREEMENT,Convergent evidence from structural and sequence analysis.,Benign,ClinVar_Benign,LDLR,True,False,promoter_or_5_prime_UTR,benign_or_likely_benign,,,,,,False,0.9987,True,False,False,False,False,False,LDLR_upstream_enhancer,11088453,11090401,942,outside_promoter_upstream_window,REJECT,Outside the pre-specified LDLR promoter/upstream windows.
VCV000250925,11089281,G,T,NM_000527.5(LDLR):c.-268G>T,,5_prime_UTR,Benign/Likely benign,0.9979,0.9831,0.0286,0,LIKELY_BENIGN,non_coding_transcript_exon_variant,0.15,MODIFIER,-1.0,,Low Impact,False,AGREEMENT,Convergent evidence from structural and sequence analysis.,Benign,ClinVar_Benign,LDLR,True,False,promoter_or_5_prime_UTR,benign_or_likely_benign,110.0,11331.0,4278.0,0.06,0.485232038844306,True,0.9987,True,False,False,False,True,True,LDLR_upstream_enhancer,11088453,11090401,0,same_window_same_mechanism_but_low_lssim,REJECT_LOW_LSSIM_CONFOUNDED,Same-window promoter control-like row is also in the LDLR bottom 5%.
VCV000250927,11089332,C,T,NC_000019.10:g.11089332C>T,,other,Benign,0.9968,0.9727,0.0357,0,LIKELY_BENIGN,upstream_gene_variant,0.15,MODIFIER,-1.0,,Low Impact,False,AGREEMENT,Convergent evidence from structural and sequence analysis.,Benign,ClinVar_Benign,LDLR,True,False,other_unresolved,benign_or_likely_benign,519.0,37655.0,40072.0,1.45,4.21882683751935e-275,True,0.9987,True,False,False,False,False,True,LDLR_upstream_enhancer,11088453,11090401,0,same_window_relaxed_but_low_lssim,REJECT_LOW_LSSIM_CONFOUNDED,"Same-window benign row exists, but it is also in the LDLR bottom 5%."
VCV000924808,11089344,G,T,NC_000019.10:g.11089344G>T,,other,Likely benign,0.9968,0.9734,0.0358,0,LIKELY_BENIGN,upstream_gene_variant,0.15,MODIFIER,-1.0,,Low Impact,False,AGREEMENT,Convergent evidence from structural and sequence analysis.,Benign,ClinVar_Benign,LDLR,True,False,other_unresolved,benign_or_likely_benign,195.0,17206.0,5046.0,-0.26,7.80677268636513e-05,True,0.9987,True,False,False,False,False,True,LDLR_upstream_enhancer,11088453,11090401,0,same_window_relaxed_but_low_lssim,REJECT_LOW_LSSIM_CONFOUNDED,"Same-window benign row exists, but it is also in the LDLR bottom 5%."
VCV000921994,11089352,G,A,NC_000019.10:g.11089352G>A,,other,Likely benign,0.9968,0.9728,0.0361,0,LIKELY_BENIGN,upstream_gene_variant,0.15,MODIFIER,-1.0,,Low Impact,False,AGREEMENT,Convergent evidence from structural and sequence analysis.,Benign,ClinVar_Benign,LDLR,True,False,other_unresolved,benign_or_likely_benign,357.0,33957.0,9693.0,-0.23,3.59290162950274e-06,True,0.9987,True,False,False,False,False,True,LDLR_upstream_enhancer,11088453,11090401,0,same_window_relaxed_but_low_lssim,REJECT_LOW_LSSIM_CONFOUNDED,"Same-window benign row exists, but it is also in the LDLR bottom 5%."
VCV000918511,11089383,A,G,NM_000527.4(LDLR):c.-166A>G,,5_prime_UTR,Likely benign,0.998,0.9835,0.0277,0,LIKELY_BENIGN,upstream_gene_variant,0.15,MODIFIER,-1.0,,Low Impact,False,AGREEMENT,Convergent evidence from structural and sequence analysis.,Benign,ClinVar_Benign,LDLR,True,False,promoter_or_5_prime_UTR,benign_or_likely_benign,888.0,72913.0,33177.0,0.22,5.09843897473609e-12,True,0.9987,True,False,False,False,True,True,LDLR_upstream_enhancer,11088453,11090401,0,same_window_same_mechanism_but_low_lssim,REJECT_LOW_LSSIM_CONFOUNDED,Same-window promoter control-like row is also in the LDLR bottom 5%.
VCV000630659,11089427,C,A,NC_000019.10:g.11089427C>A,,other,Likely benign,0.9967,0.9725,0.0359,0,LIKELY_BENIGN,5_prime_UTR_variant,0.2,MODIFIER,-1.0,,Moderate Impact,False,AGREEMENT,Convergent evidence from structural and sequence analysis.,Benign,ClinVar_Benign,LDLR,True,False,other_unresolved,benign_or_likely_benign,194.0,17333.0,7086.0,0.01,0.844211766193125,True,0.9987,True,False,False,False,False,True,LDLR_upstream_enhancer,11088453,11090401,0,same_window_relaxed_but_low_lssim,REJECT_LOW_LSSIM_CONFOUNDED,"Same-window benign row exists, but it is also in the LDLR bottom 5%."
VCV000927702,11089452,G,C,NC_000019.10:g.11089452G>C,,other,Likely benign,0.9967,0.9723,0.0357,0,LIKELY_BENIGN,5_prime_UTR_variant,0.2,MODIFIER,-1.0,,Moderate Impact,False,AGREEMENT,Convergent evidence from structural and sequence analysis.,Benign,ClinVar_Benign,LDLR,True,False,other_unresolved,benign_or_likely_benign,63.0,4452.0,1181.0,-0.23,0.0539328403742976,True,0.9987,True,False,False,False,False,True,LDLR_upstream_enhancer,11088453,11090401,0,same_window_relaxed_but_low_lssim,REJECT_LOW_LSSIM_CONFOUNDED,"Same-window benign row exists, but it is also in the LDLR bottom 5%."
VCV000430744,11089521,G,C,NM_000527.5(LDLR):c.-28G>C,,5_prime_UTR,Likely benign,0.9981,0.9836,0.0277,0,LIKELY_BENIGN,5_prime_UTR_variant,0.2,MODIFIER,-1.0,,Moderate Impact,False,AGREEMENT,Convergent evidence from structural and sequence analysis.,Benign,ClinVar_Benign,LDLR,True,False,promoter_or_5_prime_UTR,benign_or_likely_benign,23.0,1415.0,631.0,-0.12,0.554911686609255,True,0.9987,True,False,False,False,True,True,LDLR_upstream_enhancer,11088453,11090401,0,same_window_same_mechanism_but_low_lssim,REJECT_LOW_LSSIM_CONFOUNDED,Same-window promoter control-like row is also in the LDLR bottom 5%.
VCV001756614,11089554,G,A,c.6G>A,,synonymous,Likely benign,0.9999,0.9991,0.0069,0,BENIGN,synonymous_variant,0.15,MODIFIER,-1.0,,Low Impact,False,AGREEMENT,Convergent evidence from structural and sequence analysis.,Benign,ClinVar_Benign,LDLR,True,False,coding_synonymous,benign_or_likely_benign,,,,,,False,0.9987,False,False,False,False,False,True,LDLR_upstream_enhancer,11088453,11090401,0,same_window_relaxed_nonbottom_different_mechanism,RELAXED_ONLY_DIFFERENT_MECHANISM,"Same-window non-bottom benign row exists, but mechanism/Kircher matching fails."
VCV001077440,11089557,C,T,c.9C>T,,synonymous,Likely benign,0.9999,0.9991,0.0068,0,BENIGN,synonymous_variant,0.15,MODIFIER,-1.0,,Low Impact,False,AGREEMENT,Convergent evidence from structural and sequence analysis.,Benign,ClinVar_Benign,LDLR,True,False,coding_synonymous,benign_or_likely_benign,,,,,,False,0.9987,False,False,False,False,False,True,LDLR_upstream_enhancer,11088453,11090401,0,same_window_relaxed_nonbottom_different_mechanism,RELAXED_ONLY_DIFFERENT_MECHANISM,"Same-window non-bottom benign row exists, but mechanism/Kircher matching fails."
VCV002812733,11089563,C,G,c.15C>G,,synonymous,Likely benign,0.9999,0.9991,0.0069,0,BENIGN,synonymous_variant,0.15,MODIFIER,-1.0,,Low Impact,False,AGREEMENT,Convergent evidence from structural and sequence analysis.,Benign,ClinVar_Benign,LDLR,True,False,coding_synonymous,benign_or_likely_benign,,,,,,False,0.9987,False,False,False,False,False,True,LDLR_upstream_enhancer,11088453,11090401,0,same_window_relaxed_nonbottom_different_mechanism,RELAXED_ONLY_DIFFERENT_MECHANISM,"Same-window non-bottom benign row exists, but mechanism/Kircher matching fails."
VCV001776145,11089563,C,T,c.15C>T,,synonymous,Likely benign,0.9999,0.9991,0.0069,0,BENIGN,synonymous_variant,0.15,MODIFIER,-1.0,,Low Impact,False,AGREEMENT,Convergent evidence from structural and sequence analysis.,Benign,ClinVar_Benign,LDLR,True,False,coding_synonymous,benign_or_likely_benign,,,,,,False,0.9987,False,False,False,False,False,True,LDLR_upstream_enhancer,11088453,11090401,0,same_window_relaxed_nonbottom_different_mechanism,RELAXED_ONLY_DIFFERENT_MECHANISM,"Same-window non-bottom benign row exists, but mechanism/Kircher matching fails."
VCV000925039,11089575,C,T,c.27C>T,,synonymous,Likely benign,0.9999,0.9991,0.0067,0,BENIGN,synonymous_variant,0.15,MODIFIER,-1.0,,Low Impact,False,AGREEMENT,Convergent evidence from structural and sequence analysis.,Benign,ClinVar_Benign,LDLR,True,False,coding_synonymous,benign_or_likely_benign,,,,,,False,0.9987,False,False,False,False,False,True,LDLR_upstream_enhancer,11088453,11090401,0,same_window_relaxed_nonbottom_different_mechanism,RELAXED_ONLY_DIFFERENT_MECHANISM,"Same-window non-bottom benign row exists, but mechanism/Kircher matching fails."
VCV002911824,11089581,C,G,c.33C>G,,synonymous,Likely benign,0.9999,0.9991,0.0068,0,BENIGN,synonymous_variant,0.15,MODIFIER,-1.0,,Low Impact,False,AGREEMENT,Convergent evidence from structural and sequence analysis.,Benign,ClinVar_Benign,LDLR,True,False,coding_synonymous,benign_or_likely_benign,,,,,,False,0.9987,False,False,False,False,False,True,LDLR_upstream_enhancer,11088453,11090401,0,same_window_relaxed_nonbottom_different_mechanism,RELAXED_ONLY_DIFFERENT_MECHANISM,"Same-window non-bottom benign row exists, but mechanism/Kircher matching fails."
VCV001135175,11089581,C,T,c.33C>T,,synonymous,Likely benign,0.9999,0.9991,0.0068,0,BENIGN,synonymous_variant,0.15,MODIFIER,-1.0,,Low Impact,False,AGREEMENT,Convergent evidence from structural and sequence analysis.,Benign,ClinVar_Benign,LDLR,True,False,coding_synonymous,benign_or_likely_benign,,,,,,False,0.9987,False,False,False,False,False,True,LDLR_upstream_enhancer,11088453,11090401,0,same_window_relaxed_nonbottom_different_mechanism,RELAXED_ONLY_DIFFERENT_MECHANISM,"Same-window non-bottom benign row exists, but mechanism/Kircher matching fails."
VCV000921122,11089593,C,T,c.45C>T,,synonymous,Likely benign,0.9999,0.9991,0.0068,0,BENIGN,synonymous_variant,0.15,MODIFIER,-1.0,,Low Impact,False,AGREEMENT,Convergent evidence from structural and sequence analysis.,Benign,ClinVar_Benign,LDLR,True,False,coding_synonymous,benign_or_likely_benign,,,,,,False,0.9987,False,False,False,False,False,True,LDLR_upstream_enhancer,11088453,11090401,0,same_window_relaxed_nonbottom_different_mechanism,RELAXED_ONLY_DIFFERENT_MECHANISM,"Same-window non-bottom benign row exists, but mechanism/Kircher matching fails."
VCV004757623,11089594,C,T,c.46C>T,,synonymous,Likely benign,0.9999,0.9991,0.0068,0,BENIGN,missense_variant,0.845,MODERATE,0.11,tolerated_low_confidence,Very High Impact,False,VEP_ONLY,VEP detects sequence impact (score=0.84) but structure appears intact (LSSIM=0.999). Possible compensatory mechanism.,Benign,ClinVar_Benign,LDLR,True,False,coding_synonymous,benign_or_likely_benign,,,,,,False,0.9987,False,False,False,False,False,True,LDLR_upstream_enhancer,11088453,11090401,0,same_window_relaxed_nonbottom_different_mechanism,RELAXED_ONLY_DIFFERENT_MECHANISM,"Same-window non-bottom benign row exists, but mechanism/Kircher matching fails."
VCV003673747,11089596,C,T,c.48C>T,,synonymous,Likely benign,0.9999,0.9991,0.0067,0,BENIGN,synonymous_variant,0.15,MODIFIER,-1.0,,Low Impact,False,AGREEMENT,Convergent evidence from structural and sequence analysis.,Benign,ClinVar_Benign,LDLR,True,False,coding_synonymous,benign_or_likely_benign,,,,,,False,0.9987,False,False,False,False,False,True,LDLR_upstream_enhancer,11088453,11090401,0,same_window_relaxed_nonbottom_different_mechanism,RELAXED_ONLY_DIFFERENT_MECHANISM,"Same-window non-bottom benign row exists, but mechanism/Kircher matching fails."
VCV000250983,11089596,C,A,c.48C>A,,synonymous,Likely benign,0.9999,0.9991,0.0067,0,BENIGN,synonymous_variant,0.15,MODIFIER,-1.0,,Low Impact,False,AGREEMENT,Convergent evidence from structural and sequence analysis.,Benign,ClinVar_Benign,LDLR,True,False,coding_synonymous,benign_or_likely_benign,,,,,,False,0.9987,False,False,False,False,False,True,LDLR_upstream_enhancer,11088453,11090401,0,same_window_relaxed_nonbottom_different_mechanism,RELAXED_ONLY_DIFFERENT_MECHANISM,"Same-window non-bottom benign row exists, but mechanism/Kircher matching fails."
VCV001097179,11089599,C,T,c.51C>T,,synonymous,Likely benign,0.9999,0.9991,0.0068,0,BENIGN,synonymous_variant,0.15,MODIFIER,-1.0,,Low Impact,False,AGREEMENT,Convergent evidence from structural and sequence analysis.,Benign,ClinVar_Benign,LDLR,True,False,coding_synonymous,benign_or_likely_benign,,,,,,False,0.9987,False,False,False,False,False,True,LDLR_upstream_enhancer,11088453,11090401,0,same_window_relaxed_nonbottom_different_mechanism,RELAXED_ONLY_DIFFERENT_MECHANISM,"Same-window non-bottom benign row exists, but mechanism/Kircher matching fails."
VCV000375773,11089601,C,T,c.53C>T,,synonymous,Likely benign,0.9999,0.9991,0.0068,0,BENIGN,missense_variant,0.87,MODERATE,0.06,tolerated_low_confidence,Very High Impact,False,VEP_ONLY,VEP detects sequence impact (score=0.87) but structure appears intact (LSSIM=0.999). Possible compensatory mechanism.,Benign,ClinVar_Benign,LDLR,True,False,coding_synonymous,benign_or_likely_benign,,,,,,False,0.9987,False,False,False,False,False,True,LDLR_upstream_enhancer,11088453,11090401,0,same_window_relaxed_nonbottom_different_mechanism,RELAXED_ONLY_DIFFERENT_MECHANISM,"Same-window non-bottom benign row exists, but mechanism/Kircher matching fails."
VCV000924946,11089602,G,C,c.54G>C,,synonymous,Likely benign,0.9999,0.9991,0.0069,0,BENIGN,synonymous_variant,0.15,MODIFIER,-1.0,,Low Impact,False,AGREEMENT,Convergent evidence from structural and sequence analysis.,Benign,ClinVar_Benign,LDLR,True,False,coding_synonymous,benign_or_likely_benign,,,,,,False,0.9987,False,False,False,False,False,True,LDLR_upstream_enhancer,11088453,11090401,0,same_window_relaxed_nonbottom_different_mechanism,RELAXED_ONLY_DIFFERENT_MECHANISM,"Same-window non-bottom benign row exists, but mechanism/Kircher matching fails."
VCV000161272,11089606,G,A,c.58G>A,,synonymous,Benign,0.9999,0.9991,0.0068,0,BENIGN,missense_variant,0.7,MODERATE,0.4,tolerated_low_confidence,High Impact,False,VEP_ONLY,VEP detects sequence impact (score=0.70) but structure appears intact (LSSIM=0.999). Possible compensatory mechanism.,Benign,ClinVar_Benign,LDLR,True,False,coding_synonymous,benign_or_likely_benign,,,,,,False,0.9987,False,False,False,False,False,True,LDLR_upstream_enhancer,11088453,11090401,0,same_window_relaxed_nonbottom_different_mechanism,RELAXED_ONLY_DIFFERENT_MECHANISM,"Same-window non-bottom benign row exists, but mechanism/Kircher matching fails."
VCV001172187,11089608,G,A,c.60G>A,,synonymous,Likely benign,0.9999,0.999,0.0069,0,BENIGN,synonymous_variant,0.15,MODIFIER,-1.0,,Low Impact,False,AGREEMENT,Convergent evidence from structural and sequence analysis.,Benign,ClinVar_Benign,LDLR,True,False,coding_synonymous,benign_or_likely_benign,,,,,,False,0.9987,False,False,False,False,False,True,LDLR_upstream_enhancer,11088453,11090401,0,same_window_relaxed_nonbottom_different_mechanism,RELAXED_ONLY_DIFFERENT_MECHANISM,"Same-window non-bottom benign row exists, but mechanism/Kircher matching fails."
VCV002912195,11089611,T,G,c.63T>G,,synonymous,Likely benign,0.9999,0.9991,0.0068,0,BENIGN,synonymous_variant,0.15,MODIFIER,-1.0,,Low Impact,False,AGREEMENT,Convergent evidence from structural and sequence analysis.,Benign,ClinVar_Benign,LDLR,True,False,coding_synonymous,benign_or_likely_benign,,,,,,False,0.9987,False,False,False,False,False,True,LDLR_upstream_enhancer,11088453,11090401,0,same_window_relaxed_nonbottom_different_mechanism,RELAXED_ONLY_DIFFERENT_MECHANISM,"Same-window non-bottom benign row exists, but mechanism/Kircher matching fails."
VCV004756886,11089611,T,C,c.63T>C,,synonymous,Likely benign,0.9999,0.9991,0.0068,0,BENIGN,synonymous_variant,0.15,MODIFIER,-1.0,,Low Impact,False,AGREEMENT,Convergent evidence from structural and sequence analysis.,Benign,ClinVar_Benign,LDLR,True,False,coding_synonymous,benign_or_likely_benign,,,,,,False,0.9987,False,False,False,False,False,True,LDLR_upstream_enhancer,11088453,11090401,0,same_window_relaxed_nonbottom_different_mechanism,RELAXED_ONLY_DIFFERENT_MECHANISM,"Same-window non-bottom benign row exists, but mechanism/Kircher matching fails."
VCV000924933,11089621,G,A,NM_000527.5(LDLR):c.67+6G>A,,intronic,Likely benign,0.9995,0.9961,0.0139,0,BENIGN,splice_donor_region_variant,0.35,LOW,-1.0,,Moderate Impact,False,AGREEMENT,Convergent evidence from structural and sequence analysis.,Benign,ClinVar_Benign,LDLR,True,False,intronic,benign_or_likely_benign,,,,,,False,0.9987,True,False,False,False,False,True,LDLR_upstream_enhancer,11088453,11090401,0,same_window_relaxed_but_low_lssim,REJECT_LOW_LSSIM_CONFOUNDED,"Same-window benign row exists, but it is also in the LDLR bottom 5%."
VCV003679135,11089628,C,T,NM_000527.5(LDLR):c.67+13C>T,,intronic,Likely benign,0.9995,0.9961,0.0138,0,BENIGN,intron_variant,0.15,MODIFIER,-1.0,,Low Impact,False,AGREEMENT,Convergent evidence from structural and sequence analysis.,Benign,ClinVar_Benign,LDLR,True,False,intronic,benign_or_likely_benign,,,,,,False,0.9987,True,False,False,False,False,True,LDLR_upstream_enhancer,11088453,11090401,0,same_window_relaxed_but_low_lssim,REJECT_LOW_LSSIM_CONFOUNDED,"Same-window benign row exists, but it is also in the LDLR bottom 5%."
VCV003679913,11089631,G,C,NM_000527.5(LDLR):c.67+16G>C,,intronic,Likely benign,0.9995,0.9962,0.0137,0,BENIGN,intron_variant,0.15,MODIFIER,-1.0,,Low Impact,False,AGREEMENT,Convergent evidence from structural and sequence analysis.,Benign,ClinVar_Benign,LDLR,True,False,intronic,benign_or_likely_benign,,,,,,False,0.9987,True,False,False,False,False,True,LDLR_upstream_enhancer,11088453,11090401,0,same_window_relaxed_but_low_lssim,REJECT_LOW_LSSIM_CONFOUNDED,"Same-window benign row exists, but it is also in the LDLR bottom 5%."
VCV004744574,11089631,G,A,NM_000527.5(LDLR):c.67+16G>A,,intronic,Likely benign,0.9995,0.9962,0.0137,0,BENIGN,intron_variant,0.15,MODIFIER,-1.0,,Low Impact,False,AGREEMENT,Convergent evidence from structural and sequence analysis.,Benign,ClinVar_Benign,LDLR,True,False,intronic,benign_or_likely_benign,,,,,,False,0.9987,True,False,False,False,False,True,LDLR_upstream_enhancer,11088453,11090401,0,same_window_relaxed_but_low_lssim,REJECT_LOW_LSSIM_CONFOUNDED,"Same-window benign row exists, but it is also in the LDLR bottom 5%."
VCV000235625,11089633,C,A,NM_000527.5(LDLR):c.67+18C>A,,intronic,Benign/Likely benign,0.9995,0.9961,0.0139,0,BENIGN,intron_variant,0.15,MODIFIER,-1.0,,Low Impact,False,AGREEMENT,Convergent evidence from structural and sequence analysis.,Benign,ClinVar_Benign,LDLR,True,False,intronic,benign_or_likely_benign,,,,,,False,0.9987,True,False,False,False,False,True,LDLR_upstream_enhancer,11088453,11090401,0,same_window_relaxed_but_low_lssim,REJECT_LOW_LSSIM_CONFOUNDED,"Same-window benign row exists, but it is also in the LDLR bottom 5%."
VCV002695039,11089633,C,T,NM_000527.5(LDLR):c.67+18C>T,,intronic,Likely benign,0.9995,0.9961,0.0139,0,BENIGN,intron_variant,0.15,MODIFIER,-1.0,,Low Impact,False,AGREEMENT,Convergent evidence from structural and sequence analysis.,Benign,ClinVar_Benign,LDLR,True,False,intronic,benign_or_likely_benign,,,,,,False,0.9987,True,False,False,False,False,True,LDLR_upstream_enhancer,11088453,11090401,0,same_window_relaxed_but_low_lssim,REJECT_LOW_LSSIM_CONFOUNDED,"Same-window benign row exists, but it is also in the LDLR bottom 5%."
VCV002822924,11089635,C,G,NM_000527.5(LDLR):c.67+20C>G,,intronic,Likely benign,0.9995,0.9961,0.0141,0,BENIGN,intron_variant,0.15,MODIFIER,-1.0,,Low Impact,False,AGREEMENT,Convergent evidence from structural and sequence analysis.,Benign,ClinVar_Benign,LDLR,True,False,intronic,benign_or_likely_benign,,,,,,False,0.9987,True,False,False,False,False,True,LDLR_upstream_enhancer,11088453,11090401,0,same_window_relaxed_but_low_lssim,REJECT_LOW_LSSIM_CONFOUNDED,"Same-window benign row exists, but it is also in the LDLR bottom 5%."
VCV001712228,11089755,C,T,NM_000527.5(LDLR):c.67+140C>T,,intronic,Likely benign,0.9995,0.9961,0.0137,0,BENIGN,intron_variant,0.15,MODIFIER,-1.0,,Low Impact,False,AGREEMENT,Convergent evidence from structural and sequence analysis.,Benign,ClinVar_Benign,LDLR,True,False,intronic,benign_or_likely_benign,,,,,,False,0.9987,True,False,False,False,False,True,LDLR_upstream_enhancer,11088453,11090401,0,same_window_relaxed_but_low_lssim,REJECT_LOW_LSSIM_CONFOUNDED,"Same-window benign row exists, but it is also in the LDLR bottom 5%."
VCV001678730,11089799,C,G,NM_000527.5(LDLR):c.67+184C>G,,intronic,Benign,0.9995,0.9962,0.0137,0,BENIGN,intron_variant,0.15,MODIFIER,-1.0,,Low Impact,False,AGREEMENT,Convergent evidence from structural and sequence analysis.,Benign,ClinVar_Benign,LDLR,True,False,intronic,benign_or_likely_benign,,,,,,False,0.9987,True,False,False,False,False,True,LDLR_upstream_enhancer,11088453,11090401,0,same_window_relaxed_but_low_lssim,REJECT_LOW_LSSIM_CONFOUNDED,"Same-window benign row exists, but it is also in the LDLR bottom 5%."
VCV001165491,11090448,T,C,NM_000527.5(LDLR):c.67+833T>C,,intronic,Benign,0.9991,0.9928,0.018,0,BENIGN,intron_variant,0.15,MODIFIER,-1.0,,Low Impact,False,AGREEMENT,Convergent evidence from structural and sequence analysis.,Benign,ClinVar_Benign,LDLR,True,False,intronic,benign_or_likely_benign,,,,,,False,0.9987,True,False,False,False,False,False,LDLR_upstream_enhancer,11088453,11090401,47,outside_promoter_upstream_window,REJECT,Outside the pre-specified LDLR promoter/upstream windows.
VCV003894925,11090613,G,T,NM_000527.5(LDLR):c.67+998G>T,,intronic,Benign,0.9991,0.9928,0.0182,0,BENIGN,missense_variant,0.9,MODERATE,0.0,deleterious_low_confidence,Very High Impact,False,VEP_ONLY,VEP detects sequence impact (score=0.90) but structure appears intact (LSSIM=0.993). Possible compensatory mechanism.,Benign,ClinVar_Benign,LDLR,True,False,intronic,benign_or_likely_benign,,,,,,False,0.9987,True,False,False,False,False,True,LDLR_promoter_super_enhancer,11090529,11096833,0,same_window_relaxed_but_low_lssim,REJECT_LOW_LSSIM_CONFOUNDED,"Same-window benign row exists, but it is also in the LDLR bottom 5%."
VCV003895429,11090620,C,T,NM_000527.5(LDLR):c.67+1005C>T,,intronic,Likely benign,0.9991,0.9928,0.018,0,BENIGN,missense_variant,0.9,MODERATE,0.0,deleterious_low_confidence,Very High Impact,False,VEP_ONLY,VEP detects sequence impact (score=0.90) but structure appears intact (LSSIM=0.993). Possible compensatory mechanism.,Benign,ClinVar_Benign,LDLR,True,False,intronic,benign_or_likely_benign,,,,,,False,0.9987,True,False,False,False,False,True,LDLR_promoter_super_enhancer,11090529,11096833,0,same_window_relaxed_but_low_lssim,REJECT_LOW_LSSIM_CONFOUNDED,"Same-window benign row exists, but it is also in the LDLR bottom 5%."
VCV003895058,11090666,C,T,NM_000527.5(LDLR):c.67+1051C>T,,intronic,Benign,0.9991,0.9928,0.018,0,BENIGN,synonymous_variant,0.1,MODIFIER,-1.0,,Low Impact,False,AGREEMENT,Convergent evidence from structural and sequence analysis.,Benign,ClinVar_Benign,LDLR,True,False,intronic,benign_or_likely_benign,,,,,,False,0.9987,True,False,False,False,False,True,LDLR_promoter_super_enhancer,11090529,11096833,0,same_window_relaxed_but_low_lssim,REJECT_LOW_LSSIM_CONFOUNDED,"Same-window benign row exists, but it is also in the LDLR bottom 5%."
VCV001119727,11090690,G,A,NM_000527.5(LDLR):c.67+1075G>A,,intronic,Likely benign,0.9991,0.9928,0.0181,0,BENIGN,synonymous_variant,0.1,MODIFIER,-1.0,,Low Impact,False,AGREEMENT,Convergent evidence from structural and sequence analysis.,Benign,ClinVar_Benign,LDLR,True,False,intronic,benign_or_likely_benign,,,,,,False,0.9987,True,False,False,False,False,True,LDLR_promoter_super_enhancer,11090529,11096833,0,same_window_relaxed_but_low_lssim,REJECT_LOW_LSSIM_CONFOUNDED,"Same-window benign row exists, but it is also in the LDLR bottom 5%."
VCV000250988,11091630,G,T,NM_000527.5(LDLR):c.67+2015G>T,,intronic,Benign,0.9989,0.991,0.0197,0,BENIGN,intron_variant,0.1,MODIFIER,-1.0,,Low Impact,False,AGREEMENT,Convergent evidence from structural and sequence analysis.,Benign,ClinVar_Benign,LDLR,True,False,intronic,benign_or_likely_benign,,,,,,False,0.9987,True,False,False,False,False,True,LDLR_promoter_super_enhancer,11090529,11096833,0,same_window_relaxed_but_low_lssim,REJECT_LOW_LSSIM_CONFOUNDED,"Same-window benign row exists, but it is also in the LDLR bottom 5%."
VCV000440538,11100144,G,T,NM_000527.5(LDLR):c.68-79G>T,,intronic,Benign,1.0,0.9998,0.0038,0,BENIGN,intron_variant,0.1,MODIFIER,-1.0,,Low Impact,False,AGREEMENT,Convergent evidence from structural and sequence analysis.,Benign,ClinVar_Benign,LDLR,True,False,intronic,benign_or_likely_benign,,,,,,False,0.9987,False,False,False,False,False,False,LDLR_promoter_super_enhancer,11090529,11096833,3311,outside_promoter_upstream_window,REJECT,Outside the pre-specified LDLR promoter/upstream windows.
VCV002752695,11100207,T,A,NM_000527.5(LDLR):c.68-16T>A,,intronic,Likely benign,1.0,0.9997,0.0038,0,BENIGN,splice_polypyrimidine_tract_variant,0.3,LOW,-1.0,,Moderate Impact,False,AGREEMENT,Convergent evidence from structural and sequence analysis.,Benign,ClinVar_Benign,LDLR,True,False,intronic,benign_or_likely_benign,,,,,,False,0.9987,False,False,False,False,False,False,LDLR_promoter_super_enhancer,11090529,11096833,3374,outside_promoter_upstream_window,REJECT,Outside the pre-specified LDLR promoter/upstream windows.
VCV002887577,11100209,T,C,NM_000527.5(LDLR):c.68-14T>C,,intronic,Likely benign,1.0,0.9998,0.0036,0,BENIGN,splice_polypyrimidine_tract_variant,0.3,LOW,-1.0,,Moderate Impact,False,AGREEMENT,Convergent evidence from structural and sequence analysis.,Benign,ClinVar_Benign,LDLR,True,False,intronic,benign_or_likely_benign,,,,,,False,0.9987,False,False,False,False,False,False,LDLR_promoter_super_enhancer,11090529,11096833,3376,outside_promoter_upstream_window,REJECT,Outside the pre-specified LDLR promoter/upstream windows.
VCV002773490,11100210,T,G,NM_000527.5(LDLR):c.68-13T>G,,intronic,Likely benign,1.0,0.9998,0.0036,0,BENIGN,splice_polypyrimidine_tract_variant,0.3,LOW,-1.0,,Moderate Impact,False,AGREEMENT,Convergent evidence from structural and sequence analysis.,Benign,ClinVar_Benign,LDLR,True,False,intronic,benign_or_likely_benign,,,,,,False,0.9987,False,False,False,False,False,False,LDLR_promoter_super_enhancer,11090529,11096833,3377,outside_promoter_upstream_window,REJECT,Outside the pre-specified LDLR promoter/upstream windows.
VCV002982407,11100210,T,C,NM_000527.5(LDLR):c.68-13T>C,,intronic,Likely benign,1.0,0.9998,0.0036,0,BENIGN,splice_polypyrimidine_tract_variant,0.3,LOW,-1.0,,Moderate Impact,False,AGREEMENT,Convergent evidence from structural and sequence analysis.,Benign,ClinVar_Benign,LDLR,True,False,intronic,benign_or_likely_benign,,,,,,False,0.9987,False,False,False,False,False,False,LDLR_promoter_super_enhancer,11090529,11096833,3377,outside_promoter_upstream_window,REJECT,Outside the pre-specified LDLR promoter/upstream windows.
VCV002976244,11100211,C,T,NM_000527.5(LDLR):c.68-12C>T,,intronic,Likely benign,1.0,0.9998,0.0038,0,BENIGN,splice_polypyrimidine_tract_variant,0.3,LOW,-1.0,,Moderate Impact,False,AGREEMENT,Convergent evidence from structural and sequence analysis.,Benign,ClinVar_Benign,LDLR,True,False,intronic,benign_or_likely_benign,,,,,,False,0.9987,False,False,False,False,False,False,LDLR_promoter_super_enhancer,11090529,11096833,3378,outside_promoter_upstream_window,REJECT,Outside the pre-specified LDLR promoter/upstream windows.
VCV003896461,11100212,C,T,NM_000527.5(LDLR):c.68-11C>T,,intronic,Likely benign,1.0,0.9998,0.0036,0,BENIGN,splice_polypyrimidine_tract_variant,0.3,LOW,-1.0,,Moderate Impact,False,AGREEMENT,Convergent evidence from structural and sequence analysis.,Benign,ClinVar_Benign,LDLR,True,False,intronic,benign_or_likely_benign,,,,,,False,0.9987,False,False,False,False,False,False,LDLR_promoter_super_enhancer,11090529,11096833,3379,outside_promoter_upstream_window,REJECT,Outside the pre-specified LDLR promoter/upstream windows.
VCV003609137,11100213,T,C,NM_000527.5(LDLR):c.68-10T>C,,intronic,Likely benign,1.0,0.9998,0.0034,0,BENIGN,splice_polypyrimidine_tract_variant,0.3,LOW,-1.0,,Moderate Impact,False,AGREEMENT,Convergent evidence from structural and sequence analysis.,Benign,ClinVar_Benign,LDLR,True,False,intronic,benign_or_likely_benign,,,,,,False,0.9987,False,False,False,False,False,False,LDLR_promoter_super_enhancer,11090529,11096833,3380,outside_promoter_upstream_window,REJECT,Outside the pre-specified LDLR promoter/upstream windows.
VCV001571968,11100214,C,G,NM_000527.5(LDLR):c.68-9C>G,,intronic,Likely benign,1.0,0.9998,0.0035,0,BENIGN,splice_polypyrimidine_tract_variant,0.3,LOW,-1.0,,Moderate Impact,False,AGREEMENT,Convergent evidence from structural and sequence analysis.,Benign,ClinVar_Benign,LDLR,True,False,intronic,benign_or_likely_benign,,,,,,False,0.9987,False,False,False,False,False,False,LDLR_promoter_super_enhancer,11090529,11096833,3381,outside_promoter_upstream_window,REJECT,Outside the pre-specified LDLR promoter/upstream windows.
VCV000919436,11100215,T,C,NM_000527.5(LDLR):c.68-8T>C,,intronic,Likely benign,1.0,0.9997,0.0039,0,BENIGN,splice_region_variant,0.5,LOW,-1.0,,High Impact,False,VEP_ONLY,VEP detects sequence impact (score=0.50) but structure appears intact (LSSIM=1.000). Possible compensatory mechanism.,Benign,ClinVar_Benign,LDLR,True,False,intronic,benign_or_likely_benign,,,,,,False,0.9987,False,False,False,False,False,False,LDLR_promoter_super_enhancer,11090529,11096833,3382,outside_promoter_upstream_window,REJECT,Outside the pre-specified LDLR promoter/upstream windows.
VCV000927621,11100219,T,C,NM_000527.5(LDLR):c.68-4T>C,,intronic,Likely benign,1.0,0.9998,0.0037,0,BENIGN,splice_region_variant,0.5,LOW,-1.0,,High Impact,False,VEP_ONLY,VEP detects sequence impact (score=0.50) but structure appears intact (LSSIM=1.000). Possible compensatory mechanism.,Benign,ClinVar_Benign,LDLR,True,False,intronic,benign_or_likely_benign,,,,,,False,0.9987,False,False,False,False,False,False,LDLR_promoter_super_enhancer,11090529,11096833,3386,outside_promoter_upstream_window,REJECT,Outside the pre-specified LDLR promoter/upstream windows.
VCV000754951,11100227,C,T,c.72C>T,,synonymous,Likely benign,1.0,0.9999,0.0017,0,BENIGN,synonymous_variant,0.15,MODIFIER,-1.0,,Low Impact,False,AGREEMENT,Convergent evidence from structural and sequence analysis.,Benign,ClinVar_Benign,LDLR,True,False,coding_synonymous,benign_or_likely_benign,,,,,,False,0.9987,False,False,False,False,False,False,LDLR_promoter_super_enhancer,11090529,11096833,3394,outside_promoter_upstream_window,REJECT,Outside the pre-specified LDLR promoter/upstream windows.
VCV000251010,11100236,C,T,c.81C>T,,synonymous,Benign,1.0,0.9999,0.0018,0,BENIGN,synonymous_variant,0.15,MODIFIER,-1.0,,Low Impact,False,AGREEMENT,Convergent evidence from structural and sequence analysis.,Benign,ClinVar_Benign,LDLR,True,False,coding_synonymous,benign_or_likely_benign,,,,,,False,0.9987,False,False,False,False,False,False,LDLR_promoter_super_enhancer,11090529,11096833,3403,outside_promoter_upstream_window,REJECT,Outside the pre-specified LDLR promoter/upstream windows.
VCV002017209,11100248,G,A,c.93G>A,,synonymous,Likely benign,1.0,0.9999,0.0018,0,BENIGN,synonymous_variant,0.15,MODIFIER,-1.0,,Low Impact,False,AGREEMENT,Convergent evidence from structural and sequence analysis.,Benign,ClinVar_Benign,LDLR,True,False,coding_synonymous,benign_or_likely_benign,,,,,,False,0.9987,False,False,False,False,False,False,LDLR_promoter_super_enhancer,11090529,11096833,3415,outside_promoter_upstream_window,REJECT,Outside the pre-specified LDLR promoter/upstream windows.
VCV001130782,11100251,C,T,c.96C>T,,synonymous,Likely benign,1.0,1.0,0.0017,0,BENIGN,synonymous_variant,0.15,MODIFIER,-1.0,,Low Impact,False,AGREEMENT,Convergent evidence from structural and sequence analysis.,Benign,ClinVar_Benign,LDLR,True,False,coding_synonymous,benign_or_likely_benign,,,,,,False,0.9987,False,False,False,False,False,False,LDLR_promoter_super_enhancer,11090529,11096833,3418,outside_promoter_upstream_window,REJECT,Outside the pre-specified LDLR promoter/upstream windows.
VCV001925297,11100257,C,T,c.102C>T,,synonymous,Likely benign,1.0,0.9999,0.0018,0,BENIGN,synonymous_variant,0.15,MODIFIER,-1.0,,Low Impact,False,AGREEMENT,Convergent evidence from structural and sequence analysis.,Benign,ClinVar_Benign,LDLR,True,False,coding_synonymous,benign_or_likely_benign,,,,,,False,0.9987,False,False,False,False,False,False,LDLR_promoter_super_enhancer,11090529,11096833,3424,outside_promoter_upstream_window,REJECT,Outside the pre-specified LDLR promoter/upstream windows.
VCV002113154,11100260,A,G,c.105A>G,,synonymous,Likely benign,1.0,1.0,0.0016,0,BENIGN,synonymous_variant,0.15,MODIFIER,-1.0,,Low Impact,False,AGREEMENT,Convergent evidence from structural and sequence analysis.,Benign,ClinVar_Benign,LDLR,True,False,coding_synonymous,benign_or_likely_benign,,,,,,False,0.9987,False,False,False,False,False,False,LDLR_promoter_super_enhancer,11090529,11096833,3427,outside_promoter_upstream_window,REJECT,Outside the pre-specified LDLR promoter/upstream windows.
VCV000440542,11100263,C,T,c.108C>T,,synonymous,Likely benign,1.0,0.9999,0.0018,0,BENIGN,synonymous_variant,0.15,MODIFIER,-1.0,,Low Impact,False,AGREEMENT,Convergent evidence from structural and sequence analysis.,Benign,ClinVar_Benign,LDLR,True,False,coding_synonymous,benign_or_likely_benign,,,,,,False,0.9987,False,False,False,False,False,False,LDLR_promoter_super_enhancer,11090529,11096833,3430,outside_promoter_upstream_window,REJECT,Outside the pre-specified LDLR promoter/upstream windows.
VCV003386977,11100266,G,A,c.111G>A,,synonymous,Likely benign,1.0,0.9999,0.0017,0,BENIGN,synonymous_variant,0.15,MODIFIER,-1.0,,Low Impact,False,AGREEMENT,Convergent evidence from structural and sequence analysis.,Benign,ClinVar_Benign,LDLR,True,False,coding_synonymous,benign_or_likely_benign,,,,,,False,0.9987,False,False,False,False,False,False,LDLR_promoter_super_enhancer,11090529,11096833,3433,outside_promoter_upstream_window,REJECT,Outside the pre-specified LDLR promoter/upstream windows.
VCV002102393,11100266,G,C,c.111G>C,,synonymous,Likely benign,1.0,0.9999,0.0017,0,BENIGN,synonymous_variant,0.15,MODIFIER,-1.0,,Low Impact,False,AGREEMENT,Convergent evidence from structural and sequence analysis.,Benign,ClinVar_Benign,LDLR,True,False,coding_synonymous,benign_or_likely_benign,,,,,,False,0.9987,False,False,False,False,False,False,LDLR_promoter_super_enhancer,11090529,11096833,3433,outside_promoter_upstream_window,REJECT,Outside the pre-specified LDLR promoter/upstream windows.
VCV001021643,11100272,C,T,c.117C>T,,synonymous,Likely benign,1.0,1.0,0.0017,0,BENIGN,synonymous_variant,0.15,MODIFIER,-1.0,,Low Impact,False,AGREEMENT,Convergent evidence from structural and sequence analysis.,Benign,ClinVar_Benign,LDLR,True,False,coding_synonymous,benign_or_likely_benign,,,,,,False,0.9987,False,False,False,False,False,False,LDLR_promoter_super_enhancer,11090529,11096833,3439,outside_promoter_upstream_window,REJECT,Outside the pre-specified LDLR promoter/upstream windows.
VCV000440544,11100278,C,T,c.123C>T,,synonymous,Likely benign,1.0,1.0,0.0017,0,BENIGN,synonymous_variant,0.15,MODIFIER,-1.0,,Low Impact,False,AGREEMENT,Convergent evidence from structural and sequence analysis.,Benign,ClinVar_Benign,LDLR,True,False,coding_synonymous,benign_or_likely_benign,,,,,,False,0.9987,False,False,False,False,False,False,LDLR_promoter_super_enhancer,11090529,11096833,3445,outside_promoter_upstream_window,REJECT,Outside the pre-specified LDLR promoter/upstream windows.
VCV001161681,11100284,G,A,c.129G>A,,synonymous,Likely benign,1.0,0.9999,0.0019,0,BENIGN,synonymous_variant,0.15,MODIFIER,-1.0,,Low Impact,False,AGREEMENT,Convergent evidence from structural and sequence analysis.,Benign,ClinVar_Benign,LDLR,True,False,coding_synonymous,benign_or_likely_benign,,,,,,False,0.9987,False,False,False,False,False,False,LDLR_promoter_super_enhancer,11090529,11096833,3451,outside_promoter_upstream_window,REJECT,Outside the pre-specified LDLR promoter/upstream windows.
VCV000630088,11100293,C,T,c.138C>T,,synonymous,Likely benign,1.0,0.9999,0.0018,0,BENIGN,synonymous_variant,0.15,MODIFIER,-1.0,,Low Impact,False,AGREEMENT,Convergent evidence from structural and sequence analysis.,Benign,ClinVar_Benign,LDLR,True,False,coding_synonymous,benign_or_likely_benign,,,,,,False,0.9987,False,False,False,False,False,False,LDLR_promoter_super_enhancer,11090529,11096833,3460,outside_promoter_upstream_window,REJECT,Outside the pre-specified LDLR promoter/upstream windows.
VCV003386978,11100296,T,C,c.141T>C,,synonymous,Likely benign,1.0,0.9999,0.0018,0,BENIGN,synonymous_variant,0.15,MODIFIER,-1.0,,Low Impact,False,AGREEMENT,Convergent evidence from structural and sequence analysis.,Benign,ClinVar_Benign,LDLR,True,False,coding_synonymous,benign_or_likely_benign,,,,,,False,0.9987,False,False,False,False,False,False,LDLR_promoter_super_enhancer,11090529,11096833,3463,outside_promoter_upstream_window,REJECT,Outside the pre-specified LDLR promoter/upstream windows.
VCV001331896,11100299,C,A,c.144C>A,,synonymous,Likely benign,1.0,0.9999,0.0018,0,BENIGN,synonymous_variant,0.15,MODIFIER,-1.0,,Low Impact,False,AGREEMENT,Convergent evidence from structural and sequence analysis.,Benign,ClinVar_Benign,LDLR,True,False,coding_synonymous,benign_or_likely_benign,,,,,,False,0.9987,False,False,False,False,False,False,LDLR_promoter_super_enhancer,11090529,11096833,3466,outside_promoter_upstream_window,REJECT,Outside the pre-specified LDLR promoter/upstream windows.
VCV000924603,11100302,C,T,c.147C>T,,synonymous,Likely benign,1.0,1.0,0.0017,0,BENIGN,synonymous_variant,0.15,MODIFIER,-1.0,,Low Impact,False,AGREEMENT,Convergent evidence from structural and sequence analysis.,Benign,ClinVar_Benign,LDLR,True,False,coding_synonymous,benign_or_likely_benign,,,,,,False,0.9987,False,False,False,False,False,False,LDLR_promoter_super_enhancer,11090529,11096833,3469,outside_promoter_upstream_window,REJECT,Outside the pre-specified LDLR promoter/upstream windows.
VCV000251035,11100302,C,A,c.147C>A,,synonymous,Likely benign,1.0,1.0,0.0017,0,BENIGN,missense_variant,0.805,MODERATE,0.19,tolerated,Very High Impact,False,VEP_ONLY,VEP detects sequence impact (score=0.81) but structure appears intact (LSSIM=1.000). Possible compensatory mechanism.,Benign,ClinVar_Benign,LDLR,True,False,coding_synonymous,benign_or_likely_benign,,,,,,False,0.9987,False,False,False,False,False,False,LDLR_promoter_super_enhancer,11090529,11096833,3469,outside_promoter_upstream_window,REJECT,Outside the pre-specified LDLR promoter/upstream windows.
VCV000491661,11100305,T,C,c.150T>C,,synonymous,Likely benign,1.0,0.9999,0.0018,0,BENIGN,synonymous_variant,0.15,MODIFIER,-1.0,,Low Impact,False,AGREEMENT,Convergent evidence from structural and sequence analysis.,Benign,ClinVar_Benign,LDLR,True,False,coding_synonymous,benign_or_likely_benign,,,,,,False,0.9987,False,False,False,False,False,False,LDLR_promoter_super_enhancer,11090529,11096833,3472,outside_promoter_upstream_window,REJECT,Outside the pre-specified LDLR promoter/upstream windows.
VCV002767936,11100308,G,A,c.153G>A,,synonymous,Likely benign,1.0,0.9999,0.0019,0,BENIGN,synonymous_variant,0.15,MODIFIER,-1.0,,Low Impact,False,AGREEMENT,Convergent evidence from structural and sequence analysis.,Benign,ClinVar_Benign,LDLR,True,False,coding_synonymous,benign_or_likely_benign,,,,,,False,0.9987,False,False,False,False,False,False,LDLR_promoter_super_enhancer,11090529,11096833,3475,outside_promoter_upstream_window,REJECT,Outside the pre-specified LDLR promoter/upstream windows.
VCV002097020,11100311,C,T,c.156C>T,,synonymous,Likely benign,1.0,0.9999,0.0018,0,BENIGN,synonymous_variant,0.15,MODIFIER,-1.0,,Low Impact,False,AGREEMENT,Convergent evidence from structural and sequence analysis.,Benign,ClinVar_Benign,LDLR,True,False,coding_synonymous,benign_or_likely_benign,,,,,,False,0.9987,False,False,False,False,False,False,LDLR_promoter_super_enhancer,11090529,11096833,3478,outside_promoter_upstream_window,REJECT,Outside the pre-specified LDLR promoter/upstream windows.
VCV002876632,11100317,T,C,c.162T>C,,synonymous,Likely benign,1.0,0.9999,0.0018,0,BENIGN,synonymous_variant,0.15,MODIFIER,-1.0,,Low Impact,False,AGREEMENT,Convergent evidence from structural and sequence analysis.,Benign,ClinVar_Benign,LDLR,True,False,coding_synonymous,benign_or_likely_benign,,,,,,False,0.9987,False,False,False,False,False,False,LDLR_promoter_super_enhancer,11090529,11096833,3484,outside_promoter_upstream_window,REJECT,Outside the pre-specified LDLR promoter/upstream windows.
VCV000369857,11100320,C,G,c.165C>G,,synonymous,Benign/Likely benign,1.0,0.9999,0.0018,0,BENIGN,synonymous_variant,0.15,MODIFIER,-1.0,,Low Impact,False,AGREEMENT,Convergent evidence from structural and sequence analysis.,Benign,ClinVar_Benign,LDLR,True,False,coding_synonymous,benign_or_likely_benign,,,,,,False,0.9987,False,False,False,False,False,False,LDLR_promoter_super_enhancer,11090529,11096833,3487,outside_promoter_upstream_window,REJECT,Outside the pre-specified LDLR promoter/upstream windows.
VCV001136698,11100326,T,C,c.171T>C,,synonymous,Likely benign,1.0,0.9999,0.0018,0,BENIGN,synonymous_variant,0.15,MODIFIER,-1.0,,Low Impact,False,AGREEMENT,Convergent evidence from structural and sequence analysis.,Benign,ClinVar_Benign,LDLR,True,False,coding_synonymous,benign_or_likely_benign,,,,,,False,0.9987,False,False,False,False,False,False,LDLR_promoter_super_enhancer,11090529,11096833,3493,outside_promoter_upstream_window,REJECT,Outside the pre-specified LDLR promoter/upstream windows.
VCV002022370,11100329,G,A,c.174G>A,,synonymous,Likely benign,1.0,0.9999,0.0018,0,BENIGN,synonymous_variant,0.15,MODIFIER,-1.0,,Low Impact,False,AGREEMENT,Convergent evidence from structural and sequence analysis.,Benign,ClinVar_Benign,LDLR,True,False,coding_synonymous,benign_or_likely_benign,,,,,,False,0.9987,False,False,False,False,False,False,LDLR_promoter_super_enhancer,11090529,11096833,3496,outside_promoter_upstream_window,REJECT,Outside the pre-specified LDLR promoter/upstream windows.
VCV001132659,11100332,C,T,c.177C>T,,synonymous,Likely benign,1.0,0.9999,0.002,0,BENIGN,synonymous_variant,0.15,MODIFIER,-1.0,,Low Impact,False,AGREEMENT,Convergent evidence from structural and sequence analysis.,Benign,ClinVar_Benign,LDLR,True,False,coding_synonymous,benign_or_likely_benign,,,,,,False,0.9987,False,False,False,False,False,False,LDLR_promoter_super_enhancer,11090529,11096833,3499,outside_promoter_upstream_window,REJECT,Outside the pre-specified LDLR promoter/upstream windows.
VCV001083029,11100338,G,A,c.183G>A,,synonymous,Likely benign,1.0,0.9999,0.0019,0,BENIGN,synonymous_variant,0.15,MODIFIER,-1.0,,Low Impact,False,AGREEMENT,Convergent evidence from structural and sequence analysis.,Benign,ClinVar_Benign,LDLR,True,False,coding_synonymous,benign_or_likely_benign,,,,,,False,0.9987,False,False,False,False,False,False,LDLR_promoter_super_enhancer,11090529,11096833,3505,outside_promoter_upstream_window,REJECT,Outside the pre-specified LDLR promoter/upstream windows.
VCV001552715,11100352,C,A,NM_000527.5(LDLR):c.190+7C>A,,intronic,Likely benign,1.0,0.9998,0.0038,0,BENIGN,splice_region_variant,0.5,LOW,-1.0,,High Impact,False,VEP_ONLY,VEP detects sequence impact (score=0.50) but structure appears intact (LSSIM=1.000). Possible compensatory mechanism.,Benign,ClinVar_Benign,LDLR,True,False,intronic,benign_or_likely_benign,,,,,,False,0.9987,False,False,False,False,False,False,LDLR_promoter_super_enhancer,11090529,11096833,3519,outside_promoter_upstream_window,REJECT,Outside the pre-specified LDLR promoter/upstream windows.
VCV001118060,11100353,C,A,NM_000527.5(LDLR):c.190+8C>A,,intronic,Likely benign,1.0,0.9998,0.0037,0,BENIGN,splice_region_variant,0.5,LOW,-1.0,,High Impact,False,VEP_ONLY,VEP detects sequence impact (score=0.50) but structure appears intact (LSSIM=1.000). Possible compensatory mechanism.,Benign,ClinVar_Benign,LDLR,True,False,intronic,benign_or_likely_benign,,,,,,False,0.9987,False,False,False,False,False,False,LDLR_promoter_super_enhancer,11090529,11096833,3520,outside_promoter_upstream_window,REJECT,Outside the pre-specified LDLR promoter/upstream windows.
VCV002706872,11100353,C,G,NM_000527.5(LDLR):c.190+8C>G,,intronic,Likely benign,1.0,0.9998,0.0037,0,BENIGN,splice_region_variant,0.5,LOW,-1.0,,High Impact,False,VEP_ONLY,VEP detects sequence impact (score=0.50) but structure appears intact (LSSIM=1.000). Possible compensatory mechanism.,Benign,ClinVar_Benign,LDLR,True,False,intronic,benign_or_likely_benign,,,,,,False,0.9987,False,False,False,False,False,False,LDLR_promoter_super_enhancer,11090529,11096833,3520,outside_promoter_upstream_window,REJECT,Outside the pre-specified LDLR promoter/upstream windows.
VCV001079271,11100354,C,T,NM_000527.5(LDLR):c.190+9C>T,,intronic,Likely benign,1.0,0.9997,0.0038,0,BENIGN,non_coding_transcript_exon_variant,0.15,MODIFIER,-1.0,,Low Impact,False,AGREEMENT,Convergent evidence from structural and sequence analysis.,Benign,ClinVar_Benign,LDLR,True,False,intronic,benign_or_likely_benign,,,,,,False,0.9987,False,False,False,False,False,False,LDLR_promoter_super_enhancer,11090529,11096833,3521,outside_promoter_upstream_window,REJECT,Outside the pre-specified LDLR promoter/upstream windows.
VCV001912115,11100355,C,T,NM_000527.5(LDLR):c.190+10C>T,,intronic,Likely benign,1.0,0.9997,0.0038,0,BENIGN,non_coding_transcript_exon_variant,0.15,MODIFIER,-1.0,,Low Impact,False,AGREEMENT,Convergent evidence from structural and sequence analysis.,Benign,ClinVar_Benign,LDLR,True,False,intronic,benign_or_likely_benign,,,,,,False,0.9987,False,False,False,False,False,False,LDLR_promoter_super_enhancer,11090529,11096833,3522,outside_promoter_upstream_window,REJECT,Outside the pre-specified LDLR promoter/upstream windows.
VCV001084399,11100355,C,G,NM_000527.5(LDLR):c.190+10C>G,,intronic,Likely benign,1.0,0.9997,0.0038,0,BENIGN,non_coding_transcript_exon_variant,0.15,MODIFIER,-1.0,,Low Impact,False,AGREEMENT,Convergent evidence from structural and sequence analysis.,Benign,ClinVar_Benign,LDLR,True,False,intronic,benign_or_likely_benign,,,,,,False,0.9987,False,False,False,False,False,False,LDLR_promoter_super_enhancer,11090529,11096833,3522,outside_promoter_upstream_window,REJECT,Outside the pre-specified LDLR promoter/upstream windows.
VCV002967425,11100361,G,A,NM_000527.5(LDLR):c.190+16G>A,,intronic,Likely benign,1.0,0.9998,0.0036,0,BENIGN,non_coding_transcript_exon_variant,0.15,MODIFIER,-1.0,,Low Impact,False,AGREEMENT,Convergent evidence from structural and sequence analysis.,Benign,ClinVar_Benign,LDLR,True,False,intronic,benign_or_likely_benign,,,,,,False,0.9987,False,False,False,False,False,False,LDLR_promoter_super_enhancer,11090529,11096833,3528,outside_promoter_upstream_window,REJECT,Outside the pre-specified LDLR promoter/upstream windows.
VCV003014357,11100365,G,T,NM_000527.5(LDLR):c.190+20G>T,,intronic,Likely benign,1.0,0.9997,0.0038,0,BENIGN,non_coding_transcript_exon_variant,0.15,MODIFIER,-1.0,,Low Impact,False,AGREEMENT,Convergent evidence from structural and sequence analysis.,Benign,ClinVar_Benign,LDLR,True,False,intronic,benign_or_likely_benign,,,,,,False,0.9987,False,False,False,False,False,False,LDLR_promoter_super_enhancer,11090529,11096833,3532,outside_promoter_upstream_window,REJECT,Outside the pre-specified LDLR promoter/upstream windows.
VCV000251052,11100379,T,C,NM_000527.5(LDLR):c.190+34T>C,,intronic,Likely benign,1.0,0.9998,0.0038,0,BENIGN,non_coding_transcript_exon_variant,0.15,MODIFIER,-1.0,,Low Impact,False,AGREEMENT,Convergent evidence from structural and sequence analysis.,Benign,ClinVar_Benign,LDLR,True,False,intronic,benign_or_likely_benign,,,,,,False,0.9987,False,False,False,False,False,False,LDLR_promoter_super_enhancer,11090529,11096833,3546,outside_promoter_upstream_window,REJECT,Outside the pre-specified LDLR promoter/upstream windows.
VCV000251053,11100401,G,A,NM_000527.5(LDLR):c.190+56G>A,,intronic,Benign/Likely benign,1.0,0.9998,0.0037,0,BENIGN,non_coding_transcript_exon_variant,0.15,MODIFIER,-1.0,,Low Impact,False,AGREEMENT,Convergent evidence from structural and sequence analysis.,Benign,ClinVar_Benign,LDLR,True,False,intronic,benign_or_likely_benign,,,,,,False,0.9987,False,False,False,False,False,False,LDLR_promoter_super_enhancer,11090529,11096833,3568,outside_promoter_upstream_window,REJECT,Outside the pre-specified LDLR promoter/upstream windows.
VCV001712176,11100403,C,T,NM_000527.5(LDLR):c.190+58C>T,,intronic,Likely benign,1.0,0.9997,0.004,0,BENIGN,non_coding_transcript_exon_variant,0.15,MODIFIER,-1.0,,Low Impact,False,AGREEMENT,Convergent evidence from structural and sequence analysis.,Benign,ClinVar_Benign,LDLR,True,False,intronic,benign_or_likely_benign,,,,,,False,0.9987,False,False,False,False,False,False,LDLR_promoter_super_enhancer,11090529,11096833,3570,outside_promoter_upstream_window,REJECT,Outside the pre-specified LDLR promoter/upstream windows.
VCV001712130,11100517,C,T,NM_000527.5(LDLR):c.190+172C>T,,intronic,Likely benign,1.0,0.9997,0.0038,0,BENIGN,non_coding_transcript_exon_variant,0.15,MODIFIER,-1.0,,Low Impact,False,AGREEMENT,Convergent evidence from structural and sequence analysis.,Benign,ClinVar_Benign,LDLR,True,False,intronic,benign_or_likely_benign,,,,,,False,0.9987,False,False,False,False,False,False,LDLR_promoter_super_enhancer,11090529,11096833,3684,outside_promoter_upstream_window,REJECT,Outside the pre-specified LDLR promoter/upstream windows.
VCV000440549,11102614,C,T,NM_000527.5(LDLR):c.191-50C>T,,intronic,Benign,1.0,0.9998,0.0037,0,BENIGN,intron_variant,0.15,MODIFIER,-1.0,,Low Impact,False,AGREEMENT,Convergent evidence from structural and sequence analysis.,Benign,ClinVar_Benign,LDLR,True,False,intronic,benign_or_likely_benign,,,,,,False,0.9987,False,False,False,False,False,False,LDLR_promoter_super_enhancer,11090529,11096833,5781,outside_promoter_upstream_window,REJECT,Outside the pre-specified LDLR promoter/upstream windows.
VCV002699343,11102644,C,T,NM_000527.5(LDLR):c.191-20C>T,,intronic,Likely benign,1.0,0.9998,0.0034,0,BENIGN,intron_variant,0.15,MODIFIER,-1.0,,Low Impact,False,AGREEMENT,Convergent evidence from structural and sequence analysis.,Benign,ClinVar_Benign,LDLR,True,False,intronic,benign_or_likely_benign,,,,,,False,0.9987,False,False,False,False,False,False,LDLR_promoter_super_enhancer,11090529,11096833,5811,outside_promoter_upstream_window,REJECT,Outside the pre-specified LDLR promoter/upstream windows.
VCV002773492,11102649,C,A,NM_000527.5(LDLR):c.191-15C>A,,intronic,Likely benign,1.0,0.9998,0.0036,0,BENIGN,splice_polypyrimidine_tract_variant,0.3,LOW,-1.0,,Moderate Impact,False,AGREEMENT,Convergent evidence from structural and sequence analysis.,Benign,ClinVar_Benign,LDLR,True,False,intronic,benign_or_likely_benign,,,,,,False,0.9987,False,False,False,False,False,False,LDLR_promoter_super_enhancer,11090529,11096833,5816,outside_promoter_upstream_window,REJECT,Outside the pre-specified LDLR promoter/upstream windows.
VCV002773493,11102651,G,A,NM_000527.5(LDLR):c.191-13G>A,,intronic,Likely benign,1.0,0.9998,0.0034,0,BENIGN,splice_polypyrimidine_tract_variant,0.3,LOW,-1.0,,Moderate Impact,False,AGREEMENT,Convergent evidence from structural and sequence analysis.,Benign,ClinVar_Benign,LDLR,True,False,intronic,benign_or_likely_benign,,,,,,False,0.9987,False,False,False,False,False,False,LDLR_promoter_super_enhancer,11090529,11096833,5818,outside_promoter_upstream_window,REJECT,Outside the pre-specified LDLR promoter/upstream windows.
VCV000798481,11102659,T,C,NM_000527.5(LDLR):c.191-5T>C,,intronic,Likely benign,1.0,0.9998,0.0035,0,BENIGN,splice_region_variant,0.5,LOW,-1.0,,High Impact,False,VEP_ONLY,VEP detects sequence impact (score=0.50) but structure appears intact (LSSIM=1.000). Possible compensatory mechanism.,Benign,ClinVar_Benign,LDLR,True,False,intronic,benign_or_likely_benign,,,,,,False,0.9987,False,False,False,False,False,False,LDLR_promoter_super_enhancer,11090529,11096833,5826,outside_promoter_upstream_window,REJECT,Outside the pre-specified LDLR promoter/upstream windows.
VCV001951054,11102668,T,C,c.195T>C,,synonymous,Likely benign,1.0,0.9999,0.0018,0,BENIGN,synonymous_variant,0.15,MODIFIER,-1.0,,Low Impact,False,AGREEMENT,Convergent evidence from structural and sequence analysis.,Benign,ClinVar_Benign,LDLR,True,False,coding_synonymous,benign_or_likely_benign,,,,,,False,0.9987,False,False,False,False,False,False,LDLR_promoter_super_enhancer,11090529,11096833,5835,outside_promoter_upstream_window,REJECT,Outside the pre-specified LDLR promoter/upstream windows.
VCV003894129,11102671,C,T,c.198C>T,,synonymous,Likely benign,1.0,0.9999,0.0019,0,BENIGN,synonymous_variant,0.15,MODIFIER,-1.0,,Low Impact,False,AGREEMENT,Convergent evidence from structural and sequence analysis.,Benign,ClinVar_Benign,LDLR,True,False,coding_synonymous,benign_or_likely_benign,,,,,,False,0.9987,False,False,False,False,False,False,LDLR_promoter_super_enhancer,11090529,11096833,5838,outside_promoter_upstream_window,REJECT,Outside the pre-specified LDLR promoter/upstream windows.
VCV002762283,11102674,C,G,c.201C>G,,synonymous,Likely benign,1.0,1.0,0.0018,0,BENIGN,synonymous_variant,0.15,MODIFIER,-1.0,,Low Impact,False,AGREEMENT,Convergent evidence from structural and sequence analysis.,Benign,ClinVar_Benign,LDLR,True,False,coding_synonymous,benign_or_likely_benign,,,,,,False,0.9987,False,False,False,False,False,False,LDLR_promoter_super_enhancer,11090529,11096833,5841,outside_promoter_upstream_window,REJECT,Outside the pre-specified LDLR promoter/upstream windows.
VCV001146104,11102683,C,T,c.210C>T,,synonymous,Likely benign,1.0,0.9999,0.0018,0,BENIGN,synonymous_variant,0.15,MODIFIER,-1.0,,Low Impact,False,AGREEMENT,Convergent evidence from structural and sequence analysis.,Benign,ClinVar_Benign,LDLR,True,False,coding_synonymous,benign_or_likely_benign,,,,,,False,0.9987,False,False,False,False,False,False,LDLR_promoter_super_enhancer,11090529,11096833,5850,outside_promoter_upstream_window,REJECT,Outside the pre-specified LDLR promoter/upstream windows.
VCV001104459,11102698,T,C,c.225T>C,,synonymous,Likely benign,1.0,0.9999,0.002,0,BENIGN,synonymous_variant,0.15,MODIFIER,-1.0,,Low Impact,False,AGREEMENT,Convergent evidence from structural and sequence analysis.,Benign,ClinVar_Benign,LDLR,True,False,coding_synonymous,benign_or_likely_benign,,,,,,False,0.9987,False,False,False,False,False,False,LDLR_promoter_super_enhancer,11090529,11096833,5865,outside_promoter_upstream_window,REJECT,Outside the pre-specified LDLR promoter/upstream windows.
VCV002175864,11102701,G,A,c.228G>A,,synonymous,Likely benign,1.0,0.9999,0.0018,0,BENIGN,synonymous_variant,0.15,MODIFIER,-1.0,,Low Impact,False,AGREEMENT,Convergent evidence from structural and sequence analysis.,Benign,ClinVar_Benign,LDLR,True,False,coding_synonymous,benign_or_likely_benign,,,,,,False,0.9987,False,False,False,False,False,False,LDLR_promoter_super_enhancer,11090529,11096833,5868,outside_promoter_upstream_window,REJECT,Outside the pre-specified LDLR promoter/upstream windows.
VCV001560224,11102704,C,T,c.231C>T,,synonymous,Likely benign,1.0,1.0,0.0017,0,BENIGN,synonymous_variant,0.15,MODIFIER,-1.0,,Low Impact,False,AGREEMENT,Convergent evidence from structural and sequence analysis.,Benign,ClinVar_Benign,LDLR,True,False,coding_synonymous,benign_or_likely_benign,,,,,,False,0.9987,False,False,False,False,False,False,LDLR_promoter_super_enhancer,11090529,11096833,5871,outside_promoter_upstream_window,REJECT,Outside the pre-specified LDLR promoter/upstream windows.
VCV003654047,11102707,T,C,c.234T>C,,synonymous,Likely benign,1.0,0.9999,0.0018,0,BENIGN,synonymous_variant,0.15,MODIFIER,-1.0,,Low Impact,False,AGREEMENT,Convergent evidence from structural and sequence analysis.,Benign,ClinVar_Benign,LDLR,True,False,coding_synonymous,benign_or_likely_benign,,,,,,False,0.9987,False,False,False,False,False,False,LDLR_promoter_super_enhancer,11090529,11096833,5874,outside_promoter_upstream_window,REJECT,Outside the pre-specified LDLR promoter/upstream windows.
VCV001146338,11102728,G,A,c.255G>A,,synonymous,Likely benign,1.0,1.0,0.0017,0,BENIGN,synonymous_variant,0.15,MODIFIER,-1.0,,Low Impact,False,AGREEMENT,Convergent evidence from structural and sequence analysis.,Benign,ClinVar_Benign,LDLR,True,False,coding_synonymous,benign_or_likely_benign,,,,,,False,0.9987,False,False,False,False,False,False,LDLR_promoter_super_enhancer,11090529,11096833,5895,outside_promoter_upstream_window,REJECT,Outside the pre-specified LDLR promoter/upstream windows.
VCV003544382,11102731,C,T,c.258C>T,,synonymous,Likely benign,1.0,0.9999,0.0019,0,BENIGN,synonymous_variant,0.15,MODIFIER,-1.0,,Low Impact,False,AGREEMENT,Convergent evidence from structural and sequence analysis.,Benign,ClinVar_Benign,LDLR,True,False,coding_synonymous,benign_or_likely_benign,,,,,,False,0.9987,False,False,False,False,False,False,LDLR_promoter_super_enhancer,11090529,11096833,5898,outside_promoter_upstream_window,REJECT,Outside the pre-specified LDLR promoter/upstream windows.
VCV000496024,11102740,C,T,c.267C>T,,synonymous,Likely benign,1.0,0.9999,0.0018,0,BENIGN,synonymous_variant,0.15,MODIFIER,-1.0,,Low Impact,False,AGREEMENT,Convergent evidence from structural and sequence analysis.,Benign,ClinVar_Benign,LDLR,True,False,coding_synonymous,benign_or_likely_benign,,,,,,False,0.9987,False,False,False,False,False,False,LDLR_promoter_super_enhancer,11090529,11096833,5907,outside_promoter_upstream_window,REJECT,Outside the pre-specified LDLR promoter/upstream windows.
VCV000413775,11102743,T,C,c.270T>C,,synonymous,Likely benign,1.0,1.0,0.0016,0,BENIGN,synonymous_variant,0.15,MODIFIER,-1.0,,Low Impact,False,AGREEMENT,Convergent evidence from structural and sequence analysis.,Benign,ClinVar_Benign,LDLR,True,False,coding_synonymous,benign_or_likely_benign,,,,,,False,0.9987,False,False,False,False,False,False,LDLR_promoter_super_enhancer,11090529,11096833,5910,outside_promoter_upstream_window,REJECT,Outside the pre-specified LDLR promoter/upstream windows.
VCV002046644,11102746,C,T,c.273C>T,,synonymous,Likely benign,1.0,0.9999,0.0018,0,BENIGN,synonymous_variant,0.15,MODIFIER,-1.0,,Low Impact,False,AGREEMENT,Convergent evidence from structural and sequence analysis.,Benign,ClinVar_Benign,LDLR,True,False,coding_synonymous,benign_or_likely_benign,,,,,,False,0.9987,False,False,False,False,False,False,LDLR_promoter_super_enhancer,11090529,11096833,5913,outside_promoter_upstream_window,REJECT,Outside the pre-specified LDLR promoter/upstream windows.
VCV002773494,11102752,G,A,c.279G>A,,synonymous,Likely benign,1.0,0.9999,0.0019,0,BENIGN,synonymous_variant,0.15,MODIFIER,-1.0,,Low Impact,False,AGREEMENT,Convergent evidence from structural and sequence analysis.,Benign,ClinVar_Benign,LDLR,True,False,coding_synonymous,benign_or_likely_benign,,,,,,False,0.9987,False,False,False,False,False,False,LDLR_promoter_super_enhancer,11090529,11096833,5919,outside_promoter_upstream_window,REJECT,Outside the pre-specified LDLR promoter/upstream windows.
VCV004684308,11102755,C,T,c.282C>T,,synonymous,Likely benign,1.0,0.9999,0.0018,0,BENIGN,synonymous_variant,0.15,MODIFIER,-1.0,,Low Impact,False,AGREEMENT,Convergent evidence from structural and sequence analysis.,Benign,ClinVar_Benign,LDLR,True,False,coding_synonymous,benign_or_likely_benign,,,,,,False,0.9987,False,False,False,False,False,False,LDLR_promoter_super_enhancer,11090529,11096833,5922,outside_promoter_upstream_window,REJECT,Outside the pre-specified LDLR promoter/upstream windows.
VCV000526763,11102758,C,T,c.285C>T,,synonymous,Likely benign,1.0,0.9999,0.002,0,BENIGN,synonymous_variant,0.15,MODIFIER,-1.0,,Low Impact,False,AGREEMENT,Convergent evidence from structural and sequence analysis.,Benign,ClinVar_Benign,LDLR,True,False,coding_synonymous,benign_or_likely_benign,,,,,,False,0.9987,False,False,False,False,False,False,LDLR_promoter_super_enhancer,11090529,11096833,5925,outside_promoter_upstream_window,REJECT,Outside the pre-specified LDLR promoter/upstream windows.
VCV002736134,11102761,C,T,c.288C>T,,synonymous,Likely benign,1.0,0.9999,0.0018,0,BENIGN,synonymous_variant,0.15,MODIFIER,-1.0,,Low Impact,False,AGREEMENT,Convergent evidence from structural and sequence analysis.,Benign,ClinVar_Benign,LDLR,True,False,coding_synonymous,benign_or_likely_benign,,,,,,False,0.9987,False,False,False,False,False,False,LDLR_promoter_super_enhancer,11090529,11096833,5928,outside_promoter_upstream_window,REJECT,Outside the pre-specified LDLR promoter/upstream windows.
VCV000251117,11102764,C,T,c.291C>T,,synonymous,Benign/Likely benign,1.0,0.9999,0.0018,0,BENIGN,synonymous_variant,0.15,MODIFIER,-1.0,,Low Impact,False,AGREEMENT,Convergent evidence from structural and sequence analysis.,Benign,ClinVar_Benign,LDLR,True,False,coding_synonymous,benign_or_likely_benign,,,,,,False,0.9987,False,False,False,False,False,False,LDLR_promoter_super_enhancer,11090529,11096833,5931,outside_promoter_upstream_window,REJECT,Outside the pre-specified LDLR promoter/upstream windows.
VCV000251123,11102773,C,T,c.300C>T,,synonymous,Likely benign,1.0,1.0,0.0017,0,BENIGN,synonymous_variant,0.15,MODIFIER,-1.0,,Low Impact,False,AGREEMENT,Convergent evidence from structural and sequence analysis.,Benign,ClinVar_Benign,LDLR,True,False,coding_synonymous,benign_or_likely_benign,,,,,,False,0.9987,False,False,False,False,False,False,LDLR_promoter_super_enhancer,11090529,11096833,5940,outside_promoter_upstream_window,REJECT,Outside the pre-specified LDLR promoter/upstream windows.
VCV000792454,11102776,G,A,c.303G>A,,synonymous,Likely benign,1.0,0.9999,0.0019,0,BENIGN,synonymous_variant,0.15,MODIFIER,-1.0,,Low Impact,False,AGREEMENT,Convergent evidence from structural and sequence analysis.,Benign,ClinVar_Benign,LDLR,True,False,coding_synonymous,benign_or_likely_benign,,,,,,False,0.9987,False,False,False,False,False,False,LDLR_promoter_super_enhancer,11090529,11096833,5943,outside_promoter_upstream_window,REJECT,Outside the pre-specified LDLR promoter/upstream windows.
VCV001113511,11102794,T,A,NM_000527.5(LDLR):c.313+8T>A,,intronic,Likely benign,1.0,0.9998,0.0037,0,BENIGN,splice_region_variant,0.5,LOW,-1.0,,High Impact,False,VEP_ONLY,VEP detects sequence impact (score=0.50) but structure appears intact (LSSIM=1.000). Possible compensatory mechanism.,Benign,ClinVar_Benign,LDLR,True,False,intronic,benign_or_likely_benign,,,,,,False,0.9987,False,False,False,False,False,False,LDLR_promoter_super_enhancer,11090529,11096833,5961,outside_promoter_upstream_window,REJECT,Outside the pre-specified LDLR promoter/upstream windows.
VCV002125491,11102794,T,C,NM_000527.5(LDLR):c.313+8T>C,,intronic,Likely benign,1.0,0.9998,0.0037,0,BENIGN,splice_region_variant,0.5,LOW,-1.0,,High Impact,False,VEP_ONLY,VEP detects sequence impact (score=0.50) but structure appears intact (LSSIM=1.000). Possible compensatory mechanism.,Benign,ClinVar_Benign,LDLR,True,False,intronic,benign_or_likely_benign,,,,,,False,0.9987,False,False,False,False,False,False,LDLR_promoter_super_enhancer,11090529,11096833,5961,outside_promoter_upstream_window,REJECT,Outside the pre-specified LDLR promoter/upstream windows.
VCV003018016,11102801,G,A,NM_000527.5(LDLR):c.313+15G>A,,intronic,Likely benign,1.0,0.9998,0.0036,0,BENIGN,non_coding_transcript_exon_variant,0.15,MODIFIER,-1.0,,Low Impact,False,AGREEMENT,Convergent evidence from structural and sequence analysis.,Benign,ClinVar_Benign,LDLR,True,False,intronic,benign_or_likely_benign,,,,,,False,0.9987,False,False,False,False,False,False,LDLR_promoter_super_enhancer,11090529,11096833,5968,outside_promoter_upstream_window,REJECT,Outside the pre-specified LDLR promoter/upstream windows.
VCV000251139,11102855,C,T,NM_000527.5(LDLR):c.313+69C>T,,intronic,Likely benign,1.0,0.9998,0.0035,0,BENIGN,non_coding_transcript_exon_variant,0.15,MODIFIER,-1.0,,Low Impact,False,AGREEMENT,Convergent evidence from structural and sequence analysis.,Benign,ClinVar_Benign,LDLR,True,False,intronic,benign_or_likely_benign,,,,,,False,0.9987,False,False,False,False,False,False,LDLR_promoter_super_enhancer,11090529,11096833,6022,outside_promoter_upstream_window,REJECT,Outside the pre-specified LDLR promoter/upstream windows.
VCV000265898,11105170,T,C,NM_000527.5(LDLR):c.314-50T>C,,intronic,Benign,1.0,0.9998,0.0035,0,BENIGN,intron_variant,0.15,MODIFIER,-1.0,,Low Impact,False,AGREEMENT,Convergent evidence from structural and sequence analysis.,Benign,ClinVar_Benign,LDLR,True,False,intronic,benign_or_likely_benign,,,,,,False,0.9987,False,False,False,False,False,False,LDLR_promoter_super_enhancer,11090529,11096833,8337,outside_promoter_upstream_window,REJECT,Outside the pre-specified LDLR promoter/upstream windows.
VCV001573021,11105200,C,T,NM_000527.5(LDLR):c.314-20C>T,,intronic,Likely benign,1.0,0.9998,0.004,0,BENIGN,intron_variant,0.15,MODIFIER,-1.0,,Low Impact,False,AGREEMENT,Convergent evidence from structural and sequence analysis.,Benign,ClinVar_Benign,LDLR,True,False,intronic,benign_or_likely_benign,,,,,,False,0.9987,False,False,False,False,False,False,LDLR_promoter_super_enhancer,11090529,11096833,8367,outside_promoter_upstream_window,REJECT,Outside the pre-specified LDLR promoter/upstream windows.
VCV002577318,11105204,C,G,NM_000527.5(LDLR):c.314-16C>G,,intronic,Likely benign,1.0,0.9998,0.0038,0,BENIGN,splice_polypyrimidine_tract_variant,0.3,LOW,-1.0,,Moderate Impact,False,AGREEMENT,Convergent evidence from structural and sequence analysis.,Benign,ClinVar_Benign,LDLR,True,False,intronic,benign_or_likely_benign,,,,,,False,0.9987,False,False,False,False,False,False,LDLR_promoter_super_enhancer,11090529,11096833,8371,outside_promoter_upstream_window,REJECT,Outside the pre-specified LDLR promoter/upstream windows.
VCV002833613,11105208,C,G,NM_000527.5(LDLR):c.314-12C>G,,intronic,Likely benign,1.0,0.9998,0.0036,0,BENIGN,splice_polypyrimidine_tract_variant,0.3,LOW,-1.0,,Moderate Impact,False,AGREEMENT,Convergent evidence from structural and sequence analysis.,Benign,ClinVar_Benign,LDLR,True,False,intronic,benign_or_likely_benign,,,,,,False,0.9987,False,False,False,False,False,False,LDLR_promoter_super_enhancer,11090529,11096833,8375,outside_promoter_upstream_window,REJECT,Outside the pre-specified LDLR promoter/upstream windows.
VCV002823774,11105208,C,A,NM_000527.5(LDLR):c.314-12C>A,,intronic,Likely benign,1.0,0.9998,0.0036,0,BENIGN,splice_polypyrimidine_tract_variant,0.3,LOW,-1.0,,Moderate Impact,False,AGREEMENT,Convergent evidence from structural and sequence analysis.,Benign,ClinVar_Benign,LDLR,True,False,intronic,benign_or_likely_benign,,,,,,False,0.9987,False,False,False,False,False,False,LDLR_promoter_super_enhancer,11090529,11096833,8375,outside_promoter_upstream_window,REJECT,Outside the pre-specified LDLR promoter/upstream windows.
VCV002050065,11105210,A,G,NM_000527.5(LDLR):c.314-10A>G,,intronic,Likely benign,1.0,0.9998,0.0037,0,BENIGN,splice_polypyrimidine_tract_variant,0.3,LOW,-1.0,,Moderate Impact,False,AGREEMENT,Convergent evidence from structural and sequence analysis.,Benign,ClinVar_Benign,LDLR,True,False,intronic,benign_or_likely_benign,,,,,,False,0.9987,False,False,False,False,False,False,LDLR_promoter_super_enhancer,11090529,11096833,8377,outside_promoter_upstream_window,REJECT,Outside the pre-specified LDLR promoter/upstream windows.
VCV002866082,11105210,A,T,NM_000527.5(LDLR):c.314-10A>T,,intronic,Likely benign,1.0,0.9998,0.0037,0,BENIGN,splice_polypyrimidine_tract_variant,0.3,LOW,-1.0,,Moderate Impact,False,AGREEMENT,Convergent evidence from structural and sequence analysis.,Benign,ClinVar_Benign,LDLR,True,False,intronic,benign_or_likely_benign,,,,,,False,0.9987,False,False,False,False,False,False,LDLR_promoter_super_enhancer,11090529,11096833,8377,outside_promoter_upstream_window,REJECT,Outside the pre-specified LDLR promoter/upstream windows.
VCV003894414,11105212,C,T,NM_000527.5(LDLR):c.314-8C>T,,intronic,Likely benign,1.0,0.9998,0.0039,0,BENIGN,splice_region_variant,0.5,LOW,-1.0,,High Impact,False,VEP_ONLY,VEP detects sequence impact (score=0.50) but structure appears intact (LSSIM=1.000). Possible compensatory mechanism.,Benign,ClinVar_Benign,LDLR,True,False,intronic,benign_or_likely_benign,,,,,,False,0.9987,False,False,False,False,False,False,LDLR_promoter_super_enhancer,11090529,11096833,8379,outside_promoter_upstream_window,REJECT,Outside the pre-specified LDLR promoter/upstream windows.
VCV002755507,11105213,C,T,NM_000527.5(LDLR):c.314-7C>T,,intronic,Likely benign,1.0,0.9998,0.0037,0,BENIGN,splice_region_variant,0.5,LOW,-1.0,,High Impact,False,VEP_ONLY,VEP detects sequence impact (score=0.50) but structure appears intact (LSSIM=1.000). Possible compensatory mechanism.,Benign,ClinVar_Benign,LDLR,True,False,intronic,benign_or_likely_benign,,,,,,False,0.9987,False,False,False,False,False,False,LDLR_promoter_super_enhancer,11090529,11096833,8380,outside_promoter_upstream_window,REJECT,Outside the pre-specified LDLR promoter/upstream windows.
VCV001151841,11105214,C,T,NM_000527.5(LDLR):c.314-6C>T,,intronic,Likely benign,1.0,0.9998,0.0035,0,BENIGN,splice_region_variant,0.5,LOW,-1.0,,High Impact,False,VEP_ONLY,VEP detects sequence impact (score=0.50) but structure appears intact (LSSIM=1.000). Possible compensatory mechanism.,Benign,ClinVar_Benign,LDLR,True,False,intronic,benign_or_likely_benign,,,,,,False,0.9987,False,False,False,False,False,False,LDLR_promoter_super_enhancer,11090529,11096833,8381,outside_promoter_upstream_window,REJECT,Outside the pre-specified LDLR promoter/upstream windows.
VCV001639154,11105215,T,C,NM_000527.5(LDLR):c.314-5T>C,,intronic,Likely benign,1.0,0.9998,0.0035,0,BENIGN,splice_region_variant,0.5,LOW,-1.0,,High Impact,False,VEP_ONLY,VEP detects sequence impact (score=0.50) but structure appears intact (LSSIM=1.000). Possible compensatory mechanism.,Benign,ClinVar_Benign,LDLR,True,False,intronic,benign_or_likely_benign,,,,,,False,0.9987,False,False,False,False,False,False,LDLR_promoter_super_enhancer,11090529,11096833,8382,outside_promoter_upstream_window,REJECT,Outside the pre-specified LDLR promoter/upstream windows.
VCV002853677,11105216,G,T,NM_000527.5(LDLR):c.314-4G>T,,intronic,Likely benign,1.0,0.9998,0.0032,0,BENIGN,splice_region_variant,0.5,LOW,-1.0,,High Impact,False,VEP_ONLY,VEP detects sequence impact (score=0.50) but structure appears intact (LSSIM=1.000). Possible compensatory mechanism.,Benign,ClinVar_Benign,LDLR,True,False,intronic,benign_or_likely_benign,,,,,,False,0.9987,False,False,False,False,False,False,LDLR_promoter_super_enhancer,11090529,11096833,8383,outside_promoter_upstream_window,REJECT,Outside the pre-specified LDLR promoter/upstream windows.
VCV000630966,11105224,C,G,c.318C>G,,synonymous,Likely benign,1.0,0.9999,0.0018,0,BENIGN,synonymous_variant,0.15,MODIFIER,-1.0,,Low Impact,False,AGREEMENT,Convergent evidence from structural and sequence analysis.,Benign,ClinVar_Benign,LDLR,True,False,coding_synonymous,benign_or_likely_benign,,,,,,False,0.9987,False,False,False,False,False,False,LDLR_promoter_super_enhancer,11090529,11096833,8391,outside_promoter_upstream_window,REJECT,Outside the pre-specified LDLR promoter/upstream windows.
VCV000440558,11105230,G,A,c.324G>A,,synonymous,Likely benign,1.0,1.0,0.0017,0,BENIGN,synonymous_variant,0.15,MODIFIER,-1.0,,Low Impact,False,AGREEMENT,Convergent evidence from structural and sequence analysis.,Benign,ClinVar_Benign,LDLR,True,False,coding_synonymous,benign_or_likely_benign,,,,,,False,0.9987,False,False,False,False,False,False,LDLR_promoter_super_enhancer,11090529,11096833,8397,outside_promoter_upstream_window,REJECT,Outside the pre-specified LDLR promoter/upstream windows.
VCV000256367,11105230,G,T,c.324G>T,,synonymous,Likely benign,1.0,1.0,0.0017,0,BENIGN,synonymous_variant,0.15,MODIFIER,-1.0,,Low Impact,False,AGREEMENT,Convergent evidence from structural and sequence analysis.,Benign,ClinVar_Benign,LDLR,True,False,coding_synonymous,benign_or_likely_benign,,,,,,False,0.9987,False,False,False,False,False,False,LDLR_promoter_super_enhancer,11090529,11096833,8397,outside_promoter_upstream_window,REJECT,Outside the pre-specified LDLR promoter/upstream windows.
VCV000440559,11105230,G,C,c.324G>C,,synonymous,Likely benign,1.0,1.0,0.0017,0,BENIGN,synonymous_variant,0.15,MODIFIER,-1.0,,Low Impact,False,AGREEMENT,Convergent evidence from structural and sequence analysis.,Benign,ClinVar_Benign,LDLR,True,False,coding_synonymous,benign_or_likely_benign,,,,,,False,0.9987,False,False,False,False,False,False,LDLR_promoter_super_enhancer,11090529,11096833,8397,outside_promoter_upstream_window,REJECT,Outside the pre-specified LDLR promoter/upstream windows.
VCV000511550,11105236,C,G,c.330C>G,,synonymous,Likely benign,1.0,1.0,0.0017,0,BENIGN,synonymous_variant,0.15,MODIFIER,-1.0,,Low Impact,False,AGREEMENT,Convergent evidence from structural and sequence analysis.,Benign,ClinVar_Benign,LDLR,True,False,coding_synonymous,benign_or_likely_benign,,,,,,False,0.9987,False,False,False,False,False,False,LDLR_promoter_super_enhancer,11090529,11096833,8403,outside_promoter_upstream_window,REJECT,Outside the pre-specified LDLR promoter/upstream windows.
VCV001730062,11105236,C,T,c.330C>T,,synonymous,Likely benign,1.0,1.0,0.0017,0,BENIGN,synonymous_variant,0.15,MODIFIER,-1.0,,Low Impact,False,AGREEMENT,Convergent evidence from structural and sequence analysis.,Benign,ClinVar_Benign,LDLR,True,False,coding_synonymous,benign_or_likely_benign,,,,,,False,0.9987,False,False,False,False,False,False,LDLR_promoter_super_enhancer,11090529,11096833,8403,outside_promoter_upstream_window,REJECT,Outside the pre-specified LDLR promoter/upstream windows.
VCV000413777,11105242,C,T,c.336C>T,,synonymous,Likely benign,1.0,0.9999,0.0018,0,BENIGN,synonymous_variant,0.15,MODIFIER,-1.0,,Low Impact,False,AGREEMENT,Convergent evidence from structural and sequence analysis.,Benign,ClinVar_Benign,LDLR,True,False,coding_synonymous,benign_or_likely_benign,,,,,,False,0.9987,False,False,False,False,False,False,LDLR_promoter_super_enhancer,11090529,11096833,8409,outside_promoter_upstream_window,REJECT,Outside the pre-specified LDLR promoter/upstream windows.
VCV000526759,11105251,C,G,c.345C>G,,synonymous,Benign/Likely benign,1.0,0.9999,0.0019,0,BENIGN,synonymous_variant,0.15,MODIFIER,-1.0,,Low Impact,False,AGREEMENT,Convergent evidence from structural and sequence analysis.,Benign,ClinVar_Benign,LDLR,True,False,coding_synonymous,benign_or_likely_benign,,,,,,False,0.9987,False,False,False,False,False,False,LDLR_promoter_super_enhancer,11090529,11096833,8418,outside_promoter_upstream_window,REJECT,Outside the pre-specified LDLR promoter/upstream windows.
VCV000440561,11105251,C,T,c.345C>T,,synonymous,Benign,1.0,0.9999,0.0019,0,BENIGN,synonymous_variant,0.15,MODIFIER,-1.0,,Low Impact,False,AGREEMENT,Convergent evidence from structural and sequence analysis.,Benign,ClinVar_Benign,LDLR,True,False,coding_synonymous,benign_or_likely_benign,,,,,,False,0.9987,False,False,False,False,False,False,LDLR_promoter_super_enhancer,11090529,11096833,8418,outside_promoter_upstream_window,REJECT,Outside the pre-specified LDLR promoter/upstream windows.
VCV002773495,11105254,C,T,c.348C>T,,synonymous,Likely benign,1.0,0.9999,0.0018,0,BENIGN,synonymous_variant,0.15,MODIFIER,-1.0,,Low Impact,False,AGREEMENT,Convergent evidence from structural and sequence analysis.,Benign,ClinVar_Benign,LDLR,True,False,coding_synonymous,benign_or_likely_benign,,,,,,False,0.9987,False,False,False,False,False,False,LDLR_promoter_super_enhancer,11090529,11096833,8421,outside_promoter_upstream_window,REJECT,Outside the pre-specified LDLR promoter/upstream windows.
VCV000251167,11105255,C,T,c.349C>T,,synonymous,Likely benign,1.0,1.0,0.0018,0,BENIGN,missense_variant,0.88,MODERATE,0.04,deleterious,Very High Impact,False,VEP_ONLY,VEP detects sequence impact (score=0.88) but structure appears intact (LSSIM=1.000). Possible compensatory mechanism.,Benign,ClinVar_Benign,LDLR,True,False,coding_synonymous,benign_or_likely_benign,,,,,,False,0.9987,False,False,False,False,False,False,LDLR_promoter_super_enhancer,11090529,11096833,8422,outside_promoter_upstream_window,REJECT,Outside the pre-specified LDLR promoter/upstream windows.
VCV000440562,11105257,C,T,c.351C>T,,synonymous,Likely benign,1.0,0.9999,0.0019,0,BENIGN,synonymous_variant,0.15,MODIFIER,-1.0,,Low Impact,False,AGREEMENT,Convergent evidence from structural and sequence analysis.,Benign,ClinVar_Benign,LDLR,True,False,coding_synonymous,benign_or_likely_benign,,,,,,False,0.9987,False,False,False,False,False,False,LDLR_promoter_super_enhancer,11090529,11096833,8424,outside_promoter_upstream_window,REJECT,Outside the pre-specified LDLR promoter/upstream windows.
VCV001157332,11105260,T,C,c.354T>C,,synonymous,Likely benign,1.0,1.0,0.0018,0,BENIGN,synonymous_variant,0.15,MODIFIER,-1.0,,Low Impact,False,AGREEMENT,Convergent evidence from structural and sequence analysis.,Benign,ClinVar_Benign,LDLR,True,False,coding_synonymous,benign_or_likely_benign,,,,,,False,0.9987,False,False,False,False,False,False,LDLR_promoter_super_enhancer,11090529,11096833,8427,outside_promoter_upstream_window,REJECT,Outside the pre-specified LDLR promoter/upstream windows.
VCV001667838,11105269,C,T,c.363C>T,,synonymous,Likely benign,1.0,1.0,0.0018,0,BENIGN,synonymous_variant,0.15,MODIFIER,-1.0,,Low Impact,False,AGREEMENT,Convergent evidence from structural and sequence analysis.,Benign,ClinVar_Benign,LDLR,True,False,coding_synonymous,benign_or_likely_benign,,,,,,False,0.9987,False,False,False,False,False,False,LDLR_promoter_super_enhancer,11090529,11096833,8436,outside_promoter_upstream_window,REJECT,Outside the pre-specified LDLR promoter/upstream windows.
VCV001110490,11105272,C,T,c.366C>T,,synonymous,Likely benign,1.0,0.9999,0.0018,0,BENIGN,synonymous_variant,0.15,MODIFIER,-1.0,,Low Impact,False,AGREEMENT,Convergent evidence from structural and sequence analysis.,Benign,ClinVar_Benign,LDLR,True,False,coding_synonymous,benign_or_likely_benign,,,,,,False,0.9987,False,False,False,False,False,False,LDLR_promoter_super_enhancer,11090529,11096833,8439,outside_promoter_upstream_window,REJECT,Outside the pre-specified LDLR promoter/upstream windows.
VCV000251180,11105273,T,A,c.367T>A,,synonymous,Likely benign,1.0,0.9999,0.0019,0,BENIGN,missense_variant,0.885,MODERATE,0.03,deleterious,Very High Impact,False,VEP_ONLY,VEP detects sequence impact (score=0.89) but structure appears intact (LSSIM=1.000). Possible compensatory mechanism.,Benign,ClinVar_Benign,LDLR,True,False,coding_synonymous,benign_or_likely_benign,,,,,,False,0.9987,False,False,False,False,False,False,LDLR_promoter_super_enhancer,11090529,11096833,8440,outside_promoter_upstream_window,REJECT,Outside the pre-specified LDLR promoter/upstream windows.
VCV000923933,11105275,T,G,c.369T>G,,synonymous,Likely benign,1.0,0.9999,0.0018,0,BENIGN,synonymous_variant,0.15,MODIFIER,-1.0,,Low Impact,False,AGREEMENT,Convergent evidence from structural and sequence analysis.,Benign,ClinVar_Benign,LDLR,True,False,coding_synonymous,benign_or_likely_benign,,,,,,False,0.9987,False,False,False,False,False,False,LDLR_promoter_super_enhancer,11090529,11096833,8442,outside_promoter_upstream_window,REJECT,Outside the pre-specified LDLR promoter/upstream windows.
VCV000251184,11105276,C,G,c.370C>G,,synonymous,Likely benign,1.0,0.9999,0.0018,0,BENIGN,missense_variant,0.67,MODERATE,0.46,tolerated,High Impact,False,VEP_ONLY,VEP detects sequence impact (score=0.67) but structure appears intact (LSSIM=1.000). Possible compensatory mechanism.,Benign,ClinVar_Benign,LDLR,True,False,coding_synonymous,benign_or_likely_benign,,,,,,False,0.9987,False,False,False,False,False,False,LDLR_promoter_super_enhancer,11090529,11096833,8443,outside_promoter_upstream_window,REJECT,Outside the pre-specified LDLR promoter/upstream windows.
VCV004097142,11105278,G,T,c.372G>T,,synonymous,Likely benign,1.0,0.9999,0.0019,0,BENIGN,synonymous_variant,0.15,MODIFIER,-1.0,,Low Impact,False,AGREEMENT,Convergent evidence from structural and sequence analysis.,Benign,ClinVar_Benign,LDLR,True,False,coding_synonymous,benign_or_likely_benign,,,,,,False,0.9987,False,False,False,False,False,False,LDLR_promoter_super_enhancer,11090529,11096833,8445,outside_promoter_upstream_window,REJECT,Outside the pre-specified LDLR promoter/upstream windows.
VCV001332441,11105281,G,A,c.375G>A,,synonymous,Likely benign,1.0,0.9999,0.0019,0,BENIGN,synonymous_variant,0.15,MODIFIER,-1.0,,Low Impact,False,AGREEMENT,Convergent evidence from structural and sequence analysis.,Benign,ClinVar_Benign,LDLR,True,False,coding_synonymous,benign_or_likely_benign,,,,,,False,0.9987,False,False,False,False,False,False,LDLR_promoter_super_enhancer,11090529,11096833,8448,outside_promoter_upstream_window,REJECT,Outside the pre-specified LDLR promoter/upstream windows.
VCV000440564,11105284,C,T,c.378C>T,,synonymous,Likely benign,1.0,1.0,0.0017,0,BENIGN,synonymous_variant,0.15,MODIFIER,-1.0,,Low Impact,False,AGREEMENT,Convergent evidence from structural and sequence analysis.,Benign,ClinVar_Benign,LDLR,True,False,coding_synonymous,benign_or_likely_benign,,,,,,False,0.9987,False,False,False,False,False,False,LDLR_promoter_super_enhancer,11090529,11096833,8451,outside_promoter_upstream_window,REJECT,Outside the pre-specified LDLR promoter/upstream windows.
VCV003069987,11105287,C,T,c.381C>T,,synonymous,Likely benign,1.0,1.0,0.0016,0,BENIGN,synonymous_variant,0.15,MODIFIER,-1.0,,Low Impact,False,AGREEMENT,Convergent evidence from structural and sequence analysis.,Benign,ClinVar_Benign,LDLR,True,False,coding_synonymous,benign_or_likely_benign,,,,,,False,0.9987,False,False,False,False,False,False,LDLR_promoter_super_enhancer,11090529,11096833,8454,outside_promoter_upstream_window,REJECT,Outside the pre-specified LDLR promoter/upstream windows.
VCV004730987,11105296,A,T,c.390A>T,,synonymous,Likely benign,1.0,0.9999,0.0018,0,BENIGN,synonymous_variant,0.15,MODIFIER,-1.0,,Low Impact,False,AGREEMENT,Convergent evidence from structural and sequence analysis.,Benign,ClinVar_Benign,LDLR,True,False,coding_synonymous,benign_or_likely_benign,,,,,,False,0.9987,False,False,False,False,False,False,LDLR_promoter_super_enhancer,11090529,11096833,8463,outside_promoter_upstream_window,REJECT,Outside the pre-specified LDLR promoter/upstream windows.
VCV002749944,11105300,C,A,c.394C>A,,synonymous,Likely benign,1.0,1.0,0.0018,0,BENIGN,synonymous_variant,0.15,MODIFIER,-1.0,,Low Impact,False,AGREEMENT,Convergent evidence from structural and sequence analysis.,Benign,ClinVar_Benign,LDLR,True,False,coding_synonymous,benign_or_likely_benign,,,,,,False,0.9987,False,False,False,False,False,False,LDLR_promoter_super_enhancer,11090529,11096833,8467,outside_promoter_upstream_window,REJECT,Outside the pre-specified LDLR promoter/upstream windows.
VCV000990076,11105302,G,A,c.396G>A,,synonymous,Likely benign,1.0,0.9999,0.0019,0,BENIGN,synonymous_variant,0.15,MODIFIER,-1.0,,Low Impact,False,AGREEMENT,Convergent evidence from structural and sequence analysis.,Benign,ClinVar_Benign,LDLR,True,False,coding_synonymous,benign_or_likely_benign,,,,,,False,0.9987,False,False,False,False,False,False,LDLR_promoter_super_enhancer,11090529,11096833,8469,outside_promoter_upstream_window,REJECT,Outside the pre-specified LDLR promoter/upstream windows.
VCV000924265,11105305,C,T,c.399C>T,,synonymous,Likely benign,1.0,0.9999,0.0019,0,BENIGN,synonymous_variant,0.15,MODIFIER,-1.0,,Low Impact,False,AGREEMENT,Convergent evidence from structural and sequence analysis.,Benign,ClinVar_Benign,LDLR,True,False,coding_synonymous,benign_or_likely_benign,,,,,,False,0.9987,False,False,False,False,False,False,LDLR_promoter_super_enhancer,11090529,11096833,8472,outside_promoter_upstream_window,REJECT,Outside the pre-specified LDLR promoter/upstream windows.
VCV000440568,11105308,C,T,c.402C>T,,synonymous,Likely benign,1.0,1.0,0.0017,0,BENIGN,synonymous_variant,0.15,MODIFIER,-1.0,,Low Impact,False,AGREEMENT,Convergent evidence from structural and sequence analysis.,Benign,ClinVar_Benign,LDLR,True,False,coding_synonymous,benign_or_likely_benign,,,,,,False,0.9987,False,False,False,False,False,False,LDLR_promoter_super_enhancer,11090529,11096833,8475,outside_promoter_upstream_window,REJECT,Outside the pre-specified LDLR promoter/upstream windows.
VCV002125528,11105309,T,C,c.403T>C,,synonymous,Likely benign,1.0,0.9999,0.0018,0,BENIGN,synonymous_variant,0.15,MODIFIER,-1.0,,Low Impact,False,AGREEMENT,Convergent evidence from structural and sequence analysis.,Benign,ClinVar_Benign,LDLR,True,False,coding_synonymous,benign_or_likely_benign,,,,,,False,0.9987,False,False,False,False,False,False,LDLR_promoter_super_enhancer,11090529,11096833,8476,outside_promoter_upstream_window,REJECT,Outside the pre-specified LDLR promoter/upstream windows.
VCV000440569,11105314,C,T,c.408C>T,,synonymous,Likely benign,1.0,0.9999,0.0019,0,BENIGN,synonymous_variant,0.15,MODIFIER,-1.0,,Low Impact,False,AGREEMENT,Convergent evidence from structural and sequence analysis.,Benign,ClinVar_Benign,LDLR,True,False,coding_synonymous,benign_or_likely_benign,,,,,,False,0.9987,False,False,False,False,False,False,LDLR_promoter_super_enhancer,11090529,11096833,8481,outside_promoter_upstream_window,REJECT,Outside the pre-specified LDLR promoter/upstream windows.
VCV000440570,11105323,C,T,c.417C>T,,synonymous,Likely benign,1.0,1.0,0.0017,0,BENIGN,synonymous_variant,0.15,MODIFIER,-1.0,,Low Impact,False,AGREEMENT,Convergent evidence from structural and sequence analysis.,Benign,ClinVar_Benign,LDLR,True,False,coding_synonymous,benign_or_likely_benign,,,,,,False,0.9987,False,False,False,False,False,False,LDLR_promoter_super_enhancer,11090529,11096833,8490,outside_promoter_upstream_window,REJECT,Outside the pre-specified LDLR promoter/upstream windows.
VCV003231960,11105329,C,T,c.423C>T,,synonymous,Likely benign,1.0,0.9999,0.0018,0,BENIGN,synonymous_variant,0.15,MODIFIER,-1.0,,Low Impact,False,AGREEMENT,Convergent evidence from structural and sequence analysis.,Benign,ClinVar_Benign,LDLR,True,False,coding_synonymous,benign_or_likely_benign,,,,,,False,0.9987,False,False,False,False,False,False,LDLR_promoter_super_enhancer,11090529,11096833,8496,outside_promoter_upstream_window,REJECT,Outside the pre-specified LDLR promoter/upstream windows.
VCV004756373,11105332,C,T,c.426C>T,,synonymous,Likely benign,1.0,1.0,0.0017,0,BENIGN,synonymous_variant,0.15,MODIFIER,-1.0,,Low Impact,False,AGREEMENT,Convergent evidence from structural and sequence analysis.,Benign,ClinVar_Benign,LDLR,True,False,coding_synonymous,benign_or_likely_benign,,,,,,False,0.9987,False,False,False,False,False,False,LDLR_promoter_super_enhancer,11090529,11096833,8499,outside_promoter_upstream_window,REJECT,Outside the pre-specified LDLR promoter/upstream windows.
VCV000440571,11105332,C,A,c.426C>A,,synonymous,Benign,1.0,1.0,0.0017,0,BENIGN,synonymous_variant,0.15,MODIFIER,-1.0,,Low Impact,False,AGREEMENT,Convergent evidence from structural and sequence analysis.,Benign,ClinVar_Benign,LDLR,True,False,coding_synonymous,benign_or_likely_benign,,,,,,False,0.9987,False,False,False,False,False,False,LDLR_promoter_super_enhancer,11090529,11096833,8499,outside_promoter_upstream_window,REJECT,Outside the pre-specified LDLR promoter/upstream windows.
VCV003072132,11105338,G,T,c.432G>T,,synonymous,Likely benign,1.0,1.0,0.0018,0,BENIGN,synonymous_variant,0.15,MODIFIER,-1.0,,Low Impact,False,AGREEMENT,Convergent evidence from structural and sequence analysis.,Benign,ClinVar_Benign,LDLR,True,False,coding_synonymous,benign_or_likely_benign,,,,,,False,0.9987,False,False,False,False,False,False,LDLR_promoter_super_enhancer,11090529,11096833,8505,outside_promoter_upstream_window,REJECT,Outside the pre-specified LDLR promoter/upstream windows.
VCV000699337,11105338,G,A,c.432G>A,,synonymous,Likely benign,1.0,1.0,0.0018,0,BENIGN,synonymous_variant,0.15,MODIFIER,-1.0,,Low Impact,False,AGREEMENT,Convergent evidence from structural and sequence analysis.,Benign,ClinVar_Benign,LDLR,True,False,coding_synonymous,benign_or_likely_benign,,,,,,False,0.9987,False,False,False,False,False,False,LDLR_promoter_super_enhancer,11090529,11096833,8505,outside_promoter_upstream_window,REJECT,Outside the pre-specified LDLR promoter/upstream windows.
VCV001332209,11105338,G,C,c.432G>C,,synonymous,Likely benign,1.0,1.0,0.0018,0,BENIGN,synonymous_variant,0.15,MODIFIER,-1.0,,Low Impact,False,AGREEMENT,Convergent evidence from structural and sequence analysis.,Benign,ClinVar_Benign,LDLR,True,False,coding_synonymous,benign_or_likely_benign,,,,,,False,0.9987,False,False,False,False,False,False,LDLR_promoter_super_enhancer,11090529,11096833,8505,outside_promoter_upstream_window,REJECT,Outside the pre-specified LDLR promoter/upstream windows.
VCV000923934,11105344,C,A,c.438C>A,,synonymous,Likely benign,1.0,1.0,0.0018,0,BENIGN,synonymous_variant,0.15,MODIFIER,-1.0,,Low Impact,False,AGREEMENT,Convergent evidence from structural and sequence analysis.,Benign,ClinVar_Benign,LDLR,True,False,coding_synonymous,benign_or_likely_benign,,,,,,False,0.9987,False,False,False,False,False,False,LDLR_promoter_super_enhancer,11090529,11096833,8511,outside_promoter_upstream_window,REJECT,Outside the pre-specified LDLR promoter/upstream windows.
VCV002854621,11105344,C,T,c.438C>T,,synonymous,Likely benign,1.0,1.0,0.0018,0,BENIGN,synonymous_variant,0.15,MODIFIER,-1.0,,Low Impact,False,AGREEMENT,Convergent evidence from structural and sequence analysis.,Benign,ClinVar_Benign,LDLR,True,False,coding_synonymous,benign_or_likely_benign,,,,,,False,0.9987,False,False,False,False,False,False,LDLR_promoter_super_enhancer,11090529,11096833,8511,outside_promoter_upstream_window,REJECT,Outside the pre-specified LDLR promoter/upstream windows.
VCV001564743,11105347,C,T,c.441C>T,,synonymous,Likely benign,1.0,0.9999,0.0018,0,BENIGN,synonymous_variant,0.15,MODIFIER,-1.0,,Low Impact,False,AGREEMENT,Convergent evidence from structural and sequence analysis.,Benign,ClinVar_Benign,LDLR,True,False,coding_synonymous,benign_or_likely_benign,,,,,,False,0.9987,False,False,False,False,False,False,LDLR_promoter_super_enhancer,11090529,11096833,8514,outside_promoter_upstream_window,REJECT,Outside the pre-specified LDLR promoter/upstream windows.
VCV000251230,11105353,T,C,c.447T>C,,synonymous,Benign/Likely benign,1.0,0.9999,0.0018,0,BENIGN,synonymous_variant,0.15,MODIFIER,-1.0,,Low Impact,False,AGREEMENT,Convergent evidence from structural and sequence analysis.,Benign,ClinVar_Benign,LDLR,True,False,coding_synonymous,benign_or_likely_benign,,,,,,False,0.9987,False,False,False,False,False,False,LDLR_promoter_super_enhancer,11090529,11096833,8520,outside_promoter_upstream_window,REJECT,Outside the pre-specified LDLR promoter/upstream windows.
VCV000440574,11105356,C,T,c.450C>T,,synonymous,Likely benign,1.0,1.0,0.0018,0,BENIGN,synonymous_variant,0.15,MODIFIER,-1.0,,Low Impact,False,AGREEMENT,Convergent evidence from structural and sequence analysis.,Benign,ClinVar_Benign,LDLR,True,False,coding_synonymous,benign_or_likely_benign,,,,,,False,0.9987,False,False,False,False,False,False,LDLR_promoter_super_enhancer,11090529,11096833,8523,outside_promoter_upstream_window,REJECT,Outside the pre-specified LDLR promoter/upstream windows.
VCV000251233,11105357,G,A,c.451G>A,,synonymous,Likely benign,1.0,0.9999,0.0019,0,BENIGN,missense_variant,0.72,MODERATE,0.36,tolerated,High Impact,False,VEP_ONLY,VEP detects sequence impact (score=0.72) but structure appears intact (LSSIM=1.000). Possible compensatory mechanism.,Benign,ClinVar_Benign,LDLR,True,False,coding_synonymous,benign_or_likely_benign,,,,,,False,0.9987,False,False,False,False,False,False,LDLR_promoter_super_enhancer,11090529,11096833,8524,outside_promoter_upstream_window,REJECT,Outside the pre-specified LDLR promoter/upstream windows.
VCV001082361,11105368,G,A,c.462G>A,,synonymous,Likely benign,1.0,1.0,0.0017,0,BENIGN,synonymous_variant,0.15,MODIFIER,-1.0,,Low Impact,False,AGREEMENT,Convergent evidence from structural and sequence analysis.,Benign,ClinVar_Benign,LDLR,True,False,coding_synonymous,benign_or_likely_benign,,,,,,False,0.9987,False,False,False,False,False,False,LDLR_promoter_super_enhancer,11090529,11096833,8535,outside_promoter_upstream_window,REJECT,Outside the pre-specified LDLR promoter/upstream windows.
VCV001171786,11105380,C,T,c.474C>T,,synonymous,Likely benign,1.0,1.0,0.0018,0,BENIGN,synonymous_variant,0.15,MODIFIER,-1.0,,Low Impact,False,AGREEMENT,Convergent evidence from structural and sequence analysis.,Benign,ClinVar_Benign,LDLR,True,False,coding_synonymous,benign_or_likely_benign,,,,,,False,0.9987,False,False,False,False,False,False,LDLR_promoter_super_enhancer,11090529,11096833,8547,outside_promoter_upstream_window,REJECT,Outside the pre-specified LDLR promoter/upstream windows.
VCV000251246,11105382,C,T,c.476C>T,,synonymous,Likely benign,1.0,1.0,0.0018,0,BENIGN,missense_variant,0.835,MODERATE,0.13,tolerated,Very High Impact,False,VEP_ONLY,VEP detects sequence impact (score=0.83) but structure appears intact (LSSIM=1.000). Possible compensatory mechanism.,Benign,ClinVar_Benign,LDLR,True,False,coding_synonymous,benign_or_likely_benign,,,,,,False,0.9987,False,False,False,False,False,False,LDLR_promoter_super_enhancer,11090529,11096833,8549,outside_promoter_upstream_window,REJECT,Outside the pre-specified LDLR promoter/upstream windows.
VCV002019211,11105383,C,A,c.477C>A,,synonymous,Likely benign,1.0,1.0,0.0018,0,BENIGN,synonymous_variant,0.15,MODIFIER,-1.0,,Low Impact,False,AGREEMENT,Convergent evidence from structural and sequence analysis.,Benign,ClinVar_Benign,LDLR,True,False,coding_synonymous,benign_or_likely_benign,,,,,,False,0.9987,False,False,False,False,False,False,LDLR_promoter_super_enhancer,11090529,11096833,8550,outside_promoter_upstream_window,REJECT,Outside the pre-specified LDLR promoter/upstream windows.
VCV003003606,11105383,C,T,c.477C>T,,synonymous,Likely benign,1.0,1.0,0.0018,0,BENIGN,synonymous_variant,0.15,MODIFIER,-1.0,,Low Impact,False,AGREEMENT,Convergent evidence from structural and sequence analysis.,Benign,ClinVar_Benign,LDLR,True,False,coding_synonymous,benign_or_likely_benign,,,,,,False,0.9987,False,False,False,False,False,False,LDLR_promoter_super_enhancer,11090529,11096833,8550,outside_promoter_upstream_window,REJECT,Outside the pre-specified LDLR promoter/upstream windows.
VCV001743022,11105383,C,G,c.477C>G,,synonymous,Likely benign,1.0,1.0,0.0018,0,BENIGN,synonymous_variant,0.15,MODIFIER,-1.0,,Low Impact,False,AGREEMENT,Convergent evidence from structural and sequence analysis.,Benign,ClinVar_Benign,LDLR,True,False,coding_synonymous,benign_or_likely_benign,,,,,,False,0.9987,False,False,False,False,False,False,LDLR_promoter_super_enhancer,11090529,11096833,8550,outside_promoter_upstream_window,REJECT,Outside the pre-specified LDLR promoter/upstream windows.
VCV000923935,11105386,C,T,c.480C>T,,synonymous,Likely benign,1.0,0.9999,0.0019,0,BENIGN,synonymous_variant,0.15,MODIFIER,-1.0,,Low Impact,False,AGREEMENT,Convergent evidence from structural and sequence analysis.,Benign,ClinVar_Benign,LDLR,True,False,coding_synonymous,benign_or_likely_benign,,,,,,False,0.9987,False,False,False,False,False,False,LDLR_promoter_super_enhancer,11090529,11096833,8553,outside_promoter_upstream_window,REJECT,Outside the pre-specified LDLR promoter/upstream windows.
VCV002034869,11105389,C,T,c.483C>T,,synonymous,Likely benign,1.0,1.0,0.0017,0,BENIGN,synonymous_variant,0.15,MODIFIER,-1.0,,Low Impact,False,AGREEMENT,Convergent evidence from structural and sequence analysis.,Benign,ClinVar_Benign,LDLR,True,False,coding_synonymous,benign_or_likely_benign,,,,,,False,0.9987,False,False,False,False,False,False,LDLR_promoter_super_enhancer,11090529,11096833,8556,outside_promoter_upstream_window,REJECT,Outside the pre-specified LDLR promoter/upstream windows.
VCV001661987,11105389,C,A,c.483C>A,,synonymous,Likely benign,1.0,1.0,0.0017,0,BENIGN,synonymous_variant,0.15,MODIFIER,-1.0,,Low Impact,False,AGREEMENT,Convergent evidence from structural and sequence analysis.,Benign,ClinVar_Benign,LDLR,True,False,coding_synonymous,benign_or_likely_benign,,,,,,False,0.9987,False,False,False,False,False,False,LDLR_promoter_super_enhancer,11090529,11096833,8556,outside_promoter_upstream_window,REJECT,Outside the pre-specified LDLR promoter/upstream windows.
VCV000328050,11105404,C,T,c.498C>T,,synonymous,Likely benign,1.0,1.0,0.0017,0,BENIGN,synonymous_variant,0.15,MODIFIER,-1.0,,Low Impact,False,AGREEMENT,Convergent evidence from structural and sequence analysis.,Benign,ClinVar_Benign,LDLR,True,False,coding_synonymous,benign_or_likely_benign,,,,,,False,0.9987,False,False,False,False,False,False,LDLR_promoter_super_enhancer,11090529,11096833,8571,outside_promoter_upstream_window,REJECT,Outside the pre-specified LDLR promoter/upstream windows.
VCV000921741,11105407,C,T,c.501C>T,,synonymous,Likely benign,1.0,0.9999,0.0019,0,BENIGN,synonymous_variant,0.15,MODIFIER,-1.0,,Low Impact,False,AGREEMENT,Convergent evidence from structural and sequence analysis.,Benign,ClinVar_Benign,LDLR,True,False,coding_synonymous,benign_or_likely_benign,,,,,,False,0.9987,False,False,False,False,False,False,LDLR_promoter_super_enhancer,11090529,11096833,8574,outside_promoter_upstream_window,REJECT,Outside the pre-specified LDLR promoter/upstream windows.
VCV000766323,11105410,C,T,c.504C>T,,synonymous,Likely benign,1.0,0.9999,0.0019,0,BENIGN,synonymous_variant,0.15,MODIFIER,-1.0,,Low Impact,False,AGREEMENT,Convergent evidence from structural and sequence analysis.,Benign,ClinVar_Benign,LDLR,True,False,coding_synonymous,benign_or_likely_benign,,,,,,False,0.9987,False,False,False,False,False,False,LDLR_promoter_super_enhancer,11090529,11096833,8577,outside_promoter_upstream_window,REJECT,Outside the pre-specified LDLR promoter/upstream windows.
VCV000036464,11105413,C,T,c.507C>T,,synonymous,Likely benign,1.0,0.9999,0.0018,0,BENIGN,synonymous_variant,0.15,MODIFIER,-1.0,,Low Impact,False,AGREEMENT,Convergent evidence from structural and sequence analysis.,Benign,ClinVar_Benign,LDLR,True,False,coding_synonymous,benign_or_likely_benign,,,,,,False,0.9987,False,False,False,False,False,False,LDLR_promoter_super_enhancer,11090529,11096833,8580,outside_promoter_upstream_window,REJECT,Outside the pre-specified LDLR promoter/upstream windows.
VCV001108751,11105419,C,T,c.513C>T,,synonymous,Likely benign,1.0,1.0,0.0017,0,BENIGN,synonymous_variant,0.15,MODIFIER,-1.0,,Low Impact,False,AGREEMENT,Convergent evidence from structural and sequence analysis.,Benign,ClinVar_Benign,LDLR,True,False,coding_synonymous,benign_or_likely_benign,,,,,,False,0.9987,False,False,False,False,False,False,LDLR_promoter_super_enhancer,11090529,11096833,8586,outside_promoter_upstream_window,REJECT,Outside the pre-specified LDLR promoter/upstream windows.
VCV002710330,11105419,C,A,c.513C>A,,synonymous,Likely benign,1.0,1.0,0.0017,0,BENIGN,synonymous_variant,0.15,MODIFIER,-1.0,,Low Impact,False,AGREEMENT,Convergent evidence from structural and sequence analysis.,Benign,ClinVar_Benign,LDLR,True,False,coding_synonymous,benign_or_likely_benign,,,,,,False,0.9987,False,False,False,False,False,False,LDLR_promoter_super_enhancer,11090529,11096833,8586,outside_promoter_upstream_window,REJECT,Outside the pre-specified LDLR promoter/upstream windows.
VCV001086089,11105425,C,T,c.519C>T,,synonymous,Likely benign,1.0,0.9999,0.0019,0,BENIGN,synonymous_variant,0.15,MODIFIER,-1.0,,Low Impact,False,AGREEMENT,Convergent evidence from structural and sequence analysis.,Benign,ClinVar_Benign,LDLR,True,False,coding_synonymous,benign_or_likely_benign,,,,,,False,0.9987,False,False,False,False,False,False,LDLR_promoter_super_enhancer,11090529,11096833,8592,outside_promoter_upstream_window,REJECT,Outside the pre-specified LDLR promoter/upstream windows.
VCV002745135,11105431,T,C,c.525T>C,,synonymous,Likely benign,1.0,0.9999,0.0018,0,BENIGN,synonymous_variant,0.15,MODIFIER,-1.0,,Low Impact,False,AGREEMENT,Convergent evidence from structural and sequence analysis.,Benign,ClinVar_Benign,LDLR,True,False,coding_synonymous,benign_or_likely_benign,,,,,,False,0.9987,False,False,False,False,False,False,LDLR_promoter_super_enhancer,11090529,11096833,8598,outside_promoter_upstream_window,REJECT,Outside the pre-specified LDLR promoter/upstream windows.
VCV000440576,11105437,G,A,c.531G>A,,synonymous,Likely benign,1.0,0.9999,0.0018,0,BENIGN,synonymous_variant,0.15,MODIFIER,-1.0,,Low Impact,False,AGREEMENT,Convergent evidence from structural and sequence analysis.,Benign,ClinVar_Benign,LDLR,True,False,coding_synonymous,benign_or_likely_benign,,,,,,False,0.9987,False,False,False,False,False,False,LDLR_promoter_super_enhancer,11090529,11096833,8604,outside_promoter_upstream_window,REJECT,Outside the pre-specified LDLR promoter/upstream windows.
VCV000440580,11105454,G,A,c.548G>A,,synonymous,Benign,1.0,0.9999,0.0018,0,BENIGN,missense_variant,0.775,MODERATE,0.25,tolerated,High Impact,False,VEP_ONLY,VEP detects sequence impact (score=0.78) but structure appears intact (LSSIM=1.000). Possible compensatory mechanism.,Benign,ClinVar_Benign,LDLR,True,False,coding_synonymous,benign_or_likely_benign,,,,,,False,0.9987,False,False,False,False,False,False,LDLR_promoter_super_enhancer,11090529,11096833,8621,outside_promoter_upstream_window,REJECT,Outside the pre-specified LDLR promoter/upstream windows.
VCV003002187,11105458,T,C,c.552T>C,,synonymous,Likely benign,1.0,0.9999,0.0019,0,BENIGN,synonymous_variant,0.15,MODIFIER,-1.0,,Low Impact,False,AGREEMENT,Convergent evidence from structural and sequence analysis.,Benign,ClinVar_Benign,LDLR,True,False,coding_synonymous,benign_or_likely_benign,,,,,,False,0.9987,False,False,False,False,False,False,LDLR_promoter_super_enhancer,11090529,11096833,8625,outside_promoter_upstream_window,REJECT,Outside the pre-specified LDLR promoter/upstream windows.
VCV001583983,11105461,G,A,c.555G>A,,synonymous,Likely benign,1.0,0.9999,0.0019,0,BENIGN,synonymous_variant,0.15,MODIFIER,-1.0,,Low Impact,False,AGREEMENT,Convergent evidence from structural and sequence analysis.,Benign,ClinVar_Benign,LDLR,True,False,coding_synonymous,benign_or_likely_benign,,,,,,False,0.9987,False,False,False,False,False,False,LDLR_promoter_super_enhancer,11090529,11096833,8628,outside_promoter_upstream_window,REJECT,Outside the pre-specified LDLR promoter/upstream windows.
VCV002836054,11105464,T,C,c.558T>C,,synonymous,Likely benign,1.0,0.9999,0.0019,0,BENIGN,synonymous_variant,0.15,MODIFIER,-1.0,,Low Impact,False,AGREEMENT,Convergent evidence from structural and sequence analysis.,Benign,ClinVar_Benign,LDLR,True,False,coding_synonymous,benign_or_likely_benign,,,,,,False,0.9987,False,False,False,False,False,False,LDLR_promoter_super_enhancer,11090529,11096833,8631,outside_promoter_upstream_window,REJECT,Outside the pre-specified LDLR promoter/upstream windows.
VCV000226327,11105470,C,T,c.564C>T,,synonymous,Likely benign,1.0,1.0,0.0018,0,BENIGN,synonymous_variant,0.15,MODIFIER,-1.0,,Low Impact,False,AGREEMENT,Convergent evidence from structural and sequence analysis.,Benign,ClinVar_Benign,LDLR,True,False,coding_synonymous,benign_or_likely_benign,,,,,,False,0.9987,False,False,False,False,False,False,LDLR_promoter_super_enhancer,11090529,11096833,8637,outside_promoter_upstream_window,REJECT,Outside the pre-specified LDLR promoter/upstream windows.
VCV001116042,11105473,G,T,c.567G>T,,synonymous,Likely benign,1.0,0.9999,0.0017,0,BENIGN,synonymous_variant,0.15,MODIFIER,-1.0,,Low Impact,False,AGREEMENT,Convergent evidence from structural and sequence analysis.,Benign,ClinVar_Benign,LDLR,True,False,coding_synonymous,benign_or_likely_benign,,,,,,False,0.9987,False,False,False,False,False,False,LDLR_promoter_super_enhancer,11090529,11096833,8640,outside_promoter_upstream_window,REJECT,Outside the pre-specified LDLR promoter/upstream windows.
VCV000440583,11105473,G,C,c.567G>C,,synonymous,Likely benign,1.0,0.9999,0.0017,0,BENIGN,synonymous_variant,0.15,MODIFIER,-1.0,,Low Impact,False,AGREEMENT,Convergent evidence from structural and sequence analysis.,Benign,ClinVar_Benign,LDLR,True,False,coding_synonymous,benign_or_likely_benign,,,,,,False,0.9987,False,False,False,False,False,False,LDLR_promoter_super_enhancer,11090529,11096833,8640,outside_promoter_upstream_window,REJECT,Outside the pre-specified LDLR promoter/upstream windows.
VCV001631917,11105476,C,T,c.570C>T,,synonymous,Likely benign,1.0,1.0,0.0017,0,BENIGN,synonymous_variant,0.15,MODIFIER,-1.0,,Low Impact,False,AGREEMENT,Convergent evidence from structural and sequence analysis.,Benign,ClinVar_Benign,LDLR,True,False,coding_synonymous,benign_or_likely_benign,,,,,,False,0.9987,False,False,False,False,False,False,LDLR_promoter_super_enhancer,11090529,11096833,8643,outside_promoter_upstream_window,REJECT,Outside the pre-specified LDLR promoter/upstream windows.
VCV004046736,11105479,A,G,c.573A>G,,synonymous,Likely benign,1.0,1.0,0.0018,0,BENIGN,synonymous_variant,0.15,MODIFIER,-1.0,,Low Impact,False,AGREEMENT,Convergent evidence from structural and sequence analysis.,Benign,ClinVar_Benign,LDLR,True,False,coding_synonymous,benign_or_likely_benign,,,,,,False,0.9987,False,False,False,False,False,False,LDLR_promoter_super_enhancer,11090529,11096833,8646,outside_promoter_upstream_window,REJECT,Outside the pre-specified LDLR promoter/upstream windows.
VCV003692754,11105482,G,C,c.576G>C,,synonymous,Likely benign,1.0,0.9999,0.0019,0,BENIGN,synonymous_variant,0.15,MODIFIER,-1.0,,Low Impact,False,AGREEMENT,Convergent evidence from structural and sequence analysis.,Benign,ClinVar_Benign,LDLR,True,False,coding_synonymous,benign_or_likely_benign,,,,,,False,0.9987,False,False,False,False,False,False,LDLR_promoter_super_enhancer,11090529,11096833,8649,outside_promoter_upstream_window,REJECT,Outside the pre-specified LDLR promoter/upstream windows.
VCV000921742,11105491,C,T,c.585C>T,,synonymous,Likely benign,1.0,0.9999,0.0019,0,BENIGN,synonymous_variant,0.15,MODIFIER,-1.0,,Low Impact,False,AGREEMENT,Convergent evidence from structural and sequence analysis.,Benign,ClinVar_Benign,LDLR,True,False,coding_synonymous,benign_or_likely_benign,,,,,,False,0.9987,False,False,False,False,False,False,LDLR_promoter_super_enhancer,11090529,11096833,8658,outside_promoter_upstream_window,REJECT,Outside the pre-specified LDLR promoter/upstream windows.
VCV001096610,11105494,C,A,c.588C>A,,synonymous,Likely benign,1.0,0.9999,0.0018,0,BENIGN,synonymous_variant,0.15,MODIFIER,-1.0,,Low Impact,False,AGREEMENT,Convergent evidence from structural and sequence analysis.,Benign,ClinVar_Benign,LDLR,True,False,coding_synonymous,benign_or_likely_benign,,,,,,False,0.9987,False,False,False,False,False,False,LDLR_promoter_super_enhancer,11090529,11096833,8661,outside_promoter_upstream_window,REJECT,Outside the pre-specified LDLR promoter/upstream windows.
VCV001134240,11105500,G,A,c.594G>A,,synonymous,Likely benign,1.0,0.9999,0.0018,0,BENIGN,synonymous_variant,0.15,MODIFIER,-1.0,,Low Impact,False,AGREEMENT,Convergent evidence from structural and sequence analysis.,Benign,ClinVar_Benign,LDLR,True,False,coding_synonymous,benign_or_likely_benign,,,,,,False,0.9987,False,False,False,False,False,False,LDLR_promoter_super_enhancer,11090529,11096833,8667,outside_promoter_upstream_window,REJECT,Outside the pre-specified LDLR promoter/upstream windows.
VCV001547607,11105500,G,C,c.594G>C,,synonymous,Likely benign,1.0,0.9999,0.0018,0,BENIGN,synonymous_variant,0.15,MODIFIER,-1.0,,Low Impact,False,AGREEMENT,Convergent evidence from structural and sequence analysis.,Benign,ClinVar_Benign,LDLR,True,False,coding_synonymous,benign_or_likely_benign,,,,,,False,0.9987,False,False,False,False,False,False,LDLR_promoter_super_enhancer,11090529,11096833,8667,outside_promoter_upstream_window,REJECT,Outside the pre-specified LDLR promoter/upstream windows.
VCV000923936,11105503,C,T,c.597C>T,,synonymous,Likely benign,1.0,0.9999,0.0019,0,BENIGN,synonymous_variant,0.15,MODIFIER,-1.0,,Low Impact,False,AGREEMENT,Convergent evidence from structural and sequence analysis.,Benign,ClinVar_Benign,LDLR,True,False,coding_synonymous,benign_or_likely_benign,,,,,,False,0.9987,False,False,False,False,False,False,LDLR_promoter_super_enhancer,11090529,11096833,8670,outside_promoter_upstream_window,REJECT,Outside the pre-specified LDLR promoter/upstream windows.
VCV002874796,11105506,C,T,c.600C>T,,synonymous,Likely benign,1.0,0.9999,0.0019,0,BENIGN,synonymous_variant,0.15,MODIFIER,-1.0,,Low Impact,False,AGREEMENT,Convergent evidence from structural and sequence analysis.,Benign,ClinVar_Benign,LDLR,True,False,coding_synonymous,benign_or_likely_benign,,,,,,False,0.9987,False,False,False,False,False,False,LDLR_promoter_super_enhancer,11090529,11096833,8673,outside_promoter_upstream_window,REJECT,Outside the pre-specified LDLR promoter/upstream windows.
VCV000251315,11105506,C,A,c.600C>A,,synonymous,Likely benign,1.0,0.9999,0.0019,0,BENIGN,missense_variant,0.4,MODERATE,1.0,tolerated,Moderate Impact,False,AGREEMENT,Convergent evidence from structural and sequence analysis.,Benign,ClinVar_Benign,LDLR,True,False,coding_synonymous,benign_or_likely_benign,,,,,,False,0.9987,False,False,False,False,False,False,LDLR_promoter_super_enhancer,11090529,11096833,8673,outside_promoter_upstream_window,REJECT,Outside the pre-specified LDLR promoter/upstream windows.
VCV001751234,11105509,G,A,c.603G>A,,synonymous,Likely benign,1.0,0.9999,0.0018,0,BENIGN,synonymous_variant,0.15,MODIFIER,-1.0,,Low Impact,False,AGREEMENT,Convergent evidence from structural and sequence analysis.,Benign,ClinVar_Benign,LDLR,True,False,coding_synonymous,benign_or_likely_benign,,,,,,False,0.9987,False,False,False,False,False,False,LDLR_promoter_super_enhancer,11090529,11096833,8676,outside_promoter_upstream_window,REJECT,Outside the pre-specified LDLR promoter/upstream windows.
VCV001541584,11105533,C,T,c.627C>T,,synonymous,Likely benign,1.0,1.0,0.0017,0,BENIGN,synonymous_variant,0.15,MODIFIER,-1.0,,Low Impact,False,AGREEMENT,Convergent evidence from structural and sequence analysis.,Benign,ClinVar_Benign,LDLR,True,False,coding_synonymous,benign_or_likely_benign,,,,,,False,0.9987,False,False,False,False,False,False,LDLR_promoter_super_enhancer,11090529,11096833,8700,outside_promoter_upstream_window,REJECT,Outside the pre-specified LDLR promoter/upstream windows.
VCV001628645,11105536,C,T,c.630C>T,,synonymous,Likely benign,1.0,0.9999,0.0019,0,BENIGN,synonymous_variant,0.15,MODIFIER,-1.0,,Low Impact,False,AGREEMENT,Convergent evidence from structural and sequence analysis.,Benign,ClinVar_Benign,LDLR,True,False,coding_synonymous,benign_or_likely_benign,,,,,,False,0.9987,False,False,False,False,False,False,LDLR_promoter_super_enhancer,11090529,11096833,8703,outside_promoter_upstream_window,REJECT,Outside the pre-specified LDLR promoter/upstream windows.
VCV001131317,11105539,C,T,c.633C>T,,synonymous,Likely benign,1.0,0.9999,0.0018,0,BENIGN,synonymous_variant,0.15,MODIFIER,-1.0,,Low Impact,False,AGREEMENT,Convergent evidence from structural and sequence analysis.,Benign,ClinVar_Benign,LDLR,True,False,coding_synonymous,benign_or_likely_benign,,,,,,False,0.9987,False,False,False,False,False,False,LDLR_promoter_super_enhancer,11090529,11096833,8706,outside_promoter_upstream_window,REJECT,Outside the pre-specified LDLR promoter/upstream windows.
VCV000920366,11105542,C,T,c.636C>T,,synonymous,Likely benign,1.0,0.9999,0.0019,0,BENIGN,synonymous_variant,0.15,MODIFIER,-1.0,,Low Impact,False,AGREEMENT,Convergent evidence from structural and sequence analysis.,Benign,ClinVar_Benign,LDLR,True,False,coding_synonymous,benign_or_likely_benign,,,,,,False,0.9987,False,False,False,False,False,False,LDLR_promoter_super_enhancer,11090529,11096833,8709,outside_promoter_upstream_window,REJECT,Outside the pre-specified LDLR promoter/upstream windows.
VCV002192700,11105551,C,T,c.645C>T,,synonymous,Likely benign,1.0,0.9999,0.0019,0,BENIGN,synonymous_variant,0.15,MODIFIER,-1.0,,Low Impact,False,AGREEMENT,Convergent evidence from structural and sequence analysis.,Benign,ClinVar_Benign,LDLR,True,False,coding_synonymous,benign_or_likely_benign,,,,,,False,0.9987,False,False,False,False,False,False,LDLR_promoter_super_enhancer,11090529,11096833,8718,outside_promoter_upstream_window,REJECT,Outside the pre-specified LDLR promoter/upstream windows.
VCV000700092,11105557,T,C,c.651T>C,,synonymous,Likely benign,1.0,0.9999,0.0018,0,BENIGN,synonymous_variant,0.15,MODIFIER,-1.0,,Low Impact,False,AGREEMENT,Convergent evidence from structural and sequence analysis.,Benign,ClinVar_Benign,LDLR,True,False,coding_synonymous,benign_or_likely_benign,,,,,,False,0.9987,False,False,False,False,False,False,LDLR_promoter_super_enhancer,11090529,11096833,8724,outside_promoter_upstream_window,REJECT,Outside the pre-specified LDLR promoter/upstream windows.
VCV001549105,11105563,C,T,c.657C>T,,synonymous,Likely benign,1.0,0.9999,0.0018,0,BENIGN,synonymous_variant,0.15,MODIFIER,-1.0,,Low Impact,False,AGREEMENT,Convergent evidence from structural and sequence analysis.,Benign,ClinVar_Benign,LDLR,True,False,coding_synonymous,benign_or_likely_benign,,,,,,False,0.9987,False,False,False,False,False,False,LDLR_promoter_super_enhancer,11090529,11096833,8730,outside_promoter_upstream_window,REJECT,Outside the pre-specified LDLR promoter/upstream windows.
VCV002983267,11105563,C,G,c.657C>G,,synonymous,Likely benign,1.0,0.9999,0.0018,0,BENIGN,synonymous_variant,0.15,MODIFIER,-1.0,,Low Impact,False,AGREEMENT,Convergent evidence from structural and sequence analysis.,Benign,ClinVar_Benign,LDLR,True,False,coding_synonymous,benign_or_likely_benign,,,,,,False,0.9987,False,False,False,False,False,False,LDLR_promoter_super_enhancer,11090529,11096833,8730,outside_promoter_upstream_window,REJECT,Outside the pre-specified LDLR promoter/upstream windows.
VCV000440590,11105566,C,T,c.660C>T,,synonymous,Likely benign,1.0,0.9999,0.0018,0,BENIGN,synonymous_variant,0.15,MODIFIER,-1.0,,Low Impact,False,AGREEMENT,Convergent evidence from structural and sequence analysis.,Benign,ClinVar_Benign,LDLR,True,False,coding_synonymous,benign_or_likely_benign,,,,,,False,0.9987,False,False,False,False,False,False,LDLR_promoter_super_enhancer,11090529,11096833,8733,outside_promoter_upstream_window,REJECT,Outside the pre-specified LDLR promoter/upstream windows.
VCV002120416,11105569,C,T,c.663C>T,,synonymous,Likely benign,1.0,0.9999,0.0018,0,BENIGN,synonymous_variant,0.15,MODIFIER,-1.0,,Low Impact,False,AGREEMENT,Convergent evidence from structural and sequence analysis.,Benign,ClinVar_Benign,LDLR,True,False,coding_synonymous,benign_or_likely_benign,,,,,,False,0.9987,False,False,False,False,False,False,LDLR_promoter_super_enhancer,11090529,11096833,8736,outside_promoter_upstream_window,REJECT,Outside the pre-specified LDLR promoter/upstream windows.
VCV002094541,11105575,G,A,c.669G>A,,synonymous,Likely benign,1.0,0.9999,0.0019,0,BENIGN,synonymous_variant,0.15,MODIFIER,-1.0,,Low Impact,False,AGREEMENT,Convergent evidence from structural and sequence analysis.,Benign,ClinVar_Benign,LDLR,True,False,coding_synonymous,benign_or_likely_benign,,,,,,False,0.9987,False,False,False,False,False,False,LDLR_promoter_super_enhancer,11090529,11096833,8742,outside_promoter_upstream_window,REJECT,Outside the pre-specified LDLR promoter/upstream windows.
VCV001144533,11105584,T,C,c.678T>C,,synonymous,Likely benign,1.0,1.0,0.0016,0,BENIGN,synonymous_variant,0.15,MODIFIER,-1.0,,Low Impact,False,AGREEMENT,Convergent evidence from structural and sequence analysis.,Benign,ClinVar_Benign,LDLR,True,False,coding_synonymous,benign_or_likely_benign,,,,,,False,0.9987,False,False,False,False,False,False,LDLR_promoter_super_enhancer,11090529,11096833,8751,outside_promoter_upstream_window,REJECT,Outside the pre-specified LDLR promoter/upstream windows.
VCV004046742,11105584,T,G,c.678T>G,,synonymous,Likely benign,1.0,1.0,0.0016,0,BENIGN,synonymous_variant,0.15,MODIFIER,-1.0,,Low Impact,False,AGREEMENT,Convergent evidence from structural and sequence analysis.,Benign,ClinVar_Benign,LDLR,True,False,coding_synonymous,benign_or_likely_benign,,,,,,False,0.9987,False,False,False,False,False,False,LDLR_promoter_super_enhancer,11090529,11096833,8751,outside_promoter_upstream_window,REJECT,Outside the pre-specified LDLR promoter/upstream windows.
VCV000440595,11105587,C,T,c.681C>T,,synonymous,Likely benign,1.0,0.9999,0.0019,0,BENIGN,synonymous_variant,0.15,MODIFIER,-1.0,,Low Impact,False,AGREEMENT,Convergent evidence from structural and sequence analysis.,Benign,ClinVar_Benign,LDLR,True,False,coding_synonymous,benign_or_likely_benign,,,,,,False,0.9987,False,False,False,False,False,False,LDLR_promoter_super_enhancer,11090529,11096833,8754,outside_promoter_upstream_window,REJECT,Outside the pre-specified LDLR promoter/upstream windows.
VCV002698636,11105590,G,A,c.684G>A,,synonymous,Likely benign,1.0,1.0,0.0017,0,BENIGN,synonymous_variant,0.15,MODIFIER,-1.0,,Low Impact,False,AGREEMENT,Convergent evidence from structural and sequence analysis.,Benign,ClinVar_Benign,LDLR,True,False,coding_synonymous,benign_or_likely_benign,,,,,,False,0.9987,False,False,False,False,False,False,LDLR_promoter_super_enhancer,11090529,11096833,8757,outside_promoter_upstream_window,REJECT,Outside the pre-specified LDLR promoter/upstream windows.
VCV000251395,11105596,C,T,c.690C>T,,synonymous,Likely benign,1.0,1.0,0.0017,0,BENIGN,synonymous_variant,0.15,MODIFIER,-1.0,,Low Impact,False,AGREEMENT,Convergent evidence from structural and sequence analysis.,Benign,ClinVar_Benign,LDLR,True,False,coding_synonymous,benign_or_likely_benign,,,,,,False,0.9987,False,False,False,False,False,False,LDLR_promoter_super_enhancer,11090529,11096833,8763,outside_promoter_upstream_window,REJECT,Outside the pre-specified LDLR promoter/upstream windows.
VCV002498755,11105604,T,G,NM_000527.5(LDLR):c.694+4T>G,,intronic,Likely benign,1.0,0.9998,0.0035,0,BENIGN,splice_donor_region_variant,0.35,LOW,-1.0,,Moderate Impact,False,AGREEMENT,Convergent evidence from structural and sequence analysis.,Benign,ClinVar_Benign,LDLR,True,False,intronic,benign_or_likely_benign,,,,,,False,0.9987,False,False,False,False,False,False,LDLR_promoter_super_enhancer,11090529,11096833,8771,outside_promoter_upstream_window,REJECT,Outside the pre-specified LDLR promoter/upstream windows.
VCV001154146,11105607,G,A,NM_000527.5(LDLR):c.694+7G>A,,intronic,Likely benign,1.0,0.9998,0.0036,0,BENIGN,splice_region_variant,0.5,LOW,-1.0,,High Impact,False,VEP_ONLY,VEP detects sequence impact (score=0.50) but structure appears intact (LSSIM=1.000). Possible compensatory mechanism.,Benign,ClinVar_Benign,LDLR,True,False,intronic,benign_or_likely_benign,,,,,,False,0.9987,False,False,False,False,False,False,LDLR_promoter_super_enhancer,11090529,11096833,8774,outside_promoter_upstream_window,REJECT,Outside the pre-specified LDLR promoter/upstream windows.
VCV001142520,11105607,G,C,NM_000527.5(LDLR):c.694+7G>C,,intronic,Likely benign,1.0,0.9998,0.0036,0,BENIGN,splice_region_variant,0.5,LOW,-1.0,,High Impact,False,VEP_ONLY,VEP detects sequence impact (score=0.50) but structure appears intact (LSSIM=1.000). Possible compensatory mechanism.,Benign,ClinVar_Benign,LDLR,True,False,intronic,benign_or_likely_benign,,,,,,False,0.9987,False,False,False,False,False,False,LDLR_promoter_super_enhancer,11090529,11096833,8774,outside_promoter_upstream_window,REJECT,Outside the pre-specified LDLR promoter/upstream windows.
VCV002833467,11105609,G,T,NM_000527.5(LDLR):c.694+9G>T,,intronic,Likely benign,1.0,0.9998,0.0038,0,BENIGN,intron_variant,0.15,MODIFIER,-1.0,,Low Impact,False,AGREEMENT,Convergent evidence from structural and sequence analysis.,Benign,ClinVar_Benign,LDLR,True,False,intronic,benign_or_likely_benign,,,,,,False,0.9987,False,False,False,False,False,False,LDLR_promoter_super_enhancer,11090529,11096833,8776,outside_promoter_upstream_window,REJECT,Outside the pre-specified LDLR promoter/upstream windows.
VCV000630369,11105609,G,A,NM_000527.5(LDLR):c.694+9G>A,,intronic,Benign/Likely benign,1.0,0.9998,0.0038,0,BENIGN,intron_variant,0.15,MODIFIER,-1.0,,Low Impact,False,AGREEMENT,Convergent evidence from structural and sequence analysis.,Benign,ClinVar_Benign,LDLR,True,False,intronic,benign_or_likely_benign,,,,,,False,0.9987,False,False,False,False,False,False,LDLR_promoter_super_enhancer,11090529,11096833,8776,outside_promoter_upstream_window,REJECT,Outside the pre-specified LDLR promoter/upstream windows.
VCV003715441,11105610,G,T,NM_000527.5(LDLR):c.694+10G>T,,intronic,Likely benign,1.0,0.9998,0.0038,0,BENIGN,intron_variant,0.15,MODIFIER,-1.0,,Low Impact,False,AGREEMENT,Convergent evidence from structural and sequence analysis.,Benign,ClinVar_Benign,LDLR,True,False,intronic,benign_or_likely_benign,,,,,,False,0.9987,False,False,False,False,False,False,LDLR_promoter_super_enhancer,11090529,11096833,8777,outside_promoter_upstream_window,REJECT,Outside the pre-specified LDLR promoter/upstream windows.
VCV002453912,11105612,G,A,NM_000527.5(LDLR):c.694+12G>A,,intronic,Likely benign,1.0,0.9998,0.0034,0,BENIGN,intron_variant,0.15,MODIFIER,-1.0,,Low Impact,False,AGREEMENT,Convergent evidence from structural and sequence analysis.,Benign,ClinVar_Benign,LDLR,True,False,intronic,benign_or_likely_benign,,,,,,False,0.9987,False,False,False,False,False,False,LDLR_promoter_super_enhancer,11090529,11096833,8779,outside_promoter_upstream_window,REJECT,Outside the pre-specified LDLR promoter/upstream windows.
VCV002845476,11105613,C,T,NM_000527.5(LDLR):c.694+13C>T,,intronic,Likely benign,1.0,0.9998,0.0037,0,BENIGN,intron_variant,0.15,MODIFIER,-1.0,,Low Impact,False,AGREEMENT,Convergent evidence from structural and sequence analysis.,Benign,ClinVar_Benign,LDLR,True,False,intronic,benign_or_likely_benign,,,,,,False,0.9987,False,False,False,False,False,False,LDLR_promoter_super_enhancer,11090529,11096833,8780,outside_promoter_upstream_window,REJECT,Outside the pre-specified LDLR promoter/upstream windows.
VCV004748924,11105614,C,T,NM_000527.5(LDLR):c.694+14C>T,,intronic,Likely benign,1.0,0.9998,0.0035,0,BENIGN,intron_variant,0.15,MODIFIER,-1.0,,Low Impact,False,AGREEMENT,Convergent evidence from structural and sequence analysis.,Benign,ClinVar_Benign,LDLR,True,False,intronic,benign_or_likely_benign,,,,,,False,0.9987,False,False,False,False,False,False,LDLR_promoter_super_enhancer,11090529,11096833,8781,outside_promoter_upstream_window,REJECT,Outside the pre-specified LDLR promoter/upstream windows.
VCV002864660,11105615,A,G,NM_000527.5(LDLR):c.694+15A>G,,intronic,Likely benign,1.0,0.9998,0.0034,0,BENIGN,intron_variant,0.15,MODIFIER,-1.0,,Low Impact,False,AGREEMENT,Convergent evidence from structural and sequence analysis.,Benign,ClinVar_Benign,LDLR,True,False,intronic,benign_or_likely_benign,,,,,,False,0.9987,False,False,False,False,False,False,LDLR_promoter_super_enhancer,11090529,11096833,8782,outside_promoter_upstream_window,REJECT,Outside the pre-specified LDLR promoter/upstream windows.
VCV001545440,11105615,A,T,NM_000527.5(LDLR):c.694+15A>T,,intronic,Likely benign,1.0,0.9998,0.0034,0,BENIGN,intron_variant,0.15,MODIFIER,-1.0,,Low Impact,False,AGREEMENT,Convergent evidence from structural and sequence analysis.,Benign,ClinVar_Benign,LDLR,True,False,intronic,benign_or_likely_benign,,,,,,False,0.9987,False,False,False,False,False,False,LDLR_promoter_super_enhancer,11090529,11096833,8782,outside_promoter_upstream_window,REJECT,Outside the pre-specified LDLR promoter/upstream windows.
VCV000251408,11106460,G,C,NM_000527.5(LDLR):c.695-105G>C,,intronic,Likely benign,1.0,0.9998,0.0039,0,BENIGN,non_coding_transcript_exon_variant,0.15,MODIFIER,-1.0,,Low Impact,False,AGREEMENT,Convergent evidence from structural and sequence analysis.,Benign,ClinVar_Benign,LDLR,True,False,intronic,benign_or_likely_benign,,,,,,False,0.9987,False,False,False,False,False,False,LDLR_promoter_super_enhancer,11090529,11096833,9627,outside_promoter_upstream_window,REJECT,Outside the pre-specified LDLR promoter/upstream windows.
VCV004744821,11106545,C,T,NM_000527.5(LDLR):c.695-20C>T,,intronic,Likely benign,1.0,0.9998,0.0039,0,BENIGN,non_coding_transcript_exon_variant,0.15,MODIFIER,-1.0,,Low Impact,False,AGREEMENT,Convergent evidence from structural and sequence analysis.,Benign,ClinVar_Benign,LDLR,True,False,intronic,benign_or_likely_benign,,,,,,False,0.9987,False,False,False,False,False,False,LDLR_promoter_super_enhancer,11090529,11096833,9712,outside_promoter_upstream_window,REJECT,Outside the pre-specified LDLR promoter/upstream windows.
VCV002783481,11106547,C,G,NM_000527.5(LDLR):c.695-18C>G,,intronic,Likely benign,1.0,0.9998,0.0038,0,BENIGN,non_coding_transcript_exon_variant,0.15,MODIFIER,-1.0,,Low Impact,False,AGREEMENT,Convergent evidence from structural and sequence analysis.,Benign,ClinVar_Benign,LDLR,True,False,intronic,benign_or_likely_benign,,,,,,False,0.9987,False,False,False,False,False,False,LDLR_promoter_super_enhancer,11090529,11096833,9714,outside_promoter_upstream_window,REJECT,Outside the pre-specified LDLR promoter/upstream windows.
VCV002964275,11106548,T,C,NM_000527.5(LDLR):c.695-17T>C,,intronic,Likely benign,1.0,0.9998,0.0034,0,BENIGN,splice_polypyrimidine_tract_variant,0.3,LOW,-1.0,,Moderate Impact,False,AGREEMENT,Convergent evidence from structural and sequence analysis.,Benign,ClinVar_Benign,LDLR,True,False,intronic,benign_or_likely_benign,,,,,,False,0.9987,False,False,False,False,False,False,LDLR_promoter_super_enhancer,11090529,11096833,9715,outside_promoter_upstream_window,REJECT,Outside the pre-specified LDLR promoter/upstream windows.
VCV002827989,11106550,T,G,NM_000527.5(LDLR):c.695-15T>G,,intronic,Likely benign,1.0,0.9998,0.0034,0,BENIGN,splice_polypyrimidine_tract_variant,0.3,LOW,-1.0,,Moderate Impact,False,AGREEMENT,Convergent evidence from structural and sequence analysis.,Benign,ClinVar_Benign,LDLR,True,False,intronic,benign_or_likely_benign,,,,,,False,0.9987,False,False,False,False,False,False,LDLR_promoter_super_enhancer,11090529,11096833,9717,outside_promoter_upstream_window,REJECT,Outside the pre-specified LDLR promoter/upstream windows.
VCV000251410,11106552,T,C,NM_000527.5(LDLR):c.695-13T>C,,intronic,Likely benign,1.0,0.9998,0.0038,0,BENIGN,splice_polypyrimidine_tract_variant,0.3,LOW,-1.0,,Moderate Impact,False,AGREEMENT,Convergent evidence from structural and sequence analysis.,Benign,ClinVar_Benign,LDLR,True,False,intronic,benign_or_likely_benign,,,,,,False,0.9987,False,False,False,False,False,False,LDLR_promoter_super_enhancer,11090529,11096833,9719,outside_promoter_upstream_window,REJECT,Outside the pre-specified LDLR promoter/upstream windows.
VCV004720611,11106553,C,A,NM_000527.5(LDLR):c.695-12C>A,,intronic,Likely benign,1.0,0.9998,0.0037,0,BENIGN,splice_polypyrimidine_tract_variant,0.3,LOW,-1.0,,Moderate Impact,False,AGREEMENT,Convergent evidence from structural and sequence analysis.,Benign,ClinVar_Benign,LDLR,True,False,intronic,benign_or_likely_benign,,,,,,False,0.9987,False,False,False,False,False,False,LDLR_promoter_super_enhancer,11090529,11096833,9720,outside_promoter_upstream_window,REJECT,Outside the pre-specified LDLR promoter/upstream windows.
VCV000923938,11106555,T,C,NM_000527.5(LDLR):c.695-10T>C,,intronic,Likely benign,1.0,0.9998,0.0038,0,BENIGN,splice_polypyrimidine_tract_variant,0.3,LOW,-1.0,,Moderate Impact,False,AGREEMENT,Convergent evidence from structural and sequence analysis.,Benign,ClinVar_Benign,LDLR,True,False,intronic,benign_or_likely_benign,,,,,,False,0.9987,False,False,False,False,False,False,LDLR_promoter_super_enhancer,11090529,11096833,9722,outside_promoter_upstream_window,REJECT,Outside the pre-specified LDLR promoter/upstream windows.
VCV000924969,11106556,G,A,NM_000527.5(LDLR):c.695-9G>A,,intronic,Likely benign,1.0,0.9998,0.0036,0,BENIGN,splice_polypyrimidine_tract_variant,0.3,LOW,-1.0,,Moderate Impact,False,AGREEMENT,Convergent evidence from structural and sequence analysis.,Benign,ClinVar_Benign,LDLR,True,False,intronic,benign_or_likely_benign,,,,,,False,0.9987,False,False,False,False,False,False,LDLR_promoter_super_enhancer,11090529,11096833,9723,outside_promoter_upstream_window,REJECT,Outside the pre-specified LDLR promoter/upstream windows.
VCV002820837,11106581,C,A,c.711C>A,,synonymous,Likely benign,1.0,1.0,0.0017,0,BENIGN,synonymous_variant,0.15,MODIFIER,-1.0,,Low Impact,False,AGREEMENT,Convergent evidence from structural and sequence analysis.,Benign,ClinVar_Benign,LDLR,True,False,coding_synonymous,benign_or_likely_benign,,,,,,False,0.9987,False,False,False,False,False,False,LDLR_promoter_super_enhancer,11090529,11096833,9748,outside_promoter_upstream_window,REJECT,Outside the pre-specified LDLR promoter/upstream windows.
VCV001171901,11106581,C,T,c.711C>T,,synonymous,Likely benign,1.0,1.0,0.0017,0,BENIGN,synonymous_variant,0.15,MODIFIER,-1.0,,Low Impact,False,AGREEMENT,Convergent evidence from structural and sequence analysis.,Benign,ClinVar_Benign,LDLR,True,False,coding_synonymous,benign_or_likely_benign,,,,,,False,0.9987,False,False,False,False,False,False,LDLR_promoter_super_enhancer,11090529,11096833,9748,outside_promoter_upstream_window,REJECT,Outside the pre-specified LDLR promoter/upstream windows.
VCV000699805,11106587,C,T,c.717C>T,,synonymous,Likely benign,1.0,0.9999,0.0018,0,BENIGN,synonymous_variant,0.15,MODIFIER,-1.0,,Low Impact,False,AGREEMENT,Convergent evidence from structural and sequence analysis.,Benign,ClinVar_Benign,LDLR,True,False,coding_synonymous,benign_or_likely_benign,,,,,,False,0.9987,False,False,False,False,False,False,LDLR_promoter_super_enhancer,11090529,11096833,9754,outside_promoter_upstream_window,REJECT,Outside the pre-specified LDLR promoter/upstream windows.
VCV000923940,11106590,A,G,c.720A>G,,synonymous,Likely benign,1.0,0.9999,0.0018,0,BENIGN,synonymous_variant,0.15,MODIFIER,-1.0,,Low Impact,False,AGREEMENT,Convergent evidence from structural and sequence analysis.,Benign,ClinVar_Benign,LDLR,True,False,coding_synonymous,benign_or_likely_benign,,,,,,False,0.9987,False,False,False,False,False,False,LDLR_promoter_super_enhancer,11090529,11096833,9757,outside_promoter_upstream_window,REJECT,Outside the pre-specified LDLR promoter/upstream windows.
VCV003231966,11106596,G,A,c.726G>A,,synonymous,Likely benign,1.0,1.0,0.0017,0,BENIGN,synonymous_variant,0.15,MODIFIER,-1.0,,Low Impact,False,AGREEMENT,Convergent evidence from structural and sequence analysis.,Benign,ClinVar_Benign,LDLR,True,False,coding_synonymous,benign_or_likely_benign,,,,,,False,0.9987,False,False,False,False,False,False,LDLR_promoter_super_enhancer,11090529,11096833,9763,outside_promoter_upstream_window,REJECT,Outside the pre-specified LDLR promoter/upstream windows.
VCV002773255,11106599,C,T,c.729C>T,,synonymous,Likely benign,1.0,1.0,0.0018,0,BENIGN,synonymous_variant,0.15,MODIFIER,-1.0,,Low Impact,False,AGREEMENT,Convergent evidence from structural and sequence analysis.,Benign,ClinVar_Benign,LDLR,True,False,coding_synonymous,benign_or_likely_benign,,,,,,False,0.9987,False,False,False,False,False,False,LDLR_promoter_super_enhancer,11090529,11096833,9766,outside_promoter_upstream_window,REJECT,Outside the pre-specified LDLR promoter/upstream windows.
VCV000766343,11106605,T,C,c.735T>C,,synonymous,Likely benign,1.0,1.0,0.0018,0,BENIGN,synonymous_variant,0.15,MODIFIER,-1.0,,Low Impact,False,AGREEMENT,Convergent evidence from structural and sequence analysis.,Benign,ClinVar_Benign,LDLR,True,False,coding_synonymous,benign_or_likely_benign,,,,,,False,0.9987,False,False,False,False,False,False,LDLR_promoter_super_enhancer,11090529,11096833,9772,outside_promoter_upstream_window,REJECT,Outside the pre-specified LDLR promoter/upstream windows.
VCV000440601,11106608,A,G,c.738A>G,,synonymous,Benign,1.0,1.0,0.0018,0,BENIGN,synonymous_variant,0.15,MODIFIER,-1.0,,Low Impact,False,AGREEMENT,Convergent evidence from structural and sequence analysis.,Benign,ClinVar_Benign,LDLR,True,False,coding_synonymous,benign_or_likely_benign,,,,,,False,0.9987,False,False,False,False,False,False,LDLR_promoter_super_enhancer,11090529,11096833,9775,outside_promoter_upstream_window,REJECT,Outside the pre-specified LDLR promoter/upstream windows.
VCV002750822,11106611,C,T,c.741C>T,,synonymous,Likely benign,1.0,1.0,0.0017,0,BENIGN,synonymous_variant,0.15,MODIFIER,-1.0,,Low Impact,False,AGREEMENT,Convergent evidence from structural and sequence analysis.,Benign,ClinVar_Benign,LDLR,True,False,coding_synonymous,benign_or_likely_benign,,,,,,False,0.9987,False,False,False,False,False,False,LDLR_promoter_super_enhancer,11090529,11096833,9778,outside_promoter_upstream_window,REJECT,Outside the pre-specified LDLR promoter/upstream windows.
VCV001455256,11106614,C,T,c.744C>T,,synonymous,Likely benign,1.0,1.0,0.0017,0,BENIGN,synonymous_variant,0.15,MODIFIER,-1.0,,Low Impact,False,AGREEMENT,Convergent evidence from structural and sequence analysis.,Benign,ClinVar_Benign,LDLR,True,False,coding_synonymous,benign_or_likely_benign,,,,,,False,0.9987,False,False,False,False,False,False,LDLR_promoter_super_enhancer,11090529,11096833,9781,outside_promoter_upstream_window,REJECT,Outside the pre-specified LDLR promoter/upstream windows.
VCV002742905,11106617,C,T,c.747C>T,,synonymous,Likely benign,1.0,1.0,0.0018,0,BENIGN,synonymous_variant,0.15,MODIFIER,-1.0,,Low Impact,False,AGREEMENT,Convergent evidence from structural and sequence analysis.,Benign,ClinVar_Benign,LDLR,True,False,coding_synonymous,benign_or_likely_benign,,,,,,False,0.9987,False,False,False,False,False,False,LDLR_promoter_super_enhancer,11090529,11096833,9784,outside_promoter_upstream_window,REJECT,Outside the pre-specified LDLR promoter/upstream windows.
VCV001759429,11106623,C,T,c.753C>T,,synonymous,Likely benign,1.0,1.0,0.0017,0,BENIGN,synonymous_variant,0.15,MODIFIER,-1.0,,Low Impact,False,AGREEMENT,Convergent evidence from structural and sequence analysis.,Benign,ClinVar_Benign,LDLR,True,False,coding_synonymous,benign_or_likely_benign,,,,,,False,0.9987,False,False,False,False,False,False,LDLR_promoter_super_enhancer,11090529,11096833,9790,outside_promoter_upstream_window,REJECT,Outside the pre-specified LDLR promoter/upstream windows.
VCV000920149,11106629,G,A,c.759G>A,,synonymous,Likely benign,1.0,1.0,0.0018,0,BENIGN,synonymous_variant,0.15,MODIFIER,-1.0,,Low Impact,False,AGREEMENT,Convergent evidence from structural and sequence analysis.,Benign,ClinVar_Benign,LDLR,True,False,coding_synonymous,benign_or_likely_benign,,,,,,False,0.9987,False,False,False,False,False,False,LDLR_promoter_super_enhancer,11090529,11096833,9796,outside_promoter_upstream_window,REJECT,Outside the pre-specified LDLR promoter/upstream windows.
VCV002188736,11106629,G,T,c.759G>T,,synonymous,Likely benign,1.0,1.0,0.0018,0,BENIGN,synonymous_variant,0.15,MODIFIER,-1.0,,Low Impact,False,AGREEMENT,Convergent evidence from structural and sequence analysis.,Benign,ClinVar_Benign,LDLR,True,False,coding_synonymous,benign_or_likely_benign,,,,,,False,0.9987,False,False,False,False,False,False,LDLR_promoter_super_enhancer,11090529,11096833,9796,outside_promoter_upstream_window,REJECT,Outside the pre-specified LDLR promoter/upstream windows.
VCV002039643,11106632,G,A,c.762G>A,,synonymous,Likely benign,1.0,1.0,0.0018,0,BENIGN,synonymous_variant,0.15,MODIFIER,-1.0,,Low Impact,False,AGREEMENT,Convergent evidence from structural and sequence analysis.,Benign,ClinVar_Benign,LDLR,True,False,coding_synonymous,benign_or_likely_benign,,,,,,False,0.9987,False,False,False,False,False,False,LDLR_promoter_super_enhancer,11090529,11096833,9799,outside_promoter_upstream_window,REJECT,Outside the pre-specified LDLR promoter/upstream windows.
VCV000251448,11106642,G,A,c.772G>A,,synonymous,Likely benign,1.0,1.0,0.0017,0,BENIGN,missense_variant,0.8,MODERATE,0.2,tolerated,Very High Impact,False,VEP_ONLY,VEP detects sequence impact (score=0.80) but structure appears intact (LSSIM=1.000). Possible compensatory mechanism.,Benign,ClinVar_Benign,LDLR,True,False,coding_synonymous,benign_or_likely_benign,,,,,,False,0.9987,False,False,False,False,False,False,LDLR_promoter_super_enhancer,11090529,11096833,9809,outside_promoter_upstream_window,REJECT,Outside the pre-specified LDLR promoter/upstream windows.
VCV000834673,11106644,A,G,c.774A>G,,synonymous,Likely benign,1.0,0.9999,0.0019,0,BENIGN,synonymous_variant,0.15,MODIFIER,-1.0,,Low Impact,False,AGREEMENT,Convergent evidence from structural and sequence analysis.,Benign,ClinVar_Benign,LDLR,True,False,coding_synonymous,benign_or_likely_benign,,,,,,False,0.9987,False,False,False,False,False,False,LDLR_promoter_super_enhancer,11090529,11096833,9811,outside_promoter_upstream_window,REJECT,Outside the pre-specified LDLR promoter/upstream windows.
VCV002970795,11106650,C,T,c.780C>T,,synonymous,Likely benign,1.0,1.0,0.0018,0,BENIGN,synonymous_variant,0.15,MODIFIER,-1.0,,Low Impact,False,AGREEMENT,Convergent evidence from structural and sequence analysis.,Benign,ClinVar_Benign,LDLR,True,False,coding_synonymous,benign_or_likely_benign,,,,,,False,0.9987,False,False,False,False,False,False,LDLR_promoter_super_enhancer,11090529,11096833,9817,outside_promoter_upstream_window,REJECT,Outside the pre-specified LDLR promoter/upstream windows.
VCV000251453,11106660,A,G,c.790A>G,,synonymous,Likely benign,1.0,0.9999,0.0019,0,BENIGN,missense_variant,0.825,MODERATE,0.15,tolerated,Very High Impact,False,VEP_ONLY,VEP detects sequence impact (score=0.82) but structure appears intact (LSSIM=1.000). Possible compensatory mechanism.,Benign,ClinVar_Benign,LDLR,True,False,coding_synonymous,benign_or_likely_benign,,,,,,False,0.9987,False,False,False,False,False,False,LDLR_promoter_super_enhancer,11090529,11096833,9827,outside_promoter_upstream_window,REJECT,Outside the pre-specified LDLR promoter/upstream windows.
VCV000919464,11106665,C,T,c.795C>T,,synonymous,Likely benign,1.0,0.9999,0.0018,0,BENIGN,synonymous_variant,0.15,MODIFIER,-1.0,,Low Impact,False,AGREEMENT,Convergent evidence from structural and sequence analysis.,Benign,ClinVar_Benign,LDLR,True,False,coding_synonymous,benign_or_likely_benign,,,,,,False,0.9987,False,False,False,False,False,False,LDLR_promoter_super_enhancer,11090529,11096833,9832,outside_promoter_upstream_window,REJECT,Outside the pre-specified LDLR promoter/upstream windows.
VCV001560065,11106668,T,C,c.798T>C,,synonymous,Likely benign,1.0,1.0,0.0018,0,BENIGN,synonymous_variant,0.15,MODIFIER,-1.0,,Low Impact,False,AGREEMENT,Convergent evidence from structural and sequence analysis.,Benign,ClinVar_Benign,LDLR,True,False,coding_synonymous,benign_or_likely_benign,,,,,,False,0.9987,False,False,False,False,False,False,LDLR_promoter_super_enhancer,11090529,11096833,9835,outside_promoter_upstream_window,REJECT,Outside the pre-specified LDLR promoter/upstream windows.
VCV001761811,11106674,T,C,c.804T>C,,synonymous,Likely benign,1.0,1.0,0.0018,0,BENIGN,synonymous_variant,0.15,MODIFIER,-1.0,,Low Impact,False,AGREEMENT,Convergent evidence from structural and sequence analysis.,Benign,ClinVar_Benign,LDLR,True,False,coding_synonymous,benign_or_likely_benign,,,,,,False,0.9987,False,False,False,False,False,False,LDLR_promoter_super_enhancer,11090529,11096833,9841,outside_promoter_upstream_window,REJECT,Outside the pre-specified LDLR promoter/upstream windows.
VCV000161279,11106676,G,A,c.806G>A,,synonymous,Likely benign,1.0,1.0,0.0017,0,BENIGN,missense_variant,0.83,MODERATE,0.14,tolerated,Very High Impact,False,VEP_ONLY,VEP detects sequence impact (score=0.83) but structure appears intact (LSSIM=1.000). Possible compensatory mechanism.,Benign,ClinVar_Benign,LDLR,True,False,coding_synonymous,benign_or_likely_benign,,,,,,False,0.9987,False,False,False,False,False,False,LDLR_promoter_super_enhancer,11090529,11096833,9843,outside_promoter_upstream_window,REJECT,Outside the pre-specified LDLR promoter/upstream windows.
VCV000927092,11106677,C,T,c.807C>T,,synonymous,Likely benign,1.0,0.9999,0.0019,0,BENIGN,synonymous_variant,0.15,MODIFIER,-1.0,,Low Impact,False,AGREEMENT,Convergent evidence from structural and sequence analysis.,Benign,ClinVar_Benign,LDLR,True,False,coding_synonymous,benign_or_likely_benign,,,,,,False,0.9987,False,False,False,False,False,False,LDLR_promoter_super_enhancer,11090529,11096833,9844,outside_promoter_upstream_window,REJECT,Outside the pre-specified LDLR promoter/upstream windows.
VCV000251466,11106680,C,T,c.810C>T,,synonymous,Likely benign,1.0,0.9999,0.002,0,BENIGN,synonymous_variant,0.15,MODIFIER,-1.0,,Low Impact,False,AGREEMENT,Convergent evidence from structural and sequence analysis.,Benign,ClinVar_Benign,LDLR,True,False,coding_synonymous,benign_or_likely_benign,,,,,,False,0.9987,False,False,False,False,False,False,LDLR_promoter_super_enhancer,11090529,11096833,9847,outside_promoter_upstream_window,REJECT,Outside the pre-specified LDLR promoter/upstream windows.
VCV000924490,11106686,T,C,c.816T>C,,synonymous,Likely benign,1.0,1.0,0.0017,0,BENIGN,splice_region_variant,0.5,LOW,-1.0,,High Impact,False,VEP_ONLY,VEP detects sequence impact (score=0.50) but structure appears intact (LSSIM=1.000). Possible compensatory mechanism.,Benign,ClinVar_Benign,LDLR,True,False,coding_synonymous,benign_or_likely_benign,,,,,,False,0.9987,False,False,False,False,False,False,LDLR_promoter_super_enhancer,11090529,11096833,9853,outside_promoter_upstream_window,REJECT,Outside the pre-specified LDLR promoter/upstream windows.
VCV001099637,11106694,G,T,NM_000527.5(LDLR):c.817+7G>T,,intronic,Likely benign,1.0,0.9998,0.0038,0,BENIGN,splice_region_variant,0.5,LOW,-1.0,,High Impact,False,VEP_ONLY,VEP detects sequence impact (score=0.50) but structure appears intact (LSSIM=1.000). Possible compensatory mechanism.,Benign,ClinVar_Benign,LDLR,True,False,intronic,benign_or_likely_benign,,,,,,False,0.9987,False,False,False,False,False,False,LDLR_promoter_super_enhancer,11090529,11096833,9861,outside_promoter_upstream_window,REJECT,Outside the pre-specified LDLR promoter/upstream windows.
VCV001530158,11106694,G,A,NM_000527.5(LDLR):c.817+7G>A,,intronic,Likely benign,1.0,0.9998,0.0038,0,BENIGN,splice_region_variant,0.5,LOW,-1.0,,High Impact,False,VEP_ONLY,VEP detects sequence impact (score=0.50) but structure appears intact (LSSIM=1.000). Possible compensatory mechanism.,Benign,ClinVar_Benign,LDLR,True,False,intronic,benign_or_likely_benign,,,,,,False,0.9987,False,False,False,False,False,False,LDLR_promoter_super_enhancer,11090529,11096833,9861,outside_promoter_upstream_window,REJECT,Outside the pre-specified LDLR promoter/upstream windows.
VCV000431514,11106696,T,C,NM_000527.5(LDLR):c.817+9T>C,,intronic,Likely benign,1.0,0.9998,0.0036,0,BENIGN,intron_variant,0.15,MODIFIER,-1.0,,Low Impact,False,AGREEMENT,Convergent evidence from structural and sequence analysis.,Benign,ClinVar_Benign,LDLR,True,False,intronic,benign_or_likely_benign,,,,,,False,0.9987,False,False,False,False,False,False,LDLR_promoter_super_enhancer,11090529,11096833,9863,outside_promoter_upstream_window,REJECT,Outside the pre-specified LDLR promoter/upstream windows.
VCV002974170,11106700,C,T,NM_000527.5(LDLR):c.817+13C>T,,intronic,Likely benign,1.0,0.9998,0.0035,0,BENIGN,intron_variant,0.15,MODIFIER,-1.0,,Low Impact,False,AGREEMENT,Convergent evidence from structural and sequence analysis.,Benign,ClinVar_Benign,LDLR,True,False,intronic,benign_or_likely_benign,,,,,,False,0.9987,False,False,False,False,False,False,LDLR_promoter_super_enhancer,11090529,11096833,9867,outside_promoter_upstream_window,REJECT,Outside the pre-specified LDLR promoter/upstream windows.
VCV003004683,11106705,G,C,NM_000527.5(LDLR):c.817+18G>C,,intronic,Likely benign,1.0,0.9998,0.0035,0,BENIGN,intron_variant,0.15,MODIFIER,-1.0,,Low Impact,False,AGREEMENT,Convergent evidence from structural and sequence analysis.,Benign,ClinVar_Benign,LDLR,True,False,intronic,benign_or_likely_benign,,,,,,False,0.9987,False,False,False,False,False,False,LDLR_promoter_super_enhancer,11090529,11096833,9872,outside_promoter_upstream_window,REJECT,Outside the pre-specified LDLR promoter/upstream windows.
VCV003017165,11106706,G,A,NM_000527.5(LDLR):c.817+19G>A,,intronic,Likely benign,1.0,0.9998,0.0038,0,BENIGN,intron_variant,0.15,MODIFIER,-1.0,,Low Impact,False,AGREEMENT,Convergent evidence from structural and sequence analysis.,Benign,ClinVar_Benign,LDLR,True,False,intronic,benign_or_likely_benign,,,,,,False,0.9987,False,False,False,False,False,False,LDLR_promoter_super_enhancer,11090529,11096833,9873,outside_promoter_upstream_window,REJECT,Outside the pre-specified LDLR promoter/upstream windows.
VCV003290399,11107372,C,T,NM_000527.5(LDLR):c.818-20C>T,,intronic,Likely benign,1.0,0.9998,0.0036,0,BENIGN,intron_variant,0.15,MODIFIER,-1.0,,Low Impact,False,AGREEMENT,Convergent evidence from structural and sequence analysis.,Benign,ClinVar_Benign,LDLR,True,False,intronic,benign_or_likely_benign,,,,,,False,0.9987,False,False,False,False,False,False,LDLR_promoter_super_enhancer,11090529,11096833,10539,outside_promoter_upstream_window,REJECT,Outside the pre-specified LDLR promoter/upstream windows.
VCV002838521,11107372,C,G,NM_000527.5(LDLR):c.818-20C>G,,intronic,Likely benign,1.0,0.9998,0.0036,0,BENIGN,intron_variant,0.15,MODIFIER,-1.0,,Low Impact,False,AGREEMENT,Convergent evidence from structural and sequence analysis.,Benign,ClinVar_Benign,LDLR,True,False,intronic,benign_or_likely_benign,,,,,,False,0.9987,False,False,False,False,False,False,LDLR_promoter_super_enhancer,11090529,11096833,10539,outside_promoter_upstream_window,REJECT,Outside the pre-specified LDLR promoter/upstream windows.
VCV000919422,11107377,C,G,NM_000527.5(LDLR):c.818-15C>G,,intronic,Benign/Likely benign,1.0,0.9998,0.0037,0,BENIGN,splice_polypyrimidine_tract_variant,0.3,LOW,-1.0,,Moderate Impact,False,AGREEMENT,Convergent evidence from structural and sequence analysis.,Benign,ClinVar_Benign,LDLR,True,False,intronic,benign_or_likely_benign,,,,,,False,0.9987,False,False,False,False,False,False,LDLR_promoter_super_enhancer,11090529,11096833,10544,outside_promoter_upstream_window,REJECT,Outside the pre-specified LDLR promoter/upstream windows.
VCV003643240,11107379,C,G,NM_000527.5(LDLR):c.818-13C>G,,intronic,Likely benign,1.0,0.9998,0.0037,0,BENIGN,splice_polypyrimidine_tract_variant,0.3,LOW,-1.0,,Moderate Impact,False,AGREEMENT,Convergent evidence from structural and sequence analysis.,Benign,ClinVar_Benign,LDLR,True,False,intronic,benign_or_likely_benign,,,,,,False,0.9987,False,False,False,False,False,False,LDLR_promoter_super_enhancer,11090529,11096833,10546,outside_promoter_upstream_window,REJECT,Outside the pre-specified LDLR promoter/upstream windows.
VCV002902557,11107379,C,T,NM_000527.5(LDLR):c.818-13C>T,,intronic,Likely benign,1.0,0.9998,0.0037,0,BENIGN,splice_polypyrimidine_tract_variant,0.3,LOW,-1.0,,Moderate Impact,False,AGREEMENT,Convergent evidence from structural and sequence analysis.,Benign,ClinVar_Benign,LDLR,True,False,intronic,benign_or_likely_benign,,,,,,False,0.9987,False,False,False,False,False,False,LDLR_promoter_super_enhancer,11090529,11096833,10546,outside_promoter_upstream_window,REJECT,Outside the pre-specified LDLR promoter/upstream windows.
VCV002183327,11107385,C,A,NM_000527.5(LDLR):c.818-7C>A,,intronic,Likely benign,1.0,0.9998,0.0035,0,BENIGN,splice_region_variant,0.5,LOW,-1.0,,High Impact,False,VEP_ONLY,VEP detects sequence impact (score=0.50) but structure appears intact (LSSIM=1.000). Possible compensatory mechanism.,Benign,ClinVar_Benign,LDLR,True,False,intronic,benign_or_likely_benign,,,,,,False,0.9987,False,False,False,False,False,False,LDLR_promoter_super_enhancer,11090529,11096833,10552,outside_promoter_upstream_window,REJECT,Outside the pre-specified LDLR promoter/upstream windows.
VCV002069201,11107387,C,T,NM_000527.5(LDLR):c.818-5C>T,,intronic,Likely benign,1.0,0.9998,0.0037,0,BENIGN,splice_region_variant,0.5,LOW,-1.0,,High Impact,False,VEP_ONLY,VEP detects sequence impact (score=0.50) but structure appears intact (LSSIM=1.000). Possible compensatory mechanism.,Benign,ClinVar_Benign,LDLR,True,False,intronic,benign_or_likely_benign,,,,,,False,0.9987,False,False,False,False,False,False,LDLR_promoter_super_enhancer,11090529,11096833,10554,outside_promoter_upstream_window,REJECT,Outside the pre-specified LDLR promoter/upstream windows.
VCV002822431,11107388,A,G,NM_000527.5(LDLR):c.818-4A>G,,intronic,Likely benign,1.0,0.9998,0.0036,0,BENIGN,splice_region_variant,0.5,LOW,-1.0,,High Impact,False,VEP_ONLY,VEP detects sequence impact (score=0.50) but structure appears intact (LSSIM=1.000). Possible compensatory mechanism.,Benign,ClinVar_Benign,LDLR,True,False,intronic,benign_or_likely_benign,,,,,,False,0.9987,False,False,False,False,False,False,LDLR_promoter_super_enhancer,11090529,11096833,10555,outside_promoter_upstream_window,REJECT,Outside the pre-specified LDLR promoter/upstream windows.
VCV003069329,11107389,C,T,NM_000527.5(LDLR):c.818-3C>T,,intronic,Likely benign,1.0,0.9998,0.0034,0,BENIGN,splice_region_variant,0.5,LOW,-1.0,,High Impact,False,VEP_ONLY,VEP detects sequence impact (score=0.50) but structure appears intact (LSSIM=1.000). Possible compensatory mechanism.,Benign,ClinVar_Benign,LDLR,True,False,intronic,benign_or_likely_benign,,,,,,False,0.9987,False,False,False,False,False,False,LDLR_promoter_super_enhancer,11090529,11096833,10556,outside_promoter_upstream_window,REJECT,Outside the pre-specified LDLR promoter/upstream windows.
VCV000440605,11107393,G,A,c.819G>A,,synonymous,Likely benign,1.0,1.0,0.0017,0,BENIGN,splice_region_variant,0.5,LOW,-1.0,,High Impact,False,VEP_ONLY,VEP detects sequence impact (score=0.50) but structure appears intact (LSSIM=1.000). Possible compensatory mechanism.,Benign,ClinVar_Benign,LDLR,True,False,coding_synonymous,benign_or_likely_benign,,,,,,False,0.9987,False,False,False,False,False,False,LDLR_promoter_super_enhancer,11090529,11096833,10560,outside_promoter_upstream_window,REJECT,Outside the pre-specified LDLR promoter/upstream windows.
VCV000251477,11107394,A,T,c.820A>T,,synonymous,Likely benign,1.0,1.0,0.0017,0,BENIGN,missense_variant,0.805,MODERATE,0.19,tolerated,Very High Impact,False,VEP_ONLY,VEP detects sequence impact (score=0.81) but structure appears intact (LSSIM=1.000). Possible compensatory mechanism.,Benign,ClinVar_Benign,LDLR,True,False,coding_synonymous,benign_or_likely_benign,,,,,,False,0.9987,False,False,False,False,False,False,LDLR_promoter_super_enhancer,11090529,11096833,10561,outside_promoter_upstream_window,REJECT,Outside the pre-specified LDLR promoter/upstream windows.
VCV002788116,11107399,C,G,c.825C>G,,synonymous,Likely benign,1.0,1.0,0.0017,0,BENIGN,synonymous_variant,0.15,MODIFIER,-1.0,,Low Impact,False,AGREEMENT,Convergent evidence from structural and sequence analysis.,Benign,ClinVar_Benign,LDLR,True,False,coding_synonymous,benign_or_likely_benign,,,,,,False,0.9987,False,False,False,False,False,False,LDLR_promoter_super_enhancer,11090529,11096833,10566,outside_promoter_upstream_window,REJECT,Outside the pre-specified LDLR promoter/upstream windows.
VCV000440606,11107402,C,T,c.828C>T,,synonymous,Benign/Likely benign,1.0,1.0,0.0018,0,BENIGN,synonymous_variant,0.15,MODIFIER,-1.0,,Low Impact,False,AGREEMENT,Convergent evidence from structural and sequence analysis.,Benign,ClinVar_Benign,LDLR,True,False,coding_synonymous,benign_or_likely_benign,,,,,,False,0.9987,False,False,False,False,False,False,LDLR_promoter_super_enhancer,11090529,11096833,10569,outside_promoter_upstream_window,REJECT,Outside the pre-specified LDLR promoter/upstream windows.
VCV001618817,11107417,G,A,c.843G>A,,synonymous,Likely benign,1.0,0.9999,0.002,0,BENIGN,synonymous_variant,0.15,MODIFIER,-1.0,,Low Impact,False,AGREEMENT,Convergent evidence from structural and sequence analysis.,Benign,ClinVar_Benign,LDLR,True,False,coding_synonymous,benign_or_likely_benign,,,,,,False,0.9987,False,False,False,False,False,False,LDLR_promoter_super_enhancer,11090529,11096833,10584,outside_promoter_upstream_window,REJECT,Outside the pre-specified LDLR promoter/upstream windows.
VCV000575952,11107435,C,T,c.861C>T,,synonymous,Likely benign,1.0,1.0,0.0018,0,BENIGN,synonymous_variant,0.15,MODIFIER,-1.0,,Low Impact,False,AGREEMENT,Convergent evidence from structural and sequence analysis.,Benign,ClinVar_Benign,LDLR,True,False,coding_synonymous,benign_or_likely_benign,,,,,,False,0.9987,False,False,False,False,False,False,LDLR_promoter_super_enhancer,11090529,11096833,10602,outside_promoter_upstream_window,REJECT,Outside the pre-specified LDLR promoter/upstream windows.
VCV002018484,11107441,C,T,c.867C>T,,synonymous,Likely benign,1.0,1.0,0.0018,0,BENIGN,synonymous_variant,0.15,MODIFIER,-1.0,,Low Impact,False,AGREEMENT,Convergent evidence from structural and sequence analysis.,Benign,ClinVar_Benign,LDLR,True,False,coding_synonymous,benign_or_likely_benign,,,,,,False,0.9987,False,False,False,False,False,False,LDLR_promoter_super_enhancer,11090529,11096833,10608,outside_promoter_upstream_window,REJECT,Outside the pre-specified LDLR promoter/upstream windows.
VCV001950496,11107447,C,T,c.873C>T,,synonymous,Likely benign,1.0,0.9999,0.0019,0,BENIGN,synonymous_variant,0.15,MODIFIER,-1.0,,Low Impact,False,AGREEMENT,Convergent evidence from structural and sequence analysis.,Benign,ClinVar_Benign,LDLR,True,False,coding_synonymous,benign_or_likely_benign,,,,,,False,0.9987,False,False,False,False,False,False,LDLR_promoter_super_enhancer,11090529,11096833,10614,outside_promoter_upstream_window,REJECT,Outside the pre-specified LDLR promoter/upstream windows.
VCV002107724,11107447,C,A,c.873C>A,,synonymous,Likely benign,1.0,0.9999,0.0019,0,BENIGN,synonymous_variant,0.15,MODIFIER,-1.0,,Low Impact,False,AGREEMENT,Convergent evidence from structural and sequence analysis.,Benign,ClinVar_Benign,LDLR,True,False,coding_synonymous,benign_or_likely_benign,,,,,,False,0.9987,False,False,False,False,False,False,LDLR_promoter_super_enhancer,11090529,11096833,10614,outside_promoter_upstream_window,REJECT,Outside the pre-specified LDLR promoter/upstream windows.
VCV001090153,11107448,C,T,c.874C>T,,synonymous,Likely benign,1.0,1.0,0.0017,0,BENIGN,synonymous_variant,0.15,MODIFIER,-1.0,,Low Impact,False,AGREEMENT,Convergent evidence from structural and sequence analysis.,Benign,ClinVar_Benign,LDLR,True,False,coding_synonymous,benign_or_likely_benign,,,,,,False,0.9987,False,False,False,False,False,False,LDLR_promoter_super_enhancer,11090529,11096833,10615,outside_promoter_upstream_window,REJECT,Outside the pre-specified LDLR promoter/upstream windows.
VCV002813334,11107459,C,T,c.885C>T,,synonymous,Likely benign,1.0,0.9999,0.0019,0,BENIGN,synonymous_variant,0.15,MODIFIER,-1.0,,Low Impact,False,AGREEMENT,Convergent evidence from structural and sequence analysis.,Benign,ClinVar_Benign,LDLR,True,False,coding_synonymous,benign_or_likely_benign,,,,,,False,0.9987,False,False,False,False,False,False,LDLR_promoter_super_enhancer,11090529,11096833,10626,outside_promoter_upstream_window,REJECT,Outside the pre-specified LDLR promoter/upstream windows.
VCV001332239,11107465,C,T,c.891C>T,,synonymous,Likely benign,1.0,0.9999,0.0019,0,BENIGN,synonymous_variant,0.15,MODIFIER,-1.0,,Low Impact,False,AGREEMENT,Convergent evidence from structural and sequence analysis.,Benign,ClinVar_Benign,LDLR,True,False,coding_synonymous,benign_or_likely_benign,,,,,,False,0.9987,False,False,False,False,False,False,LDLR_promoter_super_enhancer,11090529,11096833,10632,outside_promoter_upstream_window,REJECT,Outside the pre-specified LDLR promoter/upstream windows.
VCV003537741,11107471,T,C,c.897T>C,,synonymous,Likely benign,1.0,1.0,0.0018,0,BENIGN,synonymous_variant,0.15,MODIFIER,-1.0,,Low Impact,False,AGREEMENT,Convergent evidence from structural and sequence analysis.,Benign,ClinVar_Benign,LDLR,True,False,coding_synonymous,benign_or_likely_benign,,,,,,False,0.9987,False,False,False,False,False,False,LDLR_promoter_super_enhancer,11090529,11096833,10638,outside_promoter_upstream_window,REJECT,Outside the pre-specified LDLR promoter/upstream windows.
VCV001092476,11107471,T,G,c.897T>G,,synonymous,Likely benign,1.0,1.0,0.0018,0,BENIGN,synonymous_variant,0.15,MODIFIER,-1.0,,Low Impact,False,AGREEMENT,Convergent evidence from structural and sequence analysis.,Benign,ClinVar_Benign,LDLR,True,False,coding_synonymous,benign_or_likely_benign,,,,,,False,0.9987,False,False,False,False,False,False,LDLR_promoter_super_enhancer,11090529,11096833,10638,outside_promoter_upstream_window,REJECT,Outside the pre-specified LDLR promoter/upstream windows.
VCV002186961,11107474,A,G,c.900A>G,,synonymous,Likely benign,1.0,1.0,0.0018,0,BENIGN,synonymous_variant,0.15,MODIFIER,-1.0,,Low Impact,False,AGREEMENT,Convergent evidence from structural and sequence analysis.,Benign,ClinVar_Benign,LDLR,True,False,coding_synonymous,benign_or_likely_benign,,,,,,False,0.9987,False,False,False,False,False,False,LDLR_promoter_super_enhancer,11090529,11096833,10641,outside_promoter_upstream_window,REJECT,Outside the pre-specified LDLR promoter/upstream windows.
VCV002743604,11107477,C,T,c.903C>T,,synonymous,Likely benign,1.0,0.9999,0.0019,0,BENIGN,synonymous_variant,0.15,MODIFIER,-1.0,,Low Impact,False,AGREEMENT,Convergent evidence from structural and sequence analysis.,Benign,ClinVar_Benign,LDLR,True,False,coding_synonymous,benign_or_likely_benign,,,,,,False,0.9987,False,False,False,False,False,False,LDLR_promoter_super_enhancer,11090529,11096833,10644,outside_promoter_upstream_window,REJECT,Outside the pre-specified LDLR promoter/upstream windows.
VCV003074313,11107486,C,T,c.912C>T,,synonymous,Likely benign,1.0,1.0,0.0016,0,BENIGN,synonymous_variant,0.15,MODIFIER,-1.0,,Low Impact,False,AGREEMENT,Convergent evidence from structural and sequence analysis.,Benign,ClinVar_Benign,LDLR,True,False,coding_synonymous,benign_or_likely_benign,,,,,,False,0.9987,False,False,False,False,False,False,LDLR_promoter_super_enhancer,11090529,11096833,10653,outside_promoter_upstream_window,REJECT,Outside the pre-specified LDLR promoter/upstream windows.
VCV000920456,11107498,A,G,c.924A>G,,synonymous,Likely benign,1.0,1.0,0.0019,0,BENIGN,synonymous_variant,0.15,MODIFIER,-1.0,,Low Impact,False,AGREEMENT,Convergent evidence from structural and sequence analysis.,Benign,ClinVar_Benign,LDLR,True,False,coding_synonymous,benign_or_likely_benign,,,,,,False,0.9987,False,False,False,False,False,False,LDLR_promoter_super_enhancer,11090529,11096833,10665,outside_promoter_upstream_window,REJECT,Outside the pre-specified LDLR promoter/upstream windows.
VCV000251529,11107503,T,C,c.929T>C,,synonymous,Likely benign,1.0,0.9999,0.0019,0,BENIGN,missense_variant,0.895,MODERATE,0.01,deleterious,Very High Impact,False,VEP_ONLY,VEP detects sequence impact (score=0.90) but structure appears intact (LSSIM=1.000). Possible compensatory mechanism.,Benign,ClinVar_Benign,LDLR,True,False,coding_synonymous,benign_or_likely_benign,,,,,,False,0.9987,False,False,False,False,False,False,LDLR_promoter_super_enhancer,11090529,11096833,10670,outside_promoter_upstream_window,REJECT,Outside the pre-specified LDLR promoter/upstream windows.
VCV001548309,11107504,C,T,c.930C>T,,synonymous,Likely benign,1.0,1.0,0.0018,0,BENIGN,synonymous_variant,0.15,MODIFIER,-1.0,,Low Impact,False,AGREEMENT,Convergent evidence from structural and sequence analysis.,Benign,ClinVar_Benign,LDLR,True,False,coding_synonymous,benign_or_likely_benign,,,,,,False,0.9987,False,False,False,False,False,False,LDLR_promoter_super_enhancer,11090529,11096833,10671,outside_promoter_upstream_window,REJECT,Outside the pre-specified LDLR promoter/upstream windows.
VCV001097733,11107510,G,A,c.936G>A,,synonymous,Likely benign,1.0,1.0,0.0018,0,BENIGN,synonymous_variant,0.15,MODIFIER,-1.0,,Low Impact,False,AGREEMENT,Convergent evidence from structural and sequence analysis.,Benign,ClinVar_Benign,LDLR,True,False,coding_synonymous,benign_or_likely_benign,,,,,,False,0.9987,False,False,False,False,False,False,LDLR_promoter_super_enhancer,11090529,11096833,10677,outside_promoter_upstream_window,REJECT,Outside the pre-specified LDLR promoter/upstream windows.
VCV001766789,11107513,C,T,c.939C>T,,synonymous,Likely benign,1.0,0.9999,0.0019,0,BENIGN,splice_region_variant,0.5,LOW,-1.0,,High Impact,False,VEP_ONLY,VEP detects sequence impact (score=0.50) but structure appears intact (LSSIM=1.000). Possible compensatory mechanism.,Benign,ClinVar_Benign,LDLR,True,False,coding_synonymous,benign_or_likely_benign,,,,,,False,0.9987,False,False,False,False,False,False,LDLR_promoter_super_enhancer,11090529,11096833,10680,outside_promoter_upstream_window,REJECT,Outside the pre-specified LDLR promoter/upstream windows.
VCV002848148,11107521,C,A,NM_000527.5(LDLR):c.940+7C>A,,intronic,Likely benign,1.0,0.9998,0.0036,0,BENIGN,splice_region_variant,0.5,LOW,-1.0,,High Impact,False,VEP_ONLY,VEP detects sequence impact (score=0.50) but structure appears intact (LSSIM=1.000). Possible compensatory mechanism.,Benign,ClinVar_Benign,LDLR,True,False,intronic,benign_or_likely_benign,,,,,,False,0.9987,False,False,False,False,False,False,LDLR_promoter_super_enhancer,11090529,11096833,10688,outside_promoter_upstream_window,REJECT,Outside the pre-specified LDLR promoter/upstream windows.
VCV001142475,11107522,T,C,NM_000527.5(LDLR):c.940+8T>C,,intronic,Likely benign,1.0,0.9998,0.0036,0,BENIGN,splice_region_variant,0.5,LOW,-1.0,,High Impact,False,VEP_ONLY,VEP detects sequence impact (score=0.50) but structure appears intact (LSSIM=1.000). Possible compensatory mechanism.,Benign,ClinVar_Benign,LDLR,True,False,intronic,benign_or_likely_benign,,,,,,False,0.9987,False,False,False,False,False,False,LDLR_promoter_super_enhancer,11090529,11096833,10689,outside_promoter_upstream_window,REJECT,Outside the pre-specified LDLR promoter/upstream windows.
VCV002129085,11107523,C,G,NM_000527.5(LDLR):c.940+9C>G,,intronic,Likely benign,1.0,0.9998,0.0036,0,BENIGN,intron_variant,0.15,MODIFIER,-1.0,,Low Impact,False,AGREEMENT,Convergent evidence from structural and sequence analysis.,Benign,ClinVar_Benign,LDLR,True,False,intronic,benign_or_likely_benign,,,,,,False,0.9987,False,False,False,False,False,False,LDLR_promoter_super_enhancer,11090529,11096833,10690,outside_promoter_upstream_window,REJECT,Outside the pre-specified LDLR promoter/upstream windows.
VCV000328051,11107523,C,T,NM_000527.5(LDLR):c.940+9C>T,,intronic,Benign,1.0,0.9998,0.0036,0,BENIGN,intron_variant,0.15,MODIFIER,-1.0,,Low Impact,False,AGREEMENT,Convergent evidence from structural and sequence analysis.,Benign,ClinVar_Benign,LDLR,True,False,intronic,benign_or_likely_benign,,,,,,False,0.9987,False,False,False,False,False,False,LDLR_promoter_super_enhancer,11090529,11096833,10690,outside_promoter_upstream_window,REJECT,Outside the pre-specified LDLR promoter/upstream windows.
VCV000630370,11107524,G,A,NM_000527.5(LDLR):c.940+10G>A,,intronic,Likely benign,1.0,0.9998,0.0034,0,BENIGN,intron_variant,0.15,MODIFIER,-1.0,,Low Impact,False,AGREEMENT,Convergent evidence from structural and sequence analysis.,Benign,ClinVar_Benign,LDLR,True,False,intronic,benign_or_likely_benign,,,,,,False,0.9987,False,False,False,False,False,False,LDLR_promoter_super_enhancer,11090529,11096833,10691,outside_promoter_upstream_window,REJECT,Outside the pre-specified LDLR promoter/upstream windows.
VCV000251545,11107530,G,A,NM_000527.5(LDLR):c.940+16G>A,,intronic,Likely benign,1.0,0.9998,0.0038,0,BENIGN,intron_variant,0.15,MODIFIER,-1.0,,Low Impact,False,AGREEMENT,Convergent evidence from structural and sequence analysis.,Benign,ClinVar_Benign,LDLR,True,False,intronic,benign_or_likely_benign,,,,,,False,0.9987,False,False,False,False,False,False,LDLR_promoter_super_enhancer,11090529,11096833,10697,outside_promoter_upstream_window,REJECT,Outside the pre-specified LDLR promoter/upstream windows.
VCV002855425,11107531,G,T,NM_000527.5(LDLR):c.940+17G>T,,intronic,Likely benign,1.0,0.9998,0.0038,0,BENIGN,intron_variant,0.15,MODIFIER,-1.0,,Low Impact,False,AGREEMENT,Convergent evidence from structural and sequence analysis.,Benign,ClinVar_Benign,LDLR,True,False,intronic,benign_or_likely_benign,,,,,,False,0.9987,False,False,False,False,False,False,LDLR_promoter_super_enhancer,11090529,11096833,10698,outside_promoter_upstream_window,REJECT,Outside the pre-specified LDLR promoter/upstream windows.
VCV002858705,11107532,C,T,NM_000527.5(LDLR):c.940+18C>T,,intronic,Likely benign,1.0,0.9999,0.0033,0,BENIGN,intron_variant,0.15,MODIFIER,-1.0,,Low Impact,False,AGREEMENT,Convergent evidence from structural and sequence analysis.,Benign,ClinVar_Benign,LDLR,True,False,intronic,benign_or_likely_benign,,,,,,False,0.9987,False,False,False,False,False,False,LDLR_promoter_super_enhancer,11090529,11096833,10699,outside_promoter_upstream_window,REJECT,Outside the pre-specified LDLR promoter/upstream windows.
VCV003018826,11107533,G,A,NM_000527.5(LDLR):c.940+19G>A,,intronic,Likely benign,1.0,0.9998,0.0038,0,BENIGN,intron_variant,0.15,MODIFIER,-1.0,,Low Impact,False,AGREEMENT,Convergent evidence from structural and sequence analysis.,Benign,ClinVar_Benign,LDLR,True,False,intronic,benign_or_likely_benign,,,,,,False,0.9987,False,False,False,False,False,False,LDLR_promoter_super_enhancer,11090529,11096833,10700,outside_promoter_upstream_window,REJECT,Outside the pre-specified LDLR promoter/upstream windows.
VCV000523739,11107550,G,A,NM_000527.5(LDLR):c.940+36G>A,,intronic,Benign,1.0,0.9999,0.0032,0,BENIGN,intron_variant,0.15,MODIFIER,-1.0,,Low Impact,False,AGREEMENT,Convergent evidence from structural and sequence analysis.,Benign,ClinVar_Benign,LDLR,True,False,intronic,benign_or_likely_benign,,,,,,False,0.9987,False,False,False,False,False,False,LDLR_promoter_super_enhancer,11090529,11096833,10717,outside_promoter_upstream_window,REJECT,Outside the pre-specified LDLR promoter/upstream windows.
VCV001676850,11107685,G,A,NM_000527.5(LDLR):c.940+171G>A,,intronic,Benign,1.0,0.9998,0.0036,0,BENIGN,intron_variant,0.15,MODIFIER,-1.0,,Low Impact,False,AGREEMENT,Convergent evidence from structural and sequence analysis.,Benign,ClinVar_Benign,LDLR,True,False,intronic,benign_or_likely_benign,,,,,,False,0.9987,False,False,False,False,False,False,LDLR_promoter_super_enhancer,11090529,11096833,10852,outside_promoter_upstream_window,REJECT,Outside the pre-specified LDLR promoter/upstream windows.
VCV000251548,11110613,C,T,NM_000527.5(LDLR):c.941-39C>T,,intronic,Benign,1.0,0.9998,0.0037,0,BENIGN,intron_variant,0.15,MODIFIER,-1.0,,Low Impact,False,AGREEMENT,Convergent evidence from structural and sequence analysis.,Benign,ClinVar_Benign,LDLR,True,False,intronic,benign_or_likely_benign,,,,,,False,0.9987,False,False,False,False,False,False,LDLR_promoter_super_enhancer,11090529,11096833,13780,outside_promoter_upstream_window,REJECT,Outside the pre-specified LDLR promoter/upstream windows.
VCV000251549,11110614,C,T,NM_000527.5(LDLR):c.941-38C>T,,intronic,Likely benign,1.0,0.9998,0.0037,0,BENIGN,intron_variant,0.15,MODIFIER,-1.0,,Low Impact,False,AGREEMENT,Convergent evidence from structural and sequence analysis.,Benign,ClinVar_Benign,LDLR,True,False,intronic,benign_or_likely_benign,,,,,,False,0.9987,False,False,False,False,False,False,LDLR_promoter_super_enhancer,11090529,11096833,13781,outside_promoter_upstream_window,REJECT,Outside the pre-specified LDLR promoter/upstream windows.
VCV002721092,11110632,C,T,NM_000527.5(LDLR):c.941-20C>T,,intronic,Likely benign,1.0,0.9998,0.0035,0,BENIGN,intron_variant,0.15,MODIFIER,-1.0,,Low Impact,False,AGREEMENT,Convergent evidence from structural and sequence analysis.,Benign,ClinVar_Benign,LDLR,True,False,intronic,benign_or_likely_benign,,,,,,False,0.9987,False,False,False,False,False,False,LDLR_promoter_super_enhancer,11090529,11096833,13799,outside_promoter_upstream_window,REJECT,Outside the pre-specified LDLR promoter/upstream windows.
VCV002062734,11110636,C,A,NM_000527.5(LDLR):c.941-16C>A,,intronic,Likely benign,1.0,0.9998,0.0035,0,BENIGN,splice_polypyrimidine_tract_variant,0.3,LOW,-1.0,,Moderate Impact,False,AGREEMENT,Convergent evidence from structural and sequence analysis.,Benign,ClinVar_Benign,LDLR,True,False,intronic,benign_or_likely_benign,,,,,,False,0.9987,False,False,False,False,False,False,LDLR_promoter_super_enhancer,11090529,11096833,13803,outside_promoter_upstream_window,REJECT,Outside the pre-specified LDLR promoter/upstream windows.
VCV000630371,11110637,C,T,NM_000527.5(LDLR):c.941-15C>T,,intronic,Likely benign,1.0,0.9998,0.0038,0,BENIGN,splice_polypyrimidine_tract_variant,0.3,LOW,-1.0,,Moderate Impact,False,AGREEMENT,Convergent evidence from structural and sequence analysis.,Benign,ClinVar_Benign,LDLR,True,False,intronic,benign_or_likely_benign,,,,,,False,0.9987,False,False,False,False,False,False,LDLR_promoter_super_enhancer,11090529,11096833,13804,outside_promoter_upstream_window,REJECT,Outside the pre-specified LDLR promoter/upstream windows.
VCV002911385,11110638,C,T,NM_000527.5(LDLR):c.941-14C>T,,intronic,Likely benign,1.0,0.9998,0.0037,0,BENIGN,splice_polypyrimidine_tract_variant,0.3,LOW,-1.0,,Moderate Impact,False,AGREEMENT,Convergent evidence from structural and sequence analysis.,Benign,ClinVar_Benign,LDLR,True,False,intronic,benign_or_likely_benign,,,,,,False,0.9987,False,False,False,False,False,False,LDLR_promoter_super_enhancer,11090529,11096833,13805,outside_promoter_upstream_window,REJECT,Outside the pre-specified LDLR promoter/upstream windows.
VCV002773507,11110641,G,T,NM_000527.5(LDLR):c.941-11G>T,,intronic,Likely benign,1.0,0.9998,0.0035,0,BENIGN,splice_polypyrimidine_tract_variant,0.3,LOW,-1.0,,Moderate Impact,False,AGREEMENT,Convergent evidence from structural and sequence analysis.,Benign,ClinVar_Benign,LDLR,True,False,intronic,benign_or_likely_benign,,,,,,False,0.9987,False,False,False,False,False,False,LDLR_promoter_super_enhancer,11090529,11096833,13808,outside_promoter_upstream_window,REJECT,Outside the pre-specified LDLR promoter/upstream windows.
VCV001590742,11110642,C,T,NM_000527.5(LDLR):c.941-10C>T,,intronic,Likely benign,1.0,0.9998,0.0037,0,BENIGN,splice_polypyrimidine_tract_variant,0.3,LOW,-1.0,,Moderate Impact,False,AGREEMENT,Convergent evidence from structural and sequence analysis.,Benign,ClinVar_Benign,LDLR,True,False,intronic,benign_or_likely_benign,,,,,,False,0.9987,False,False,False,False,False,False,LDLR_promoter_super_enhancer,11090529,11096833,13809,outside_promoter_upstream_window,REJECT,Outside the pre-specified LDLR promoter/upstream windows.
VCV001141800,11110645,T,C,NM_000527.5(LDLR):c.941-7T>C,,intronic,Likely benign,1.0,0.9998,0.0039,0,BENIGN,splice_region_variant,0.5,LOW,-1.0,,High Impact,False,VEP_ONLY,VEP detects sequence impact (score=0.50) but structure appears intact (LSSIM=1.000). Possible compensatory mechanism.,Benign,ClinVar_Benign,LDLR,True,False,intronic,benign_or_likely_benign,,,,,,False,0.9987,False,False,False,False,False,False,LDLR_promoter_super_enhancer,11090529,11096833,13812,outside_promoter_upstream_window,REJECT,Outside the pre-specified LDLR promoter/upstream windows.
VCV000926518,11110647,C,T,NM_000527.5(LDLR):c.941-5C>T,,intronic,Likely benign,1.0,0.9998,0.0038,0,BENIGN,splice_region_variant,0.5,LOW,-1.0,,High Impact,False,VEP_ONLY,VEP detects sequence impact (score=0.50) but structure appears intact (LSSIM=1.000). Possible compensatory mechanism.,Benign,ClinVar_Benign,LDLR,True,False,intronic,benign_or_likely_benign,,,,,,False,0.9987,False,False,False,False,False,False,LDLR_promoter_super_enhancer,11090529,11096833,13814,outside_promoter_upstream_window,REJECT,Outside the pre-specified LDLR promoter/upstream windows.
VCV004758040,11110648,G,C,NM_000527.5(LDLR):c.941-4G>C,,intronic,Likely benign,1.0,0.9998,0.0035,0,BENIGN,splice_region_variant,0.5,LOW,-1.0,,High Impact,False,VEP_ONLY,VEP detects sequence impact (score=0.50) but structure appears intact (LSSIM=1.000). Possible compensatory mechanism.,Benign,ClinVar_Benign,LDLR,True,False,intronic,benign_or_likely_benign,,,,,,False,0.9987,False,False,False,False,False,False,LDLR_promoter_super_enhancer,11090529,11096833,13815,outside_promoter_upstream_window,REJECT,Outside the pre-specified LDLR promoter/upstream windows.
VCV000224619,11110648,G,A,NM_000527.5(LDLR):c.941-4G>A,,intronic,Benign,1.0,0.9998,0.0035,0,BENIGN,splice_region_variant,0.5,LOW,-1.0,,High Impact,False,VEP_ONLY,VEP detects sequence impact (score=0.50) but structure appears intact (LSSIM=1.000). Possible compensatory mechanism.,Benign,ClinVar_Benign,LDLR,True,False,intronic,benign_or_likely_benign,,,,,,False,0.9987,False,False,False,False,False,False,LDLR_promoter_super_enhancer,11090529,11096833,13815,outside_promoter_upstream_window,REJECT,Outside the pre-specified LDLR promoter/upstream windows.
VCV000413779,11110659,C,T,c.948C>T,,synonymous,Likely benign,1.0,1.0,0.0018,0,BENIGN,synonymous_variant,0.15,MODIFIER,-1.0,,Low Impact,False,AGREEMENT,Convergent evidence from structural and sequence analysis.,Benign,ClinVar_Benign,LDLR,True,False,coding_synonymous,benign_or_likely_benign,,,,,,False,0.9987,False,False,False,False,False,False,LDLR_promoter_super_enhancer,11090529,11096833,13826,outside_promoter_upstream_window,REJECT,Outside the pre-specified LDLR promoter/upstream windows.
VCV000628712,11110662,A,G,c.951A>G,,synonymous,Likely benign,1.0,0.9999,0.002,0,BENIGN,synonymous_variant,0.15,MODIFIER,-1.0,,Low Impact,False,AGREEMENT,Convergent evidence from structural and sequence analysis.,Benign,ClinVar_Benign,LDLR,True,False,coding_synonymous,benign_or_likely_benign,,,,,,False,0.9987,False,False,False,False,False,False,LDLR_promoter_super_enhancer,11090529,11096833,13829,outside_promoter_upstream_window,REJECT,Outside the pre-specified LDLR promoter/upstream windows.
VCV002730074,11110666,T,C,c.955T>C,,synonymous,Likely benign,1.0,0.9999,0.0019,0,BENIGN,synonymous_variant,0.15,MODIFIER,-1.0,,Low Impact,False,AGREEMENT,Convergent evidence from structural and sequence analysis.,Benign,ClinVar_Benign,LDLR,True,False,coding_synonymous,benign_or_likely_benign,,,,,,False,0.9987,False,False,False,False,False,False,LDLR_promoter_super_enhancer,11090529,11096833,13833,outside_promoter_upstream_window,REJECT,Outside the pre-specified LDLR promoter/upstream windows.
VCV000630372,11110677,C,T,c.966C>T,,synonymous,Likely benign,1.0,1.0,0.0018,0,BENIGN,synonymous_variant,0.15,MODIFIER,-1.0,,Low Impact,False,AGREEMENT,Convergent evidence from structural and sequence analysis.,Benign,ClinVar_Benign,LDLR,True,False,coding_synonymous,benign_or_likely_benign,,,,,,False,0.9987,False,False,False,False,False,False,LDLR_promoter_super_enhancer,11090529,11096833,13844,outside_promoter_upstream_window,REJECT,Outside the pre-specified LDLR promoter/upstream windows.
VCV000251577,11110680,C,T,c.969C>T,,synonymous,Likely benign,1.0,0.9999,0.002,0,BENIGN,synonymous_variant,0.15,MODIFIER,-1.0,,Low Impact,False,AGREEMENT,Convergent evidence from structural and sequence analysis.,Benign,ClinVar_Benign,LDLR,True,False,coding_synonymous,benign_or_likely_benign,,,,,,False,0.9987,False,False,False,False,False,False,LDLR_promoter_super_enhancer,11090529,11096833,13847,outside_promoter_upstream_window,REJECT,Outside the pre-specified LDLR promoter/upstream windows.
VCV000161263,11110681,G,A,c.970G>A,,synonymous,Benign,1.0,1.0,0.0018,0,BENIGN,missense_variant,0.89,MODERATE,0.02,deleterious,Very High Impact,False,VEP_ONLY,VEP detects sequence impact (score=0.89) but structure appears intact (LSSIM=1.000). Possible compensatory mechanism.,Benign,ClinVar_Benign,LDLR,True,False,coding_synonymous,benign_or_likely_benign,,,,,,False,0.9987,False,False,False,False,False,False,LDLR_promoter_super_enhancer,11090529,11096833,13848,outside_promoter_upstream_window,REJECT,Outside the pre-specified LDLR promoter/upstream windows.
VCV002114666,11110683,C,T,c.972C>T,,synonymous,Likely benign,1.0,1.0,0.0017,0,BENIGN,synonymous_variant,0.15,MODIFIER,-1.0,,Low Impact,False,AGREEMENT,Convergent evidence from structural and sequence analysis.,Benign,ClinVar_Benign,LDLR,True,False,coding_synonymous,benign_or_likely_benign,,,,,,False,0.9987,False,False,False,False,False,False,LDLR_promoter_super_enhancer,11090529,11096833,13850,outside_promoter_upstream_window,REJECT,Outside the pre-specified LDLR promoter/upstream windows.
VCV002818687,11110686,T,C,c.975T>C,,synonymous,Likely benign,1.0,1.0,0.0017,0,BENIGN,synonymous_variant,0.15,MODIFIER,-1.0,,Low Impact,False,AGREEMENT,Convergent evidence from structural and sequence analysis.,Benign,ClinVar_Benign,LDLR,True,False,coding_synonymous,benign_or_likely_benign,,,,,,False,0.9987,False,False,False,False,False,False,LDLR_promoter_super_enhancer,11090529,11096833,13853,outside_promoter_upstream_window,REJECT,Outside the pre-specified LDLR promoter/upstream windows.
VCV001141386,11110689,C,G,c.978C>G,,synonymous,Likely benign,1.0,1.0,0.0018,0,BENIGN,synonymous_variant,0.15,MODIFIER,-1.0,,Low Impact,False,AGREEMENT,Convergent evidence from structural and sequence analysis.,Benign,ClinVar_Benign,LDLR,True,False,coding_synonymous,benign_or_likely_benign,,,,,,False,0.9987,False,False,False,False,False,False,LDLR_promoter_super_enhancer,11090529,11096833,13856,outside_promoter_upstream_window,REJECT,Outside the pre-specified LDLR promoter/upstream windows.
VCV003071738,11110689,C,T,c.978C>T,,synonymous,Likely benign,1.0,1.0,0.0018,0,BENIGN,synonymous_variant,0.15,MODIFIER,-1.0,,Low Impact,False,AGREEMENT,Convergent evidence from structural and sequence analysis.,Benign,ClinVar_Benign,LDLR,True,False,coding_synonymous,benign_or_likely_benign,,,,,,False,0.9987,False,False,False,False,False,False,LDLR_promoter_super_enhancer,11090529,11096833,13856,outside_promoter_upstream_window,REJECT,Outside the pre-specified LDLR promoter/upstream windows.
VCV000799297,11110692,C,T,c.981C>T,,synonymous,Likely benign,1.0,1.0,0.0017,0,BENIGN,synonymous_variant,0.15,MODIFIER,-1.0,,Low Impact,False,AGREEMENT,Convergent evidence from structural and sequence analysis.,Benign,ClinVar_Benign,LDLR,True,False,coding_synonymous,benign_or_likely_benign,,,,,,False,0.9987,False,False,False,False,False,False,LDLR_promoter_super_enhancer,11090529,11096833,13859,outside_promoter_upstream_window,REJECT,Outside the pre-specified LDLR promoter/upstream windows.
VCV002880319,11110695,C,G,c.984C>G,,synonymous,Likely benign,1.0,1.0,0.0017,0,BENIGN,synonymous_variant,0.15,MODIFIER,-1.0,,Low Impact,False,AGREEMENT,Convergent evidence from structural and sequence analysis.,Benign,ClinVar_Benign,LDLR,True,False,coding_synonymous,benign_or_likely_benign,,,,,,False,0.9987,False,False,False,False,False,False,LDLR_promoter_super_enhancer,11090529,11096833,13862,outside_promoter_upstream_window,REJECT,Outside the pre-specified LDLR promoter/upstream windows.
VCV002113748,11110698,C,T,c.987C>T,,synonymous,Likely benign,1.0,1.0,0.0017,0,BENIGN,synonymous_variant,0.15,MODIFIER,-1.0,,Low Impact,False,AGREEMENT,Convergent evidence from structural and sequence analysis.,Benign,ClinVar_Benign,LDLR,True,False,coding_synonymous,benign_or_likely_benign,,,,,,False,0.9987,False,False,False,False,False,False,LDLR_promoter_super_enhancer,11090529,11096833,13865,outside_promoter_upstream_window,REJECT,Outside the pre-specified LDLR promoter/upstream windows.
VCV000526760,11110704,C,T,c.993C>T,,synonymous,Benign/Likely benign,1.0,1.0,0.0018,0,BENIGN,synonymous_variant,0.15,MODIFIER,-1.0,,Low Impact,False,AGREEMENT,Convergent evidence from structural and sequence analysis.,Benign,ClinVar_Benign,LDLR,True,False,coding_synonymous,benign_or_likely_benign,,,,,,False,0.9987,False,False,False,False,False,False,LDLR_promoter_super_enhancer,11090529,11096833,13871,outside_promoter_upstream_window,REJECT,Outside the pre-specified LDLR promoter/upstream windows.
VCV003866806,11110710,G,A,c.999G>A,,synonymous,Likely benign,1.0,1.0,0.0017,0,BENIGN,synonymous_variant,0.15,MODIFIER,-1.0,,Low Impact,False,AGREEMENT,Convergent evidence from structural and sequence analysis.,Benign,ClinVar_Benign,LDLR,True,False,coding_synonymous,benign_or_likely_benign,,,,,,False,0.9987,False,False,False,False,False,False,LDLR_promoter_super_enhancer,11090529,11096833,13877,outside_promoter_upstream_window,REJECT,Outside the pre-specified LDLR promoter/upstream windows.
VCV000440617,11110713,C,T,c.1002C>T,,synonymous,Benign/Likely benign,1.0,0.9999,0.002,0,BENIGN,synonymous_variant,0.15,MODIFIER,-1.0,,Low Impact,False,AGREEMENT,Convergent evidence from structural and sequence analysis.,Benign,ClinVar_Benign,LDLR,True,False,coding_synonymous,benign_or_likely_benign,,,,,,False,0.9987,False,False,False,False,False,False,LDLR_promoter_super_enhancer,11090529,11096833,13880,outside_promoter_upstream_window,REJECT,Outside the pre-specified LDLR promoter/upstream windows.
VCV000918449,11110719,C,T,c.1008C>T,,synonymous,Likely benign,1.0,0.9999,0.0019,0,BENIGN,synonymous_variant,0.15,MODIFIER,-1.0,,Low Impact,False,AGREEMENT,Convergent evidence from structural and sequence analysis.,Benign,ClinVar_Benign,LDLR,True,False,coding_synonymous,benign_or_likely_benign,,,,,,False,0.9987,False,False,False,False,False,False,LDLR_promoter_super_enhancer,11090529,11096833,13886,outside_promoter_upstream_window,REJECT,Outside the pre-specified LDLR promoter/upstream windows.
VCV000629954,11110725,C,T,c.1014C>T,,synonymous,Likely benign,1.0,0.9999,0.0019,0,BENIGN,synonymous_variant,0.15,MODIFIER,-1.0,,Low Impact,False,AGREEMENT,Convergent evidence from structural and sequence analysis.,Benign,ClinVar_Benign,LDLR,True,False,coding_synonymous,benign_or_likely_benign,,,,,,False,0.9987,False,False,False,False,False,False,LDLR_promoter_super_enhancer,11090529,11096833,13892,outside_promoter_upstream_window,REJECT,Outside the pre-specified LDLR promoter/upstream windows.
VCV001456028,11110731,C,T,c.1020C>T,,synonymous,Likely benign,1.0,1.0,0.0019,0,BENIGN,synonymous_variant,0.15,MODIFIER,-1.0,,Low Impact,False,AGREEMENT,Convergent evidence from structural and sequence analysis.,Benign,ClinVar_Benign,LDLR,True,False,coding_synonymous,benign_or_likely_benign,,,,,,False,0.9987,False,False,False,False,False,False,LDLR_promoter_super_enhancer,11090529,11096833,13898,outside_promoter_upstream_window,REJECT,Outside the pre-specified LDLR promoter/upstream windows.
VCV000251602,11110733,C,G,c.1022C>G,,synonymous,Likely benign,1.0,1.0,0.0018,0,BENIGN,missense_variant,0.88,MODERATE,0.04,deleterious,Very High Impact,False,VEP_ONLY,VEP detects sequence impact (score=0.88) but structure appears intact (LSSIM=1.000). Possible compensatory mechanism.,Benign,ClinVar_Benign,LDLR,True,False,coding_synonymous,benign_or_likely_benign,,,,,,False,0.9987,False,False,False,False,False,False,LDLR_promoter_super_enhancer,11090529,11096833,13900,outside_promoter_upstream_window,REJECT,Outside the pre-specified LDLR promoter/upstream windows.
VCV003073022,11110734,C,G,c.1023C>G,,synonymous,Likely benign,1.0,1.0,0.0018,0,BENIGN,synonymous_variant,0.15,MODIFIER,-1.0,,Low Impact,False,AGREEMENT,Convergent evidence from structural and sequence analysis.,Benign,ClinVar_Benign,LDLR,True,False,coding_synonymous,benign_or_likely_benign,,,,,,False,0.9987,False,False,False,False,False,False,LDLR_promoter_super_enhancer,11090529,11096833,13901,outside_promoter_upstream_window,REJECT,Outside the pre-specified LDLR promoter/upstream windows.
VCV001101310,11110734,C,T,c.1023C>T,,synonymous,Likely benign,1.0,1.0,0.0018,0,BENIGN,synonymous_variant,0.15,MODIFIER,-1.0,,Low Impact,False,AGREEMENT,Convergent evidence from structural and sequence analysis.,Benign,ClinVar_Benign,LDLR,True,False,coding_synonymous,benign_or_likely_benign,,,,,,False,0.9987,False,False,False,False,False,False,LDLR_promoter_super_enhancer,11090529,11096833,13901,outside_promoter_upstream_window,REJECT,Outside the pre-specified LDLR promoter/upstream windows.
VCV000161274,11110735,G,A,c.1024G>A,,synonymous,Benign,1.0,0.9999,0.0019,0,BENIGN,missense_variant,0.725,MODERATE,0.35,tolerated,High Impact,False,VEP_ONLY,VEP detects sequence impact (score=0.72) but structure appears intact (LSSIM=1.000). Possible compensatory mechanism.,Benign,ClinVar_Benign,LDLR,True,False,coding_synonymous,benign_or_likely_benign,,,,,,False,0.9987,False,False,False,False,False,False,LDLR_promoter_super_enhancer,11090529,11096833,13902,outside_promoter_upstream_window,REJECT,Outside the pre-specified LDLR promoter/upstream windows.
VCV000701123,11110737,C,T,c.1026C>T,,synonymous,Likely benign,1.0,1.0,0.0017,0,BENIGN,synonymous_variant,0.15,MODIFIER,-1.0,,Low Impact,False,AGREEMENT,Convergent evidence from structural and sequence analysis.,Benign,ClinVar_Benign,LDLR,True,False,coding_synonymous,benign_or_likely_benign,,,,,,False,0.9987,False,False,False,False,False,False,LDLR_promoter_super_enhancer,11090529,11096833,13904,outside_promoter_upstream_window,REJECT,Outside the pre-specified LDLR promoter/upstream windows.
VCV003071146,11110740,C,G,c.1029C>G,,synonymous,Likely benign,1.0,0.9999,0.0019,0,BENIGN,synonymous_variant,0.15,MODIFIER,-1.0,,Low Impact,False,AGREEMENT,Convergent evidence from structural and sequence analysis.,Benign,ClinVar_Benign,LDLR,True,False,coding_synonymous,benign_or_likely_benign,,,,,,False,0.9987,False,False,False,False,False,False,LDLR_promoter_super_enhancer,11090529,11096833,13907,outside_promoter_upstream_window,REJECT,Outside the pre-specified LDLR promoter/upstream windows.
VCV003894606,11110740,C,A,c.1029C>A,,synonymous,Likely benign,1.0,0.9999,0.0019,0,BENIGN,synonymous_variant,0.15,MODIFIER,-1.0,,Low Impact,False,AGREEMENT,Convergent evidence from structural and sequence analysis.,Benign,ClinVar_Benign,LDLR,True,False,coding_synonymous,benign_or_likely_benign,,,,,,False,0.9987,False,False,False,False,False,False,LDLR_promoter_super_enhancer,11090529,11096833,13907,outside_promoter_upstream_window,REJECT,Outside the pre-specified LDLR promoter/upstream windows.
VCV003393020,11110746,G,A,c.1035G>A,,synonymous,Likely benign,1.0,0.9999,0.002,0,BENIGN,synonymous_variant,0.15,MODIFIER,-1.0,,Low Impact,False,AGREEMENT,Convergent evidence from structural and sequence analysis.,Benign,ClinVar_Benign,LDLR,True,False,coding_synonymous,benign_or_likely_benign,,,,,,False,0.9987,False,False,False,False,False,False,LDLR_promoter_super_enhancer,11090529,11096833,13913,outside_promoter_upstream_window,REJECT,Outside the pre-specified LDLR promoter/upstream windows.
VCV001626013,11110747,C,T,c.1036C>T,,synonymous,Likely benign,1.0,1.0,0.0018,0,BENIGN,synonymous_variant,0.15,MODIFIER,-1.0,,Low Impact,False,AGREEMENT,Convergent evidence from structural and sequence analysis.,Benign,ClinVar_Benign,LDLR,True,False,coding_synonymous,benign_or_likely_benign,,,,,,False,0.9987,False,False,False,False,False,False,LDLR_promoter_super_enhancer,11090529,11096833,13914,outside_promoter_upstream_window,REJECT,Outside the pre-specified LDLR promoter/upstream windows.
VCV000753703,11110749,G,A,c.1038G>A,,synonymous,Likely benign,1.0,1.0,0.0018,0,BENIGN,synonymous_variant,0.15,MODIFIER,-1.0,,Low Impact,False,AGREEMENT,Convergent evidence from structural and sequence analysis.,Benign,ClinVar_Benign,LDLR,True,False,coding_synonymous,benign_or_likely_benign,,,,,,False,0.9987,False,False,False,False,False,False,LDLR_promoter_super_enhancer,11090529,11096833,13916,outside_promoter_upstream_window,REJECT,Outside the pre-specified LDLR promoter/upstream windows.
VCV001081330,11110755,C,T,c.1044C>T,,synonymous,Likely benign,1.0,1.0,0.0018,0,BENIGN,synonymous_variant,0.15,MODIFIER,-1.0,,Low Impact,False,AGREEMENT,Convergent evidence from structural and sequence analysis.,Benign,ClinVar_Benign,LDLR,True,False,coding_synonymous,benign_or_likely_benign,,,,,,False,0.9987,False,False,False,False,False,False,LDLR_promoter_super_enhancer,11090529,11096833,13922,outside_promoter_upstream_window,REJECT,Outside the pre-specified LDLR promoter/upstream windows.
VCV000808450,11110758,G,A,c.1047G>A,,synonymous,Likely benign,1.0,1.0,0.0019,0,BENIGN,synonymous_variant,0.15,MODIFIER,-1.0,,Low Impact,False,AGREEMENT,Convergent evidence from structural and sequence analysis.,Benign,ClinVar_Benign,LDLR,True,False,coding_synonymous,benign_or_likely_benign,,,,,,False,0.9987,False,False,False,False,False,False,LDLR_promoter_super_enhancer,11090529,11096833,13925,outside_promoter_upstream_window,REJECT,Outside the pre-specified LDLR promoter/upstream windows.
VCV003611964,11110759,C,A,c.1048C>A,,synonymous,Likely benign,1.0,1.0,0.0017,0,BENIGN,synonymous_variant,0.15,MODIFIER,-1.0,,Low Impact,False,AGREEMENT,Convergent evidence from structural and sequence analysis.,Benign,ClinVar_Benign,LDLR,True,False,coding_synonymous,benign_or_likely_benign,,,,,,False,0.9987,False,False,False,False,False,False,LDLR_promoter_super_enhancer,11090529,11096833,13926,outside_promoter_upstream_window,REJECT,Outside the pre-specified LDLR promoter/upstream windows.
VCV000440619,11110761,A,C,c.1050A>C,,synonymous,Benign,1.0,1.0,0.0019,0,BENIGN,synonymous_variant,0.15,MODIFIER,-1.0,,Low Impact,False,AGREEMENT,Convergent evidence from structural and sequence analysis.,Benign,ClinVar_Benign,LDLR,True,False,coding_synonymous,benign_or_likely_benign,,,,,,False,0.9987,False,False,False,False,False,False,LDLR_promoter_super_enhancer,11090529,11096833,13928,outside_promoter_upstream_window,REJECT,Outside the pre-specified LDLR promoter/upstream windows.
VCV002568141,11110761,A,G,c.1050A>G,,synonymous,Likely benign,1.0,1.0,0.0019,0,BENIGN,synonymous_variant,0.15,MODIFIER,-1.0,,Low Impact,False,AGREEMENT,Convergent evidence from structural and sequence analysis.,Benign,ClinVar_Benign,LDLR,True,False,coding_synonymous,benign_or_likely_benign,,,,,,False,0.9987,False,False,False,False,False,False,LDLR_promoter_super_enhancer,11090529,11096833,13928,outside_promoter_upstream_window,REJECT,Outside the pre-specified LDLR promoter/upstream windows.
VCV000413780,11110767,C,T,c.1056C>T,,synonymous,Benign,1.0,1.0,0.0018,0,BENIGN,synonymous_variant,0.15,MODIFIER,-1.0,,Low Impact,False,AGREEMENT,Convergent evidence from structural and sequence analysis.,Benign,ClinVar_Benign,LDLR,True,False,coding_synonymous,benign_or_likely_benign,,,,,,False,0.9987,False,False,False,False,False,False,LDLR_promoter_super_enhancer,11090529,11096833,13934,outside_promoter_upstream_window,REJECT,Outside the pre-specified LDLR promoter/upstream windows.
VCV002770467,11110778,C,G,NM_000527.5(LDLR):c.1060+7C>G,,intronic,Likely benign,1.0,0.9998,0.0036,0,BENIGN,splice_region_variant,0.5,LOW,-1.0,,High Impact,False,VEP_ONLY,VEP detects sequence impact (score=0.50) but structure appears intact (LSSIM=1.000). Possible compensatory mechanism.,Benign,ClinVar_Benign,LDLR,True,False,intronic,benign_or_likely_benign,,,,,,False,0.9987,False,False,False,False,False,False,LDLR_promoter_super_enhancer,11090529,11096833,13945,outside_promoter_upstream_window,REJECT,Outside the pre-specified LDLR promoter/upstream windows.
VCV001126217,11110781,G,T,NM_000527.5(LDLR):c.1060+10G>T,,intronic,Likely benign,1.0,0.9998,0.0039,0,BENIGN,intron_variant,0.1,MODIFIER,-1.0,,Low Impact,False,AGREEMENT,Convergent evidence from structural and sequence analysis.,Benign,ClinVar_Benign,LDLR,True,False,intronic,benign_or_likely_benign,,,,,,False,0.9987,False,False,False,False,False,False,LDLR_promoter_super_enhancer,11090529,11096833,13948,outside_promoter_upstream_window,REJECT,Outside the pre-specified LDLR promoter/upstream windows.
VCV000226709,11110781,G,C,NM_000527.5(LDLR):c.1060+10G>C,,intronic,Benign,1.0,0.9998,0.0039,0,BENIGN,intron_variant,0.1,MODIFIER,-1.0,,Low Impact,False,AGREEMENT,Convergent evidence from structural and sequence analysis.,Benign,ClinVar_Benign,LDLR,True,False,intronic,benign_or_likely_benign,,,,,,False,0.9987,False,False,False,False,False,False,LDLR_promoter_super_enhancer,11090529,11096833,13948,outside_promoter_upstream_window,REJECT,Outside the pre-specified LDLR promoter/upstream windows.
VCV002887930,11110782,G,A,NM_000527.5(LDLR):c.1060+11G>A,,intronic,Likely benign,1.0,0.9998,0.0035,0,BENIGN,intron_variant,0.1,MODIFIER,-1.0,,Low Impact,False,AGREEMENT,Convergent evidence from structural and sequence analysis.,Benign,ClinVar_Benign,LDLR,True,False,intronic,benign_or_likely_benign,,,,,,False,0.9987,False,False,False,False,False,False,LDLR_promoter_super_enhancer,11090529,11096833,13949,outside_promoter_upstream_window,REJECT,Outside the pre-specified LDLR promoter/upstream windows.
VCV002064167,11110783,G,T,NM_000527.5(LDLR):c.1060+12G>T,,intronic,Likely benign,1.0,0.9998,0.0039,0,BENIGN,intron_variant,0.1,MODIFIER,-1.0,,Low Impact,False,AGREEMENT,Convergent evidence from structural and sequence analysis.,Benign,ClinVar_Benign,LDLR,True,False,intronic,benign_or_likely_benign,,,,,,False,0.9987,False,False,False,False,False,False,LDLR_promoter_super_enhancer,11090529,11096833,13950,outside_promoter_upstream_window,REJECT,Outside the pre-specified LDLR promoter/upstream windows.
VCV002741441,11110783,G,A,NM_000527.5(LDLR):c.1060+12G>A,,intronic,Likely benign,1.0,0.9998,0.0039,0,BENIGN,intron_variant,0.1,MODIFIER,-1.0,,Low Impact,False,AGREEMENT,Convergent evidence from structural and sequence analysis.,Benign,ClinVar_Benign,LDLR,True,False,intronic,benign_or_likely_benign,,,,,,False,0.9987,False,False,False,False,False,False,LDLR_promoter_super_enhancer,11090529,11096833,13950,outside_promoter_upstream_window,REJECT,Outside the pre-specified LDLR promoter/upstream windows.
VCV002894328,11110786,G,T,NM_000527.5(LDLR):c.1060+15G>T,,intronic,Likely benign,1.0,0.9998,0.0036,0,BENIGN,intron_variant,0.1,MODIFIER,-1.0,,Low Impact,False,AGREEMENT,Convergent evidence from structural and sequence analysis.,Benign,ClinVar_Benign,LDLR,True,False,intronic,benign_or_likely_benign,,,,,,False,0.9987,False,False,False,False,False,False,LDLR_promoter_super_enhancer,11090529,11096833,13953,outside_promoter_upstream_window,REJECT,Outside the pre-specified LDLR promoter/upstream windows.
VCV004734312,11110787,G,A,NM_000527.5(LDLR):c.1060+16G>A,,intronic,Likely benign,1.0,0.9998,0.0039,0,BENIGN,intron_variant,0.1,MODIFIER,-1.0,,Low Impact,False,AGREEMENT,Convergent evidence from structural and sequence analysis.,Benign,ClinVar_Benign,LDLR,True,False,intronic,benign_or_likely_benign,,,,,,False,0.9987,False,False,False,False,False,False,LDLR_promoter_super_enhancer,11090529,11096833,13954,outside_promoter_upstream_window,REJECT,Outside the pre-specified LDLR promoter/upstream windows.
VCV002864787,11110787,G,T,NM_000527.5(LDLR):c.1060+16G>T,,intronic,Likely benign,1.0,0.9998,0.0039,0,BENIGN,intron_variant,0.1,MODIFIER,-1.0,,Low Impact,False,AGREEMENT,Convergent evidence from structural and sequence analysis.,Benign,ClinVar_Benign,LDLR,True,False,intronic,benign_or_likely_benign,,,,,,False,0.9987,False,False,False,False,False,False,LDLR_promoter_super_enhancer,11090529,11096833,13954,outside_promoter_upstream_window,REJECT,Outside the pre-specified LDLR promoter/upstream windows.
VCV003006890,11110789,C,T,NM_000527.5(LDLR):c.1060+18C>T,,intronic,Likely benign,1.0,0.9998,0.0035,0,BENIGN,intron_variant,0.1,MODIFIER,-1.0,,Low Impact,False,AGREEMENT,Convergent evidence from structural and sequence analysis.,Benign,ClinVar_Benign,LDLR,True,False,intronic,benign_or_likely_benign,,,,,,False,0.9987,False,False,False,False,False,False,LDLR_promoter_super_enhancer,11090529,11096833,13956,outside_promoter_upstream_window,REJECT,Outside the pre-specified LDLR promoter/upstream windows.
VCV000392306,11110789,C,A,NM_000527.5(LDLR):c.1060+18C>A,,intronic,Likely benign,1.0,0.9998,0.0035,0,BENIGN,intron_variant,0.1,MODIFIER,-1.0,,Low Impact,False,AGREEMENT,Convergent evidence from structural and sequence analysis.,Benign,ClinVar_Benign,LDLR,True,False,intronic,benign_or_likely_benign,,,,,,False,0.9987,False,False,False,False,False,False,LDLR_promoter_super_enhancer,11090529,11096833,13956,outside_promoter_upstream_window,REJECT,Outside the pre-specified LDLR promoter/upstream windows.
VCV000251628,11110797,T,G,NM_000527.5(LDLR):c.1060+26T>G,,intronic,Likely benign,1.0,0.9998,0.004,0,BENIGN,intron_variant,0.1,MODIFIER,-1.0,,Low Impact,False,AGREEMENT,Convergent evidence from structural and sequence analysis.,Benign,ClinVar_Benign,LDLR,True,False,intronic,benign_or_likely_benign,,,,,,False,0.9987,False,False,False,False,False,False,LDLR_promoter_super_enhancer,11090529,11096833,13964,outside_promoter_upstream_window,REJECT,Outside the pre-specified LDLR promoter/upstream windows.
VCV000251629,11110810,C,G,NM_000527.5(LDLR):c.1060+39C>G,,intronic,Likely benign,1.0,0.9998,0.0034,0,BENIGN,intron_variant,0.1,MODIFIER,-1.0,,Low Impact,False,AGREEMENT,Convergent evidence from structural and sequence analysis.,Benign,ClinVar_Benign,LDLR,True,False,intronic,benign_or_likely_benign,,,,,,False,0.9987,False,False,False,False,False,False,LDLR_promoter_super_enhancer,11090529,11096833,13977,outside_promoter_upstream_window,REJECT,Outside the pre-specified LDLR promoter/upstream windows.
VCV000251630,11110811,G,A,NM_000527.5(LDLR):c.1060+40G>A,,intronic,Benign/Likely benign,1.0,0.9998,0.0035,0,BENIGN,intron_variant,0.1,MODIFIER,-1.0,,Low Impact,False,AGREEMENT,Convergent evidence from structural and sequence analysis.,Benign,ClinVar_Benign,LDLR,True,False,intronic,benign_or_likely_benign,,,,,,False,0.9987,False,False,False,False,False,False,LDLR_promoter_super_enhancer,11090529,11096833,13978,outside_promoter_upstream_window,REJECT,Outside the pre-specified LDLR promoter/upstream windows.
VCV000251631,11110830,A,C,NM_000527.5(LDLR):c.1060+59A>C,,intronic,Likely benign,1.0,0.9998,0.0038,0,BENIGN,intron_variant,0.1,MODIFIER,-1.0,,Low Impact,False,AGREEMENT,Convergent evidence from structural and sequence analysis.,Benign,ClinVar_Benign,LDLR,True,False,intronic,benign_or_likely_benign,,,,,,False,0.9987,False,False,False,False,False,False,LDLR_promoter_super_enhancer,11090529,11096833,13997,outside_promoter_upstream_window,REJECT,Outside the pre-specified LDLR promoter/upstream windows.
VCV000440620,11110880,T,G,NM_000527.5(LDLR):c.1060+109T>G,,intronic,Benign,1.0,0.9998,0.0036,0,BENIGN,intron_variant,0.1,MODIFIER,-1.0,,Low Impact,False,AGREEMENT,Convergent evidence from structural and sequence analysis.,Benign,ClinVar_Benign,LDLR,True,False,intronic,benign_or_likely_benign,,,,,,False,0.9987,False,False,False,False,False,False,LDLR_promoter_super_enhancer,11090529,11096833,14047,outside_promoter_upstream_window,REJECT,Outside the pre-specified LDLR promoter/upstream windows.
VCV002149619,11111371,C,T,NM_000527.5(LDLR):c.1061-143C>T,,intronic,Benign,1.0,0.9998,0.0034,0,BENIGN,intron_variant,0.1,MODIFIER,-1.0,,Low Impact,False,AGREEMENT,Convergent evidence from structural and sequence analysis.,Benign,ClinVar_Benign,LDLR,True,False,intronic,benign_or_likely_benign,,,,,,False,0.9987,False,False,False,False,False,False,LDLR_promoter_super_enhancer,11090529,11096833,14538,outside_promoter_upstream_window,REJECT,Outside the pre-specified LDLR promoter/upstream windows.
VCV002908207,11111495,C,T,NM_000527.5(LDLR):c.1061-19C>T,,intronic,Likely benign,1.0,0.9998,0.0037,0,BENIGN,intron_variant,0.1,MODIFIER,-1.0,,Low Impact,False,AGREEMENT,Convergent evidence from structural and sequence analysis.,Benign,ClinVar_Benign,LDLR,True,False,intronic,benign_or_likely_benign,,,,,,False,0.9987,False,False,False,False,False,False,LDLR_promoter_super_enhancer,11090529,11096833,14662,outside_promoter_upstream_window,REJECT,Outside the pre-specified LDLR promoter/upstream windows.
VCV002911087,11111503,C,T,NM_000527.5(LDLR):c.1061-11C>T,,intronic,Likely benign,1.0,0.9998,0.0035,0,BENIGN,splice_polypyrimidine_tract_variant,0.3,LOW,-1.0,,Moderate Impact,False,AGREEMENT,Convergent evidence from structural and sequence analysis.,Benign,ClinVar_Benign,LDLR,True,False,intronic,benign_or_likely_benign,,,,,,False,0.9987,False,False,False,False,False,False,LDLR_promoter_super_enhancer,11090529,11096833,14670,outside_promoter_upstream_window,REJECT,Outside the pre-specified LDLR promoter/upstream windows.
VCV001980761,11111505,C,T,NM_000527.5(LDLR):c.1061-9C>T,,intronic,Likely benign,1.0,0.9998,0.0039,0,BENIGN,splice_polypyrimidine_tract_variant,0.3,LOW,-1.0,,Moderate Impact,False,AGREEMENT,Convergent evidence from structural and sequence analysis.,Benign,ClinVar_Benign,LDLR,True,False,intronic,benign_or_likely_benign,,,,,,False,0.9987,False,False,False,False,False,False,LDLR_promoter_super_enhancer,11090529,11096833,14672,outside_promoter_upstream_window,REJECT,Outside the pre-specified LDLR promoter/upstream windows.
VCV000918251,11111505,C,G,NM_000527.5(LDLR):c.1061-9C>G,,intronic,Likely benign,1.0,0.9998,0.0039,0,BENIGN,splice_polypyrimidine_tract_variant,0.3,LOW,-1.0,,Moderate Impact,False,AGREEMENT,Convergent evidence from structural and sequence analysis.,Benign,ClinVar_Benign,LDLR,True,False,intronic,benign_or_likely_benign,,,,,,False,0.9987,False,False,False,False,False,False,LDLR_promoter_super_enhancer,11090529,11096833,14672,outside_promoter_upstream_window,REJECT,Outside the pre-specified LDLR promoter/upstream windows.
VCV000036451,11111506,T,C,NM_000527.5(LDLR):c.1061-8T>C,,intronic,Benign,1.0,0.9998,0.0036,0,BENIGN,splice_region_variant,0.5,LOW,-1.0,,High Impact,False,VEP_ONLY,VEP detects sequence impact (score=0.50) but structure appears intact (LSSIM=1.000). Possible compensatory mechanism.,Benign,ClinVar_Benign,LDLR,True,False,intronic,benign_or_likely_benign,,,,,,False,0.9987,False,False,False,False,False,False,LDLR_promoter_super_enhancer,11090529,11096833,14673,outside_promoter_upstream_window,REJECT,Outside the pre-specified LDLR promoter/upstream windows.
VCV000440621,11111506,T,A,NM_000527.5(LDLR):c.1061-8T>A,,intronic,Benign,1.0,0.9998,0.0036,0,BENIGN,splice_region_variant,0.5,LOW,-1.0,,High Impact,False,VEP_ONLY,VEP detects sequence impact (score=0.50) but structure appears intact (LSSIM=1.000). Possible compensatory mechanism.,Benign,ClinVar_Benign,LDLR,True,False,intronic,benign_or_likely_benign,,,,,,False,0.9987,False,False,False,False,False,False,LDLR_promoter_super_enhancer,11090529,11096833,14673,outside_promoter_upstream_window,REJECT,Outside the pre-specified LDLR promoter/upstream windows.
VCV001079082,11111515,T,C,c.1062T>C,,synonymous,Likely benign,1.0,1.0,0.0017,0,BENIGN,splice_region_variant,0.5,LOW,-1.0,,High Impact,False,VEP_ONLY,VEP detects sequence impact (score=0.50) but structure appears intact (LSSIM=1.000). Possible compensatory mechanism.,Benign,ClinVar_Benign,LDLR,True,False,coding_synonymous,benign_or_likely_benign,,,,,,False,0.9987,False,False,False,False,False,False,LDLR_promoter_super_enhancer,11090529,11096833,14682,outside_promoter_upstream_window,REJECT,Outside the pre-specified LDLR promoter/upstream windows.
VCV001973920,11111521,T,C,c.1068T>C,,synonymous,Likely benign,1.0,1.0,0.0018,0,BENIGN,synonymous_variant,0.15,MODIFIER,-1.0,,Low Impact,False,AGREEMENT,Convergent evidence from structural and sequence analysis.,Benign,ClinVar_Benign,LDLR,True,False,coding_synonymous,benign_or_likely_benign,,,,,,False,0.9987,False,False,False,False,False,False,LDLR_promoter_super_enhancer,11090529,11096833,14688,outside_promoter_upstream_window,REJECT,Outside the pre-specified LDLR promoter/upstream windows.
VCV000706951,11111536,C,T,c.1083C>T,,synonymous,Likely benign,1.0,1.0,0.0019,0,BENIGN,synonymous_variant,0.15,MODIFIER,-1.0,,Low Impact,False,AGREEMENT,Convergent evidence from structural and sequence analysis.,Benign,ClinVar_Benign,LDLR,True,False,coding_synonymous,benign_or_likely_benign,,,,,,False,0.9987,False,False,False,False,False,False,LDLR_promoter_super_enhancer,11090529,11096833,14703,outside_promoter_upstream_window,REJECT,Outside the pre-specified LDLR promoter/upstream windows.
VCV002117867,11111539,C,T,c.1086C>T,,synonymous,Likely benign,1.0,1.0,0.0018,0,BENIGN,synonymous_variant,0.15,MODIFIER,-1.0,,Low Impact,False,AGREEMENT,Convergent evidence from structural and sequence analysis.,Benign,ClinVar_Benign,LDLR,True,False,coding_synonymous,benign_or_likely_benign,,,,,,False,0.9987,False,False,False,False,False,False,LDLR_promoter_super_enhancer,11090529,11096833,14706,outside_promoter_upstream_window,REJECT,Outside the pre-specified LDLR promoter/upstream windows.
VCV001569193,11111542,C,T,c.1089C>T,,synonymous,Likely benign,1.0,1.0,0.0017,0,BENIGN,synonymous_variant,0.15,MODIFIER,-1.0,,Low Impact,False,AGREEMENT,Convergent evidence from structural and sequence analysis.,Benign,ClinVar_Benign,LDLR,True,False,coding_synonymous,benign_or_likely_benign,,,,,,False,0.9987,False,False,False,False,False,False,LDLR_promoter_super_enhancer,11090529,11096833,14709,outside_promoter_upstream_window,REJECT,Outside the pre-specified LDLR promoter/upstream windows.
VCV000440625,11111545,C,T,c.1092C>T,,synonymous,Likely benign,1.0,1.0,0.0018,0,BENIGN,synonymous_variant,0.15,MODIFIER,-1.0,,Low Impact,False,AGREEMENT,Convergent evidence from structural and sequence analysis.,Benign,ClinVar_Benign,LDLR,True,False,coding_synonymous,benign_or_likely_benign,,,,,,False,0.9987,False,False,False,False,False,False,LDLR_promoter_super_enhancer,11090529,11096833,14712,outside_promoter_upstream_window,REJECT,Outside the pre-specified LDLR promoter/upstream windows.
VCV003537742,11111548,C,T,c.1095C>T,,synonymous,Likely benign,1.0,0.9999,0.0019,0,BENIGN,synonymous_variant,0.15,MODIFIER,-1.0,,Low Impact,False,AGREEMENT,Convergent evidence from structural and sequence analysis.,Benign,ClinVar_Benign,LDLR,True,False,coding_synonymous,benign_or_likely_benign,,,,,,False,0.9987,False,False,False,False,False,False,LDLR_promoter_super_enhancer,11090529,11096833,14715,outside_promoter_upstream_window,REJECT,Outside the pre-specified LDLR promoter/upstream windows.
VCV002705542,11111554,C,T,c.1101C>T,,synonymous,Likely benign,1.0,1.0,0.0017,0,BENIGN,synonymous_variant,0.15,MODIFIER,-1.0,,Low Impact,False,AGREEMENT,Convergent evidence from structural and sequence analysis.,Benign,ClinVar_Benign,LDLR,True,False,coding_synonymous,benign_or_likely_benign,,,,,,False,0.9987,False,False,False,False,False,False,LDLR_promoter_super_enhancer,11090529,11096833,14721,outside_promoter_upstream_window,REJECT,Outside the pre-specified LDLR promoter/upstream windows.
VCV000630089,11111557,C,T,c.1104C>T,,synonymous,Likely benign,1.0,0.9999,0.0019,0,BENIGN,synonymous_variant,0.15,MODIFIER,-1.0,,Low Impact,False,AGREEMENT,Convergent evidence from structural and sequence analysis.,Benign,ClinVar_Benign,LDLR,True,False,coding_synonymous,benign_or_likely_benign,,,,,,False,0.9987,False,False,False,False,False,False,LDLR_promoter_super_enhancer,11090529,11096833,14724,outside_promoter_upstream_window,REJECT,Outside the pre-specified LDLR promoter/upstream windows.
VCV001113039,11111564,C,T,c.1111C>T,,synonymous,Likely benign,1.0,1.0,0.0017,0,BENIGN,synonymous_variant,0.15,MODIFIER,-1.0,,Low Impact,False,AGREEMENT,Convergent evidence from structural and sequence analysis.,Benign,ClinVar_Benign,LDLR,True,False,coding_synonymous,benign_or_likely_benign,,,,,,False,0.9987,False,False,False,False,False,False,LDLR_promoter_super_enhancer,11090529,11096833,14731,outside_promoter_upstream_window,REJECT,Outside the pre-specified LDLR promoter/upstream windows.
VCV004046735,11111566,G,A,c.1113G>A,,synonymous,Likely benign,1.0,0.9999,0.0019,0,BENIGN,synonymous_variant,0.15,MODIFIER,-1.0,,Low Impact,False,AGREEMENT,Convergent evidence from structural and sequence analysis.,Benign,ClinVar_Benign,LDLR,True,False,coding_synonymous,benign_or_likely_benign,,,,,,False,0.9987,False,False,False,False,False,False,LDLR_promoter_super_enhancer,11090529,11096833,14733,outside_promoter_upstream_window,REJECT,Outside the pre-specified LDLR promoter/upstream windows.
VCV001090785,11111575,C,T,c.1122C>T,,synonymous,Likely benign,1.0,1.0,0.0019,0,BENIGN,synonymous_variant,0.15,MODIFIER,-1.0,,Low Impact,False,AGREEMENT,Convergent evidence from structural and sequence analysis.,Benign,ClinVar_Benign,LDLR,True,False,coding_synonymous,benign_or_likely_benign,,,,,,False,0.9987,False,False,False,False,False,False,LDLR_promoter_super_enhancer,11090529,11096833,14742,outside_promoter_upstream_window,REJECT,Outside the pre-specified LDLR promoter/upstream windows.
VCV003074282,11111575,C,G,c.1122C>G,,synonymous,Likely benign,1.0,1.0,0.0019,0,BENIGN,synonymous_variant,0.15,MODIFIER,-1.0,,Low Impact,False,AGREEMENT,Convergent evidence from structural and sequence analysis.,Benign,ClinVar_Benign,LDLR,True,False,coding_synonymous,benign_or_likely_benign,,,,,,False,0.9987,False,False,False,False,False,False,LDLR_promoter_super_enhancer,11090529,11096833,14742,outside_promoter_upstream_window,REJECT,Outside the pre-specified LDLR promoter/upstream windows.
VCV001135993,11111578,C,T,c.1125C>T,,synonymous,Likely benign,1.0,0.9999,0.0019,0,BENIGN,synonymous_variant,0.15,MODIFIER,-1.0,,Low Impact,False,AGREEMENT,Convergent evidence from structural and sequence analysis.,Benign,ClinVar_Benign,LDLR,True,False,coding_synonymous,benign_or_likely_benign,,,,,,False,0.9987,False,False,False,False,False,False,LDLR_promoter_super_enhancer,11090529,11096833,14745,outside_promoter_upstream_window,REJECT,Outside the pre-specified LDLR promoter/upstream windows.
VCV001131254,11111584,C,T,c.1131C>T,,synonymous,Likely benign,1.0,1.0,0.0018,0,BENIGN,synonymous_variant,0.15,MODIFIER,-1.0,,Low Impact,False,AGREEMENT,Convergent evidence from structural and sequence analysis.,Benign,ClinVar_Benign,LDLR,True,False,coding_synonymous,benign_or_likely_benign,,,,,,False,0.9987,False,False,False,False,False,False,LDLR_promoter_super_enhancer,11090529,11096833,14751,outside_promoter_upstream_window,REJECT,Outside the pre-specified LDLR promoter/upstream windows.
VCV001636559,11111593,G,A,c.1140G>A,,synonymous,Likely benign,1.0,1.0,0.0017,0,BENIGN,synonymous_variant,0.15,MODIFIER,-1.0,,Low Impact,False,AGREEMENT,Convergent evidence from structural and sequence analysis.,Benign,ClinVar_Benign,LDLR,True,False,coding_synonymous,benign_or_likely_benign,,,,,,False,0.9987,False,False,False,False,False,False,LDLR_promoter_super_enhancer,11090529,11096833,14760,outside_promoter_upstream_window,REJECT,Outside the pre-specified LDLR promoter/upstream windows.
VCV002990628,11111596,A,G,c.1143A>G,,synonymous,Likely benign,1.0,1.0,0.0017,0,BENIGN,synonymous_variant,0.15,MODIFIER,-1.0,,Low Impact,False,AGREEMENT,Convergent evidence from structural and sequence analysis.,Benign,ClinVar_Benign,LDLR,True,False,coding_synonymous,benign_or_likely_benign,,,,,,False,0.9987,False,False,False,False,False,False,LDLR_promoter_super_enhancer,11090529,11096833,14763,outside_promoter_upstream_window,REJECT,Outside the pre-specified LDLR promoter/upstream windows.
VCV001105244,11111599,C,T,c.1146C>T,,synonymous,Likely benign,1.0,1.0,0.0018,0,BENIGN,synonymous_variant,0.15,MODIFIER,-1.0,,Low Impact,False,AGREEMENT,Convergent evidence from structural and sequence analysis.,Benign,ClinVar_Benign,LDLR,True,False,coding_synonymous,benign_or_likely_benign,,,,,,False,0.9987,False,False,False,False,False,False,LDLR_promoter_super_enhancer,11090529,11096833,14766,outside_promoter_upstream_window,REJECT,Outside the pre-specified LDLR promoter/upstream windows.
VCV001144110,11111606,C,T,c.1153C>T,,synonymous,Likely benign,1.0,1.0,0.0019,0,BENIGN,synonymous_variant,0.15,MODIFIER,-1.0,,Low Impact,False,AGREEMENT,Convergent evidence from structural and sequence analysis.,Benign,ClinVar_Benign,LDLR,True,False,coding_synonymous,benign_or_likely_benign,,,,,,False,0.9987,False,False,False,False,False,False,LDLR_promoter_super_enhancer,11090529,11096833,14773,outside_promoter_upstream_window,REJECT,Outside the pre-specified LDLR promoter/upstream windows.
VCV001661541,11111608,G,C,c.1155G>C,,synonymous,Likely benign,1.0,1.0,0.0018,0,BENIGN,synonymous_variant,0.15,MODIFIER,-1.0,,Low Impact,False,AGREEMENT,Convergent evidence from structural and sequence analysis.,Benign,ClinVar_Benign,LDLR,True,False,coding_synonymous,benign_or_likely_benign,,,,,,False,0.9987,False,False,False,False,False,False,LDLR_promoter_super_enhancer,11090529,11096833,14775,outside_promoter_upstream_window,REJECT,Outside the pre-specified LDLR promoter/upstream windows.
VCV000928200,11111617,C,T,c.1164C>T,,synonymous,Likely benign,1.0,0.9999,0.0019,0,BENIGN,synonymous_variant,0.15,MODIFIER,-1.0,,Low Impact,False,AGREEMENT,Convergent evidence from structural and sequence analysis.,Benign,ClinVar_Benign,LDLR,True,False,coding_synonymous,benign_or_likely_benign,,,,,,False,0.9987,False,False,False,False,False,False,LDLR_promoter_super_enhancer,11090529,11096833,14784,outside_promoter_upstream_window,REJECT,Outside the pre-specified LDLR promoter/upstream windows.
VCV000256365,11111620,G,A,c.1167G>A,,synonymous,Likely benign,1.0,1.0,0.0018,0,BENIGN,synonymous_variant,0.15,MODIFIER,-1.0,,Low Impact,False,AGREEMENT,Convergent evidence from structural and sequence analysis.,Benign,ClinVar_Benign,LDLR,True,False,coding_synonymous,benign_or_likely_benign,,,,,,False,0.9987,False,False,False,False,False,False,LDLR_promoter_super_enhancer,11090529,11096833,14787,outside_promoter_upstream_window,REJECT,Outside the pre-specified LDLR promoter/upstream windows.
VCV000183138,11111624,G,A,c.1171G>A,,synonymous,Benign,1.0,1.0,0.0018,0,BENIGN,missense_variant,0.585,MODERATE,0.63,tolerated,High Impact,False,VEP_ONLY,VEP detects sequence impact (score=0.58) but structure appears intact (LSSIM=1.000). Possible compensatory mechanism.,Benign,ClinVar_Benign,LDLR,True,False,coding_synonymous,benign_or_likely_benign,,,,,,False,0.9987,False,False,False,False,False,False,LDLR_promoter_super_enhancer,11090529,11096833,14791,outside_promoter_upstream_window,REJECT,Outside the pre-specified LDLR promoter/upstream windows.
VCV002773508,11111626,C,T,c.1173C>T,,synonymous,Likely benign,1.0,0.9999,0.0019,0,BENIGN,synonymous_variant,0.15,MODIFIER,-1.0,,Low Impact,False,AGREEMENT,Convergent evidence from structural and sequence analysis.,Benign,ClinVar_Benign,LDLR,True,False,coding_synonymous,benign_or_likely_benign,,,,,,False,0.9987,False,False,False,False,False,False,LDLR_promoter_super_enhancer,11090529,11096833,14793,outside_promoter_upstream_window,REJECT,Outside the pre-specified LDLR promoter/upstream windows.
VCV000747941,11111632,G,A,c.1179G>A,,synonymous,Likely benign,1.0,1.0,0.0019,0,BENIGN,synonymous_variant,0.15,MODIFIER,-1.0,,Low Impact,False,AGREEMENT,Convergent evidence from structural and sequence analysis.,Benign,ClinVar_Benign,LDLR,True,False,coding_synonymous,benign_or_likely_benign,,,,,,False,0.9987,False,False,False,False,False,False,LDLR_promoter_super_enhancer,11090529,11096833,14799,outside_promoter_upstream_window,REJECT,Outside the pre-specified LDLR promoter/upstream windows.
VCV003725269,11111635,T,C,c.1182T>C,,synonymous,Likely benign,1.0,1.0,0.0019,0,BENIGN,synonymous_variant,0.15,MODIFIER,-1.0,,Low Impact,False,AGREEMENT,Convergent evidence from structural and sequence analysis.,Benign,ClinVar_Benign,LDLR,True,False,coding_synonymous,benign_or_likely_benign,,,,,,False,0.9987,False,False,False,False,False,False,LDLR_promoter_super_enhancer,11090529,11096833,14802,outside_promoter_upstream_window,REJECT,Outside the pre-specified LDLR promoter/upstream windows.
VCV000251702,11111638,G,C,c.1185G>C,,synonymous,Likely benign,1.0,0.9999,0.002,0,BENIGN,splice_region_variant,0.5,LOW,-1.0,,High Impact,False,VEP_ONLY,VEP detects sequence impact (score=0.50) but structure appears intact (LSSIM=1.000). Possible compensatory mechanism.,Benign,ClinVar_Benign,LDLR,True,False,coding_synonymous,benign_or_likely_benign,,,,,,False,0.9987,False,False,False,False,False,False,LDLR_promoter_super_enhancer,11090529,11096833,14805,outside_promoter_upstream_window,REJECT,Outside the pre-specified LDLR promoter/upstream windows.
VCV000630664,11111642,G,A,NM_000527.5(LDLR):c.1186+3G>A,,intronic,Likely benign,1.0,0.9998,0.0037,0,BENIGN,splice_donor_region_variant,0.35,LOW,-1.0,,Moderate Impact,False,AGREEMENT,Convergent evidence from structural and sequence analysis.,Benign,ClinVar_Benign,LDLR,True,False,intronic,benign_or_likely_benign,,,,,,False,0.9987,False,False,False,False,False,False,LDLR_promoter_super_enhancer,11090529,11096833,14809,outside_promoter_upstream_window,REJECT,Outside the pre-specified LDLR promoter/upstream windows.
VCV002773509,11111645,C,T,NM_000527.5(LDLR):c.1186+6C>T,,intronic,Likely benign,1.0,0.9999,0.0032,0,BENIGN,splice_donor_region_variant,0.35,LOW,-1.0,,Moderate Impact,False,AGREEMENT,Convergent evidence from structural and sequence analysis.,Benign,ClinVar_Benign,LDLR,True,False,intronic,benign_or_likely_benign,,,,,,False,0.9987,False,False,False,False,False,False,LDLR_promoter_super_enhancer,11090529,11096833,14812,outside_promoter_upstream_window,REJECT,Outside the pre-specified LDLR promoter/upstream windows.
VCV001106583,11111647,C,T,NM_000527.5(LDLR):c.1186+8C>T,,intronic,Likely benign,1.0,0.9999,0.0032,0,BENIGN,splice_region_variant,0.5,LOW,-1.0,,High Impact,False,VEP_ONLY,VEP detects sequence impact (score=0.50) but structure appears intact (LSSIM=1.000). Possible compensatory mechanism.,Benign,ClinVar_Benign,LDLR,True,False,intronic,benign_or_likely_benign,,,,,,False,0.9987,False,False,False,False,False,False,LDLR_promoter_super_enhancer,11090529,11096833,14814,outside_promoter_upstream_window,REJECT,Outside the pre-specified LDLR promoter/upstream windows.
VCV000456649,11111647,C,G,NM_000527.5(LDLR):c.1186+8C>G,,intronic,Likely benign,1.0,0.9999,0.0032,0,BENIGN,splice_region_variant,0.5,LOW,-1.0,,High Impact,False,VEP_ONLY,VEP detects sequence impact (score=0.50) but structure appears intact (LSSIM=1.000). Possible compensatory mechanism.,Benign,ClinVar_Benign,LDLR,True,False,intronic,benign_or_likely_benign,,,,,,False,0.9987,False,False,False,False,False,False,LDLR_promoter_super_enhancer,11090529,11096833,14814,outside_promoter_upstream_window,REJECT,Outside the pre-specified LDLR promoter/upstream windows.
VCV001151028,11111648,G,A,NM_000527.5(LDLR):c.1186+9G>A,,intronic,Likely benign,1.0,0.9998,0.0037,0,BENIGN,intron_variant,0.1,MODIFIER,-1.0,,Low Impact,False,AGREEMENT,Convergent evidence from structural and sequence analysis.,Benign,ClinVar_Benign,LDLR,True,False,intronic,benign_or_likely_benign,,,,,,False,0.9987,False,False,False,False,False,False,LDLR_promoter_super_enhancer,11090529,11096833,14815,outside_promoter_upstream_window,REJECT,Outside the pre-specified LDLR promoter/upstream windows.
VCV003643931,11111649,G,A,NM_000527.5(LDLR):c.1186+10G>A,,intronic,Likely benign,1.0,0.9998,0.0039,0,BENIGN,intron_variant,0.1,MODIFIER,-1.0,,Low Impact,False,AGREEMENT,Convergent evidence from structural and sequence analysis.,Benign,ClinVar_Benign,LDLR,True,False,intronic,benign_or_likely_benign,,,,,,False,0.9987,False,False,False,False,False,False,LDLR_promoter_super_enhancer,11090529,11096833,14816,outside_promoter_upstream_window,REJECT,Outside the pre-specified LDLR promoter/upstream windows.
VCV000251707,11111649,G,C,NM_000527.5(LDLR):c.1186+10G>C,,intronic,Likely benign,1.0,0.9998,0.0039,0,BENIGN,intron_variant,0.1,MODIFIER,-1.0,,Low Impact,False,AGREEMENT,Convergent evidence from structural and sequence analysis.,Benign,ClinVar_Benign,LDLR,True,False,intronic,benign_or_likely_benign,,,,,,False,0.9987,False,False,False,False,False,False,LDLR_promoter_super_enhancer,11090529,11096833,14816,outside_promoter_upstream_window,REJECT,Outside the pre-specified LDLR promoter/upstream windows.
VCV000251708,11111650,G,A,NM_000527.5(LDLR):c.1186+11G>A,,intronic,Likely benign,1.0,0.9998,0.0036,0,BENIGN,intron_variant,0.1,MODIFIER,-1.0,,Low Impact,False,AGREEMENT,Convergent evidence from structural and sequence analysis.,Benign,ClinVar_Benign,LDLR,True,False,intronic,benign_or_likely_benign,,,,,,False,0.9987,False,False,False,False,False,False,LDLR_promoter_super_enhancer,11090529,11096833,14817,outside_promoter_upstream_window,REJECT,Outside the pre-specified LDLR promoter/upstream windows.
VCV002068940,11111654,G,T,NM_000527.5(LDLR):c.1186+15G>T,,intronic,Likely benign,1.0,0.9998,0.0035,0,BENIGN,intron_variant,0.1,MODIFIER,-1.0,,Low Impact,False,AGREEMENT,Convergent evidence from structural and sequence analysis.,Benign,ClinVar_Benign,LDLR,True,False,intronic,benign_or_likely_benign,,,,,,False,0.9987,False,False,False,False,False,False,LDLR_promoter_super_enhancer,11090529,11096833,14821,outside_promoter_upstream_window,REJECT,Outside the pre-specified LDLR promoter/upstream windows.
VCV002733783,11111655,C,T,NM_000527.5(LDLR):c.1186+16C>T,,intronic,Likely benign,1.0,0.9998,0.0037,0,BENIGN,intron_variant,0.1,MODIFIER,-1.0,,Low Impact,False,AGREEMENT,Convergent evidence from structural and sequence analysis.,Benign,ClinVar_Benign,LDLR,True,False,intronic,benign_or_likely_benign,,,,,,False,0.9987,False,False,False,False,False,False,LDLR_promoter_super_enhancer,11090529,11096833,14822,outside_promoter_upstream_window,REJECT,Outside the pre-specified LDLR promoter/upstream windows.
VCV002718837,11111656,G,A,NM_000527.5(LDLR):c.1186+17G>A,,intronic,Likely benign,1.0,0.9998,0.0037,0,BENIGN,intron_variant,0.1,MODIFIER,-1.0,,Low Impact,False,AGREEMENT,Convergent evidence from structural and sequence analysis.,Benign,ClinVar_Benign,LDLR,True,False,intronic,benign_or_likely_benign,,,,,,False,0.9987,False,False,False,False,False,False,LDLR_promoter_super_enhancer,11090529,11096833,14823,outside_promoter_upstream_window,REJECT,Outside the pre-specified LDLR promoter/upstream windows.
VCV003710571,11111657,G,T,NM_000527.5(LDLR):c.1186+18G>T,,intronic,Likely benign,1.0,0.9998,0.0035,0,BENIGN,intron_variant,0.1,MODIFIER,-1.0,,Low Impact,False,AGREEMENT,Convergent evidence from structural and sequence analysis.,Benign,ClinVar_Benign,LDLR,True,False,intronic,benign_or_likely_benign,,,,,,False,0.9987,False,False,False,False,False,False,LDLR_promoter_super_enhancer,11090529,11096833,14824,outside_promoter_upstream_window,REJECT,Outside the pre-specified LDLR promoter/upstream windows.
VCV002735807,11111658,C,A,NM_000527.5(LDLR):c.1186+19C>A,,intronic,Likely benign,1.0,0.9998,0.0038,0,BENIGN,intron_variant,0.1,MODIFIER,-1.0,,Low Impact,False,AGREEMENT,Convergent evidence from structural and sequence analysis.,Benign,ClinVar_Benign,LDLR,True,False,intronic,benign_or_likely_benign,,,,,,False,0.9987,False,False,False,False,False,False,LDLR_promoter_super_enhancer,11090529,11096833,14825,outside_promoter_upstream_window,REJECT,Outside the pre-specified LDLR promoter/upstream windows.
VCV002875435,11111658,C,T,NM_000527.5(LDLR):c.1186+19C>T,,intronic,Likely benign,1.0,0.9998,0.0038,0,BENIGN,intron_variant,0.1,MODIFIER,-1.0,,Low Impact,False,AGREEMENT,Convergent evidence from structural and sequence analysis.,Benign,ClinVar_Benign,LDLR,True,False,intronic,benign_or_likely_benign,,,,,,False,0.9987,False,False,False,False,False,False,LDLR_promoter_super_enhancer,11090529,11096833,14825,outside_promoter_upstream_window,REJECT,Outside the pre-specified LDLR promoter/upstream windows.
VCV002176021,11111659,G,A,NM_000527.5(LDLR):c.1186+20G>A,,intronic,Likely benign,1.0,0.9998,0.0036,0,BENIGN,intron_variant,0.1,MODIFIER,-1.0,,Low Impact,False,AGREEMENT,Convergent evidence from structural and sequence analysis.,Benign,ClinVar_Benign,LDLR,True,False,intronic,benign_or_likely_benign,,,,,,False,0.9987,False,False,False,False,False,False,LDLR_promoter_super_enhancer,11090529,11096833,14826,outside_promoter_upstream_window,REJECT,Outside the pre-specified LDLR promoter/upstream windows.
VCV000251709,11111668,C,A,NM_000527.5(LDLR):c.1186+29C>A,,intronic,Likely benign,1.0,0.9998,0.0037,0,BENIGN,intron_variant,0.1,MODIFIER,-1.0,,Low Impact,False,AGREEMENT,Convergent evidence from structural and sequence analysis.,Benign,ClinVar_Benign,LDLR,True,False,intronic,benign_or_likely_benign,,,,,,False,0.9987,False,False,False,False,False,False,LDLR_promoter_super_enhancer,11090529,11096833,14835,outside_promoter_upstream_window,REJECT,Outside the pre-specified LDLR promoter/upstream windows.
VCV000251710,11111680,T,A,NM_000527.5(LDLR):c.1186+41T>A,,intronic,Likely benign,1.0,0.9998,0.0033,0,BENIGN,intron_variant,0.1,MODIFIER,-1.0,,Low Impact,False,AGREEMENT,Convergent evidence from structural and sequence analysis.,Benign,ClinVar_Benign,LDLR,True,False,intronic,benign_or_likely_benign,,,,,,False,0.9987,False,False,False,False,False,False,LDLR_promoter_super_enhancer,11090529,11096833,14847,outside_promoter_upstream_window,REJECT,Outside the pre-specified LDLR promoter/upstream windows.
VCV000440628,11111745,G,A,NM_000527.5(LDLR):c.1186+106G>A,,intronic,Benign,1.0,0.9998,0.0035,0,BENIGN,intron_variant,0.1,MODIFIER,-1.0,,Low Impact,False,AGREEMENT,Convergent evidence from structural and sequence analysis.,Benign,ClinVar_Benign,LDLR,True,False,intronic,benign_or_likely_benign,,,,,,False,0.9987,False,False,False,False,False,False,LDLR_promoter_super_enhancer,11090529,11096833,14912,outside_promoter_upstream_window,REJECT,Outside the pre-specified LDLR promoter/upstream windows.
VCV000440629,11113230,A,G,NM_000527.5(LDLR):c.1187-48A>G,,intronic,Benign,1.0,0.9998,0.0038,0,BENIGN,intron_variant,0.1,MODIFIER,-1.0,,Low Impact,False,AGREEMENT,Convergent evidence from structural and sequence analysis.,Benign,ClinVar_Benign,LDLR,True,False,intronic,benign_or_likely_benign,,,,,,False,0.9987,False,False,False,False,False,False,LDLR_promoter_super_enhancer,11090529,11096833,16397,outside_promoter_upstream_window,REJECT,Outside the pre-specified LDLR promoter/upstream windows.
VCV001166677,11113253,C,T,NM_000527.5(LDLR):c.1187-25C>T,,intronic,Benign,1.0,0.9998,0.0038,0,BENIGN,intron_variant,0.1,MODIFIER,-1.0,,Low Impact,False,AGREEMENT,Convergent evidence from structural and sequence analysis.,Benign,ClinVar_Benign,LDLR,True,False,intronic,benign_or_likely_benign,,,,,,False,0.9987,False,False,False,False,False,False,LDLR_promoter_super_enhancer,11090529,11096833,16420,outside_promoter_upstream_window,REJECT,Outside the pre-specified LDLR promoter/upstream windows.
VCV002957161,11113260,C,T,NM_000527.5(LDLR):c.1187-18C>T,,intronic,Likely benign,1.0,0.9999,0.0032,0,BENIGN,intron_variant,0.1,MODIFIER,-1.0,,Low Impact,False,AGREEMENT,Convergent evidence from structural and sequence analysis.,Benign,ClinVar_Benign,LDLR,True,False,intronic,benign_or_likely_benign,,,,,,False,0.9987,False,False,False,False,False,False,LDLR_promoter_super_enhancer,11090529,11096833,16427,outside_promoter_upstream_window,REJECT,Outside the pre-specified LDLR promoter/upstream windows.
VCV000628111,11113261,G,A,NM_000527.5(LDLR):c.1187-17G>A,,intronic,Likely benign,1.0,0.9998,0.0035,0,BENIGN,splice_polypyrimidine_tract_variant,0.3,LOW,-1.0,,Moderate Impact,False,AGREEMENT,Convergent evidence from structural and sequence analysis.,Benign,ClinVar_Benign,LDLR,True,False,intronic,benign_or_likely_benign,,,,,,False,0.9987,False,False,False,False,False,False,LDLR_promoter_super_enhancer,11090529,11096833,16428,outside_promoter_upstream_window,REJECT,Outside the pre-specified LDLR promoter/upstream windows.
VCV000496016,11113264,C,T,NM_000527.5(LDLR):c.1187-14C>T,,intronic,Likely benign,1.0,0.9998,0.0037,0,BENIGN,splice_polypyrimidine_tract_variant,0.3,LOW,-1.0,,Moderate Impact,False,AGREEMENT,Convergent evidence from structural and sequence analysis.,Benign,ClinVar_Benign,LDLR,True,False,intronic,benign_or_likely_benign,,,,,,False,0.9987,False,False,False,False,False,False,LDLR_promoter_super_enhancer,11090529,11096833,16431,outside_promoter_upstream_window,REJECT,Outside the pre-specified LDLR promoter/upstream windows.
VCV000918782,11113267,C,T,NM_000527.5(LDLR):c.1187-11C>T,,intronic,Likely benign,1.0,0.9998,0.0036,0,BENIGN,splice_polypyrimidine_tract_variant,0.3,LOW,-1.0,,Moderate Impact,False,AGREEMENT,Convergent evidence from structural and sequence analysis.,Benign,ClinVar_Benign,LDLR,True,False,intronic,benign_or_likely_benign,,,,,,False,0.9987,False,False,False,False,False,False,LDLR_promoter_super_enhancer,11090529,11096833,16434,outside_promoter_upstream_window,REJECT,Outside the pre-specified LDLR promoter/upstream windows.
VCV001568683,11113268,G,T,NM_000527.5(LDLR):c.1187-10G>T,,intronic,Likely benign,1.0,0.9998,0.0036,0,BENIGN,splice_polypyrimidine_tract_variant,0.3,LOW,-1.0,,Moderate Impact,False,AGREEMENT,Convergent evidence from structural and sequence analysis.,Benign,ClinVar_Benign,LDLR,True,False,intronic,benign_or_likely_benign,,,,,,False,0.9987,False,False,False,False,False,False,LDLR_promoter_super_enhancer,11090529,11096833,16435,outside_promoter_upstream_window,REJECT,Outside the pre-specified LDLR promoter/upstream windows.
VCV001106795,11113269,G,A,NM_000527.5(LDLR):c.1187-9G>A,,intronic,Likely benign,1.0,0.9998,0.0035,0,BENIGN,splice_polypyrimidine_tract_variant,0.3,LOW,-1.0,,Moderate Impact,False,AGREEMENT,Convergent evidence from structural and sequence analysis.,Benign,ClinVar_Benign,LDLR,True,False,intronic,benign_or_likely_benign,,,,,,False,0.9987,False,False,False,False,False,False,LDLR_promoter_super_enhancer,11090529,11096833,16436,outside_promoter_upstream_window,REJECT,Outside the pre-specified LDLR promoter/upstream windows.
VCV000440631,11113269,G,C,NM_000527.5(LDLR):c.1187-9G>C,,intronic,Likely benign,1.0,0.9998,0.0035,0,BENIGN,splice_polypyrimidine_tract_variant,0.3,LOW,-1.0,,Moderate Impact,False,AGREEMENT,Convergent evidence from structural and sequence analysis.,Benign,ClinVar_Benign,LDLR,True,False,intronic,benign_or_likely_benign,,,,,,False,0.9987,False,False,False,False,False,False,LDLR_promoter_super_enhancer,11090529,11096833,16436,outside_promoter_upstream_window,REJECT,Outside the pre-specified LDLR promoter/upstream windows.
VCV001602933,11113270,A,G,NM_000527.5(LDLR):c.1187-8A>G,,intronic,Likely benign,1.0,0.9998,0.004,0,BENIGN,splice_region_variant,0.5,LOW,-1.0,,High Impact,False,VEP_ONLY,VEP detects sequence impact (score=0.50) but structure appears intact (LSSIM=1.000). Possible compensatory mechanism.,Benign,ClinVar_Benign,LDLR,True,False,intronic,benign_or_likely_benign,,,,,,False,0.9987,False,False,False,False,False,False,LDLR_promoter_super_enhancer,11090529,11096833,16437,outside_promoter_upstream_window,REJECT,Outside the pre-specified LDLR promoter/upstream windows.
VCV000754772,11113271,C,T,NM_000527.5(LDLR):c.1187-7C>T,,intronic,Likely benign,1.0,0.9998,0.0036,0,BENIGN,splice_region_variant,0.5,LOW,-1.0,,High Impact,False,VEP_ONLY,VEP detects sequence impact (score=0.50) but structure appears intact (LSSIM=1.000). Possible compensatory mechanism.,Benign,ClinVar_Benign,LDLR,True,False,intronic,benign_or_likely_benign,,,,,,False,0.9987,False,False,False,False,False,False,LDLR_promoter_super_enhancer,11090529,11096833,16438,outside_promoter_upstream_window,REJECT,Outside the pre-specified LDLR promoter/upstream windows.
VCV002880165,11113272,C,T,NM_000527.5(LDLR):c.1187-6C>T,,intronic,Likely benign,1.0,0.9998,0.0036,0,BENIGN,splice_region_variant,0.5,LOW,-1.0,,High Impact,False,VEP_ONLY,VEP detects sequence impact (score=0.50) but structure appears intact (LSSIM=1.000). Possible compensatory mechanism.,Benign,ClinVar_Benign,LDLR,True,False,intronic,benign_or_likely_benign,,,,,,False,0.9987,False,False,False,False,False,False,LDLR_promoter_super_enhancer,11090529,11096833,16439,outside_promoter_upstream_window,REJECT,Outside the pre-specified LDLR promoter/upstream windows.
VCV002104672,11113274,C,T,NM_000527.5(LDLR):c.1187-4C>T,,intronic,Likely benign,1.0,0.9998,0.0037,0,BENIGN,splice_region_variant,0.5,LOW,-1.0,,High Impact,False,VEP_ONLY,VEP detects sequence impact (score=0.50) but structure appears intact (LSSIM=1.000). Possible compensatory mechanism.,Benign,ClinVar_Benign,LDLR,True,False,intronic,benign_or_likely_benign,,,,,,False,0.9987,False,False,False,False,False,False,LDLR_promoter_super_enhancer,11090529,11096833,16441,outside_promoter_upstream_window,REJECT,Outside the pre-specified LDLR promoter/upstream windows.
VCV000926522,11113279,C,T,c.1188C>T,,synonymous,Likely benign,1.0,1.0,0.0017,0,BENIGN,splice_region_variant,0.5,LOW,-1.0,,High Impact,False,VEP_ONLY,VEP detects sequence impact (score=0.50) but structure appears intact (LSSIM=1.000). Possible compensatory mechanism.,Benign,ClinVar_Benign,LDLR,True,False,coding_synonymous,benign_or_likely_benign,,,,,,False,0.9987,False,False,False,False,False,False,LDLR_promoter_super_enhancer,11090529,11096833,16446,outside_promoter_upstream_window,REJECT,Outside the pre-specified LDLR promoter/upstream windows.
VCV001671861,11113282,C,T,c.1191C>T,,synonymous,Likely benign,1.0,1.0,0.0016,0,BENIGN,synonymous_variant,0.15,MODIFIER,-1.0,,Low Impact,False,AGREEMENT,Convergent evidence from structural and sequence analysis.,Benign,ClinVar_Benign,LDLR,True,False,coding_synonymous,benign_or_likely_benign,,,,,,False,0.9987,False,False,False,False,False,False,LDLR_promoter_super_enhancer,11090529,11096833,16449,outside_promoter_upstream_window,REJECT,Outside the pre-specified LDLR promoter/upstream windows.
VCV003012427,11113282,C,A,c.1191C>A,,synonymous,Likely benign,1.0,1.0,0.0016,0,BENIGN,synonymous_variant,0.15,MODIFIER,-1.0,,Low Impact,False,AGREEMENT,Convergent evidence from structural and sequence analysis.,Benign,ClinVar_Benign,LDLR,True,False,coding_synonymous,benign_or_likely_benign,,,,,,False,0.9987,False,False,False,False,False,False,LDLR_promoter_super_enhancer,11090529,11096833,16449,outside_promoter_upstream_window,REJECT,Outside the pre-specified LDLR promoter/upstream windows.
VCV000925493,11113285,C,A,c.1194C>A,,synonymous,Likely benign,1.0,1.0,0.0017,0,BENIGN,synonymous_variant,0.15,MODIFIER,-1.0,,Low Impact,False,AGREEMENT,Convergent evidence from structural and sequence analysis.,Benign,ClinVar_Benign,LDLR,True,False,coding_synonymous,benign_or_likely_benign,,,,,,False,0.9987,False,False,False,False,False,False,LDLR_promoter_super_enhancer,11090529,11096833,16452,outside_promoter_upstream_window,REJECT,Outside the pre-specified LDLR promoter/upstream windows.
VCV000224620,11113285,C,T,c.1194C>T,,synonymous,Likely benign,1.0,1.0,0.0017,0,BENIGN,synonymous_variant,0.15,MODIFIER,-1.0,,Low Impact,False,AGREEMENT,Convergent evidence from structural and sequence analysis.,Benign,ClinVar_Benign,LDLR,True,False,coding_synonymous,benign_or_likely_benign,,,,,,False,0.9987,False,False,False,False,False,False,LDLR_promoter_super_enhancer,11090529,11096833,16452,outside_promoter_upstream_window,REJECT,Outside the pre-specified LDLR promoter/upstream windows.
VCV001160153,11113288,C,T,c.1197C>T,,synonymous,Likely benign,1.0,1.0,0.0017,0,BENIGN,synonymous_variant,0.15,MODIFIER,-1.0,,Low Impact,False,AGREEMENT,Convergent evidence from structural and sequence analysis.,Benign,ClinVar_Benign,LDLR,True,False,coding_synonymous,benign_or_likely_benign,,,,,,False,0.9987,False,False,False,False,False,False,LDLR_promoter_super_enhancer,11090529,11096833,16455,outside_promoter_upstream_window,REJECT,Outside the pre-specified LDLR promoter/upstream windows.
VCV004756565,11113288,C,A,c.1197C>A,,synonymous,Likely benign,1.0,1.0,0.0017,0,BENIGN,synonymous_variant,0.15,MODIFIER,-1.0,,Low Impact,False,AGREEMENT,Convergent evidence from structural and sequence analysis.,Benign,ClinVar_Benign,LDLR,True,False,coding_synonymous,benign_or_likely_benign,,,,,,False,0.9987,False,False,False,False,False,False,LDLR_promoter_super_enhancer,11090529,11096833,16455,outside_promoter_upstream_window,REJECT,Outside the pre-specified LDLR promoter/upstream windows.
VCV002862905,11113291,C,T,c.1200C>T,,synonymous,Likely benign,1.0,0.9999,0.0019,0,BENIGN,synonymous_variant,0.15,MODIFIER,-1.0,,Low Impact,False,AGREEMENT,Convergent evidence from structural and sequence analysis.,Benign,ClinVar_Benign,LDLR,True,False,coding_synonymous,benign_or_likely_benign,,,,,,False,0.9987,False,False,False,False,False,False,LDLR_promoter_super_enhancer,11090529,11096833,16458,outside_promoter_upstream_window,REJECT,Outside the pre-specified LDLR promoter/upstream windows.
VCV001593497,11113294,C,A,c.1203C>A,,synonymous,Likely benign,1.0,0.9999,0.0019,0,BENIGN,synonymous_variant,0.15,MODIFIER,-1.0,,Low Impact,False,AGREEMENT,Convergent evidence from structural and sequence analysis.,Benign,ClinVar_Benign,LDLR,True,False,coding_synonymous,benign_or_likely_benign,,,,,,False,0.9987,False,False,False,False,False,False,LDLR_promoter_super_enhancer,11090529,11096833,16461,outside_promoter_upstream_window,REJECT,Outside the pre-specified LDLR promoter/upstream windows.
VCV001557053,11113300,C,T,c.1209C>T,,synonymous,Likely benign,1.0,0.9999,0.0019,0,BENIGN,synonymous_variant,0.15,MODIFIER,-1.0,,Low Impact,False,AGREEMENT,Convergent evidence from structural and sequence analysis.,Benign,ClinVar_Benign,LDLR,True,False,coding_synonymous,benign_or_likely_benign,,,,,,False,0.9987,False,False,False,False,False,False,LDLR_promoter_super_enhancer,11090529,11096833,16467,outside_promoter_upstream_window,REJECT,Outside the pre-specified LDLR promoter/upstream windows.
VCV001553824,11113306,C,T,c.1215C>T,,synonymous,Likely benign,1.0,0.9999,0.0019,0,BENIGN,synonymous_variant,0.15,MODIFIER,-1.0,,Low Impact,False,AGREEMENT,Convergent evidence from structural and sequence analysis.,Benign,ClinVar_Benign,LDLR,True,False,coding_synonymous,benign_or_likely_benign,,,,,,False,0.9987,False,False,False,False,False,False,LDLR_promoter_super_enhancer,11090529,11096833,16473,outside_promoter_upstream_window,REJECT,Outside the pre-specified LDLR promoter/upstream windows.
VCV001753900,11113315,G,A,c.1224G>A,,synonymous,Likely benign,1.0,1.0,0.0017,0,BENIGN,synonymous_variant,0.15,MODIFIER,-1.0,,Low Impact,False,AGREEMENT,Convergent evidence from structural and sequence analysis.,Benign,ClinVar_Benign,LDLR,True,False,coding_synonymous,benign_or_likely_benign,,,,,,False,0.9987,False,False,False,False,False,False,LDLR_promoter_super_enhancer,11090529,11096833,16482,outside_promoter_upstream_window,REJECT,Outside the pre-specified LDLR promoter/upstream windows.
VCV001538255,11113318,C,T,c.1227C>T,,synonymous,Likely benign,1.0,1.0,0.0019,0,BENIGN,synonymous_variant,0.15,MODIFIER,-1.0,,Low Impact,False,AGREEMENT,Convergent evidence from structural and sequence analysis.,Benign,ClinVar_Benign,LDLR,True,False,coding_synonymous,benign_or_likely_benign,,,,,,False,0.9987,False,False,False,False,False,False,LDLR_promoter_super_enhancer,11090529,11096833,16485,outside_promoter_upstream_window,REJECT,Outside the pre-specified LDLR promoter/upstream windows.
VCV000633287,11113321,G,A,c.1230G>A,,synonymous,Likely benign,1.0,0.9999,0.0019,0,BENIGN,synonymous_variant,0.15,MODIFIER,-1.0,,Low Impact,False,AGREEMENT,Convergent evidence from structural and sequence analysis.,Benign,ClinVar_Benign,LDLR,True,False,coding_synonymous,benign_or_likely_benign,,,,,,False,0.9987,False,False,False,False,False,False,LDLR_promoter_super_enhancer,11090529,11096833,16488,outside_promoter_upstream_window,REJECT,Outside the pre-specified LDLR promoter/upstream windows.
VCV000251746,11113327,G,A,c.1236G>A,,synonymous,Likely benign,1.0,1.0,0.0018,0,BENIGN,missense_variant,0.835,MODERATE,0.13,tolerated,Very High Impact,False,VEP_ONLY,VEP detects sequence impact (score=0.83) but structure appears intact (LSSIM=1.000). Possible compensatory mechanism.,Benign,ClinVar_Benign,LDLR,True,False,coding_synonymous,benign_or_likely_benign,,,,,,False,0.9987,False,False,False,False,False,False,LDLR_promoter_super_enhancer,11090529,11096833,16494,outside_promoter_upstream_window,REJECT,Outside the pre-specified LDLR promoter/upstream windows.
VCV000413778,11113330,G,A,c.1239G>A,,synonymous,Likely benign,1.0,1.0,0.0018,0,BENIGN,synonymous_variant,0.15,MODIFIER,-1.0,,Low Impact,False,AGREEMENT,Convergent evidence from structural and sequence analysis.,Benign,ClinVar_Benign,LDLR,True,False,coding_synonymous,benign_or_likely_benign,,,,,,False,0.9987,False,False,False,False,False,False,LDLR_promoter_super_enhancer,11090529,11096833,16497,outside_promoter_upstream_window,REJECT,Outside the pre-specified LDLR promoter/upstream windows.
VCV001946031,11113330,G,C,c.1239G>C,,synonymous,Likely benign,1.0,1.0,0.0018,0,BENIGN,synonymous_variant,0.15,MODIFIER,-1.0,,Low Impact,False,AGREEMENT,Convergent evidence from structural and sequence analysis.,Benign,ClinVar_Benign,LDLR,True,False,coding_synonymous,benign_or_likely_benign,,,,,,False,0.9987,False,False,False,False,False,False,LDLR_promoter_super_enhancer,11090529,11096833,16497,outside_promoter_upstream_window,REJECT,Outside the pre-specified LDLR promoter/upstream windows.
VCV002773510,11113333,G,C,c.1242G>C,,synonymous,Likely benign,1.0,1.0,0.0018,0,BENIGN,synonymous_variant,0.15,MODIFIER,-1.0,,Low Impact,False,AGREEMENT,Convergent evidence from structural and sequence analysis.,Benign,ClinVar_Benign,LDLR,True,False,coding_synonymous,benign_or_likely_benign,,,,,,False,0.9987,False,False,False,False,False,False,LDLR_promoter_super_enhancer,11090529,11096833,16500,outside_promoter_upstream_window,REJECT,Outside the pre-specified LDLR promoter/upstream windows.
VCV002723639,11113337,C,A,c.1246C>A,,synonymous,Likely benign,1.0,1.0,0.0017,0,BENIGN,synonymous_variant,0.15,MODIFIER,-1.0,,Low Impact,False,AGREEMENT,Convergent evidence from structural and sequence analysis.,Benign,ClinVar_Benign,LDLR,True,False,coding_synonymous,benign_or_likely_benign,,,,,,False,0.9987,False,False,False,False,False,False,LDLR_promoter_super_enhancer,11090529,11096833,16504,outside_promoter_upstream_window,REJECT,Outside the pre-specified LDLR promoter/upstream windows.
VCV000926523,11113345,G,A,c.1254G>A,,synonymous,Likely benign,1.0,1.0,0.0019,0,BENIGN,synonymous_variant,0.15,MODIFIER,-1.0,,Low Impact,False,AGREEMENT,Convergent evidence from structural and sequence analysis.,Benign,ClinVar_Benign,LDLR,True,False,coding_synonymous,benign_or_likely_benign,,,,,,False,0.9987,False,False,False,False,False,False,LDLR_promoter_super_enhancer,11090529,11096833,16512,outside_promoter_upstream_window,REJECT,Outside the pre-specified LDLR promoter/upstream windows.
VCV001145562,11113348,C,T,c.1257C>T,,synonymous,Likely benign,1.0,0.9999,0.0019,0,BENIGN,synonymous_variant,0.15,MODIFIER,-1.0,,Low Impact,False,AGREEMENT,Convergent evidence from structural and sequence analysis.,Benign,ClinVar_Benign,LDLR,True,False,coding_synonymous,benign_or_likely_benign,,,,,,False,0.9987,False,False,False,False,False,False,LDLR_promoter_super_enhancer,11090529,11096833,16515,outside_promoter_upstream_window,REJECT,Outside the pre-specified LDLR promoter/upstream windows.
VCV004756387,11113349,A,G,c.1258A>G,,synonymous,Likely benign,1.0,1.0,0.0017,0,BENIGN,missense_variant,0.88,MODERATE,0.04,deleterious,Very High Impact,False,VEP_ONLY,VEP detects sequence impact (score=0.88) but structure appears intact (LSSIM=1.000). Possible compensatory mechanism.,Benign,ClinVar_Benign,LDLR,True,False,coding_synonymous,benign_or_likely_benign,,,,,,False,0.9987,False,False,False,False,False,False,LDLR_promoter_super_enhancer,11090529,11096833,16516,outside_promoter_upstream_window,REJECT,Outside the pre-specified LDLR promoter/upstream windows.
VCV000689350,11113352,A,G,c.1261A>G,,synonymous,Likely benign,1.0,1.0,0.0018,0,BENIGN,missense_variant,0.88,MODERATE,0.04,deleterious,Very High Impact,False,VEP_ONLY,VEP detects sequence impact (score=0.88) but structure appears intact (LSSIM=1.000). Possible compensatory mechanism.,Benign,ClinVar_Benign,LDLR,True,False,coding_synonymous,benign_or_likely_benign,,,,,,False,0.9987,False,False,False,False,False,False,LDLR_promoter_super_enhancer,11090529,11096833,16519,outside_promoter_upstream_window,REJECT,Outside the pre-specified LDLR promoter/upstream windows.
VCV000787631,11113354,C,T,c.1263C>T,,synonymous,Likely benign,1.0,1.0,0.0018,0,BENIGN,synonymous_variant,0.15,MODIFIER,-1.0,,Low Impact,False,AGREEMENT,Convergent evidence from structural and sequence analysis.,Benign,ClinVar_Benign,LDLR,True,False,coding_synonymous,benign_or_likely_benign,,,,,,False,0.9987,False,False,False,False,False,False,LDLR_promoter_super_enhancer,11090529,11096833,16521,outside_promoter_upstream_window,REJECT,Outside the pre-specified LDLR promoter/upstream windows.
VCV004532972,11113357,C,T,c.1266C>T,,synonymous,Likely benign,1.0,1.0,0.0019,0,BENIGN,synonymous_variant,0.15,MODIFIER,-1.0,,Low Impact,False,AGREEMENT,Convergent evidence from structural and sequence analysis.,Benign,ClinVar_Benign,LDLR,True,False,coding_synonymous,benign_or_likely_benign,,,,,,False,0.9987,False,False,False,False,False,False,LDLR_promoter_super_enhancer,11090529,11096833,16524,outside_promoter_upstream_window,REJECT,Outside the pre-specified LDLR promoter/upstream windows.
VCV001161503,11113363,C,G,c.1272C>G,,synonymous,Likely benign,1.0,0.9999,0.0019,0,BENIGN,synonymous_variant,0.15,MODIFIER,-1.0,,Low Impact,False,AGREEMENT,Convergent evidence from structural and sequence analysis.,Benign,ClinVar_Benign,LDLR,True,False,coding_synonymous,benign_or_likely_benign,,,,,,False,0.9987,False,False,False,False,False,False,LDLR_promoter_super_enhancer,11090529,11096833,16530,outside_promoter_upstream_window,REJECT,Outside the pre-specified LDLR promoter/upstream windows.
VCV002793836,11113363,C,T,c.1272C>T,,synonymous,Likely benign,1.0,0.9999,0.0019,0,BENIGN,synonymous_variant,0.15,MODIFIER,-1.0,,Low Impact,False,AGREEMENT,Convergent evidence from structural and sequence analysis.,Benign,ClinVar_Benign,LDLR,True,False,coding_synonymous,benign_or_likely_benign,,,,,,False,0.9987,False,False,False,False,False,False,LDLR_promoter_super_enhancer,11090529,11096833,16530,outside_promoter_upstream_window,REJECT,Outside the pre-specified LDLR promoter/upstream windows.
VCV003072133,11113366,C,T,c.1275C>T,,synonymous,Likely benign,1.0,1.0,0.0016,0,BENIGN,synonymous_variant,0.15,MODIFIER,-1.0,,Low Impact,False,AGREEMENT,Convergent evidence from structural and sequence analysis.,Benign,ClinVar_Benign,LDLR,True,False,coding_synonymous,benign_or_likely_benign,,,,,,False,0.9987,False,False,False,False,False,False,LDLR_promoter_super_enhancer,11090529,11096833,16533,outside_promoter_upstream_window,REJECT,Outside the pre-specified LDLR promoter/upstream windows.
VCV000251764,11113370,A,C,c.1279A>C,,synonymous,Likely benign,1.0,1.0,0.0017,0,BENIGN,synonymous_variant,0.15,MODIFIER,-1.0,,Low Impact,False,AGREEMENT,Convergent evidence from structural and sequence analysis.,Benign,ClinVar_Benign,LDLR,True,False,coding_synonymous,benign_or_likely_benign,,,,,,False,0.9987,False,False,False,False,False,False,LDLR_promoter_super_enhancer,11090529,11096833,16537,outside_promoter_upstream_window,REJECT,Outside the pre-specified LDLR promoter/upstream windows.
VCV000629767,11113372,G,A,c.1281G>A,,synonymous,Likely benign,1.0,0.9999,0.0019,0,BENIGN,synonymous_variant,0.15,MODIFIER,-1.0,,Low Impact,False,AGREEMENT,Convergent evidence from structural and sequence analysis.,Benign,ClinVar_Benign,LDLR,True,False,coding_synonymous,benign_or_likely_benign,,,,,,False,0.9987,False,False,False,False,False,False,LDLR_promoter_super_enhancer,11090529,11096833,16539,outside_promoter_upstream_window,REJECT,Outside the pre-specified LDLR promoter/upstream windows.
VCV000496017,11113375,C,T,c.1284C>T,,synonymous,Likely benign,1.0,1.0,0.0018,0,BENIGN,synonymous_variant,0.15,MODIFIER,-1.0,,Low Impact,False,AGREEMENT,Convergent evidence from structural and sequence analysis.,Benign,ClinVar_Benign,LDLR,True,False,coding_synonymous,benign_or_likely_benign,,,,,,False,0.9987,False,False,False,False,False,False,LDLR_promoter_super_enhancer,11090529,11096833,16542,outside_promoter_upstream_window,REJECT,Outside the pre-specified LDLR promoter/upstream windows.
VCV002069172,11113378,G,C,c.1287G>C,,synonymous,Likely benign,1.0,1.0,0.0018,0,BENIGN,synonymous_variant,0.15,MODIFIER,-1.0,,Low Impact,False,AGREEMENT,Convergent evidence from structural and sequence analysis.,Benign,ClinVar_Benign,LDLR,True,False,coding_synonymous,benign_or_likely_benign,,,,,,False,0.9987,False,False,False,False,False,False,LDLR_promoter_super_enhancer,11090529,11096833,16545,outside_promoter_upstream_window,REJECT,Outside the pre-specified LDLR promoter/upstream windows.
VCV000922384,11113378,G,T,c.1287G>T,,synonymous,Likely benign,1.0,1.0,0.0018,0,BENIGN,synonymous_variant,0.15,MODIFIER,-1.0,,Low Impact,False,AGREEMENT,Convergent evidence from structural and sequence analysis.,Benign,ClinVar_Benign,LDLR,True,False,coding_synonymous,benign_or_likely_benign,,,,,,False,0.9987,False,False,False,False,False,False,LDLR_promoter_super_enhancer,11090529,11096833,16545,outside_promoter_upstream_window,REJECT,Outside the pre-specified LDLR promoter/upstream windows.
VCV002025351,11113378,G,A,c.1287G>A,,synonymous,Likely benign,1.0,1.0,0.0018,0,BENIGN,synonymous_variant,0.15,MODIFIER,-1.0,,Low Impact,False,AGREEMENT,Convergent evidence from structural and sequence analysis.,Benign,ClinVar_Benign,LDLR,True,False,coding_synonymous,benign_or_likely_benign,,,,,,False,0.9987,False,False,False,False,False,False,LDLR_promoter_super_enhancer,11090529,11096833,16545,outside_promoter_upstream_window,REJECT,Outside the pre-specified LDLR promoter/upstream windows.
VCV000702432,11113381,C,T,c.1290C>T,,synonymous,Likely benign,1.0,0.9999,0.0019,0,BENIGN,synonymous_variant,0.15,MODIFIER,-1.0,,Low Impact,False,AGREEMENT,Convergent evidence from structural and sequence analysis.,Benign,ClinVar_Benign,LDLR,True,False,coding_synonymous,benign_or_likely_benign,,,,,,False,0.9987,False,False,False,False,False,False,LDLR_promoter_super_enhancer,11090529,11096833,16548,outside_promoter_upstream_window,REJECT,Outside the pre-specified LDLR promoter/upstream windows.
VCV001624024,11113385,C,T,c.1294C>T,,synonymous,Likely benign,1.0,0.9999,0.0019,0,BENIGN,synonymous_variant,0.15,MODIFIER,-1.0,,Low Impact,False,AGREEMENT,Convergent evidence from structural and sequence analysis.,Benign,ClinVar_Benign,LDLR,True,False,coding_synonymous,benign_or_likely_benign,,,,,,False,0.9987,False,False,False,False,False,False,LDLR_promoter_super_enhancer,11090529,11096833,16552,outside_promoter_upstream_window,REJECT,Outside the pre-specified LDLR promoter/upstream windows.
VCV000703167,11113393,G,A,c.1302G>A,,synonymous,Benign/Likely benign,1.0,0.9999,0.0019,0,BENIGN,synonymous_variant,0.15,MODIFIER,-1.0,,Low Impact,False,AGREEMENT,Convergent evidence from structural and sequence analysis.,Benign,ClinVar_Benign,LDLR,True,False,coding_synonymous,benign_or_likely_benign,,,,,,False,0.9987,False,False,False,False,False,False,LDLR_promoter_super_enhancer,11090529,11096833,16560,outside_promoter_upstream_window,REJECT,Outside the pre-specified LDLR promoter/upstream windows.
VCV001603141,11113396,G,A,c.1305G>A,,synonymous,Likely benign,1.0,1.0,0.0017,0,BENIGN,synonymous_variant,0.15,MODIFIER,-1.0,,Low Impact,False,AGREEMENT,Convergent evidence from structural and sequence analysis.,Benign,ClinVar_Benign,LDLR,True,False,coding_synonymous,benign_or_likely_benign,,,,,,False,0.9987,False,False,False,False,False,False,LDLR_promoter_super_enhancer,11090529,11096833,16563,outside_promoter_upstream_window,REJECT,Outside the pre-specified LDLR promoter/upstream windows.
VCV001663052,11113405,C,T,c.1314C>T,,synonymous,Likely benign,1.0,1.0,0.0019,0,BENIGN,synonymous_variant,0.15,MODIFIER,-1.0,,Low Impact,False,AGREEMENT,Convergent evidence from structural and sequence analysis.,Benign,ClinVar_Benign,LDLR,True,False,coding_synonymous,benign_or_likely_benign,,,,,,False,0.9987,False,False,False,False,False,False,LDLR_promoter_super_enhancer,11090529,11096833,16572,outside_promoter_upstream_window,REJECT,Outside the pre-specified LDLR promoter/upstream windows.
VCV001077862,11113408,T,C,c.1317T>C,,synonymous,Likely benign,1.0,0.9999,0.0019,0,BENIGN,synonymous_variant,0.15,MODIFIER,-1.0,,Low Impact,False,AGREEMENT,Convergent evidence from structural and sequence analysis.,Benign,ClinVar_Benign,LDLR,True,False,coding_synonymous,benign_or_likely_benign,,,,,,False,0.9987,False,False,False,False,False,False,LDLR_promoter_super_enhancer,11090529,11096833,16575,outside_promoter_upstream_window,REJECT,Outside the pre-specified LDLR promoter/upstream windows.
VCV001172235,11113414,C,A,c.1323C>A,,synonymous,Likely benign,1.0,1.0,0.0018,0,BENIGN,synonymous_variant,0.15,MODIFIER,-1.0,,Low Impact,False,AGREEMENT,Convergent evidence from structural and sequence analysis.,Benign,ClinVar_Benign,LDLR,True,False,coding_synonymous,benign_or_likely_benign,,,,,,False,0.9987,False,False,False,False,False,False,LDLR_promoter_super_enhancer,11090529,11096833,16581,outside_promoter_upstream_window,REJECT,Outside the pre-specified LDLR promoter/upstream windows.
VCV000456650,11113414,C,T,c.1323C>T,,synonymous,Benign,1.0,1.0,0.0018,0,BENIGN,synonymous_variant,0.15,MODIFIER,-1.0,,Low Impact,False,AGREEMENT,Convergent evidence from structural and sequence analysis.,Benign,ClinVar_Benign,LDLR,True,False,coding_synonymous,benign_or_likely_benign,,,,,,False,0.9987,False,False,False,False,False,False,LDLR_promoter_super_enhancer,11090529,11096833,16581,outside_promoter_upstream_window,REJECT,Outside the pre-specified LDLR promoter/upstream windows.
VCV000747935,11113417,C,T,c.1326C>T,,synonymous,Likely benign,1.0,0.9999,0.0019,0,BENIGN,synonymous_variant,0.15,MODIFIER,-1.0,,Low Impact,False,AGREEMENT,Convergent evidence from structural and sequence analysis.,Benign,ClinVar_Benign,LDLR,True,False,coding_synonymous,benign_or_likely_benign,,,,,,False,0.9987,False,False,False,False,False,False,LDLR_promoter_super_enhancer,11090529,11096833,16584,outside_promoter_upstream_window,REJECT,Outside the pre-specified LDLR promoter/upstream windows.
VCV001545994,11113426,C,T,c.1335C>T,,synonymous,Likely benign,1.0,1.0,0.0016,0,BENIGN,synonymous_variant,0.15,MODIFIER,-1.0,,Low Impact,False,AGREEMENT,Convergent evidence from structural and sequence analysis.,Benign,ClinVar_Benign,LDLR,True,False,coding_synonymous,benign_or_likely_benign,,,,,,False,0.9987,False,False,False,False,False,False,LDLR_promoter_super_enhancer,11090529,11096833,16593,outside_promoter_upstream_window,REJECT,Outside the pre-specified LDLR promoter/upstream windows.
VCV000440634,11113427,C,T,c.1336C>T,,synonymous,Likely benign,1.0,1.0,0.0018,0,BENIGN,synonymous_variant,0.15,MODIFIER,-1.0,,Low Impact,False,AGREEMENT,Convergent evidence from structural and sequence analysis.,Benign,ClinVar_Benign,LDLR,True,False,coding_synonymous,benign_or_likely_benign,,,,,,False,0.9987,False,False,False,False,False,False,LDLR_promoter_super_enhancer,11090529,11096833,16594,outside_promoter_upstream_window,REJECT,Outside the pre-specified LDLR promoter/upstream windows.
VCV002693644,11113429,G,C,c.1338G>C,,synonymous,Likely benign,1.0,1.0,0.0018,0,BENIGN,synonymous_variant,0.15,MODIFIER,-1.0,,Low Impact,False,AGREEMENT,Convergent evidence from structural and sequence analysis.,Benign,ClinVar_Benign,LDLR,True,False,coding_synonymous,benign_or_likely_benign,,,,,,False,0.9987,False,False,False,False,False,False,LDLR_promoter_super_enhancer,11090529,11096833,16596,outside_promoter_upstream_window,REJECT,Outside the pre-specified LDLR promoter/upstream windows.
VCV002850503,11113435,G,A,c.1344G>A,,synonymous,Likely benign,1.0,0.9999,0.002,0,BENIGN,synonymous_variant,0.15,MODIFIER,-1.0,,Low Impact,False,AGREEMENT,Convergent evidence from structural and sequence analysis.,Benign,ClinVar_Benign,LDLR,True,False,coding_synonymous,benign_or_likely_benign,,,,,,False,0.9987,False,False,False,False,False,False,LDLR_promoter_super_enhancer,11090529,11096833,16602,outside_promoter_upstream_window,REJECT,Outside the pre-specified LDLR promoter/upstream windows.
VCV000068101,11113447,C,T,c.1356C>T,,synonymous,Likely benign,1.0,1.0,0.0018,0,BENIGN,splice_region_variant,0.5,LOW,-1.0,,High Impact,False,VEP_ONLY,VEP detects sequence impact (score=0.50) but structure appears intact (LSSIM=1.000). Possible compensatory mechanism.,Benign,ClinVar_Benign,LDLR,True,False,coding_synonymous,benign_or_likely_benign,,,,,,False,0.9987,False,False,False,False,False,False,LDLR_promoter_super_enhancer,11090529,11096833,16614,outside_promoter_upstream_window,REJECT,Outside the pre-specified LDLR promoter/upstream windows.
VCV002175438,11113456,G,C,NM_000527.5(LDLR):c.1358+7G>C,,intronic,Likely benign,1.0,0.9998,0.0036,0,BENIGN,splice_region_variant,0.5,LOW,-1.0,,High Impact,False,VEP_ONLY,VEP detects sequence impact (score=0.50) but structure appears intact (LSSIM=1.000). Possible compensatory mechanism.,Benign,ClinVar_Benign,LDLR,True,False,intronic,benign_or_likely_benign,,,,,,False,0.9987,False,False,False,False,False,False,LDLR_promoter_super_enhancer,11090529,11096833,16623,outside_promoter_upstream_window,REJECT,Outside the pre-specified LDLR promoter/upstream windows.
VCV000701265,11113458,C,T,NM_000527.5(LDLR):c.1358+9C>T,,intronic,Likely benign,1.0,0.9998,0.0037,0,BENIGN,non_coding_transcript_exon_variant,0.15,MODIFIER,-1.0,,Low Impact,False,AGREEMENT,Convergent evidence from structural and sequence analysis.,Benign,ClinVar_Benign,LDLR,True,False,intronic,benign_or_likely_benign,,,,,,False,0.9987,False,False,False,False,False,False,LDLR_promoter_super_enhancer,11090529,11096833,16625,outside_promoter_upstream_window,REJECT,Outside the pre-specified LDLR promoter/upstream windows.
VCV001141110,11113459,G,T,NM_000527.5(LDLR):c.1358+10G>T,,intronic,Likely benign,1.0,0.9998,0.0038,0,BENIGN,non_coding_transcript_exon_variant,0.15,MODIFIER,-1.0,,Low Impact,False,AGREEMENT,Convergent evidence from structural and sequence analysis.,Benign,ClinVar_Benign,LDLR,True,False,intronic,benign_or_likely_benign,,,,,,False,0.9987,False,False,False,False,False,False,LDLR_promoter_super_enhancer,11090529,11096833,16626,outside_promoter_upstream_window,REJECT,Outside the pre-specified LDLR promoter/upstream windows.
VCV002769479,11113463,C,T,NM_000527.5(LDLR):c.1358+14C>T,,intronic,Likely benign,1.0,0.9998,0.0036,0,BENIGN,non_coding_transcript_exon_variant,0.15,MODIFIER,-1.0,,Low Impact,False,AGREEMENT,Convergent evidence from structural and sequence analysis.,Benign,ClinVar_Benign,LDLR,True,False,intronic,benign_or_likely_benign,,,,,,False,0.9987,False,False,False,False,False,False,LDLR_promoter_super_enhancer,11090529,11096833,16630,outside_promoter_upstream_window,REJECT,Outside the pre-specified LDLR promoter/upstream windows.
VCV002786287,11113468,T,G,NM_000527.5(LDLR):c.1358+19T>G,,intronic,Likely benign,1.0,0.9998,0.0037,0,BENIGN,non_coding_transcript_exon_variant,0.15,MODIFIER,-1.0,,Low Impact,False,AGREEMENT,Convergent evidence from structural and sequence analysis.,Benign,ClinVar_Benign,LDLR,True,False,intronic,benign_or_likely_benign,,,,,,False,0.9987,False,False,False,False,False,False,LDLR_promoter_super_enhancer,11090529,11096833,16635,outside_promoter_upstream_window,REJECT,Outside the pre-specified LDLR promoter/upstream windows.
VCV002862178,11113469,G,A,NM_000527.5(LDLR):c.1358+20G>A,,intronic,Likely benign,1.0,0.9998,0.0037,0,BENIGN,non_coding_transcript_exon_variant,0.15,MODIFIER,-1.0,,Low Impact,False,AGREEMENT,Convergent evidence from structural and sequence analysis.,Benign,ClinVar_Benign,LDLR,True,False,intronic,benign_or_likely_benign,,,,,,False,0.9987,False,False,False,False,False,False,LDLR_promoter_super_enhancer,11090529,11096833,16636,outside_promoter_upstream_window,REJECT,Outside the pre-specified LDLR promoter/upstream windows.
VCV000413776,11113481,C,T,NM_000527.5(LDLR):c.1358+32C>T,,intronic,Benign,1.0,0.9998,0.0035,0,BENIGN,mature_miRNA_variant,0.15,MODIFIER,-1.0,,Low Impact,False,AGREEMENT,Convergent evidence from structural and sequence analysis.,Benign,ClinVar_Benign,LDLR,True,False,intronic,benign_or_likely_benign,,,,,,False,0.9987,False,False,False,False,False,False,LDLR_promoter_super_enhancer,11090529,11096833,16648,outside_promoter_upstream_window,REJECT,Outside the pre-specified LDLR promoter/upstream windows.
VCV003072455,11113504,G,C,NM_000527.5(LDLR):c.1359-31G>C,,intronic,Likely benign,1.0,0.9998,0.0037,0,BENIGN,non_coding_transcript_exon_variant,0.1,MODIFIER,-1.0,,Low Impact,False,AGREEMENT,Convergent evidence from structural and sequence analysis.,Benign,ClinVar_Benign,LDLR,True,False,intronic,benign_or_likely_benign,,,,,,False,0.9987,False,False,False,False,False,False,LDLR_promoter_super_enhancer,11090529,11096833,16671,outside_promoter_upstream_window,REJECT,Outside the pre-specified LDLR promoter/upstream windows.
VCV000440636,11113504,G,A,NM_000527.5(LDLR):c.1359-31G>A,,intronic,Likely benign,1.0,0.9998,0.0037,0,BENIGN,non_coding_transcript_exon_variant,0.1,MODIFIER,-1.0,,Low Impact,False,AGREEMENT,Convergent evidence from structural and sequence analysis.,Benign,ClinVar_Benign,LDLR,True,False,intronic,benign_or_likely_benign,,,,,,False,0.9987,False,False,False,False,False,False,LDLR_promoter_super_enhancer,11090529,11096833,16671,outside_promoter_upstream_window,REJECT,Outside the pre-specified LDLR promoter/upstream windows.
VCV000251806,11113505,C,T,NM_000527.5(LDLR):c.1359-30C>T,,intronic,Benign,1.0,0.9998,0.0035,0,BENIGN,non_coding_transcript_exon_variant,0.1,MODIFIER,-1.0,,Low Impact,False,AGREEMENT,Convergent evidence from structural and sequence analysis.,Benign,ClinVar_Benign,LDLR,True,False,intronic,benign_or_likely_benign,,,,,,False,0.9987,False,False,False,False,False,False,LDLR_promoter_super_enhancer,11090529,11096833,16672,outside_promoter_upstream_window,REJECT,Outside the pre-specified LDLR promoter/upstream windows.
VCV000251807,11113506,G,A,NM_000527.5(LDLR):c.1359-29G>A,,intronic,Likely benign,1.0,0.9998,0.0036,0,BENIGN,non_coding_transcript_exon_variant,0.1,MODIFIER,-1.0,,Low Impact,False,AGREEMENT,Convergent evidence from structural and sequence analysis.,Benign,ClinVar_Benign,LDLR,True,False,intronic,benign_or_likely_benign,,,,,,False,0.9987,False,False,False,False,False,False,LDLR_promoter_super_enhancer,11090529,11096833,16673,outside_promoter_upstream_window,REJECT,Outside the pre-specified LDLR promoter/upstream windows.
VCV002773513,11113506,G,C,NM_000527.5(LDLR):c.1359-29G>C,,intronic,Likely benign,1.0,0.9998,0.0036,0,BENIGN,non_coding_transcript_exon_variant,0.1,MODIFIER,-1.0,,Low Impact,False,AGREEMENT,Convergent evidence from structural and sequence analysis.,Benign,ClinVar_Benign,LDLR,True,False,intronic,benign_or_likely_benign,,,,,,False,0.9987,False,False,False,False,False,False,LDLR_promoter_super_enhancer,11090529,11096833,16673,outside_promoter_upstream_window,REJECT,Outside the pre-specified LDLR promoter/upstream windows.
VCV003069516,11113507,C,A,NM_000527.5(LDLR):c.1359-28C>A,,intronic,Likely benign,1.0,0.9998,0.0038,0,BENIGN,non_coding_transcript_exon_variant,0.1,MODIFIER,-1.0,,Low Impact,False,AGREEMENT,Convergent evidence from structural and sequence analysis.,Benign,ClinVar_Benign,LDLR,True,False,intronic,benign_or_likely_benign,,,,,,False,0.9987,False,False,False,False,False,False,LDLR_promoter_super_enhancer,11090529,11096833,16674,outside_promoter_upstream_window,REJECT,Outside the pre-specified LDLR promoter/upstream windows.
VCV004756566,11113508,T,C,NM_000527.5(LDLR):c.1359-27T>C,,intronic,Likely benign,1.0,0.9998,0.0035,0,BENIGN,non_coding_transcript_exon_variant,0.1,MODIFIER,-1.0,,Low Impact,False,AGREEMENT,Convergent evidence from structural and sequence analysis.,Benign,ClinVar_Benign,LDLR,True,False,intronic,benign_or_likely_benign,,,,,,False,0.9987,False,False,False,False,False,False,LDLR_promoter_super_enhancer,11090529,11096833,16675,outside_promoter_upstream_window,REJECT,Outside the pre-specified LDLR promoter/upstream windows.
VCV000922094,11113509,G,A,NM_000527.5(LDLR):c.1359-26G>A,,intronic,Likely benign,1.0,0.9998,0.0035,0,BENIGN,non_coding_transcript_exon_variant,0.1,MODIFIER,-1.0,,Low Impact,False,AGREEMENT,Convergent evidence from structural and sequence analysis.,Benign,ClinVar_Benign,LDLR,True,False,intronic,benign_or_likely_benign,,,,,,False,0.9987,False,False,False,False,False,False,LDLR_promoter_super_enhancer,11090529,11096833,16676,outside_promoter_upstream_window,REJECT,Outside the pre-specified LDLR promoter/upstream windows.
VCV003386988,11113512,G,A,NM_000527.5(LDLR):c.1359-23G>A,,intronic,Likely benign,1.0,0.9998,0.0036,0,BENIGN,mature_miRNA_variant,0.1,MODIFIER,-1.0,,Low Impact,False,AGREEMENT,Convergent evidence from structural and sequence analysis.,Benign,ClinVar_Benign,LDLR,True,False,intronic,benign_or_likely_benign,,,,,,False,0.9987,False,False,False,False,False,False,LDLR_promoter_super_enhancer,11090529,11096833,16679,outside_promoter_upstream_window,REJECT,Outside the pre-specified LDLR promoter/upstream windows.
VCV002862711,11113515,C,T,NM_000527.5(LDLR):c.1359-20C>T,,intronic,Likely benign,1.0,0.9998,0.0037,0,BENIGN,mature_miRNA_variant,0.1,MODIFIER,-1.0,,Low Impact,False,AGREEMENT,Convergent evidence from structural and sequence analysis.,Benign,ClinVar_Benign,LDLR,True,False,intronic,benign_or_likely_benign,,,,,,False,0.9987,False,False,False,False,False,False,LDLR_promoter_super_enhancer,11090529,11096833,16682,outside_promoter_upstream_window,REJECT,Outside the pre-specified LDLR promoter/upstream windows.
VCV003627539,11113518,C,T,NM_000527.5(LDLR):c.1359-17C>T,,intronic,Likely benign,1.0,0.9998,0.0035,0,BENIGN,splice_polypyrimidine_tract_variant,0.3,LOW,-1.0,,Moderate Impact,False,AGREEMENT,Convergent evidence from structural and sequence analysis.,Benign,ClinVar_Benign,LDLR,True,False,intronic,benign_or_likely_benign,,,,,,False,0.9987,False,False,False,False,False,False,LDLR_promoter_super_enhancer,11090529,11096833,16685,outside_promoter_upstream_window,REJECT,Outside the pre-specified LDLR promoter/upstream windows.
VCV000926244,11113521,T,G,NM_000527.5(LDLR):c.1359-14T>G,,intronic,Likely benign,1.0,0.9998,0.0032,0,BENIGN,splice_polypyrimidine_tract_variant,0.3,LOW,-1.0,,Moderate Impact,False,AGREEMENT,Convergent evidence from structural and sequence analysis.,Benign,ClinVar_Benign,LDLR,True,False,intronic,benign_or_likely_benign,,,,,,False,0.9987,False,False,False,False,False,False,LDLR_promoter_super_enhancer,11090529,11096833,16688,outside_promoter_upstream_window,REJECT,Outside the pre-specified LDLR promoter/upstream windows.
VCV000256366,11113522,C,T,NM_000527.5(LDLR):c.1359-13C>T,,intronic,Likely benign,1.0,0.9998,0.0036,0,BENIGN,splice_polypyrimidine_tract_variant,0.3,LOW,-1.0,,Moderate Impact,False,AGREEMENT,Convergent evidence from structural and sequence analysis.,Benign,ClinVar_Benign,LDLR,True,False,intronic,benign_or_likely_benign,,,,,,False,0.9987,False,False,False,False,False,False,LDLR_promoter_super_enhancer,11090529,11096833,16689,outside_promoter_upstream_window,REJECT,Outside the pre-specified LDLR promoter/upstream windows.
VCV002893601,11113522,C,A,NM_000527.5(LDLR):c.1359-13C>A,,intronic,Likely benign,1.0,0.9998,0.0036,0,BENIGN,splice_polypyrimidine_tract_variant,0.3,LOW,-1.0,,Moderate Impact,False,AGREEMENT,Convergent evidence from structural and sequence analysis.,Benign,ClinVar_Benign,LDLR,True,False,intronic,benign_or_likely_benign,,,,,,False,0.9987,False,False,False,False,False,False,LDLR_promoter_super_enhancer,11090529,11096833,16689,outside_promoter_upstream_window,REJECT,Outside the pre-specified LDLR promoter/upstream windows.
VCV000926525,11113525,C,T,NM_000527.5(LDLR):c.1359-10C>T,,intronic,Likely benign,1.0,0.9998,0.0036,0,BENIGN,splice_polypyrimidine_tract_variant,0.3,LOW,-1.0,,Moderate Impact,False,AGREEMENT,Convergent evidence from structural and sequence analysis.,Benign,ClinVar_Benign,LDLR,True,False,intronic,benign_or_likely_benign,,,,,,False,0.9987,False,False,False,False,False,False,LDLR_promoter_super_enhancer,11090529,11096833,16692,outside_promoter_upstream_window,REJECT,Outside the pre-specified LDLR promoter/upstream windows.
VCV002911838,11113529,C,A,NM_000527.5(LDLR):c.1359-6C>A,,intronic,Likely benign,1.0,0.9998,0.0036,0,BENIGN,splice_region_variant,0.5,LOW,-1.0,,High Impact,False,VEP_ONLY,VEP detects sequence impact (score=0.50) but structure appears intact (LSSIM=1.000). Possible compensatory mechanism.,Benign,ClinVar_Benign,LDLR,True,False,intronic,benign_or_likely_benign,,,,,,False,0.9987,False,False,False,False,False,False,LDLR_promoter_super_enhancer,11090529,11096833,16696,outside_promoter_upstream_window,REJECT,Outside the pre-specified LDLR promoter/upstream windows.
VCV001543738,11113530,C,T,NM_000527.5(LDLR):c.1359-5C>T,,intronic,Likely benign,1.0,0.9998,0.0035,0,BENIGN,splice_region_variant,0.5,LOW,-1.0,,High Impact,False,VEP_ONLY,VEP detects sequence impact (score=0.50) but structure appears intact (LSSIM=1.000). Possible compensatory mechanism.,Benign,ClinVar_Benign,LDLR,True,False,intronic,benign_or_likely_benign,,,,,,False,0.9987,False,False,False,False,False,False,LDLR_promoter_super_enhancer,11090529,11096833,16697,outside_promoter_upstream_window,REJECT,Outside the pre-specified LDLR promoter/upstream windows.
VCV000251809,11113531,T,C,NM_000527.5(LDLR):c.1359-4T>C,,intronic,Likely benign,1.0,0.9998,0.0036,0,BENIGN,splice_region_variant,0.5,LOW,-1.0,,High Impact,False,VEP_ONLY,VEP detects sequence impact (score=0.50) but structure appears intact (LSSIM=1.000). Possible compensatory mechanism.,Benign,ClinVar_Benign,LDLR,True,False,intronic,benign_or_likely_benign,,,,,,False,0.9987,False,False,False,False,False,False,LDLR_promoter_super_enhancer,11090529,11096833,16698,outside_promoter_upstream_window,REJECT,Outside the pre-specified LDLR promoter/upstream windows.
VCV002876611,11113538,C,T,c.1362C>T,,synonymous,Likely benign,1.0,0.9999,0.0019,0,BENIGN,synonymous_variant,0.1,LOW,-1.0,,Low Impact,False,AGREEMENT,Convergent evidence from structural and sequence analysis.,Benign,ClinVar_Benign,LDLR,True,False,coding_synonymous,benign_or_likely_benign,,,,,,False,0.9987,False,False,False,False,False,False,LDLR_promoter_super_enhancer,11090529,11096833,16705,outside_promoter_upstream_window,REJECT,Outside the pre-specified LDLR promoter/upstream windows.
VCV000920677,11113544,T,A,c.1368T>A,,synonymous,Likely benign,1.0,1.0,0.0019,0,BENIGN,synonymous_variant,0.1,LOW,-1.0,,Low Impact,False,AGREEMENT,Convergent evidence from structural and sequence analysis.,Benign,ClinVar_Benign,LDLR,True,False,coding_synonymous,benign_or_likely_benign,,,,,,False,0.9987,False,False,False,False,False,False,LDLR_promoter_super_enhancer,11090529,11096833,16711,outside_promoter_upstream_window,REJECT,Outside the pre-specified LDLR promoter/upstream windows.
VCV000763637,11113547,C,T,c.1371C>T,,synonymous,Likely benign,1.0,1.0,0.0019,0,BENIGN,synonymous_variant,0.1,LOW,-1.0,,Low Impact,False,AGREEMENT,Convergent evidence from structural and sequence analysis.,Benign,ClinVar_Benign,LDLR,True,False,coding_synonymous,benign_or_likely_benign,,,,,,False,0.9987,False,False,False,False,False,False,LDLR_promoter_super_enhancer,11090529,11096833,16714,outside_promoter_upstream_window,REJECT,Outside the pre-specified LDLR promoter/upstream windows.
VCV000251819,11113552,C,G,c.1376C>G,,synonymous,Likely benign,1.0,1.0,0.0018,0,BENIGN,missense_variant,0.895,MODERATE,0.01,deleterious,Very High Impact,False,VEP_ONLY,VEP detects sequence impact (score=0.90) but structure appears intact (LSSIM=1.000). Possible compensatory mechanism.,Benign,ClinVar_Benign,LDLR,True,False,coding_synonymous,benign_or_likely_benign,,,,,,False,0.9987,False,False,False,False,False,False,LDLR_promoter_super_enhancer,11090529,11096833,16719,outside_promoter_upstream_window,REJECT,Outside the pre-specified LDLR promoter/upstream windows.
VCV001101469,11113553,C,G,c.1377C>G,,synonymous,Likely benign,1.0,1.0,0.0017,0,BENIGN,synonymous_variant,0.1,LOW,-1.0,,Low Impact,False,AGREEMENT,Convergent evidence from structural and sequence analysis.,Benign,ClinVar_Benign,LDLR,True,False,coding_synonymous,benign_or_likely_benign,,,,,,False,0.9987,False,False,False,False,False,False,LDLR_promoter_super_enhancer,11090529,11096833,16720,outside_promoter_upstream_window,REJECT,Outside the pre-specified LDLR promoter/upstream windows.
VCV002913574,11113553,C,T,c.1377C>T,,synonymous,Likely benign,1.0,1.0,0.0017,0,BENIGN,synonymous_variant,0.1,LOW,-1.0,,Low Impact,False,AGREEMENT,Convergent evidence from structural and sequence analysis.,Benign,ClinVar_Benign,LDLR,True,False,coding_synonymous,benign_or_likely_benign,,,,,,False,0.9987,False,False,False,False,False,False,LDLR_promoter_super_enhancer,11090529,11096833,16720,outside_promoter_upstream_window,REJECT,Outside the pre-specified LDLR promoter/upstream windows.
VCV000697563,11113556,C,T,c.1380C>T,,synonymous,Likely benign,1.0,1.0,0.0018,0,BENIGN,synonymous_variant,0.1,LOW,-1.0,,Low Impact,False,AGREEMENT,Convergent evidence from structural and sequence analysis.,Benign,ClinVar_Benign,LDLR,True,False,coding_synonymous,benign_or_likely_benign,,,,,,False,0.9987,False,False,False,False,False,False,LDLR_promoter_super_enhancer,11090529,11096833,16723,outside_promoter_upstream_window,REJECT,Outside the pre-specified LDLR promoter/upstream windows.
VCV000251823,11113559,C,T,c.1383C>T,,synonymous,Likely benign,1.0,1.0,0.0018,0,BENIGN,synonymous_variant,0.1,LOW,-1.0,,Low Impact,False,AGREEMENT,Convergent evidence from structural and sequence analysis.,Benign,ClinVar_Benign,LDLR,True,False,coding_synonymous,benign_or_likely_benign,,,,,,False,0.9987,False,False,False,False,False,False,LDLR_promoter_super_enhancer,11090529,11096833,16726,outside_promoter_upstream_window,REJECT,Outside the pre-specified LDLR promoter/upstream windows.
VCV000926527,11113568,C,T,c.1392C>T,,synonymous,Likely benign,1.0,1.0,0.0018,0,BENIGN,synonymous_variant,0.1,LOW,-1.0,,Low Impact,False,AGREEMENT,Convergent evidence from structural and sequence analysis.,Benign,ClinVar_Benign,LDLR,True,False,coding_synonymous,benign_or_likely_benign,,,,,,False,0.9987,False,False,False,False,False,False,LDLR_promoter_super_enhancer,11090529,11096833,16735,outside_promoter_upstream_window,REJECT,Outside the pre-specified LDLR promoter/upstream windows.
VCV001143041,11113574,C,T,c.1398C>T,,synonymous,Likely benign,1.0,1.0,0.0018,0,BENIGN,splice_polypyrimidine_tract_variant,0.3,LOW,-1.0,,Moderate Impact,False,AGREEMENT,Convergent evidence from structural and sequence analysis.,Benign,ClinVar_Benign,LDLR,True,False,coding_synonymous,benign_or_likely_benign,,,,,,False,0.9987,False,False,False,False,False,False,LDLR_promoter_super_enhancer,11090529,11096833,16741,outside_promoter_upstream_window,REJECT,Outside the pre-specified LDLR promoter/upstream windows.
VCV000697962,11113577,C,T,c.1401C>T,,synonymous,Likely benign,1.0,1.0,0.0017,0,BENIGN,splice_polypyrimidine_tract_variant,0.3,LOW,-1.0,,Moderate Impact,False,AGREEMENT,Convergent evidence from structural and sequence analysis.,Benign,ClinVar_Benign,LDLR,True,False,coding_synonymous,benign_or_likely_benign,,,,,,False,0.9987,False,False,False,False,False,False,LDLR_promoter_super_enhancer,11090529,11096833,16744,outside_promoter_upstream_window,REJECT,Outside the pre-specified LDLR promoter/upstream windows.
VCV002165740,11113583,C,T,c.1407C>T,,synonymous,Likely benign,1.0,0.9999,0.0019,0,BENIGN,splice_region_variant,0.5,LOW,-1.0,,High Impact,False,VEP_ONLY,VEP detects sequence impact (score=0.50) but structure appears intact (LSSIM=1.000). Possible compensatory mechanism.,Benign,ClinVar_Benign,LDLR,True,False,coding_synonymous,benign_or_likely_benign,,,,,,False,0.9987,False,False,False,False,False,False,LDLR_promoter_super_enhancer,11090529,11096833,16750,outside_promoter_upstream_window,REJECT,Outside the pre-specified LDLR promoter/upstream windows.
VCV000251829,11113587,A,G,c.1411A>G,,synonymous,Likely benign,1.0,0.9999,0.0019,0,BENIGN,missense_variant,0.785,MODERATE,0.23,tolerated,High Impact,False,VEP_ONLY,VEP detects sequence impact (score=0.79) but structure appears intact (LSSIM=1.000). Possible compensatory mechanism.,Benign,ClinVar_Benign,LDLR,True,False,coding_synonymous,benign_or_likely_benign,,,,,,False,0.9987,False,False,False,False,False,False,LDLR_promoter_super_enhancer,11090529,11096833,16754,outside_promoter_upstream_window,REJECT,Outside the pre-specified LDLR promoter/upstream windows.
VCV000200916,11113589,A,G,c.1413A>G,,synonymous,Benign,1.0,0.9999,0.0019,0,BENIGN,synonymous_variant,0.1,LOW,-1.0,,Low Impact,False,AGREEMENT,Convergent evidence from structural and sequence analysis.,Benign,ClinVar_Benign,LDLR,True,False,coding_synonymous,benign_or_likely_benign,,,,,,False,0.9987,False,False,False,False,False,False,LDLR_promoter_super_enhancer,11090529,11096833,16756,outside_promoter_upstream_window,REJECT,Outside the pre-specified LDLR promoter/upstream windows.
VCV001634451,11113592,C,T,c.1416C>T,,synonymous,Likely benign,1.0,1.0,0.0019,0,BENIGN,synonymous_variant,0.1,LOW,-1.0,,Low Impact,False,AGREEMENT,Convergent evidence from structural and sequence analysis.,Benign,ClinVar_Benign,LDLR,True,False,coding_synonymous,benign_or_likely_benign,,,,,,False,0.9987,False,False,False,False,False,False,LDLR_promoter_super_enhancer,11090529,11096833,16759,outside_promoter_upstream_window,REJECT,Outside the pre-specified LDLR promoter/upstream windows.
VCV001138145,11113601,C,G,c.1425C>G,,synonymous,Likely benign,1.0,0.9999,0.0019,0,BENIGN,synonymous_variant,0.1,LOW,-1.0,,Low Impact,False,AGREEMENT,Convergent evidence from structural and sequence analysis.,Benign,ClinVar_Benign,LDLR,True,False,coding_synonymous,benign_or_likely_benign,,,,,,False,0.9987,False,False,False,False,False,False,LDLR_promoter_super_enhancer,11090529,11096833,16768,outside_promoter_upstream_window,REJECT,Outside the pre-specified LDLR promoter/upstream windows.
VCV001144640,11113604,C,G,c.1428C>G,,synonymous,Likely benign,1.0,1.0,0.0019,0,BENIGN,synonymous_variant,0.1,LOW,-1.0,,Low Impact,False,AGREEMENT,Convergent evidence from structural and sequence analysis.,Benign,ClinVar_Benign,LDLR,True,False,coding_synonymous,benign_or_likely_benign,,,,,,False,0.9987,False,False,False,False,False,False,LDLR_promoter_super_enhancer,11090529,11096833,16771,outside_promoter_upstream_window,REJECT,Outside the pre-specified LDLR promoter/upstream windows.
VCV000526766,11113604,C,T,c.1428C>T,,synonymous,Likely benign,1.0,1.0,0.0019,0,BENIGN,synonymous_variant,0.1,LOW,-1.0,,Low Impact,False,AGREEMENT,Convergent evidence from structural and sequence analysis.,Benign,ClinVar_Benign,LDLR,True,False,coding_synonymous,benign_or_likely_benign,,,,,,False,0.9987,False,False,False,False,False,False,LDLR_promoter_super_enhancer,11090529,11096833,16771,outside_promoter_upstream_window,REJECT,Outside the pre-specified LDLR promoter/upstream windows.
VCV000440641,11113607,C,T,c.1431C>T,,synonymous,Likely benign,1.0,1.0,0.0017,0,BENIGN,synonymous_variant,0.1,LOW,-1.0,,Low Impact,False,AGREEMENT,Convergent evidence from structural and sequence analysis.,Benign,ClinVar_Benign,LDLR,True,False,coding_synonymous,benign_or_likely_benign,,,,,,False,0.9987,False,False,False,False,False,False,LDLR_promoter_super_enhancer,11090529,11096833,16774,outside_promoter_upstream_window,REJECT,Outside the pre-specified LDLR promoter/upstream windows.
VCV003894240,11113610,G,C,c.1434G>C,,synonymous,Likely benign,1.0,1.0,0.0017,0,BENIGN,synonymous_variant,0.1,LOW,-1.0,,Low Impact,False,AGREEMENT,Convergent evidence from structural and sequence analysis.,Benign,ClinVar_Benign,LDLR,True,False,coding_synonymous,benign_or_likely_benign,,,,,,False,0.9987,False,False,False,False,False,False,LDLR_promoter_super_enhancer,11090529,11096833,16777,outside_promoter_upstream_window,REJECT,Outside the pre-specified LDLR promoter/upstream windows.
VCV002003531,11113611,C,T,c.1435C>T,,synonymous,Likely benign,1.0,0.9999,0.0019,0,BENIGN,synonymous_variant,0.1,LOW,-1.0,,Low Impact,False,AGREEMENT,Convergent evidence from structural and sequence analysis.,Benign,ClinVar_Benign,LDLR,True,False,coding_synonymous,benign_or_likely_benign,,,,,,False,0.9987,False,False,False,False,False,False,LDLR_promoter_super_enhancer,11090529,11096833,16778,outside_promoter_upstream_window,REJECT,Outside the pre-specified LDLR promoter/upstream windows.
VCV002739948,11113613,G,A,c.1437G>A,,synonymous,Likely benign,1.0,0.9999,0.0019,0,BENIGN,synonymous_variant,0.1,LOW,-1.0,,Low Impact,False,AGREEMENT,Convergent evidence from structural and sequence analysis.,Benign,ClinVar_Benign,LDLR,True,False,coding_synonymous,benign_or_likely_benign,,,,,,False,0.9987,False,False,False,False,False,False,LDLR_promoter_super_enhancer,11090529,11096833,16780,outside_promoter_upstream_window,REJECT,Outside the pre-specified LDLR promoter/upstream windows.
VCV001105247,11113616,T,G,c.1440T>G,,synonymous,Likely benign,1.0,1.0,0.0018,0,BENIGN,synonymous_variant,0.1,LOW,-1.0,,Low Impact,False,AGREEMENT,Convergent evidence from structural and sequence analysis.,Benign,ClinVar_Benign,LDLR,True,False,coding_synonymous,benign_or_likely_benign,,,,,,False,0.9987,False,False,False,False,False,False,LDLR_promoter_super_enhancer,11090529,11096833,16783,outside_promoter_upstream_window,REJECT,Outside the pre-specified LDLR promoter/upstream windows.
VCV001669269,11113631,C,T,c.1455C>T,,synonymous,Likely benign,1.0,1.0,0.0018,0,BENIGN,synonymous_variant,0.1,LOW,-1.0,,Low Impact,False,AGREEMENT,Convergent evidence from structural and sequence analysis.,Benign,ClinVar_Benign,LDLR,True,False,coding_synonymous,benign_or_likely_benign,,,,,,False,0.9987,False,False,False,False,False,False,LDLR_promoter_super_enhancer,11090529,11096833,16798,outside_promoter_upstream_window,REJECT,Outside the pre-specified LDLR promoter/upstream windows.
VCV001576313,11113637,C,T,c.1461C>T,,synonymous,Likely benign,1.0,1.0,0.0018,0,BENIGN,synonymous_variant,0.1,LOW,-1.0,,Low Impact,False,AGREEMENT,Convergent evidence from structural and sequence analysis.,Benign,ClinVar_Benign,LDLR,True,False,coding_synonymous,benign_or_likely_benign,,,,,,False,0.9987,False,False,False,False,False,False,LDLR_promoter_super_enhancer,11090529,11096833,16804,outside_promoter_upstream_window,REJECT,Outside the pre-specified LDLR promoter/upstream windows.
VCV001563420,11113643,C,T,c.1467C>T,,synonymous,Likely benign,1.0,1.0,0.0018,0,BENIGN,synonymous_variant,0.1,LOW,-1.0,,Low Impact,False,AGREEMENT,Convergent evidence from structural and sequence analysis.,Benign,ClinVar_Benign,LDLR,True,False,coding_synonymous,benign_or_likely_benign,,,,,,False,0.9987,False,False,False,False,False,False,LDLR_promoter_super_enhancer,11090529,11096833,16810,outside_promoter_upstream_window,REJECT,Outside the pre-specified LDLR promoter/upstream windows.
VCV001623346,11113649,C,T,c.1473C>T,,synonymous,Likely benign,1.0,1.0,0.0018,0,BENIGN,synonymous_variant,0.1,LOW,-1.0,,Low Impact,False,AGREEMENT,Convergent evidence from structural and sequence analysis.,Benign,ClinVar_Benign,LDLR,True,False,coding_synonymous,benign_or_likely_benign,,,,,,False,0.9987,False,False,False,False,False,False,LDLR_promoter_super_enhancer,11090529,11096833,16816,outside_promoter_upstream_window,REJECT,Outside the pre-specified LDLR promoter/upstream windows.
VCV000919497,11113649,C,G,c.1473C>G,,synonymous,Likely benign,1.0,1.0,0.0018,0,BENIGN,synonymous_variant,0.1,LOW,-1.0,,Low Impact,False,AGREEMENT,Convergent evidence from structural and sequence analysis.,Benign,ClinVar_Benign,LDLR,True,False,coding_synonymous,benign_or_likely_benign,,,,,,False,0.9987,False,False,False,False,False,False,LDLR_promoter_super_enhancer,11090529,11096833,16816,outside_promoter_upstream_window,REJECT,Outside the pre-specified LDLR promoter/upstream windows.
VCV001152478,11113659,C,T,c.1483C>T,,synonymous,Likely benign,1.0,1.0,0.0018,0,BENIGN,synonymous_variant,0.1,LOW,-1.0,,Low Impact,False,AGREEMENT,Convergent evidence from structural and sequence analysis.,Benign,ClinVar_Benign,LDLR,True,False,coding_synonymous,benign_or_likely_benign,,,,,,False,0.9987,False,False,False,False,False,False,LDLR_promoter_super_enhancer,11090529,11096833,16826,outside_promoter_upstream_window,REJECT,Outside the pre-specified LDLR promoter/upstream windows.
VCV002765362,11113661,G,A,c.1485G>A,,synonymous,Likely benign,1.0,1.0,0.0017,0,BENIGN,synonymous_variant,0.1,LOW,-1.0,,Low Impact,False,AGREEMENT,Convergent evidence from structural and sequence analysis.,Benign,ClinVar_Benign,LDLR,True,False,coding_synonymous,benign_or_likely_benign,,,,,,False,0.9987,False,False,False,False,False,False,LDLR_promoter_super_enhancer,11090529,11096833,16828,outside_promoter_upstream_window,REJECT,Outside the pre-specified LDLR promoter/upstream windows.
VCV000440648,11113667,T,C,c.1491T>C,,synonymous,Likely benign,1.0,1.0,0.0018,0,BENIGN,synonymous_variant,0.1,LOW,-1.0,,Low Impact,False,AGREEMENT,Convergent evidence from structural and sequence analysis.,Benign,ClinVar_Benign,LDLR,True,False,coding_synonymous,benign_or_likely_benign,,,,,,False,0.9987,False,False,False,False,False,False,LDLR_promoter_super_enhancer,11090529,11096833,16834,outside_promoter_upstream_window,REJECT,Outside the pre-specified LDLR promoter/upstream windows.
VCV000251869,11113668,G,T,c.1492G>T,,synonymous,Likely benign,1.0,1.0,0.0017,0,BENIGN,missense_variant,0.9,MODERATE,0.0,deleterious,Very High Impact,False,VEP_ONLY,VEP detects sequence impact (score=0.90) but structure appears intact (LSSIM=1.000). Possible compensatory mechanism.,Benign,ClinVar_Benign,LDLR,True,False,coding_synonymous,benign_or_likely_benign,,,,,,False,0.9987,False,False,False,False,False,False,LDLR_promoter_super_enhancer,11090529,11096833,16835,outside_promoter_upstream_window,REJECT,Outside the pre-specified LDLR promoter/upstream windows.
VCV001614994,11113670,C,T,c.1494C>T,,synonymous,Likely benign,1.0,1.0,0.0018,0,BENIGN,synonymous_variant,0.1,LOW,-1.0,,Low Impact,False,AGREEMENT,Convergent evidence from structural and sequence analysis.,Benign,ClinVar_Benign,LDLR,True,False,coding_synonymous,benign_or_likely_benign,,,,,,False,0.9987,False,False,False,False,False,False,LDLR_promoter_super_enhancer,11090529,11096833,16837,outside_promoter_upstream_window,REJECT,Outside the pre-specified LDLR promoter/upstream windows.
VCV001105075,11113670,C,G,c.1494C>G,,synonymous,Likely benign,1.0,1.0,0.0018,0,BENIGN,synonymous_variant,0.1,LOW,-1.0,,Low Impact,False,AGREEMENT,Convergent evidence from structural and sequence analysis.,Benign,ClinVar_Benign,LDLR,True,False,coding_synonymous,benign_or_likely_benign,,,,,,False,0.9987,False,False,False,False,False,False,LDLR_promoter_super_enhancer,11090529,11096833,16837,outside_promoter_upstream_window,REJECT,Outside the pre-specified LDLR promoter/upstream windows.
VCV002103147,11113673,T,C,c.1497T>C,,synonymous,Likely benign,1.0,1.0,0.0018,0,BENIGN,synonymous_variant,0.1,LOW,-1.0,,Low Impact,False,AGREEMENT,Convergent evidence from structural and sequence analysis.,Benign,ClinVar_Benign,LDLR,True,False,coding_synonymous,benign_or_likely_benign,,,,,,False,0.9987,False,False,False,False,False,False,LDLR_promoter_super_enhancer,11090529,11096833,16840,outside_promoter_upstream_window,REJECT,Outside the pre-specified LDLR promoter/upstream windows.
VCV001332161,11113679,G,C,c.1503G>C,,synonymous,Likely benign,1.0,1.0,0.0017,0,BENIGN,synonymous_variant,0.1,LOW,-1.0,,Low Impact,False,AGREEMENT,Convergent evidence from structural and sequence analysis.,Benign,ClinVar_Benign,LDLR,True,False,coding_synonymous,benign_or_likely_benign,,,,,,False,0.9987,False,False,False,False,False,False,LDLR_promoter_super_enhancer,11090529,11096833,16846,outside_promoter_upstream_window,REJECT,Outside the pre-specified LDLR promoter/upstream windows.
VCV001012924,11113682,T,C,c.1506T>C,,synonymous,Likely benign,1.0,1.0,0.0017,0,BENIGN,synonymous_variant,0.1,LOW,-1.0,,Low Impact,False,AGREEMENT,Convergent evidence from structural and sequence analysis.,Benign,ClinVar_Benign,LDLR,True,False,coding_synonymous,benign_or_likely_benign,,,,,,False,0.9987,False,False,False,False,False,False,LDLR_promoter_super_enhancer,11090529,11096833,16849,outside_promoter_upstream_window,REJECT,Outside the pre-specified LDLR promoter/upstream windows.
VCV001087667,11113685,C,A,c.1509C>A,,synonymous,Likely benign,1.0,1.0,0.0019,0,BENIGN,synonymous_variant,0.1,LOW,-1.0,,Low Impact,False,AGREEMENT,Convergent evidence from structural and sequence analysis.,Benign,ClinVar_Benign,LDLR,True,False,coding_synonymous,benign_or_likely_benign,,,,,,False,0.9987,False,False,False,False,False,False,LDLR_promoter_super_enhancer,11090529,11096833,16852,outside_promoter_upstream_window,REJECT,Outside the pre-specified LDLR promoter/upstream windows.
VCV001774360,11113694,G,A,c.1518G>A,,synonymous,Likely benign,1.0,0.9999,0.0019,0,BENIGN,synonymous_variant,0.1,LOW,-1.0,,Low Impact,False,AGREEMENT,Convergent evidence from structural and sequence analysis.,Benign,ClinVar_Benign,LDLR,True,False,coding_synonymous,benign_or_likely_benign,,,,,,False,0.9987,False,False,False,False,False,False,LDLR_promoter_super_enhancer,11090529,11096833,16861,outside_promoter_upstream_window,REJECT,Outside the pre-specified LDLR promoter/upstream windows.
VCV002825446,11113700,G,A,c.1524G>A,,synonymous,Likely benign,1.0,0.9999,0.0019,0,BENIGN,synonymous_variant,0.1,LOW,-1.0,,Low Impact,False,AGREEMENT,Convergent evidence from structural and sequence analysis.,Benign,ClinVar_Benign,LDLR,True,False,coding_synonymous,benign_or_likely_benign,,,,,,False,0.9987,False,False,False,False,False,False,LDLR_promoter_super_enhancer,11090529,11096833,16867,outside_promoter_upstream_window,REJECT,Outside the pre-specified LDLR promoter/upstream windows.
VCV001109453,11113703,A,G,c.1527A>G,,synonymous,Likely benign,1.0,1.0,0.0018,0,BENIGN,synonymous_variant,0.1,LOW,-1.0,,Low Impact,False,AGREEMENT,Convergent evidence from structural and sequence analysis.,Benign,ClinVar_Benign,LDLR,True,False,coding_synonymous,benign_or_likely_benign,,,,,,False,0.9987,False,False,False,False,False,False,LDLR_promoter_super_enhancer,11090529,11096833,16870,outside_promoter_upstream_window,REJECT,Outside the pre-specified LDLR promoter/upstream windows.
VCV000526765,11113706,G,A,c.1530G>A,,synonymous,Likely benign,1.0,1.0,0.0016,0,BENIGN,synonymous_variant,0.1,LOW,-1.0,,Low Impact,False,AGREEMENT,Convergent evidence from structural and sequence analysis.,Benign,ClinVar_Benign,LDLR,True,False,coding_synonymous,benign_or_likely_benign,,,,,,False,0.9987,False,False,False,False,False,False,LDLR_promoter_super_enhancer,11090529,11096833,16873,outside_promoter_upstream_window,REJECT,Outside the pre-specified LDLR promoter/upstream windows.
VCV000923571,11113709,A,G,c.1533A>G,,synonymous,Likely benign,1.0,1.0,0.0019,0,BENIGN,synonymous_variant,0.1,LOW,-1.0,,Low Impact,False,AGREEMENT,Convergent evidence from structural and sequence analysis.,Benign,ClinVar_Benign,LDLR,True,False,coding_synonymous,benign_or_likely_benign,,,,,,False,0.9987,False,False,False,False,False,False,LDLR_promoter_super_enhancer,11090529,11096833,16876,outside_promoter_upstream_window,REJECT,Outside the pre-specified LDLR promoter/upstream windows.
VCV000251891,11113721,C,T,c.1545C>T,,synonymous,Benign/Likely benign,1.0,1.0,0.0018,0,BENIGN,synonymous_variant,0.1,LOW,-1.0,,Low Impact,False,AGREEMENT,Convergent evidence from structural and sequence analysis.,Benign,ClinVar_Benign,LDLR,True,False,coding_synonymous,benign_or_likely_benign,,,,,,False,0.9987,False,False,False,False,False,False,LDLR_promoter_super_enhancer,11090529,11096833,16888,outside_promoter_upstream_window,REJECT,Outside the pre-specified LDLR promoter/upstream windows.
VCV003075488,11113724,C,T,c.1548C>T,,synonymous,Likely benign,1.0,1.0,0.0017,0,BENIGN,synonymous_variant,0.1,LOW,-1.0,,Low Impact,False,AGREEMENT,Convergent evidence from structural and sequence analysis.,Benign,ClinVar_Benign,LDLR,True,False,coding_synonymous,benign_or_likely_benign,,,,,,False,0.9987,False,False,False,False,False,False,LDLR_promoter_super_enhancer,11090529,11096833,16891,outside_promoter_upstream_window,REJECT,Outside the pre-specified LDLR promoter/upstream windows.
VCV003393021,11113727,C,A,c.1551C>A,,synonymous,Likely benign,1.0,1.0,0.0017,0,BENIGN,synonymous_variant,0.1,LOW,-1.0,,Low Impact,False,AGREEMENT,Convergent evidence from structural and sequence analysis.,Benign,ClinVar_Benign,LDLR,True,False,coding_synonymous,benign_or_likely_benign,,,,,,False,0.9987,False,False,False,False,False,False,LDLR_promoter_super_enhancer,11090529,11096833,16894,outside_promoter_upstream_window,REJECT,Outside the pre-specified LDLR promoter/upstream windows.
VCV001641104,11113727,C,T,c.1551C>T,,synonymous,Likely benign,1.0,1.0,0.0017,0,BENIGN,synonymous_variant,0.1,LOW,-1.0,,Low Impact,False,AGREEMENT,Convergent evidence from structural and sequence analysis.,Benign,ClinVar_Benign,LDLR,True,False,coding_synonymous,benign_or_likely_benign,,,,,,False,0.9987,False,False,False,False,False,False,LDLR_promoter_super_enhancer,11090529,11096833,16894,outside_promoter_upstream_window,REJECT,Outside the pre-specified LDLR promoter/upstream windows.
VCV002776528,11113730,G,A,c.1554G>A,,synonymous,Likely benign,1.0,0.9999,0.0019,0,BENIGN,synonymous_variant,0.1,LOW,-1.0,,Low Impact,False,AGREEMENT,Convergent evidence from structural and sequence analysis.,Benign,ClinVar_Benign,LDLR,True,False,coding_synonymous,benign_or_likely_benign,,,,,,False,0.9987,False,False,False,False,False,False,LDLR_promoter_super_enhancer,11090529,11096833,16897,outside_promoter_upstream_window,REJECT,Outside the pre-specified LDLR promoter/upstream windows.
VCV000919900,11113742,C,T,c.1566C>T,,synonymous,Likely benign,1.0,1.0,0.0017,0,BENIGN,synonymous_variant,0.1,LOW,-1.0,,Low Impact,False,AGREEMENT,Convergent evidence from structural and sequence analysis.,Benign,ClinVar_Benign,LDLR,True,False,coding_synonymous,benign_or_likely_benign,,,,,,False,0.9987,False,False,False,False,False,False,LDLR_promoter_super_enhancer,11090529,11096833,16909,outside_promoter_upstream_window,REJECT,Outside the pre-specified LDLR promoter/upstream windows.
VCV002092378,11113751,T,C,c.1575T>C,,synonymous,Likely benign,1.0,0.9999,0.0019,0,BENIGN,synonymous_variant,0.1,LOW,-1.0,,Low Impact,False,AGREEMENT,Convergent evidence from structural and sequence analysis.,Benign,ClinVar_Benign,LDLR,True,False,coding_synonymous,benign_or_likely_benign,,,,,,False,0.9987,False,False,False,False,False,False,LDLR_promoter_super_enhancer,11090529,11096833,16918,outside_promoter_upstream_window,REJECT,Outside the pre-specified LDLR promoter/upstream windows.
VCV001541162,11113760,T,C,c.1584T>C,,synonymous,Likely benign,1.0,0.9999,0.0019,0,BENIGN,splice_region_variant,0.5,LOW,-1.0,,High Impact,False,VEP_ONLY,VEP detects sequence impact (score=0.50) but structure appears intact (LSSIM=1.000). Possible compensatory mechanism.,Benign,ClinVar_Benign,LDLR,True,False,coding_synonymous,benign_or_likely_benign,,,,,,False,0.9987,False,False,False,False,False,False,LDLR_promoter_super_enhancer,11090529,11096833,16927,outside_promoter_upstream_window,REJECT,Outside the pre-specified LDLR promoter/upstream windows.
VCV000795721,11113771,C,G,NM_000527.5(LDLR):c.1586+9C>G,,intronic,Likely benign,1.0,0.9998,0.004,0,BENIGN,intron_variant,0.1,MODIFIER,-1.0,,Low Impact,False,AGREEMENT,Convergent evidence from structural and sequence analysis.,Benign,ClinVar_Benign,LDLR,True,False,intronic,benign_or_likely_benign,,,,,,False,0.9987,False,False,False,False,False,False,LDLR_promoter_super_enhancer,11090529,11096833,16938,outside_promoter_upstream_window,REJECT,Outside the pre-specified LDLR promoter/upstream windows.
VCV000630662,11113775,G,A,NM_000527.5(LDLR):c.1586+13G>A,,intronic,Likely benign,1.0,0.9998,0.0037,0,BENIGN,intron_variant,0.1,MODIFIER,-1.0,,Low Impact,False,AGREEMENT,Convergent evidence from structural and sequence analysis.,Benign,ClinVar_Benign,LDLR,True,False,intronic,benign_or_likely_benign,,,,,,False,0.9987,False,False,False,False,False,False,LDLR_promoter_super_enhancer,11090529,11096833,16942,outside_promoter_upstream_window,REJECT,Outside the pre-specified LDLR promoter/upstream windows.
VCV000431533,11113778,G,A,NM_000527.5(LDLR):c.1586+16G>A,,intronic,Benign,1.0,0.9998,0.0036,0,BENIGN,intron_variant,0.1,MODIFIER,-1.0,,Low Impact,False,AGREEMENT,Convergent evidence from structural and sequence analysis.,Benign,ClinVar_Benign,LDLR,True,False,intronic,benign_or_likely_benign,,,,,,False,0.9987,False,False,False,False,False,False,LDLR_promoter_super_enhancer,11090529,11096833,16945,outside_promoter_upstream_window,REJECT,Outside the pre-specified LDLR promoter/upstream windows.
VCV000512153,11113778,G,T,NM_000527.5(LDLR):c.1586+16G>T,,intronic,Likely benign,1.0,0.9998,0.0036,0,BENIGN,intron_variant,0.1,MODIFIER,-1.0,,Low Impact,False,AGREEMENT,Convergent evidence from structural and sequence analysis.,Benign,ClinVar_Benign,LDLR,True,False,intronic,benign_or_likely_benign,,,,,,False,0.9987,False,False,False,False,False,False,LDLR_promoter_super_enhancer,11090529,11096833,16945,outside_promoter_upstream_window,REJECT,Outside the pre-specified LDLR promoter/upstream windows.
VCV003015473,11113779,C,T,NM_000527.5(LDLR):c.1586+17C>T,,intronic,Likely benign,1.0,0.9998,0.0039,0,BENIGN,intron_variant,0.1,MODIFIER,-1.0,,Low Impact,False,AGREEMENT,Convergent evidence from structural and sequence analysis.,Benign,ClinVar_Benign,LDLR,True,False,intronic,benign_or_likely_benign,,,,,,False,0.9987,False,False,False,False,False,False,LDLR_promoter_super_enhancer,11090529,11096833,16946,outside_promoter_upstream_window,REJECT,Outside the pre-specified LDLR promoter/upstream windows.
VCV002917393,11113781,G,A,NM_000527.5(LDLR):c.1586+19G>A,,intronic,Likely benign,1.0,0.9998,0.0035,0,BENIGN,intron_variant,0.1,MODIFIER,-1.0,,Low Impact,False,AGREEMENT,Convergent evidence from structural and sequence analysis.,Benign,ClinVar_Benign,LDLR,True,False,intronic,benign_or_likely_benign,,,,,,False,0.9987,False,False,False,False,False,False,LDLR_promoter_super_enhancer,11090529,11096833,16948,outside_promoter_upstream_window,REJECT,Outside the pre-specified LDLR promoter/upstream windows.
VCV001172935,11113815,A,G,NM_000527.5(LDLR):c.1586+53A>G,,intronic,Benign,1.0,0.9998,0.0036,0,BENIGN,intron_variant,0.1,MODIFIER,-1.0,,Low Impact,False,AGREEMENT,Convergent evidence from structural and sequence analysis.,Benign,ClinVar_Benign,LDLR,True,False,intronic,benign_or_likely_benign,,,,,,False,0.9987,False,False,False,False,False,False,LDLR_promoter_super_enhancer,11090529,11096833,16982,outside_promoter_upstream_window,REJECT,Outside the pre-specified LDLR promoter/upstream windows.
VCV001678731,11113916,A,G,NM_000527.5(LDLR):c.1586+154A>G,,intronic,Benign,1.0,0.9998,0.0037,0,BENIGN,intron_variant,0.1,MODIFIER,-1.0,,Low Impact,False,AGREEMENT,Convergent evidence from structural and sequence analysis.,Benign,ClinVar_Benign,LDLR,True,False,intronic,benign_or_likely_benign,,,,,,False,0.9987,False,False,False,False,False,False,LDLR_promoter_super_enhancer,11090529,11096833,17083,outside_promoter_upstream_window,REJECT,Outside the pre-specified LDLR promoter/upstream windows.
VCV000251910,11116043,G,T,NM_000527.5(LDLR):c.1587-51G>T,,intronic,Likely benign,1.0,0.9997,0.0039,0,BENIGN,intron_variant,0.1,MODIFIER,-1.0,,Low Impact,False,AGREEMENT,Convergent evidence from structural and sequence analysis.,Benign,ClinVar_Benign,LDLR,True,False,intronic,benign_or_likely_benign,,,,,,False,0.9987,False,False,False,False,False,False,LDLR_promoter_super_enhancer,11090529,11096833,19210,outside_promoter_upstream_window,REJECT,Outside the pre-specified LDLR promoter/upstream windows.
VCV003603615,11116074,A,G,NM_000527.5(LDLR):c.1587-20A>G,,intronic,Likely benign,1.0,0.9997,0.0039,0,BENIGN,intron_variant,0.1,MODIFIER,-1.0,,Low Impact,False,AGREEMENT,Convergent evidence from structural and sequence analysis.,Benign,ClinVar_Benign,LDLR,True,False,intronic,benign_or_likely_benign,,,,,,False,0.9987,False,False,False,False,False,False,LDLR_promoter_super_enhancer,11090529,11096833,19241,outside_promoter_upstream_window,REJECT,Outside the pre-specified LDLR promoter/upstream windows.
VCV002728557,11116077,C,A,NM_000527.5(LDLR):c.1587-17C>A,,intronic,Likely benign,1.0,0.9997,0.0038,0,BENIGN,splice_polypyrimidine_tract_variant,0.3,LOW,-1.0,,Moderate Impact,False,AGREEMENT,Convergent evidence from structural and sequence analysis.,Benign,ClinVar_Benign,LDLR,True,False,intronic,benign_or_likely_benign,,,,,,False,0.9987,False,False,False,False,False,False,LDLR_promoter_super_enhancer,11090529,11096833,19244,outside_promoter_upstream_window,REJECT,Outside the pre-specified LDLR promoter/upstream windows.
VCV000919901,11116084,C,T,NM_000527.5(LDLR):c.1587-10C>T,,intronic,Likely benign,1.0,0.9997,0.0036,0,BENIGN,splice_polypyrimidine_tract_variant,0.3,LOW,-1.0,,Moderate Impact,False,AGREEMENT,Convergent evidence from structural and sequence analysis.,Benign,ClinVar_Benign,LDLR,True,False,intronic,benign_or_likely_benign,,,,,,False,0.9987,False,False,False,False,False,False,LDLR_promoter_super_enhancer,11090529,11096833,19251,outside_promoter_upstream_window,REJECT,Outside the pre-specified LDLR promoter/upstream windows.
VCV002714673,11116087,C,T,NM_000527.5(LDLR):c.1587-7C>T,,intronic,Likely benign,1.0,0.9998,0.0035,0,BENIGN,splice_region_variant,0.5,LOW,-1.0,,High Impact,False,VEP_ONLY,VEP detects sequence impact (score=0.50) but structure appears intact (LSSIM=1.000). Possible compensatory mechanism.,Benign,ClinVar_Benign,LDLR,True,False,intronic,benign_or_likely_benign,,,,,,False,0.9987,False,False,False,False,False,False,LDLR_promoter_super_enhancer,11090529,11096833,19254,outside_promoter_upstream_window,REJECT,Outside the pre-specified LDLR promoter/upstream windows.
VCV001147910,11116090,C,T,NM_000527.5(LDLR):c.1587-4C>T,,intronic,Likely benign,1.0,0.9997,0.0037,0,BENIGN,splice_region_variant,0.5,LOW,-1.0,,High Impact,False,VEP_ONLY,VEP detects sequence impact (score=0.50) but structure appears intact (LSSIM=1.000). Possible compensatory mechanism.,Benign,ClinVar_Benign,LDLR,True,False,intronic,benign_or_likely_benign,,,,,,False,0.9987,False,False,False,False,False,False,LDLR_promoter_super_enhancer,11090529,11096833,19257,outside_promoter_upstream_window,REJECT,Outside the pre-specified LDLR promoter/upstream windows.
VCV000251935,11116119,A,T,c.1612A>T,,synonymous,Likely benign,1.0,0.9999,0.0018,0,BENIGN,missense_variant,0.775,MODERATE,0.25,tolerated,High Impact,False,VEP_ONLY,VEP detects sequence impact (score=0.78) but structure appears intact (LSSIM=1.000). Possible compensatory mechanism.,Benign,ClinVar_Benign,LDLR,True,False,coding_synonymous,benign_or_likely_benign,,,,,,False,0.9987,False,False,False,False,False,False,LDLR_promoter_super_enhancer,11090529,11096833,19286,outside_promoter_upstream_window,REJECT,Outside the pre-specified LDLR promoter/upstream windows.
VCV000251936,11116124,C,T,c.1617C>T,,synonymous,Benign,1.0,0.9999,0.0018,0,BENIGN,synonymous_variant,0.1,LOW,-1.0,,Low Impact,False,AGREEMENT,Convergent evidence from structural and sequence analysis.,Benign,ClinVar_Benign,LDLR,True,False,coding_synonymous,benign_or_likely_benign,,,,,,False,0.9987,False,False,False,False,False,False,LDLR_promoter_super_enhancer,11090529,11096833,19291,outside_promoter_upstream_window,REJECT,Outside the pre-specified LDLR promoter/upstream windows.
VCV001776648,11116130,G,A,c.1623G>A,,synonymous,Likely benign,1.0,0.9999,0.0018,0,BENIGN,synonymous_variant,0.1,LOW,-1.0,,Low Impact,False,AGREEMENT,Convergent evidence from structural and sequence analysis.,Benign,ClinVar_Benign,LDLR,True,False,coding_synonymous,benign_or_likely_benign,,,,,,False,0.9987,False,False,False,False,False,False,LDLR_promoter_super_enhancer,11090529,11096833,19297,outside_promoter_upstream_window,REJECT,Outside the pre-specified LDLR promoter/upstream windows.
VCV002875976,11116133,C,A,c.1626C>A,,synonymous,Likely benign,1.0,0.9999,0.0018,0,BENIGN,synonymous_variant,0.1,LOW,-1.0,,Low Impact,False,AGREEMENT,Convergent evidence from structural and sequence analysis.,Benign,ClinVar_Benign,LDLR,True,False,coding_synonymous,benign_or_likely_benign,,,,,,False,0.9987,False,False,False,False,False,False,LDLR_promoter_super_enhancer,11090529,11096833,19300,outside_promoter_upstream_window,REJECT,Outside the pre-specified LDLR promoter/upstream windows.
VCV002701796,11116133,C,T,c.1626C>T,,synonymous,Likely benign,1.0,0.9999,0.0018,0,BENIGN,synonymous_variant,0.1,LOW,-1.0,,Low Impact,False,AGREEMENT,Convergent evidence from structural and sequence analysis.,Benign,ClinVar_Benign,LDLR,True,False,coding_synonymous,benign_or_likely_benign,,,,,,False,0.9987,False,False,False,False,False,False,LDLR_promoter_super_enhancer,11090529,11096833,19300,outside_promoter_upstream_window,REJECT,Outside the pre-specified LDLR promoter/upstream windows.
VCV000920639,11116139,A,G,c.1632A>G,,synonymous,Likely benign,1.0,0.9999,0.0017,0,BENIGN,synonymous_variant,0.1,LOW,-1.0,,Low Impact,False,AGREEMENT,Convergent evidence from structural and sequence analysis.,Benign,ClinVar_Benign,LDLR,True,False,coding_synonymous,benign_or_likely_benign,,,,,,False,0.9987,False,False,False,False,False,False,LDLR_promoter_super_enhancer,11090529,11096833,19306,outside_promoter_upstream_window,REJECT,Outside the pre-specified LDLR promoter/upstream windows.
VCV000526761,11116142,G,A,c.1635G>A,,synonymous,Likely benign,1.0,0.9999,0.0018,0,BENIGN,synonymous_variant,0.1,LOW,-1.0,,Low Impact,False,AGREEMENT,Convergent evidence from structural and sequence analysis.,Benign,ClinVar_Benign,LDLR,True,False,coding_synonymous,benign_or_likely_benign,,,,,,False,0.9987,False,False,False,False,False,False,LDLR_promoter_super_enhancer,11090529,11096833,19309,outside_promoter_upstream_window,REJECT,Outside the pre-specified LDLR promoter/upstream windows.
VCV001667722,11116145,C,T,c.1638C>T,,synonymous,Likely benign,1.0,0.9999,0.0017,0,BENIGN,synonymous_variant,0.1,LOW,-1.0,,Low Impact,False,AGREEMENT,Convergent evidence from structural and sequence analysis.,Benign,ClinVar_Benign,LDLR,True,False,coding_synonymous,benign_or_likely_benign,,,,,,False,0.9987,False,False,False,False,False,False,LDLR_promoter_super_enhancer,11090529,11096833,19312,outside_promoter_upstream_window,REJECT,Outside the pre-specified LDLR promoter/upstream windows.
VCV001157240,11116145,C,A,c.1638C>A,,synonymous,Likely benign,1.0,0.9999,0.0017,0,BENIGN,synonymous_variant,0.1,LOW,-1.0,,Low Impact,False,AGREEMENT,Convergent evidence from structural and sequence analysis.,Benign,ClinVar_Benign,LDLR,True,False,coding_synonymous,benign_or_likely_benign,,,,,,False,0.9987,False,False,False,False,False,False,LDLR_promoter_super_enhancer,11090529,11096833,19312,outside_promoter_upstream_window,REJECT,Outside the pre-specified LDLR promoter/upstream windows.
VCV002817903,11116148,G,T,c.1641G>T,,synonymous,Likely benign,1.0,0.9999,0.0018,0,BENIGN,synonymous_variant,0.1,LOW,-1.0,,Low Impact,False,AGREEMENT,Convergent evidence from structural and sequence analysis.,Benign,ClinVar_Benign,LDLR,True,False,coding_synonymous,benign_or_likely_benign,,,,,,False,0.9987,False,False,False,False,False,False,LDLR_promoter_super_enhancer,11090529,11096833,19315,outside_promoter_upstream_window,REJECT,Outside the pre-specified LDLR promoter/upstream windows.
VCV004757289,11116154,T,C,c.1647T>C,,synonymous,Likely benign,1.0,0.9999,0.0017,0,BENIGN,synonymous_variant,0.1,LOW,-1.0,,Low Impact,False,AGREEMENT,Convergent evidence from structural and sequence analysis.,Benign,ClinVar_Benign,LDLR,True,False,coding_synonymous,benign_or_likely_benign,,,,,,False,0.9987,False,False,False,False,False,False,LDLR_promoter_super_enhancer,11090529,11096833,19321,outside_promoter_upstream_window,REJECT,Outside the pre-specified LDLR promoter/upstream windows.
VCV001108949,11116160,C,T,c.1653C>T,,synonymous,Likely benign,1.0,0.9999,0.0017,0,BENIGN,synonymous_variant,0.1,LOW,-1.0,,Low Impact,False,AGREEMENT,Convergent evidence from structural and sequence analysis.,Benign,ClinVar_Benign,LDLR,True,False,coding_synonymous,benign_or_likely_benign,,,,,,False,0.9987,False,False,False,False,False,False,LDLR_promoter_super_enhancer,11090529,11096833,19327,outside_promoter_upstream_window,REJECT,Outside the pre-specified LDLR promoter/upstream windows.
VCV003004696,11116166,C,T,c.1659C>T,,synonymous,Likely benign,1.0,0.9999,0.0018,0,BENIGN,synonymous_variant,0.1,LOW,-1.0,,Low Impact,False,AGREEMENT,Convergent evidence from structural and sequence analysis.,Benign,ClinVar_Benign,LDLR,True,False,coding_synonymous,benign_or_likely_benign,,,,,,False,0.9987,False,False,False,False,False,False,LDLR_promoter_super_enhancer,11090529,11096833,19333,outside_promoter_upstream_window,REJECT,Outside the pre-specified LDLR promoter/upstream windows.
VCV000630415,11116169,G,A,c.1662G>A,,synonymous,Likely benign,1.0,0.9999,0.0018,0,BENIGN,synonymous_variant,0.1,LOW,-1.0,,Low Impact,False,AGREEMENT,Convergent evidence from structural and sequence analysis.,Benign,ClinVar_Benign,LDLR,True,False,coding_synonymous,benign_or_likely_benign,,,,,,False,0.9987,False,False,False,False,False,False,LDLR_promoter_super_enhancer,11090529,11096833,19336,outside_promoter_upstream_window,REJECT,Outside the pre-specified LDLR promoter/upstream windows.
VCV001092664,11116172,G,T,c.1665G>T,,synonymous,Likely benign,1.0,0.9999,0.0018,0,BENIGN,synonymous_variant,0.1,LOW,-1.0,,Low Impact,False,AGREEMENT,Convergent evidence from structural and sequence analysis.,Benign,ClinVar_Benign,LDLR,True,False,coding_synonymous,benign_or_likely_benign,,,,,,False,0.9987,False,False,False,False,False,False,LDLR_promoter_super_enhancer,11090529,11096833,19339,outside_promoter_upstream_window,REJECT,Outside the pre-specified LDLR promoter/upstream windows.
VCV002770096,11116172,G,A,c.1665G>A,,synonymous,Likely benign,1.0,0.9999,0.0018,0,BENIGN,synonymous_variant,0.1,LOW,-1.0,,Low Impact,False,AGREEMENT,Convergent evidence from structural and sequence analysis.,Benign,ClinVar_Benign,LDLR,True,False,coding_synonymous,benign_or_likely_benign,,,,,,False,0.9987,False,False,False,False,False,False,LDLR_promoter_super_enhancer,11090529,11096833,19339,outside_promoter_upstream_window,REJECT,Outside the pre-specified LDLR promoter/upstream windows.
VCV001579463,11116178,T,C,c.1671T>C,,synonymous,Likely benign,1.0,0.9999,0.0017,0,BENIGN,synonymous_variant,0.1,LOW,-1.0,,Low Impact,False,AGREEMENT,Convergent evidence from structural and sequence analysis.,Benign,ClinVar_Benign,LDLR,True,False,coding_synonymous,benign_or_likely_benign,,,,,,False,0.9987,False,False,False,False,False,False,LDLR_promoter_super_enhancer,11090529,11096833,19345,outside_promoter_upstream_window,REJECT,Outside the pre-specified LDLR promoter/upstream windows.
VCV003894096,11116178,T,G,c.1671T>G,,synonymous,Likely benign,1.0,0.9999,0.0017,0,BENIGN,synonymous_variant,0.1,LOW,-1.0,,Low Impact,False,AGREEMENT,Convergent evidence from structural and sequence analysis.,Benign,ClinVar_Benign,LDLR,True,False,coding_synonymous,benign_or_likely_benign,,,,,,False,0.9987,False,False,False,False,False,False,LDLR_promoter_super_enhancer,11090529,11096833,19345,outside_promoter_upstream_window,REJECT,Outside the pre-specified LDLR promoter/upstream windows.
VCV000925299,11116190,G,A,c.1683G>A,,synonymous,Likely benign,1.0,0.9999,0.0017,0,BENIGN,synonymous_variant,0.1,LOW,-1.0,,Low Impact,False,AGREEMENT,Convergent evidence from structural and sequence analysis.,Benign,ClinVar_Benign,LDLR,True,False,coding_synonymous,benign_or_likely_benign,,,,,,False,0.9987,False,False,False,False,False,False,LDLR_promoter_super_enhancer,11090529,11096833,19357,outside_promoter_upstream_window,REJECT,Outside the pre-specified LDLR promoter/upstream windows.
VCV003643918,11116196,C,G,c.1689C>G,,synonymous,Likely benign,1.0,0.9999,0.0018,0,BENIGN,synonymous_variant,0.1,LOW,-1.0,,Low Impact,False,AGREEMENT,Convergent evidence from structural and sequence analysis.,Benign,ClinVar_Benign,LDLR,True,False,coding_synonymous,benign_or_likely_benign,,,,,,False,0.9987,False,False,False,False,False,False,LDLR_promoter_super_enhancer,11090529,11096833,19363,outside_promoter_upstream_window,REJECT,Outside the pre-specified LDLR promoter/upstream windows.
VCV000793958,11116199,T,C,c.1692T>C,,synonymous,Likely benign,1.0,0.9999,0.0017,0,BENIGN,synonymous_variant,0.1,LOW,-1.0,,Low Impact,False,AGREEMENT,Convergent evidence from structural and sequence analysis.,Benign,ClinVar_Benign,LDLR,True,False,coding_synonymous,benign_or_likely_benign,,,,,,False,0.9987,False,False,False,False,False,False,LDLR_promoter_super_enhancer,11090529,11096833,19366,outside_promoter_upstream_window,REJECT,Outside the pre-specified LDLR promoter/upstream windows.
VCV001615524,11116209,C,T,c.1702C>T,,synonymous,Likely benign,1.0,0.9999,0.0018,0,BENIGN,synonymous_variant,0.1,LOW,-1.0,,Low Impact,False,AGREEMENT,Convergent evidence from structural and sequence analysis.,Benign,ClinVar_Benign,LDLR,True,False,coding_synonymous,benign_or_likely_benign,,,,,,False,0.9987,False,False,False,False,False,False,LDLR_promoter_super_enhancer,11090529,11096833,19376,outside_promoter_upstream_window,REJECT,Outside the pre-specified LDLR promoter/upstream windows.
VCV003231954,11116211,A,G,c.1704A>G,,synonymous,Likely benign,1.0,0.9999,0.0019,0,BENIGN,splice_region_variant,0.5,LOW,-1.0,,High Impact,False,VEP_ONLY,VEP detects sequence impact (score=0.50) but structure appears intact (LSSIM=1.000). Possible compensatory mechanism.,Benign,ClinVar_Benign,LDLR,True,False,coding_synonymous,benign_or_likely_benign,,,,,,False,0.9987,False,False,False,False,False,False,LDLR_promoter_super_enhancer,11090529,11096833,19378,outside_promoter_upstream_window,REJECT,Outside the pre-specified LDLR promoter/upstream windows.
VCV001080765,11116220,C,T,NM_000527.5(LDLR):c.1705+8C>T,,intronic,Likely benign,1.0,0.9998,0.0034,0,BENIGN,splice_region_variant,0.5,LOW,-1.0,,High Impact,False,VEP_ONLY,VEP detects sequence impact (score=0.50) but structure appears intact (LSSIM=1.000). Possible compensatory mechanism.,Benign,ClinVar_Benign,LDLR,True,False,intronic,benign_or_likely_benign,,,,,,False,0.9987,False,False,False,False,False,False,LDLR_promoter_super_enhancer,11090529,11096833,19387,outside_promoter_upstream_window,REJECT,Outside the pre-specified LDLR promoter/upstream windows.
VCV001152467,11116221,G,T,NM_000527.5(LDLR):c.1705+9G>T,,intronic,Likely benign,1.0,0.9997,0.0037,0,BENIGN,intron_variant,0.1,MODIFIER,-1.0,,Low Impact,False,AGREEMENT,Convergent evidence from structural and sequence analysis.,Benign,ClinVar_Benign,LDLR,True,False,intronic,benign_or_likely_benign,,,,,,False,0.9987,False,False,False,False,False,False,LDLR_promoter_super_enhancer,11090529,11096833,19388,outside_promoter_upstream_window,REJECT,Outside the pre-specified LDLR promoter/upstream windows.
VCV000630373,11116221,G,A,NM_000527.5(LDLR):c.1705+9G>A,,intronic,Benign/Likely benign,1.0,0.9997,0.0037,0,BENIGN,intron_variant,0.1,MODIFIER,-1.0,,Low Impact,False,AGREEMENT,Convergent evidence from structural and sequence analysis.,Benign,ClinVar_Benign,LDLR,True,False,intronic,benign_or_likely_benign,,,,,,False,0.9987,False,False,False,False,False,False,LDLR_promoter_super_enhancer,11090529,11096833,19388,outside_promoter_upstream_window,REJECT,Outside the pre-specified LDLR promoter/upstream windows.
VCV002899242,11116225,G,T,NM_000527.5(LDLR):c.1705+13G>T,,intronic,Likely benign,1.0,0.9998,0.0034,0,BENIGN,intron_variant,0.1,MODIFIER,-1.0,,Low Impact,False,AGREEMENT,Convergent evidence from structural and sequence analysis.,Benign,ClinVar_Benign,LDLR,True,False,intronic,benign_or_likely_benign,,,,,,False,0.9987,False,False,False,False,False,False,LDLR_promoter_super_enhancer,11090529,11096833,19392,outside_promoter_upstream_window,REJECT,Outside the pre-specified LDLR promoter/upstream windows.
VCV000630613,11116230,C,A,NM_000527.5(LDLR):c.1705+18C>A,,intronic,Benign/Likely benign,1.0,0.9997,0.0037,0,BENIGN,intron_variant,0.1,MODIFIER,-1.0,,Low Impact,False,AGREEMENT,Convergent evidence from structural and sequence analysis.,Benign,ClinVar_Benign,LDLR,True,False,intronic,benign_or_likely_benign,,,,,,False,0.9987,False,False,False,False,False,False,LDLR_promoter_super_enhancer,11090529,11096833,19397,outside_promoter_upstream_window,REJECT,Outside the pre-specified LDLR promoter/upstream windows.
VCV002732394,11116231,C,T,NM_000527.5(LDLR):c.1705+19C>T,,intronic,Likely benign,1.0,0.9998,0.0033,0,BENIGN,intron_variant,0.1,MODIFIER,-1.0,,Low Impact,False,AGREEMENT,Convergent evidence from structural and sequence analysis.,Benign,ClinVar_Benign,LDLR,True,False,intronic,benign_or_likely_benign,,,,,,False,0.9987,False,False,False,False,False,False,LDLR_promoter_super_enhancer,11090529,11096833,19398,outside_promoter_upstream_window,REJECT,Outside the pre-specified LDLR promoter/upstream windows.
VCV002704633,11116232,G,C,NM_000527.5(LDLR):c.1705+20G>C,,intronic,Likely benign,1.0,0.9997,0.004,0,BENIGN,intron_variant,0.1,MODIFIER,-1.0,,Low Impact,False,AGREEMENT,Convergent evidence from structural and sequence analysis.,Benign,ClinVar_Benign,LDLR,True,False,intronic,benign_or_likely_benign,,,,,,False,0.9987,False,False,False,False,False,False,LDLR_promoter_super_enhancer,11090529,11096833,19399,outside_promoter_upstream_window,REJECT,Outside the pre-specified LDLR promoter/upstream windows.
VCV001540950,11116232,G,A,NM_000527.5(LDLR):c.1705+20G>A,,intronic,Benign/Likely benign,1.0,0.9997,0.004,0,BENIGN,intron_variant,0.1,MODIFIER,-1.0,,Low Impact,False,AGREEMENT,Convergent evidence from structural and sequence analysis.,Benign,ClinVar_Benign,LDLR,True,False,intronic,benign_or_likely_benign,,,,,,False,0.9987,False,False,False,False,False,False,LDLR_promoter_super_enhancer,11090529,11096833,19399,outside_promoter_upstream_window,REJECT,Outside the pre-specified LDLR promoter/upstream windows.
VCV000251983,11116268,C,T,NM_000527.5(LDLR):c.1705+56C>T,,intronic,Benign/Likely benign,1.0,0.9997,0.0036,0,BENIGN,intron_variant,0.1,MODIFIER,-1.0,,Low Impact,False,AGREEMENT,Convergent evidence from structural and sequence analysis.,Benign,ClinVar_Benign,LDLR,True,False,intronic,benign_or_likely_benign,,,,,,False,0.9987,False,False,False,False,False,False,LDLR_promoter_super_enhancer,11090529,11096833,19435,outside_promoter_upstream_window,REJECT,Outside the pre-specified LDLR promoter/upstream windows.
VCV000251984,11116324,C,G,NM_000527.5(LDLR):c.1705+112C>G,,intronic,Likely benign,1.0,0.9997,0.004,0,BENIGN,intron_variant,0.1,MODIFIER,-1.0,,Low Impact,False,AGREEMENT,Convergent evidence from structural and sequence analysis.,Benign,ClinVar_Benign,LDLR,True,False,intronic,benign_or_likely_benign,,,,,,False,0.9987,False,False,False,False,False,False,LDLR_promoter_super_enhancer,11090529,11096833,19491,outside_promoter_upstream_window,REJECT,Outside the pre-specified LDLR promoter/upstream windows.
VCV001172936,11116394,C,T,NM_000527.5(LDLR):c.1705+182C>T,,intronic,Benign,1.0,0.9998,0.0034,0,BENIGN,intron_variant,0.1,MODIFIER,-1.0,,Low Impact,False,AGREEMENT,Convergent evidence from structural and sequence analysis.,Benign,ClinVar_Benign,LDLR,True,False,intronic,benign_or_likely_benign,,,,,,False,0.9987,False,False,False,False,False,False,LDLR_promoter_super_enhancer,11090529,11096833,19561,outside_promoter_upstream_window,REJECT,Outside the pre-specified LDLR promoter/upstream windows.
VCV001172937,11116421,C,T,NM_000527.5(LDLR):c.1705+209C>T,,intronic,Benign,1.0,0.9997,0.0035,0,BENIGN,intron_variant,0.1,MODIFIER,-1.0,,Low Impact,False,AGREEMENT,Convergent evidence from structural and sequence analysis.,Benign,ClinVar_Benign,LDLR,True,False,intronic,benign_or_likely_benign,,,,,,False,0.9987,False,False,False,False,False,False,LDLR_promoter_super_enhancer,11090529,11096833,19588,outside_promoter_upstream_window,REJECT,Outside the pre-specified LDLR promoter/upstream windows.
VCV000251985,11116790,G,T,NM_000527.5(LDLR):c.1706-69G>T,,intronic,Benign,1.0,0.9997,0.0038,0,BENIGN,intron_variant,0.1,MODIFIER,-1.0,,Low Impact,False,AGREEMENT,Convergent evidence from structural and sequence analysis.,Benign,ClinVar_Benign,LDLR,True,False,intronic,benign_or_likely_benign,,,,,,False,0.9987,False,False,False,False,False,False,LDLR_promoter_super_enhancer,11090529,11096833,19957,outside_promoter_upstream_window,REJECT,Outside the pre-specified LDLR promoter/upstream windows.
VCV000440657,11116804,A,C,NM_000527.5(LDLR):c.1706-55A>C,,intronic,Benign,1.0,0.9997,0.0035,0,BENIGN,intron_variant,0.1,MODIFIER,-1.0,,Low Impact,False,AGREEMENT,Convergent evidence from structural and sequence analysis.,Benign,ClinVar_Benign,LDLR,True,False,intronic,benign_or_likely_benign,,,,,,False,0.9987,False,False,False,False,False,False,LDLR_promoter_super_enhancer,11090529,11096833,19971,outside_promoter_upstream_window,REJECT,Outside the pre-specified LDLR promoter/upstream windows.
VCV000251986,11116836,T,C,NM_000527.5(LDLR):c.1706-23T>C,,intronic,Likely benign,1.0,0.9998,0.0034,0,BENIGN,intron_variant,0.1,MODIFIER,-1.0,,Low Impact,False,AGREEMENT,Convergent evidence from structural and sequence analysis.,Benign,ClinVar_Benign,LDLR,True,False,intronic,benign_or_likely_benign,,,,,,False,0.9987,False,False,False,False,False,False,LDLR_promoter_super_enhancer,11090529,11096833,20003,outside_promoter_upstream_window,REJECT,Outside the pre-specified LDLR promoter/upstream windows.
VCV002773519,11116845,A,G,NM_000527.5(LDLR):c.1706-14A>G,,intronic,Likely benign,1.0,0.9997,0.0037,0,BENIGN,splice_polypyrimidine_tract_variant,0.3,LOW,-1.0,,Moderate Impact,False,AGREEMENT,Convergent evidence from structural and sequence analysis.,Benign,ClinVar_Benign,LDLR,True,False,intronic,benign_or_likely_benign,,,,,,False,0.9987,False,False,False,False,False,False,LDLR_promoter_super_enhancer,11090529,11096833,20012,outside_promoter_upstream_window,REJECT,Outside the pre-specified LDLR promoter/upstream windows.
VCV002773520,11116847,T,C,NM_000527.5(LDLR):c.1706-12T>C,,intronic,Likely benign,1.0,0.9997,0.0037,0,BENIGN,splice_polypyrimidine_tract_variant,0.3,LOW,-1.0,,Moderate Impact,False,AGREEMENT,Convergent evidence from structural and sequence analysis.,Benign,ClinVar_Benign,LDLR,True,False,intronic,benign_or_likely_benign,,,,,,False,0.9987,False,False,False,False,False,False,LDLR_promoter_super_enhancer,11090529,11096833,20014,outside_promoter_upstream_window,REJECT,Outside the pre-specified LDLR promoter/upstream windows.
VCV000226368,11116849,G,A,NM_000527.5(LDLR):c.1706-10G>A,,intronic,Likely benign,1.0,0.9998,0.0034,0,BENIGN,splice_polypyrimidine_tract_variant,0.3,LOW,-1.0,,Moderate Impact,False,AGREEMENT,Convergent evidence from structural and sequence analysis.,Benign,ClinVar_Benign,LDLR,True,False,intronic,benign_or_likely_benign,,,,,,False,0.9987,False,False,False,False,False,False,LDLR_promoter_super_enhancer,11090529,11096833,20016,outside_promoter_upstream_window,REJECT,Outside the pre-specified LDLR promoter/upstream windows.
VCV002865666,11116851,G,T,NM_000527.5(LDLR):c.1706-8G>T,,intronic,Likely benign,1.0,0.9997,0.0037,0,BENIGN,splice_region_variant,0.5,LOW,-1.0,,High Impact,False,VEP_ONLY,VEP detects sequence impact (score=0.50) but structure appears intact (LSSIM=1.000). Possible compensatory mechanism.,Benign,ClinVar_Benign,LDLR,True,False,intronic,benign_or_likely_benign,,,,,,False,0.9987,False,False,False,False,False,False,LDLR_promoter_super_enhancer,11090529,11096833,20018,outside_promoter_upstream_window,REJECT,Outside the pre-specified LDLR promoter/upstream windows.
VCV001995439,11116851,G,A,NM_000527.5(LDLR):c.1706-8G>A,,intronic,Likely benign,1.0,0.9997,0.0037,0,BENIGN,splice_region_variant,0.5,LOW,-1.0,,High Impact,False,VEP_ONLY,VEP detects sequence impact (score=0.50) but structure appears intact (LSSIM=1.000). Possible compensatory mechanism.,Benign,ClinVar_Benign,LDLR,True,False,intronic,benign_or_likely_benign,,,,,,False,0.9987,False,False,False,False,False,False,LDLR_promoter_super_enhancer,11090529,11096833,20018,outside_promoter_upstream_window,REJECT,Outside the pre-specified LDLR promoter/upstream windows.
VCV000580590,11116854,T,A,NM_000527.5(LDLR):c.1706-5T>A,,intronic,Likely benign,1.0,0.9997,0.0037,0,BENIGN,splice_region_variant,0.5,LOW,-1.0,,High Impact,False,VEP_ONLY,VEP detects sequence impact (score=0.50) but structure appears intact (LSSIM=1.000). Possible compensatory mechanism.,Benign,ClinVar_Benign,LDLR,True,False,intronic,benign_or_likely_benign,,,,,,False,0.9987,False,False,False,False,False,False,LDLR_promoter_super_enhancer,11090529,11096833,20021,outside_promoter_upstream_window,REJECT,Outside the pre-specified LDLR promoter/upstream windows.
VCV003698594,11116854,T,C,NM_000527.5(LDLR):c.1706-5T>C,,intronic,Likely benign,1.0,0.9997,0.0037,0,BENIGN,splice_region_variant,0.5,LOW,-1.0,,High Impact,False,VEP_ONLY,VEP detects sequence impact (score=0.50) but structure appears intact (LSSIM=1.000). Possible compensatory mechanism.,Benign,ClinVar_Benign,LDLR,True,False,intronic,benign_or_likely_benign,,,,,,False,0.9987,False,False,False,False,False,False,LDLR_promoter_super_enhancer,11090529,11096833,20021,outside_promoter_upstream_window,REJECT,Outside the pre-specified LDLR promoter/upstream windows.
VCV000697131,11116863,C,T,c.1710C>T,,synonymous,Likely benign,1.0,0.9999,0.0018,0,BENIGN,synonymous_variant,0.1,MODIFIER,-1.0,,Low Impact,False,AGREEMENT,Convergent evidence from structural and sequence analysis.,Benign,ClinVar_Benign,LDLR,True,False,coding_synonymous,benign_or_likely_benign,,,,,,False,0.9987,False,False,False,False,False,False,LDLR_promoter_super_enhancer,11090529,11096833,20030,outside_promoter_upstream_window,REJECT,Outside the pre-specified LDLR promoter/upstream windows.
VCV000630641,11116866,C,T,c.1713C>T,,synonymous,Likely benign,1.0,0.9999,0.0018,0,BENIGN,synonymous_variant,0.1,MODIFIER,-1.0,,Low Impact,False,AGREEMENT,Convergent evidence from structural and sequence analysis.,Benign,ClinVar_Benign,LDLR,True,False,coding_synonymous,benign_or_likely_benign,,,,,,False,0.9987,False,False,False,False,False,False,LDLR_promoter_super_enhancer,11090529,11096833,20033,outside_promoter_upstream_window,REJECT,Outside the pre-specified LDLR promoter/upstream windows.
VCV000251994,11116868,G,A,c.1715G>A,,synonymous,Likely benign,1.0,0.9999,0.0017,0,BENIGN,missense_variant,0.4,MODERATE,1.0,tolerated,Moderate Impact,False,AGREEMENT,Convergent evidence from structural and sequence analysis.,Benign,ClinVar_Benign,LDLR,True,False,coding_synonymous,benign_or_likely_benign,,,,,,False,0.9987,False,False,False,False,False,False,LDLR_promoter_super_enhancer,11090529,11096833,20035,outside_promoter_upstream_window,REJECT,Outside the pre-specified LDLR promoter/upstream windows.
VCV003649070,11116869,T,C,c.1716T>C,,synonymous,Likely benign,1.0,0.9999,0.0017,0,BENIGN,synonymous_variant,0.1,MODIFIER,-1.0,,Low Impact,False,AGREEMENT,Convergent evidence from structural and sequence analysis.,Benign,ClinVar_Benign,LDLR,True,False,coding_synonymous,benign_or_likely_benign,,,,,,False,0.9987,False,False,False,False,False,False,LDLR_promoter_super_enhancer,11090529,11096833,20036,outside_promoter_upstream_window,REJECT,Outside the pre-specified LDLR promoter/upstream windows.
VCV001137186,11116875,C,T,c.1722C>T,,synonymous,Likely benign,1.0,0.9999,0.0018,0,BENIGN,synonymous_variant,0.1,MODIFIER,-1.0,,Low Impact,False,AGREEMENT,Convergent evidence from structural and sequence analysis.,Benign,ClinVar_Benign,LDLR,True,False,coding_synonymous,benign_or_likely_benign,,,,,,False,0.9987,False,False,False,False,False,False,LDLR_promoter_super_enhancer,11090529,11096833,20042,outside_promoter_upstream_window,REJECT,Outside the pre-specified LDLR promoter/upstream windows.
VCV000251997,11116878,C,T,c.1725C>T,,synonymous,Benign/Likely benign,1.0,0.9999,0.0019,0,BENIGN,synonymous_variant,0.1,MODIFIER,-1.0,,Low Impact,False,AGREEMENT,Convergent evidence from structural and sequence analysis.,Benign,ClinVar_Benign,LDLR,True,False,coding_synonymous,benign_or_likely_benign,,,,,,False,0.9987,False,False,False,False,False,False,LDLR_promoter_super_enhancer,11090529,11096833,20045,outside_promoter_upstream_window,REJECT,Outside the pre-specified LDLR promoter/upstream windows.
VCV001079283,11116905,C,T,c.1752C>T,,synonymous,Likely benign,1.0,0.9999,0.0018,0,BENIGN,synonymous_variant,0.1,MODIFIER,-1.0,,Low Impact,False,AGREEMENT,Convergent evidence from structural and sequence analysis.,Benign,ClinVar_Benign,LDLR,True,False,coding_synonymous,benign_or_likely_benign,,,,,,False,0.9987,False,False,False,False,False,False,LDLR_promoter_super_enhancer,11090529,11096833,20072,outside_promoter_upstream_window,REJECT,Outside the pre-specified LDLR promoter/upstream windows.
VCV001645054,11116908,C,T,c.1755C>T,,synonymous,Likely benign,1.0,0.9999,0.0018,0,BENIGN,synonymous_variant,0.1,MODIFIER,-1.0,,Low Impact,False,AGREEMENT,Convergent evidence from structural and sequence analysis.,Benign,ClinVar_Benign,LDLR,True,False,coding_synonymous,benign_or_likely_benign,,,,,,False,0.9987,False,False,False,False,False,False,LDLR_promoter_super_enhancer,11090529,11096833,20075,outside_promoter_upstream_window,REJECT,Outside the pre-specified LDLR promoter/upstream windows.
VCV001949963,11116911,A,G,c.1758A>G,,synonymous,Likely benign,1.0,0.9999,0.0019,0,BENIGN,synonymous_variant,0.1,MODIFIER,-1.0,,Low Impact,False,AGREEMENT,Convergent evidence from structural and sequence analysis.,Benign,ClinVar_Benign,LDLR,True,False,coding_synonymous,benign_or_likely_benign,,,,,,False,0.9987,False,False,False,False,False,False,LDLR_promoter_super_enhancer,11090529,11096833,20078,outside_promoter_upstream_window,REJECT,Outside the pre-specified LDLR promoter/upstream windows.
VCV000921868,11116914,C,T,c.1761C>T,,synonymous,Likely benign,1.0,0.9999,0.0018,0,BENIGN,synonymous_variant,0.1,MODIFIER,-1.0,,Low Impact,False,AGREEMENT,Convergent evidence from structural and sequence analysis.,Benign,ClinVar_Benign,LDLR,True,False,coding_synonymous,benign_or_likely_benign,,,,,,False,0.9987,False,False,False,False,False,False,LDLR_promoter_super_enhancer,11090529,11096833,20081,outside_promoter_upstream_window,REJECT,Outside the pre-specified LDLR promoter/upstream windows.
VCV000704178,11116917,C,T,c.1764C>T,,synonymous,Benign/Likely benign,1.0,0.9999,0.0019,0,BENIGN,synonymous_variant,0.1,MODIFIER,-1.0,,Low Impact,False,AGREEMENT,Convergent evidence from structural and sequence analysis.,Benign,ClinVar_Benign,LDLR,True,False,coding_synonymous,benign_or_likely_benign,,,,,,False,0.9987,False,False,False,False,False,False,LDLR_promoter_super_enhancer,11090529,11096833,20084,outside_promoter_upstream_window,REJECT,Outside the pre-specified LDLR promoter/upstream windows.
VCV001117461,11116920,T,C,c.1767T>C,,synonymous,Likely benign,1.0,0.9999,0.0018,0,BENIGN,synonymous_variant,0.1,MODIFIER,-1.0,,Low Impact,False,AGREEMENT,Convergent evidence from structural and sequence analysis.,Benign,ClinVar_Benign,LDLR,True,False,coding_synonymous,benign_or_likely_benign,,,,,,False,0.9987,False,False,False,False,False,False,LDLR_promoter_super_enhancer,11090529,11096833,20087,outside_promoter_upstream_window,REJECT,Outside the pre-specified LDLR promoter/upstream windows.
VCV000200917,11116926,C,T,c.1773C>T,,synonymous,Benign/Likely benign,1.0,0.9999,0.0018,0,BENIGN,synonymous_variant,0.1,MODIFIER,-1.0,,Low Impact,False,AGREEMENT,Convergent evidence from structural and sequence analysis.,Benign,ClinVar_Benign,LDLR,True,False,coding_synonymous,benign_or_likely_benign,,,,,,False,0.9987,False,False,False,False,False,False,LDLR_promoter_super_enhancer,11090529,11096833,20093,outside_promoter_upstream_window,REJECT,Outside the pre-specified LDLR promoter/upstream windows.
VCV000926171,11116929,G,T,c.1776G>T,,synonymous,Likely benign,1.0,0.9999,0.0019,0,BENIGN,synonymous_variant,0.1,MODIFIER,-1.0,,Low Impact,False,AGREEMENT,Convergent evidence from structural and sequence analysis.,Benign,ClinVar_Benign,LDLR,True,False,coding_synonymous,benign_or_likely_benign,,,,,,False,0.9987,False,False,False,False,False,False,LDLR_promoter_super_enhancer,11090529,11096833,20096,outside_promoter_upstream_window,REJECT,Outside the pre-specified LDLR promoter/upstream windows.
VCV000628021,11116929,G,C,c.1776G>C,,synonymous,Likely benign,1.0,0.9999,0.0019,0,BENIGN,synonymous_variant,0.1,MODIFIER,-1.0,,Low Impact,False,AGREEMENT,Convergent evidence from structural and sequence analysis.,Benign,ClinVar_Benign,LDLR,True,False,coding_synonymous,benign_or_likely_benign,,,,,,False,0.9987,False,False,False,False,False,False,LDLR_promoter_super_enhancer,11090529,11096833,20096,outside_promoter_upstream_window,REJECT,Outside the pre-specified LDLR promoter/upstream windows.
VCV001660165,11116932,C,A,c.1779C>A,,synonymous,Likely benign,1.0,0.9999,0.0017,0,BENIGN,synonymous_variant,0.1,MODIFIER,-1.0,,Low Impact,False,AGREEMENT,Convergent evidence from structural and sequence analysis.,Benign,ClinVar_Benign,LDLR,True,False,coding_synonymous,benign_or_likely_benign,,,,,,False,0.9987,False,False,False,False,False,False,LDLR_promoter_super_enhancer,11090529,11096833,20099,outside_promoter_upstream_window,REJECT,Outside the pre-specified LDLR promoter/upstream windows.
VCV003231956,11116935,C,T,c.1782C>T,,synonymous,Likely benign,1.0,0.9999,0.0019,0,BENIGN,synonymous_variant,0.1,MODIFIER,-1.0,,Low Impact,False,AGREEMENT,Convergent evidence from structural and sequence analysis.,Benign,ClinVar_Benign,LDLR,True,False,coding_synonymous,benign_or_likely_benign,,,,,,False,0.9987,False,False,False,False,False,False,LDLR_promoter_super_enhancer,11090529,11096833,20102,outside_promoter_upstream_window,REJECT,Outside the pre-specified LDLR promoter/upstream windows.
VCV002717177,11116936,C,A,c.1783C>A,,synonymous,Likely benign,1.0,0.9999,0.0018,0,BENIGN,synonymous_variant,0.1,MODIFIER,-1.0,,Low Impact,False,AGREEMENT,Convergent evidence from structural and sequence analysis.,Benign,ClinVar_Benign,LDLR,True,False,coding_synonymous,benign_or_likely_benign,,,,,,False,0.9987,False,False,False,False,False,False,LDLR_promoter_super_enhancer,11090529,11096833,20103,outside_promoter_upstream_window,REJECT,Outside the pre-specified LDLR promoter/upstream windows.
VCV004734797,11116941,G,A,c.1788G>A,,synonymous,Likely benign,1.0,0.9999,0.0017,0,BENIGN,synonymous_variant,0.1,MODIFIER,-1.0,,Low Impact,False,AGREEMENT,Convergent evidence from structural and sequence analysis.,Benign,ClinVar_Benign,LDLR,True,False,coding_synonymous,benign_or_likely_benign,,,,,,False,0.9987,False,False,False,False,False,False,LDLR_promoter_super_enhancer,11090529,11096833,20108,outside_promoter_upstream_window,REJECT,Outside the pre-specified LDLR promoter/upstream windows.
VCV001593263,11116944,C,T,c.1791C>T,,synonymous,Likely benign,1.0,0.9999,0.0018,0,BENIGN,synonymous_variant,0.1,MODIFIER,-1.0,,Low Impact,False,AGREEMENT,Convergent evidence from structural and sequence analysis.,Benign,ClinVar_Benign,LDLR,True,False,coding_synonymous,benign_or_likely_benign,,,,,,False,0.9987,False,False,False,False,False,False,LDLR_promoter_super_enhancer,11090529,11096833,20111,outside_promoter_upstream_window,REJECT,Outside the pre-specified LDLR promoter/upstream windows.
VCV000920244,11116948,T,C,c.1795T>C,,synonymous,Likely benign,1.0,0.9999,0.0018,0,BENIGN,synonymous_variant,0.1,MODIFIER,-1.0,,Low Impact,False,AGREEMENT,Convergent evidence from structural and sequence analysis.,Benign,ClinVar_Benign,LDLR,True,False,coding_synonymous,benign_or_likely_benign,,,,,,False,0.9987,False,False,False,False,False,False,LDLR_promoter_super_enhancer,11090529,11096833,20115,outside_promoter_upstream_window,REJECT,Outside the pre-specified LDLR promoter/upstream windows.
VCV003386989,11116953,G,A,c.1800G>A,,synonymous,Likely benign,1.0,0.9999,0.0018,0,BENIGN,synonymous_variant,0.1,MODIFIER,-1.0,,Low Impact,False,AGREEMENT,Convergent evidence from structural and sequence analysis.,Benign,ClinVar_Benign,LDLR,True,False,coding_synonymous,benign_or_likely_benign,,,,,,False,0.9987,False,False,False,False,False,False,LDLR_promoter_super_enhancer,11090529,11096833,20120,outside_promoter_upstream_window,REJECT,Outside the pre-specified LDLR promoter/upstream windows.
VCV001597201,11116956,T,C,c.1803T>C,,synonymous,Likely benign,1.0,0.9999,0.0018,0,BENIGN,synonymous_variant,0.1,MODIFIER,-1.0,,Low Impact,False,AGREEMENT,Convergent evidence from structural and sequence analysis.,Benign,ClinVar_Benign,LDLR,True,False,coding_synonymous,benign_or_likely_benign,,,,,,False,0.9987,False,False,False,False,False,False,LDLR_promoter_super_enhancer,11090529,11096833,20123,outside_promoter_upstream_window,REJECT,Outside the pre-specified LDLR promoter/upstream windows.
VCV002773521,11116962,G,A,c.1809G>A,,synonymous,Likely benign,1.0,0.9999,0.0017,0,BENIGN,synonymous_variant,0.1,MODIFIER,-1.0,,Low Impact,False,AGREEMENT,Convergent evidence from structural and sequence analysis.,Benign,ClinVar_Benign,LDLR,True,False,coding_synonymous,benign_or_likely_benign,,,,,,False,0.9987,False,False,False,False,False,False,LDLR_promoter_super_enhancer,11090529,11096833,20129,outside_promoter_upstream_window,REJECT,Outside the pre-specified LDLR promoter/upstream windows.
VCV000252043,11116962,G,C,c.1809G>C,,synonymous,Likely benign,1.0,0.9999,0.0017,0,BENIGN,missense_variant,0.795,MODERATE,0.21,tolerated,High Impact,False,VEP_ONLY,VEP detects sequence impact (score=0.80) but structure appears intact (LSSIM=1.000). Possible compensatory mechanism.,Benign,ClinVar_Benign,LDLR,True,False,coding_synonymous,benign_or_likely_benign,,,,,,False,0.9987,False,False,False,False,False,False,LDLR_promoter_super_enhancer,11090529,11096833,20129,outside_promoter_upstream_window,REJECT,Outside the pre-specified LDLR promoter/upstream windows.
VCV002022761,11116965,G,A,c.1812G>A,,synonymous,Likely benign,1.0,0.9999,0.0017,0,BENIGN,synonymous_variant,0.1,MODIFIER,-1.0,,Low Impact,False,AGREEMENT,Convergent evidence from structural and sequence analysis.,Benign,ClinVar_Benign,LDLR,True,False,coding_synonymous,benign_or_likely_benign,,,,,,False,0.9987,False,False,False,False,False,False,LDLR_promoter_super_enhancer,11090529,11096833,20132,outside_promoter_upstream_window,REJECT,Outside the pre-specified LDLR promoter/upstream windows.
VCV001618171,11116971,C,G,c.1818C>G,,synonymous,Likely benign,1.0,0.9999,0.0019,0,BENIGN,synonymous_variant,0.1,MODIFIER,-1.0,,Low Impact,False,AGREEMENT,Convergent evidence from structural and sequence analysis.,Benign,ClinVar_Benign,LDLR,True,False,coding_synonymous,benign_or_likely_benign,,,,,,False,0.9987,False,False,False,False,False,False,LDLR_promoter_super_enhancer,11090529,11096833,20138,outside_promoter_upstream_window,REJECT,Outside the pre-specified LDLR promoter/upstream windows.
VCV002743605,11116974,C,T,c.1821C>T,,synonymous,Likely benign,1.0,0.9999,0.0019,0,BENIGN,synonymous_variant,0.1,MODIFIER,-1.0,,Low Impact,False,AGREEMENT,Convergent evidence from structural and sequence analysis.,Benign,ClinVar_Benign,LDLR,True,False,coding_synonymous,benign_or_likely_benign,,,,,,False,0.9987,False,False,False,False,False,False,LDLR_promoter_super_enhancer,11090529,11096833,20141,outside_promoter_upstream_window,REJECT,Outside the pre-specified LDLR promoter/upstream windows.
VCV002862432,11116977,C,A,c.1824C>A,,synonymous,Likely benign,1.0,0.9999,0.0018,0,BENIGN,synonymous_variant,0.1,MODIFIER,-1.0,,Low Impact,False,AGREEMENT,Convergent evidence from structural and sequence analysis.,Benign,ClinVar_Benign,LDLR,True,False,coding_synonymous,benign_or_likely_benign,,,,,,False,0.9987,False,False,False,False,False,False,LDLR_promoter_super_enhancer,11090529,11096833,20144,outside_promoter_upstream_window,REJECT,Outside the pre-specified LDLR promoter/upstream windows.
VCV003071051,11116984,T,C,c.1831T>C,,synonymous,Likely benign,1.0,0.9999,0.0017,0,BENIGN,synonymous_variant,0.1,MODIFIER,-1.0,,Low Impact,False,AGREEMENT,Convergent evidence from structural and sequence analysis.,Benign,ClinVar_Benign,LDLR,True,False,coding_synonymous,benign_or_likely_benign,,,,,,False,0.9987,False,False,False,False,False,False,LDLR_promoter_super_enhancer,11090529,11096833,20151,outside_promoter_upstream_window,REJECT,Outside the pre-specified LDLR promoter/upstream windows.
VCV000224618,11116989,C,T,c.1836C>T,,synonymous,Likely benign,1.0,0.9999,0.0018,0,BENIGN,synonymous_variant,0.1,MODIFIER,-1.0,,Low Impact,False,AGREEMENT,Convergent evidence from structural and sequence analysis.,Benign,ClinVar_Benign,LDLR,True,False,coding_synonymous,benign_or_likely_benign,,,,,,False,0.9987,False,False,False,False,False,False,LDLR_promoter_super_enhancer,11090529,11096833,20156,outside_promoter_upstream_window,REJECT,Outside the pre-specified LDLR promoter/upstream windows.
VCV004728633,11116992,C,G,c.1839C>G,,synonymous,Likely benign,1.0,0.9999,0.0018,0,BENIGN,synonymous_variant,0.1,MODIFIER,-1.0,,Low Impact,False,AGREEMENT,Convergent evidence from structural and sequence analysis.,Benign,ClinVar_Benign,LDLR,True,False,coding_synonymous,benign_or_likely_benign,,,,,,False,0.9987,False,False,False,False,False,False,LDLR_promoter_super_enhancer,11090529,11096833,20159,outside_promoter_upstream_window,REJECT,Outside the pre-specified LDLR promoter/upstream windows.
VCV000927442,11117004,G,A,NM_000527.5(LDLR):c.1845+6G>A,,intronic,Likely benign,1.0,0.9996,0.0039,0,BENIGN,splice_donor_region_variant,0.35,LOW,-1.0,,Moderate Impact,False,AGREEMENT,Convergent evidence from structural and sequence analysis.,Benign,ClinVar_Benign,LDLR,True,False,intronic,benign_or_likely_benign,,,,,,False,0.9987,False,False,False,False,False,False,LDLR_promoter_super_enhancer,11090529,11096833,20171,outside_promoter_upstream_window,REJECT,Outside the pre-specified LDLR promoter/upstream windows.
VCV000925893,11117009,C,T,NM_000527.5(LDLR):c.1845+11C>T,,intronic,Likely benign,1.0,0.9996,0.0038,0,BENIGN,intron_variant,0.1,MODIFIER,-1.0,,Low Impact,False,AGREEMENT,Convergent evidence from structural and sequence analysis.,Benign,ClinVar_Benign,LDLR,True,False,intronic,benign_or_likely_benign,,,,,,False,0.9987,False,False,False,False,False,False,LDLR_promoter_super_enhancer,11090529,11096833,20176,outside_promoter_upstream_window,REJECT,Outside the pre-specified LDLR promoter/upstream windows.
VCV003712713,11117010,G,A,NM_000527.5(LDLR):c.1845+12G>A,,intronic,Likely benign,1.0,0.9996,0.004,0,BENIGN,intron_variant,0.1,MODIFIER,-1.0,,Low Impact,False,AGREEMENT,Convergent evidence from structural and sequence analysis.,Benign,ClinVar_Benign,LDLR,True,False,intronic,benign_or_likely_benign,,,,,,False,0.9987,False,False,False,False,False,False,LDLR_promoter_super_enhancer,11090529,11096833,20177,outside_promoter_upstream_window,REJECT,Outside the pre-specified LDLR promoter/upstream windows.
VCV002738230,11117013,C,T,NM_000527.5(LDLR):c.1845+15C>T,,intronic,Likely benign,1.0,0.9996,0.0037,0,BENIGN,intron_variant,0.1,MODIFIER,-1.0,,Low Impact,False,AGREEMENT,Convergent evidence from structural and sequence analysis.,Benign,ClinVar_Benign,LDLR,True,False,intronic,benign_or_likely_benign,,,,,,False,0.9987,False,False,False,False,False,False,LDLR_promoter_super_enhancer,11090529,11096833,20180,outside_promoter_upstream_window,REJECT,Outside the pre-specified LDLR promoter/upstream windows.
VCV002732585,11117014,G,A,NM_000527.5(LDLR):c.1845+16G>A,,intronic,Likely benign,1.0,0.9996,0.004,0,BENIGN,intron_variant,0.1,MODIFIER,-1.0,,Low Impact,False,AGREEMENT,Convergent evidence from structural and sequence analysis.,Benign,ClinVar_Benign,LDLR,True,False,intronic,benign_or_likely_benign,,,,,,False,0.9987,False,False,False,False,False,False,LDLR_promoter_super_enhancer,11090529,11096833,20181,outside_promoter_upstream_window,REJECT,Outside the pre-specified LDLR promoter/upstream windows.
VCV002989407,11117016,G,A,NM_000527.5(LDLR):c.1845+18G>A,,intronic,Likely benign,1.0,0.9997,0.0035,0,BENIGN,intron_variant,0.1,MODIFIER,-1.0,,Low Impact,False,AGREEMENT,Convergent evidence from structural and sequence analysis.,Benign,ClinVar_Benign,LDLR,True,False,intronic,benign_or_likely_benign,,,,,,False,0.9987,False,False,False,False,False,False,LDLR_promoter_super_enhancer,11090529,11096833,20183,outside_promoter_upstream_window,REJECT,Outside the pre-specified LDLR promoter/upstream windows.
VCV002902217,11120072,C,A,NM_000527.5(LDLR):c.1846-20C>A,,intronic,Likely benign,1.0,0.9997,0.0039,0,BENIGN,intron_variant,0.1,MODIFIER,-1.0,,Low Impact,False,AGREEMENT,Convergent evidence from structural and sequence analysis.,Benign,ClinVar_Benign,LDLR,True,False,intronic,benign_or_likely_benign,,,,,,False,0.9987,False,False,False,False,False,False,LDLR_promoter_super_enhancer,11090529,11096833,23239,outside_promoter_upstream_window,REJECT,Outside the pre-specified LDLR promoter/upstream windows.
VCV002729437,11120073,T,C,NM_000527.5(LDLR):c.1846-19T>C,,intronic,Likely benign,1.0,0.9998,0.0033,0,BENIGN,intron_variant,0.1,MODIFIER,-1.0,,Low Impact,False,AGREEMENT,Convergent evidence from structural and sequence analysis.,Benign,ClinVar_Benign,LDLR,True,False,intronic,benign_or_likely_benign,,,,,,False,0.9987,False,False,False,False,False,False,LDLR_promoter_super_enhancer,11090529,11096833,23240,outside_promoter_upstream_window,REJECT,Outside the pre-specified LDLR promoter/upstream windows.
VCV001171904,11120077,T,C,NM_000527.5(LDLR):c.1846-15T>C,,intronic,Likely benign,1.0,0.9997,0.0036,0,BENIGN,splice_polypyrimidine_tract_variant,0.3,LOW,-1.0,,Moderate Impact,False,AGREEMENT,Convergent evidence from structural and sequence analysis.,Benign,ClinVar_Benign,LDLR,True,False,intronic,benign_or_likely_benign,,,,,,False,0.9987,False,False,False,False,False,False,LDLR_promoter_super_enhancer,11090529,11096833,23244,outside_promoter_upstream_window,REJECT,Outside the pre-specified LDLR promoter/upstream windows.
VCV002840382,11120079,G,C,NM_000527.5(LDLR):c.1846-13G>C,,intronic,Likely benign,1.0,0.9998,0.0032,0,BENIGN,splice_polypyrimidine_tract_variant,0.3,LOW,-1.0,,Moderate Impact,False,AGREEMENT,Convergent evidence from structural and sequence analysis.,Benign,ClinVar_Benign,LDLR,True,False,intronic,benign_or_likely_benign,,,,,,False,0.9987,False,False,False,False,False,False,LDLR_promoter_super_enhancer,11090529,11096833,23246,outside_promoter_upstream_window,REJECT,Outside the pre-specified LDLR promoter/upstream windows.
VCV000252072,11120082,G,T,NM_000527.5(LDLR):c.1846-10G>T,,intronic,Likely benign,1.0,0.9997,0.0036,0,BENIGN,splice_polypyrimidine_tract_variant,0.3,LOW,-1.0,,Moderate Impact,False,AGREEMENT,Convergent evidence from structural and sequence analysis.,Benign,ClinVar_Benign,LDLR,True,False,intronic,benign_or_likely_benign,,,,,,False,0.9987,False,False,False,False,False,False,LDLR_promoter_super_enhancer,11090529,11096833,23249,outside_promoter_upstream_window,REJECT,Outside the pre-specified LDLR promoter/upstream windows.
VCV001106353,11120082,G,A,NM_000527.5(LDLR):c.1846-10G>A,,intronic,Likely benign,1.0,0.9997,0.0036,0,BENIGN,splice_polypyrimidine_tract_variant,0.3,LOW,-1.0,,Moderate Impact,False,AGREEMENT,Convergent evidence from structural and sequence analysis.,Benign,ClinVar_Benign,LDLR,True,False,intronic,benign_or_likely_benign,,,,,,False,0.9987,False,False,False,False,False,False,LDLR_promoter_super_enhancer,11090529,11096833,23249,outside_promoter_upstream_window,REJECT,Outside the pre-specified LDLR promoter/upstream windows.
VCV001533187,11120083,C,T,NM_000527.5(LDLR):c.1846-9C>T,,intronic,Likely benign,1.0,0.9997,0.0038,0,BENIGN,splice_polypyrimidine_tract_variant,0.3,LOW,-1.0,,Moderate Impact,False,AGREEMENT,Convergent evidence from structural and sequence analysis.,Benign,ClinVar_Benign,LDLR,True,False,intronic,benign_or_likely_benign,,,,,,False,0.9987,False,False,False,False,False,False,LDLR_promoter_super_enhancer,11090529,11096833,23250,outside_promoter_upstream_window,REJECT,Outside the pre-specified LDLR promoter/upstream windows.
VCV000808452,11120084,C,T,NM_000527.5(LDLR):c.1846-8C>T,,intronic,Likely benign,1.0,0.9998,0.0035,0,BENIGN,splice_region_variant,0.5,LOW,-1.0,,High Impact,False,VEP_ONLY,VEP detects sequence impact (score=0.50) but structure appears intact (LSSIM=1.000). Possible compensatory mechanism.,Benign,ClinVar_Benign,LDLR,True,False,intronic,benign_or_likely_benign,,,,,,False,0.9987,False,False,False,False,False,False,LDLR_promoter_super_enhancer,11090529,11096833,23251,outside_promoter_upstream_window,REJECT,Outside the pre-specified LDLR promoter/upstream windows.
VCV001607798,11120085,T,C,NM_000527.5(LDLR):c.1846-7T>C,,intronic,Likely benign,1.0,0.9997,0.0038,0,BENIGN,splice_region_variant,0.5,LOW,-1.0,,High Impact,False,VEP_ONLY,VEP detects sequence impact (score=0.50) but structure appears intact (LSSIM=1.000). Possible compensatory mechanism.,Benign,ClinVar_Benign,LDLR,True,False,intronic,benign_or_likely_benign,,,,,,False,0.9987,False,False,False,False,False,False,LDLR_promoter_super_enhancer,11090529,11096833,23252,outside_promoter_upstream_window,REJECT,Outside the pre-specified LDLR promoter/upstream windows.
VCV000924158,11120094,C,T,c.1848C>T,,synonymous,Likely benign,1.0,0.9999,0.0019,0,BENIGN,stop_gained,0.9,HIGH,-1.0,,Very High Impact,False,VEP_ONLY,VEP detects sequence impact (score=0.90) but structure appears intact (LSSIM=1.000). Possible compensatory mechanism.,Benign,ClinVar_Benign,LDLR,True,False,coding_synonymous,benign_or_likely_benign,,,,,,False,0.9987,False,False,False,False,False,False,LDLR_promoter_super_enhancer,11090529,11096833,23261,outside_promoter_upstream_window,REJECT,Outside the pre-specified LDLR promoter/upstream windows.
VCV000632874,11120100,A,G,c.1854A>G,,synonymous,Likely benign,1.0,0.9999,0.0019,0,BENIGN,missense_variant,0.4,MODERATE,1.0,tolerated_low_confidence,Moderate Impact,False,AGREEMENT,Convergent evidence from structural and sequence analysis.,Benign,ClinVar_Benign,LDLR,True,False,coding_synonymous,benign_or_likely_benign,,,,,,False,0.9987,False,False,False,False,False,False,LDLR_promoter_super_enhancer,11090529,11096833,23267,outside_promoter_upstream_window,REJECT,Outside the pre-specified LDLR promoter/upstream windows.
VCV000440668,11120109,A,C,c.1863A>C,,synonymous,Likely benign,1.0,0.9999,0.0017,0,BENIGN,synonymous_variant,0.1,LOW,-1.0,,Low Impact,False,AGREEMENT,Convergent evidence from structural and sequence analysis.,Benign,ClinVar_Benign,LDLR,True,False,coding_synonymous,benign_or_likely_benign,,,,,,False,0.9987,False,False,False,False,False,False,LDLR_promoter_super_enhancer,11090529,11096833,23276,outside_promoter_upstream_window,REJECT,Outside the pre-specified LDLR promoter/upstream windows.
VCV000745313,11120109,A,T,c.1863A>T,,synonymous,Likely benign,1.0,0.9999,0.0017,0,BENIGN,stop_gained,0.9,HIGH,-1.0,,Very High Impact,False,VEP_ONLY,VEP detects sequence impact (score=0.90) but structure appears intact (LSSIM=1.000). Possible compensatory mechanism.,Benign,ClinVar_Benign,LDLR,True,False,coding_synonymous,benign_or_likely_benign,,,,,,False,0.9987,False,False,False,False,False,False,LDLR_promoter_super_enhancer,11090529,11096833,23276,outside_promoter_upstream_window,REJECT,Outside the pre-specified LDLR promoter/upstream windows.
VCV000796433,11120115,C,A,c.1869C>A,,synonymous,Likely benign,1.0,0.9999,0.0017,0,BENIGN,missense_variant,0.4,MODERATE,1.0,tolerated_low_confidence,Moderate Impact,False,AGREEMENT,Convergent evidence from structural and sequence analysis.,Benign,ClinVar_Benign,LDLR,True,False,coding_synonymous,benign_or_likely_benign,,,,,,False,0.9987,False,False,False,False,False,False,LDLR_promoter_super_enhancer,11090529,11096833,23282,outside_promoter_upstream_window,REJECT,Outside the pre-specified LDLR promoter/upstream windows.
VCV000068102,11120121,C,T,c.1875C>T,,synonymous,Likely benign,1.0,0.9999,0.0019,0,BENIGN,stop_gained,0.9,HIGH,-1.0,,Very High Impact,False,VEP_ONLY,VEP detects sequence impact (score=0.90) but structure appears intact (LSSIM=1.000). Possible compensatory mechanism.,Benign,ClinVar_Benign,LDLR,True,False,coding_synonymous,benign_or_likely_benign,,,,,,False,0.9987,False,False,False,False,False,False,LDLR_promoter_super_enhancer,11090529,11096833,23288,outside_promoter_upstream_window,REJECT,Outside the pre-specified LDLR promoter/upstream windows.
VCV001170983,11120127,C,T,c.1881C>T,,synonymous,Likely benign,1.0,0.9999,0.0018,0,BENIGN,missense_variant,0.4,MODERATE,1.0,tolerated_low_confidence,Moderate Impact,False,AGREEMENT,Convergent evidence from structural and sequence analysis.,Benign,ClinVar_Benign,LDLR,True,False,coding_synonymous,benign_or_likely_benign,,,,,,False,0.9987,False,False,False,False,False,False,LDLR_promoter_super_enhancer,11090529,11096833,23294,outside_promoter_upstream_window,REJECT,Outside the pre-specified LDLR promoter/upstream windows.
VCV000237868,11120133,C,T,c.1887C>T,,synonymous,Benign/Likely benign,1.0,0.9999,0.0017,0,BENIGN,stop_gained,0.9,HIGH,-1.0,,Very High Impact,False,VEP_ONLY,VEP detects sequence impact (score=0.90) but structure appears intact (LSSIM=1.000). Possible compensatory mechanism.,Benign,ClinVar_Benign,LDLR,True,False,coding_synonymous,benign_or_likely_benign,,,,,,False,0.9987,False,False,False,False,False,False,LDLR_promoter_super_enhancer,11090529,11096833,23300,outside_promoter_upstream_window,REJECT,Outside the pre-specified LDLR promoter/upstream windows.
VCV001631903,11120148,C,G,c.1902C>G,,synonymous,Likely benign,1.0,0.9999,0.0018,0,BENIGN,missense_variant,0.89,MODERATE,0.02,deleterious_low_confidence,Very High Impact,False,VEP_ONLY,VEP detects sequence impact (score=0.89) but structure appears intact (LSSIM=1.000). Possible compensatory mechanism.,Benign,ClinVar_Benign,LDLR,True,False,coding_synonymous,benign_or_likely_benign,,,,,,False,0.9987,False,False,False,False,False,False,LDLR_promoter_super_enhancer,11090529,11096833,23315,outside_promoter_upstream_window,REJECT,Outside the pre-specified LDLR promoter/upstream windows.
VCV003070360,11120151,A,G,c.1905A>G,,synonymous,Likely benign,1.0,0.9999,0.0016,0,BENIGN,missense_variant,0.81,MODERATE,0.18,tolerated_low_confidence,Very High Impact,False,VEP_ONLY,VEP detects sequence impact (score=0.81) but structure appears intact (LSSIM=1.000). Possible compensatory mechanism.,Benign,ClinVar_Benign,LDLR,True,False,coding_synonymous,benign_or_likely_benign,,,,,,False,0.9987,False,False,False,False,False,False,LDLR_promoter_super_enhancer,11090529,11096833,23318,outside_promoter_upstream_window,REJECT,Outside the pre-specified LDLR promoter/upstream windows.
VCV002113598,11120157,C,A,c.1911C>A,,synonymous,Likely benign,1.0,0.9999,0.0016,0,BENIGN,synonymous_variant,0.1,LOW,-1.0,,Low Impact,False,AGREEMENT,Convergent evidence from structural and sequence analysis.,Benign,ClinVar_Benign,LDLR,True,False,coding_synonymous,benign_or_likely_benign,,,,,,False,0.9987,False,False,False,False,False,False,LDLR_promoter_super_enhancer,11090529,11096833,23324,outside_promoter_upstream_window,REJECT,Outside the pre-specified LDLR promoter/upstream windows.
VCV002809404,11120160,T,C,c.1914T>C,,synonymous,Likely benign,1.0,0.9999,0.0018,0,BENIGN,missense_variant,0.895,MODERATE,0.01,deleterious_low_confidence,Very High Impact,False,VEP_ONLY,VEP detects sequence impact (score=0.90) but structure appears intact (LSSIM=1.000). Possible compensatory mechanism.,Benign,ClinVar_Benign,LDLR,True,False,coding_synonymous,benign_or_likely_benign,,,,,,False,0.9987,False,False,False,False,False,False,LDLR_promoter_super_enhancer,11090529,11096833,23327,outside_promoter_upstream_window,REJECT,Outside the pre-specified LDLR promoter/upstream windows.
VCV000237869,11120166,C,T,c.1920C>T,,synonymous,Benign,1.0,0.9999,0.0019,0,BENIGN,missense_variant,0.78,MODERATE,0.24,tolerated_low_confidence,High Impact,False,VEP_ONLY,VEP detects sequence impact (score=0.78) but structure appears intact (LSSIM=1.000). Possible compensatory mechanism.,Benign,ClinVar_Benign,LDLR,True,False,coding_synonymous,benign_or_likely_benign,,,,,,False,0.9987,False,False,False,False,False,False,LDLR_promoter_super_enhancer,11090529,11096833,23333,outside_promoter_upstream_window,REJECT,Outside the pre-specified LDLR promoter/upstream windows.
VCV001638074,11120170,T,C,c.1924T>C,,synonymous,Likely benign,1.0,0.9999,0.0019,0,BENIGN,missense_variant,0.9,MODERATE,0.0,deleterious_low_confidence,Very High Impact,False,VEP_ONLY,VEP detects sequence impact (score=0.90) but structure appears intact (LSSIM=1.000). Possible compensatory mechanism.,Benign,ClinVar_Benign,LDLR,True,False,coding_synonymous,benign_or_likely_benign,,,,,,False,0.9987,False,False,False,False,False,False,LDLR_promoter_super_enhancer,11090529,11096833,23337,outside_promoter_upstream_window,REJECT,Outside the pre-specified LDLR promoter/upstream windows.
VCV000926124,11120172,G,A,c.1926G>A,,synonymous,Likely benign,1.0,0.9999,0.0018,0,BENIGN,missense_variant,0.9,MODERATE,0.0,deleterious_low_confidence,Very High Impact,False,VEP_ONLY,VEP detects sequence impact (score=0.90) but structure appears intact (LSSIM=1.000). Possible compensatory mechanism.,Benign,ClinVar_Benign,LDLR,True,False,coding_synonymous,benign_or_likely_benign,,,,,,False,0.9987,False,False,False,False,False,False,LDLR_promoter_super_enhancer,11090529,11096833,23339,outside_promoter_upstream_window,REJECT,Outside the pre-specified LDLR promoter/upstream windows.
VCV000921139,11120175,T,C,c.1929T>C,,synonymous,Likely benign,1.0,0.9999,0.0018,0,BENIGN,stop_lost,0.85,HIGH,-1.0,,Very High Impact,False,VEP_ONLY,VEP detects sequence impact (score=0.85) but structure appears intact (LSSIM=1.000). Possible compensatory mechanism.,Benign,ClinVar_Benign,LDLR,True,False,coding_synonymous,benign_or_likely_benign,,,,,,False,0.9987,False,False,False,False,False,False,LDLR_promoter_super_enhancer,11090529,11096833,23342,outside_promoter_upstream_window,REJECT,Outside the pre-specified LDLR promoter/upstream windows.
VCV002773523,11120182,C,T,c.1936C>T,,synonymous,Likely benign,1.0,0.9999,0.0019,0,BENIGN,synonymous_variant,0.15,MODIFIER,-1.0,,Low Impact,False,AGREEMENT,Convergent evidence from structural and sequence analysis.,Benign,ClinVar_Benign,LDLR,True,False,coding_synonymous,benign_or_likely_benign,,,,,,False,0.9987,False,False,False,False,False,False,LDLR_promoter_super_enhancer,11090529,11096833,23349,outside_promoter_upstream_window,REJECT,Outside the pre-specified LDLR promoter/upstream windows.
VCV002035663,11120184,A,G,c.1938A>G,,synonymous,Likely benign,1.0,0.9999,0.0018,0,BENIGN,synonymous_variant,0.15,MODIFIER,-1.0,,Low Impact,False,AGREEMENT,Convergent evidence from structural and sequence analysis.,Benign,ClinVar_Benign,LDLR,True,False,coding_synonymous,benign_or_likely_benign,,,,,,False,0.9987,False,False,False,False,False,False,LDLR_promoter_super_enhancer,11090529,11096833,23351,outside_promoter_upstream_window,REJECT,Outside the pre-specified LDLR promoter/upstream windows.
VCV000795741,11120185,C,T,c.1939C>T,,synonymous,Likely benign,1.0,0.9999,0.002,0,BENIGN,synonymous_variant,0.15,MODIFIER,-1.0,,Low Impact,False,AGREEMENT,Convergent evidence from structural and sequence analysis.,Benign,ClinVar_Benign,LDLR,True,False,coding_synonymous,benign_or_likely_benign,,,,,,False,0.9987,False,False,False,False,False,False,LDLR_promoter_super_enhancer,11090529,11096833,23352,outside_promoter_upstream_window,REJECT,Outside the pre-specified LDLR promoter/upstream windows.
VCV003641425,11120187,G,A,c.1941G>A,,synonymous,Likely benign,1.0,0.9999,0.0018,0,BENIGN,synonymous_variant,0.15,MODIFIER,-1.0,,Low Impact,False,AGREEMENT,Convergent evidence from structural and sequence analysis.,Benign,ClinVar_Benign,LDLR,True,False,coding_synonymous,benign_or_likely_benign,,,,,,False,0.9987,False,False,False,False,False,False,LDLR_promoter_super_enhancer,11090529,11096833,23354,outside_promoter_upstream_window,REJECT,Outside the pre-specified LDLR promoter/upstream windows.
VCV001119527,11120190,C,T,c.1944C>T,,synonymous,Likely benign,1.0,0.9999,0.0017,0,BENIGN,synonymous_variant,0.15,MODIFIER,-1.0,,Low Impact,False,AGREEMENT,Convergent evidence from structural and sequence analysis.,Benign,ClinVar_Benign,LDLR,True,False,coding_synonymous,benign_or_likely_benign,,,,,,False,0.9987,False,False,False,False,False,False,LDLR_promoter_super_enhancer,11090529,11096833,23357,outside_promoter_upstream_window,REJECT,Outside the pre-specified LDLR promoter/upstream windows.
VCV001536676,11120196,G,A,c.1950G>A,,synonymous,Likely benign,1.0,0.9999,0.0019,0,BENIGN,synonymous_variant,0.15,MODIFIER,-1.0,,Low Impact,False,AGREEMENT,Convergent evidence from structural and sequence analysis.,Benign,ClinVar_Benign,LDLR,True,False,coding_synonymous,benign_or_likely_benign,,,,,,False,0.9987,False,False,False,False,False,False,LDLR_promoter_super_enhancer,11090529,11096833,23363,outside_promoter_upstream_window,REJECT,Outside the pre-specified LDLR promoter/upstream windows.
VCV001543825,11120199,T,C,c.1953T>C,,synonymous,Likely benign,1.0,0.9999,0.0019,0,BENIGN,synonymous_variant,0.15,MODIFIER,-1.0,,Low Impact,False,AGREEMENT,Convergent evidence from structural and sequence analysis.,Benign,ClinVar_Benign,LDLR,True,False,coding_synonymous,benign_or_likely_benign,,,,,,False,0.9987,False,False,False,False,False,False,LDLR_promoter_super_enhancer,11090529,11096833,23366,outside_promoter_upstream_window,REJECT,Outside the pre-specified LDLR promoter/upstream windows.
VCV000252131,11120205,T,C,c.1959T>C,,synonymous,Benign/Likely benign,1.0,0.9999,0.0018,0,BENIGN,synonymous_variant,0.15,MODIFIER,-1.0,,Low Impact,False,AGREEMENT,Convergent evidence from structural and sequence analysis.,Benign,ClinVar_Benign,LDLR,True,False,coding_synonymous,benign_or_likely_benign,,,,,,False,0.9987,False,False,False,False,False,False,LDLR_promoter_super_enhancer,11090529,11096833,23372,outside_promoter_upstream_window,REJECT,Outside the pre-specified LDLR promoter/upstream windows.
VCV001134657,11120208,C,T,c.1962C>T,,synonymous,Likely benign,1.0,0.9999,0.0016,0,BENIGN,synonymous_variant,0.15,MODIFIER,-1.0,,Low Impact,False,AGREEMENT,Convergent evidence from structural and sequence analysis.,Benign,ClinVar_Benign,LDLR,True,False,coding_synonymous,benign_or_likely_benign,,,,,,False,0.9987,False,False,False,False,False,False,LDLR_promoter_super_enhancer,11090529,11096833,23375,outside_promoter_upstream_window,REJECT,Outside the pre-specified LDLR promoter/upstream windows.
VCV000919293,11120208,C,G,c.1962C>G,,synonymous,Likely benign,1.0,0.9999,0.0016,0,BENIGN,synonymous_variant,0.15,MODIFIER,-1.0,,Low Impact,False,AGREEMENT,Convergent evidence from structural and sequence analysis.,Benign,ClinVar_Benign,LDLR,True,False,coding_synonymous,benign_or_likely_benign,,,,,,False,0.9987,False,False,False,False,False,False,LDLR_promoter_super_enhancer,11090529,11096833,23375,outside_promoter_upstream_window,REJECT,Outside the pre-specified LDLR promoter/upstream windows.
VCV000237866,11120220,C,T,c.1974C>T,,synonymous,Likely benign,1.0,0.9999,0.0017,0,BENIGN,synonymous_variant,0.15,MODIFIER,-1.0,,Low Impact,False,AGREEMENT,Convergent evidence from structural and sequence analysis.,Benign,ClinVar_Benign,LDLR,True,False,coding_synonymous,benign_or_likely_benign,,,,,,False,0.9987,False,False,False,False,False,False,LDLR_promoter_super_enhancer,11090529,11096833,23387,outside_promoter_upstream_window,REJECT,Outside the pre-specified LDLR promoter/upstream windows.
VCV000252142,11120223,C,A,c.1977C>A,,synonymous,Benign/Likely benign,1.0,0.9999,0.002,0,BENIGN,synonymous_variant,0.15,MODIFIER,-1.0,,Low Impact,False,AGREEMENT,Convergent evidence from structural and sequence analysis.,Benign,ClinVar_Benign,LDLR,True,False,coding_synonymous,benign_or_likely_benign,,,,,,False,0.9987,False,False,False,False,False,False,LDLR_promoter_super_enhancer,11090529,11096833,23390,outside_promoter_upstream_window,REJECT,Outside the pre-specified LDLR promoter/upstream windows.
VCV002773524,11120226,G,A,c.1980G>A,,synonymous,Likely benign,1.0,0.9999,0.0018,0,BENIGN,synonymous_variant,0.15,MODIFIER,-1.0,,Low Impact,False,AGREEMENT,Convergent evidence from structural and sequence analysis.,Benign,ClinVar_Benign,LDLR,True,False,coding_synonymous,benign_or_likely_benign,,,,,,False,0.9987,False,False,False,False,False,False,LDLR_promoter_super_enhancer,11090529,11096833,23393,outside_promoter_upstream_window,REJECT,Outside the pre-specified LDLR promoter/upstream windows.
VCV002587753,11120240,G,T,NM_000527.5(LDLR):c.1987+7G>T,,intronic,Likely benign,1.0,0.9998,0.0035,0,BENIGN,splice_region_variant,0.5,LOW,-1.0,,High Impact,False,VEP_ONLY,VEP detects sequence impact (score=0.50) but structure appears intact (LSSIM=1.000). Possible compensatory mechanism.,Benign,ClinVar_Benign,LDLR,True,False,intronic,benign_or_likely_benign,,,,,,False,0.9987,False,False,False,False,False,False,LDLR_promoter_super_enhancer,11090529,11096833,23407,outside_promoter_upstream_window,REJECT,Outside the pre-specified LDLR promoter/upstream windows.
VCV001666282,11120241,T,G,NM_000527.5(LDLR):c.1987+8T>G,,intronic,Likely benign,1.0,0.9998,0.0034,0,BENIGN,splice_region_variant,0.5,LOW,-1.0,,High Impact,False,VEP_ONLY,VEP detects sequence impact (score=0.50) but structure appears intact (LSSIM=1.000). Possible compensatory mechanism.,Benign,ClinVar_Benign,LDLR,True,False,intronic,benign_or_likely_benign,,,,,,False,0.9987,False,False,False,False,False,False,LDLR_promoter_super_enhancer,11090529,11096833,23408,outside_promoter_upstream_window,REJECT,Outside the pre-specified LDLR promoter/upstream windows.
VCV001101171,11120242,G,T,NM_000527.5(LDLR):c.1987+9G>T,,intronic,Likely benign,1.0,0.9998,0.0036,0,BENIGN,intron_variant,0.1,MODIFIER,-1.0,,Low Impact,False,AGREEMENT,Convergent evidence from structural and sequence analysis.,Benign,ClinVar_Benign,LDLR,True,False,intronic,benign_or_likely_benign,,,,,,False,0.9987,False,False,False,False,False,False,LDLR_promoter_super_enhancer,11090529,11096833,23409,outside_promoter_upstream_window,REJECT,Outside the pre-specified LDLR promoter/upstream windows.
VCV002886175,11120247,A,C,NM_000527.5(LDLR):c.1987+14A>C,,intronic,Likely benign,1.0,0.9997,0.0037,0,BENIGN,intron_variant,0.1,MODIFIER,-1.0,,Low Impact,False,AGREEMENT,Convergent evidence from structural and sequence analysis.,Benign,ClinVar_Benign,LDLR,True,False,intronic,benign_or_likely_benign,,,,,,False,0.9987,False,False,False,False,False,False,LDLR_promoter_super_enhancer,11090529,11096833,23414,outside_promoter_upstream_window,REJECT,Outside the pre-specified LDLR promoter/upstream windows.
VCV002046687,11120252,C,T,NM_000527.5(LDLR):c.1987+19C>T,,intronic,Benign,1.0,0.9997,0.0037,0,BENIGN,intron_variant,0.1,MODIFIER,-1.0,,Low Impact,False,AGREEMENT,Convergent evidence from structural and sequence analysis.,Benign,ClinVar_Benign,LDLR,True,False,intronic,benign_or_likely_benign,,,,,,False,0.9987,False,False,False,False,False,False,LDLR_promoter_super_enhancer,11090529,11096833,23419,outside_promoter_upstream_window,REJECT,Outside the pre-specified LDLR promoter/upstream windows.
VCV002881432,11120253,A,G,NM_000527.5(LDLR):c.1987+20A>G,,intronic,Likely benign,1.0,0.9997,0.0038,0,BENIGN,intron_variant,0.1,MODIFIER,-1.0,,Low Impact,False,AGREEMENT,Convergent evidence from structural and sequence analysis.,Benign,ClinVar_Benign,LDLR,True,False,intronic,benign_or_likely_benign,,,,,,False,0.9987,False,False,False,False,False,False,LDLR_promoter_super_enhancer,11090529,11096833,23420,outside_promoter_upstream_window,REJECT,Outside the pre-specified LDLR promoter/upstream windows.
VCV000440671,11120280,G,A,NM_000527.5(LDLR):c.1987+47G>A,,intronic,Benign,1.0,0.9998,0.0036,0,BENIGN,intron_variant,0.1,MODIFIER,-1.0,,Low Impact,False,AGREEMENT,Convergent evidence from structural and sequence analysis.,Benign,ClinVar_Benign,LDLR,True,False,intronic,benign_or_likely_benign,,,,,,False,0.9987,False,False,False,False,False,False,LDLR_promoter_super_enhancer,11090529,11096833,23447,outside_promoter_upstream_window,REJECT,Outside the pre-specified LDLR promoter/upstream windows.
VCV000252151,11120328,G,A,NM_000527.5(LDLR):c.1988-42G>A,,intronic,Likely benign,1.0,0.9998,0.0036,0,BENIGN,intron_variant,0.1,MODIFIER,-1.0,,Low Impact,False,AGREEMENT,Convergent evidence from structural and sequence analysis.,Benign,ClinVar_Benign,LDLR,True,False,intronic,benign_or_likely_benign,,,,,,False,0.9987,False,False,False,False,False,False,LDLR_promoter_super_enhancer,11090529,11096833,23495,outside_promoter_upstream_window,REJECT,Outside the pre-specified LDLR promoter/upstream windows.
VCV002562571,11120346,C,T,NM_000527.5(LDLR):c.1988-24C>T,,intronic,Likely benign,1.0,0.9997,0.0038,0,BENIGN,intron_variant,0.1,MODIFIER,-1.0,,Low Impact,False,AGREEMENT,Convergent evidence from structural and sequence analysis.,Benign,ClinVar_Benign,LDLR,True,False,intronic,benign_or_likely_benign,,,,,,False,0.9987,False,False,False,False,False,False,LDLR_promoter_super_enhancer,11090529,11096833,23513,outside_promoter_upstream_window,REJECT,Outside the pre-specified LDLR promoter/upstream windows.
VCV003705341,11120350,C,T,NM_000527.5(LDLR):c.1988-20C>T,,intronic,Likely benign,1.0,0.9998,0.0033,0,BENIGN,intron_variant,0.1,MODIFIER,-1.0,,Low Impact,False,AGREEMENT,Convergent evidence from structural and sequence analysis.,Benign,ClinVar_Benign,LDLR,True,False,intronic,benign_or_likely_benign,,,,,,False,0.9987,False,False,False,False,False,False,LDLR_promoter_super_enhancer,11090529,11096833,23517,outside_promoter_upstream_window,REJECT,Outside the pre-specified LDLR promoter/upstream windows.
VCV004729506,11120350,C,G,NM_000527.5(LDLR):c.1988-20C>G,,intronic,Likely benign,1.0,0.9998,0.0033,0,BENIGN,intron_variant,0.1,MODIFIER,-1.0,,Low Impact,False,AGREEMENT,Convergent evidence from structural and sequence analysis.,Benign,ClinVar_Benign,LDLR,True,False,intronic,benign_or_likely_benign,,,,,,False,0.9987,False,False,False,False,False,False,LDLR_promoter_super_enhancer,11090529,11096833,23517,outside_promoter_upstream_window,REJECT,Outside the pre-specified LDLR promoter/upstream windows.
VCV001339657,11120351,T,C,NM_000527.5(LDLR):c.1988-19T>C,,intronic,Likely benign,1.0,0.9997,0.0036,0,BENIGN,intron_variant,0.1,MODIFIER,-1.0,,Low Impact,False,AGREEMENT,Convergent evidence from structural and sequence analysis.,Benign,ClinVar_Benign,LDLR,True,False,intronic,benign_or_likely_benign,,,,,,False,0.9987,False,False,False,False,False,False,LDLR_promoter_super_enhancer,11090529,11096833,23518,outside_promoter_upstream_window,REJECT,Outside the pre-specified LDLR promoter/upstream windows.
VCV002808152,11120352,C,T,NM_000527.5(LDLR):c.1988-18C>T,,intronic,Likely benign,1.0,0.9997,0.0037,0,BENIGN,intron_variant,0.1,MODIFIER,-1.0,,Low Impact,False,AGREEMENT,Convergent evidence from structural and sequence analysis.,Benign,ClinVar_Benign,LDLR,True,False,intronic,benign_or_likely_benign,,,,,,False,0.9987,False,False,False,False,False,False,LDLR_promoter_super_enhancer,11090529,11096833,23519,outside_promoter_upstream_window,REJECT,Outside the pre-specified LDLR promoter/upstream windows.
VCV000681060,11120353,C,T,NM_000527.5(LDLR):c.1988-17C>T,,intronic,Likely benign,1.0,0.9997,0.0039,0,BENIGN,splice_polypyrimidine_tract_variant,0.3,LOW,-1.0,,Moderate Impact,False,AGREEMENT,Convergent evidence from structural and sequence analysis.,Benign,ClinVar_Benign,LDLR,True,False,intronic,benign_or_likely_benign,,,,,,False,0.9987,False,False,False,False,False,False,LDLR_promoter_super_enhancer,11090529,11096833,23520,outside_promoter_upstream_window,REJECT,Outside the pre-specified LDLR promoter/upstream windows.
VCV001616857,11120354,G,A,NM_000527.5(LDLR):c.1988-16G>A,,intronic,Likely benign,1.0,0.9997,0.0038,0,BENIGN,splice_polypyrimidine_tract_variant,0.3,LOW,-1.0,,Moderate Impact,False,AGREEMENT,Convergent evidence from structural and sequence analysis.,Benign,ClinVar_Benign,LDLR,True,False,intronic,benign_or_likely_benign,,,,,,False,0.9987,False,False,False,False,False,False,LDLR_promoter_super_enhancer,11090529,11096833,23521,outside_promoter_upstream_window,REJECT,Outside the pre-specified LDLR promoter/upstream windows.
VCV000628061,11120357,T,C,NM_000527.5(LDLR):c.1988-13T>C,,intronic,Likely benign,1.0,0.9998,0.0035,0,BENIGN,splice_polypyrimidine_tract_variant,0.3,LOW,-1.0,,Moderate Impact,False,AGREEMENT,Convergent evidence from structural and sequence analysis.,Benign,ClinVar_Benign,LDLR,True,False,intronic,benign_or_likely_benign,,,,,,False,0.9987,False,False,False,False,False,False,LDLR_promoter_super_enhancer,11090529,11096833,23524,outside_promoter_upstream_window,REJECT,Outside the pre-specified LDLR promoter/upstream windows.
VCV001145022,11120363,G,A,NM_000527.5(LDLR):c.1988-7G>A,,intronic,Likely benign,1.0,0.9998,0.0035,0,BENIGN,splice_region_variant,0.5,LOW,-1.0,,High Impact,False,VEP_ONLY,VEP detects sequence impact (score=0.50) but structure appears intact (LSSIM=1.000). Possible compensatory mechanism.,Benign,ClinVar_Benign,LDLR,True,False,intronic,benign_or_likely_benign,,,,,,False,0.9987,False,False,False,False,False,False,LDLR_promoter_super_enhancer,11090529,11096833,23530,outside_promoter_upstream_window,REJECT,Outside the pre-specified LDLR promoter/upstream windows.
VCV004733912,11120364,C,A,NM_000527.5(LDLR):c.1988-6C>A,,intronic,Likely benign,1.0,0.9997,0.0038,0,BENIGN,splice_region_variant,0.5,LOW,-1.0,,High Impact,False,VEP_ONLY,VEP detects sequence impact (score=0.50) but structure appears intact (LSSIM=1.000). Possible compensatory mechanism.,Benign,ClinVar_Benign,LDLR,True,False,intronic,benign_or_likely_benign,,,,,,False,0.9987,False,False,False,False,False,False,LDLR_promoter_super_enhancer,11090529,11096833,23531,outside_promoter_upstream_window,REJECT,Outside the pre-specified LDLR promoter/upstream windows.
VCV001155988,11120365,C,T,NM_000527.5(LDLR):c.1988-5C>T,,intronic,Likely benign,1.0,0.9997,0.0037,0,BENIGN,splice_region_variant,0.5,LOW,-1.0,,High Impact,False,VEP_ONLY,VEP detects sequence impact (score=0.50) but structure appears intact (LSSIM=1.000). Possible compensatory mechanism.,Benign,ClinVar_Benign,LDLR,True,False,intronic,benign_or_likely_benign,,,,,,False,0.9987,False,False,False,False,False,False,LDLR_promoter_super_enhancer,11090529,11096833,23532,outside_promoter_upstream_window,REJECT,Outside the pre-specified LDLR promoter/upstream windows.
VCV001121494,11120366,C,T,NM_000527.5(LDLR):c.1988-4C>T,,intronic,Likely benign,1.0,0.9997,0.0036,0,BENIGN,splice_region_variant,0.5,LOW,-1.0,,High Impact,False,VEP_ONLY,VEP detects sequence impact (score=0.50) but structure appears intact (LSSIM=1.000). Possible compensatory mechanism.,Benign,ClinVar_Benign,LDLR,True,False,intronic,benign_or_likely_benign,,,,,,False,0.9987,False,False,False,False,False,False,LDLR_promoter_super_enhancer,11090529,11096833,23533,outside_promoter_upstream_window,REJECT,Outside the pre-specified LDLR promoter/upstream windows.
VCV000925162,11120377,C,T,c.1995C>T,,synonymous,Likely benign,1.0,0.9999,0.0019,0,BENIGN,synonymous_variant,0.15,MODIFIER,-1.0,,Low Impact,False,AGREEMENT,Convergent evidence from structural and sequence analysis.,Benign,ClinVar_Benign,LDLR,True,False,coding_synonymous,benign_or_likely_benign,,,,,,False,0.9987,False,False,False,False,False,False,LDLR_promoter_super_enhancer,11090529,11096833,23544,outside_promoter_upstream_window,REJECT,Outside the pre-specified LDLR promoter/upstream windows.
VCV000924657,11120386,G,A,c.2004G>A,,synonymous,Likely benign,1.0,0.9999,0.0018,0,BENIGN,synonymous_variant,0.15,MODIFIER,-1.0,,Low Impact,False,AGREEMENT,Convergent evidence from structural and sequence analysis.,Benign,ClinVar_Benign,LDLR,True,False,coding_synonymous,benign_or_likely_benign,,,,,,False,0.9987,False,False,False,False,False,False,LDLR_promoter_super_enhancer,11090529,11096833,23553,outside_promoter_upstream_window,REJECT,Outside the pre-specified LDLR promoter/upstream windows.
VCV001101468,11120389,G,A,c.2007G>A,,synonymous,Likely benign,1.0,0.9999,0.0018,0,BENIGN,synonymous_variant,0.15,MODIFIER,-1.0,,Low Impact,False,AGREEMENT,Convergent evidence from structural and sequence analysis.,Benign,ClinVar_Benign,LDLR,True,False,coding_synonymous,benign_or_likely_benign,,,,,,False,0.9987,False,False,False,False,False,False,LDLR_promoter_super_enhancer,11090529,11096833,23556,outside_promoter_upstream_window,REJECT,Outside the pre-specified LDLR promoter/upstream windows.
VCV002882719,11120392,C,T,c.2010C>T,,synonymous,Likely benign,1.0,0.9999,0.0017,0,BENIGN,synonymous_variant,0.15,MODIFIER,-1.0,,Low Impact,False,AGREEMENT,Convergent evidence from structural and sequence analysis.,Benign,ClinVar_Benign,LDLR,True,False,coding_synonymous,benign_or_likely_benign,,,,,,False,0.9987,False,False,False,False,False,False,LDLR_promoter_super_enhancer,11090529,11096833,23559,outside_promoter_upstream_window,REJECT,Outside the pre-specified LDLR promoter/upstream windows.
VCV000921615,11120395,C,T,c.2013C>T,,synonymous,Likely benign,1.0,0.9999,0.0018,0,BENIGN,synonymous_variant,0.15,MODIFIER,-1.0,,Low Impact,False,AGREEMENT,Convergent evidence from structural and sequence analysis.,Benign,ClinVar_Benign,LDLR,True,False,coding_synonymous,benign_or_likely_benign,,,,,,False,0.9987,False,False,False,False,False,False,LDLR_promoter_super_enhancer,11090529,11096833,23562,outside_promoter_upstream_window,REJECT,Outside the pre-specified LDLR promoter/upstream windows.
VCV002694707,11120396,C,T,c.2014C>T,,synonymous,Likely benign,1.0,0.9999,0.0017,0,BENIGN,synonymous_variant,0.15,MODIFIER,-1.0,,Low Impact,False,AGREEMENT,Convergent evidence from structural and sequence analysis.,Benign,ClinVar_Benign,LDLR,True,False,coding_synonymous,benign_or_likely_benign,,,,,,False,0.9987,False,False,False,False,False,False,LDLR_promoter_super_enhancer,11090529,11096833,23563,outside_promoter_upstream_window,REJECT,Outside the pre-specified LDLR promoter/upstream windows.
VCV002757605,11120398,G,C,c.2016G>C,,synonymous,Likely benign,1.0,0.9999,0.0018,0,BENIGN,synonymous_variant,0.15,MODIFIER,-1.0,,Low Impact,False,AGREEMENT,Convergent evidence from structural and sequence analysis.,Benign,ClinVar_Benign,LDLR,True,False,coding_synonymous,benign_or_likely_benign,,,,,,False,0.9987,False,False,False,False,False,False,LDLR_promoter_super_enhancer,11090529,11096833,23565,outside_promoter_upstream_window,REJECT,Outside the pre-specified LDLR promoter/upstream windows.
VCV001632384,11120398,G,A,c.2016G>A,,synonymous,Likely benign,1.0,0.9999,0.0018,0,BENIGN,synonymous_variant,0.15,MODIFIER,-1.0,,Low Impact,False,AGREEMENT,Convergent evidence from structural and sequence analysis.,Benign,ClinVar_Benign,LDLR,True,False,coding_synonymous,benign_or_likely_benign,,,,,,False,0.9987,False,False,False,False,False,False,LDLR_promoter_super_enhancer,11090529,11096833,23565,outside_promoter_upstream_window,REJECT,Outside the pre-specified LDLR promoter/upstream windows.
VCV001144680,11120401,C,T,c.2019C>T,,synonymous,Likely benign,1.0,0.9999,0.0019,0,BENIGN,synonymous_variant,0.15,MODIFIER,-1.0,,Low Impact,False,AGREEMENT,Convergent evidence from structural and sequence analysis.,Benign,ClinVar_Benign,LDLR,True,False,coding_synonymous,benign_or_likely_benign,,,,,,False,0.9987,False,False,False,False,False,False,LDLR_promoter_super_enhancer,11090529,11096833,23568,outside_promoter_upstream_window,REJECT,Outside the pre-specified LDLR promoter/upstream windows.
VCV000927625,11120404,T,C,c.2022T>C,,synonymous,Likely benign,1.0,0.9999,0.0019,0,BENIGN,synonymous_variant,0.15,MODIFIER,-1.0,,Low Impact,False,AGREEMENT,Convergent evidence from structural and sequence analysis.,Benign,ClinVar_Benign,LDLR,True,False,coding_synonymous,benign_or_likely_benign,,,,,,False,0.9987,False,False,False,False,False,False,LDLR_promoter_super_enhancer,11090529,11096833,23571,outside_promoter_upstream_window,REJECT,Outside the pre-specified LDLR promoter/upstream windows.
VCV000252174,11120407,C,T,c.2025C>T,,synonymous,Likely benign,1.0,0.9999,0.0016,0,BENIGN,synonymous_variant,0.15,MODIFIER,-1.0,,Low Impact,False,AGREEMENT,Convergent evidence from structural and sequence analysis.,Benign,ClinVar_Benign,LDLR,True,False,coding_synonymous,benign_or_likely_benign,,,,,,False,0.9987,False,False,False,False,False,False,LDLR_promoter_super_enhancer,11090529,11096833,23574,outside_promoter_upstream_window,REJECT,Outside the pre-specified LDLR promoter/upstream windows.
VCV000922162,11120419,T,C,c.2037T>C,,synonymous,Likely benign,1.0,0.9999,0.002,0,BENIGN,synonymous_variant,0.15,MODIFIER,-1.0,,Low Impact,False,AGREEMENT,Convergent evidence from structural and sequence analysis.,Benign,ClinVar_Benign,LDLR,True,False,coding_synonymous,benign_or_likely_benign,,,,,,False,0.9987,False,False,False,False,False,False,LDLR_promoter_super_enhancer,11090529,11096833,23586,outside_promoter_upstream_window,REJECT,Outside the pre-specified LDLR promoter/upstream windows.
VCV001147953,11120420,C,T,c.2038C>T,,synonymous,Likely benign,1.0,0.9999,0.002,0,BENIGN,synonymous_variant,0.15,MODIFIER,-1.0,,Low Impact,False,AGREEMENT,Convergent evidence from structural and sequence analysis.,Benign,ClinVar_Benign,LDLR,True,False,coding_synonymous,benign_or_likely_benign,,,,,,False,0.9987,False,False,False,False,False,False,LDLR_promoter_super_enhancer,11090529,11096833,23587,outside_promoter_upstream_window,REJECT,Outside the pre-specified LDLR promoter/upstream windows.
VCV002131882,11120428,C,T,c.2046C>T,,synonymous,Likely benign,1.0,0.9999,0.002,0,BENIGN,synonymous_variant,0.15,MODIFIER,-1.0,,Low Impact,False,AGREEMENT,Convergent evidence from structural and sequence analysis.,Benign,ClinVar_Benign,LDLR,True,False,coding_synonymous,benign_or_likely_benign,,,,,,False,0.9987,False,False,False,False,False,False,LDLR_promoter_super_enhancer,11090529,11096833,23595,outside_promoter_upstream_window,REJECT,Outside the pre-specified LDLR promoter/upstream windows.
VCV004738878,11120431,T,C,c.2049T>C,,synonymous,Likely benign,1.0,0.9999,0.0019,0,BENIGN,synonymous_variant,0.15,MODIFIER,-1.0,,Low Impact,False,AGREEMENT,Convergent evidence from structural and sequence analysis.,Benign,ClinVar_Benign,LDLR,True,False,coding_synonymous,benign_or_likely_benign,,,,,,False,0.9987,False,False,False,False,False,False,LDLR_promoter_super_enhancer,11090529,11096833,23598,outside_promoter_upstream_window,REJECT,Outside the pre-specified LDLR promoter/upstream windows.
VCV001956225,11120431,T,G,c.2049T>G,,synonymous,Likely benign,1.0,0.9999,0.0019,0,BENIGN,synonymous_variant,0.15,MODIFIER,-1.0,,Low Impact,False,AGREEMENT,Convergent evidence from structural and sequence analysis.,Benign,ClinVar_Benign,LDLR,True,False,coding_synonymous,benign_or_likely_benign,,,,,,False,0.9987,False,False,False,False,False,False,LDLR_promoter_super_enhancer,11090529,11096833,23598,outside_promoter_upstream_window,REJECT,Outside the pre-specified LDLR promoter/upstream windows.
VCV001171741,11120434,C,G,c.2052C>G,,synonymous,Likely benign,1.0,0.9999,0.0017,0,BENIGN,synonymous_variant,0.15,MODIFIER,-1.0,,Low Impact,False,AGREEMENT,Convergent evidence from structural and sequence analysis.,Benign,ClinVar_Benign,LDLR,True,False,coding_synonymous,benign_or_likely_benign,,,,,,False,0.9987,False,False,False,False,False,False,LDLR_promoter_super_enhancer,11090529,11096833,23601,outside_promoter_upstream_window,REJECT,Outside the pre-specified LDLR promoter/upstream windows.
VCV001640271,11120434,C,T,c.2052C>T,,synonymous,Likely benign,1.0,0.9999,0.0017,0,BENIGN,synonymous_variant,0.15,MODIFIER,-1.0,,Low Impact,False,AGREEMENT,Convergent evidence from structural and sequence analysis.,Benign,ClinVar_Benign,LDLR,True,False,coding_synonymous,benign_or_likely_benign,,,,,,False,0.9987,False,False,False,False,False,False,LDLR_promoter_super_enhancer,11090529,11096833,23601,outside_promoter_upstream_window,REJECT,Outside the pre-specified LDLR promoter/upstream windows.
VCV002069202,11120443,C,T,c.2061C>T,,synonymous,Likely benign,1.0,0.9999,0.0017,0,BENIGN,synonymous_variant,0.15,MODIFIER,-1.0,,Low Impact,False,AGREEMENT,Convergent evidence from structural and sequence analysis.,Benign,ClinVar_Benign,LDLR,True,False,coding_synonymous,benign_or_likely_benign,,,,,,False,0.9987,False,False,False,False,False,False,LDLR_promoter_super_enhancer,11090529,11096833,23610,outside_promoter_upstream_window,REJECT,Outside the pre-specified LDLR promoter/upstream windows.
VCV000526757,11120446,C,T,c.2064C>T,,synonymous,Likely benign,1.0,0.9999,0.0019,0,BENIGN,synonymous_variant,0.15,MODIFIER,-1.0,,Low Impact,False,AGREEMENT,Convergent evidence from structural and sequence analysis.,Benign,ClinVar_Benign,LDLR,True,False,coding_synonymous,benign_or_likely_benign,,,,,,False,0.9987,False,False,False,False,False,False,LDLR_promoter_super_enhancer,11090529,11096833,23613,outside_promoter_upstream_window,REJECT,Outside the pre-specified LDLR promoter/upstream windows.
VCV003290393,11120452,C,T,c.2070C>T,,synonymous,Likely benign,1.0,0.9999,0.0017,0,BENIGN,synonymous_variant,0.15,MODIFIER,-1.0,,Low Impact,False,AGREEMENT,Convergent evidence from structural and sequence analysis.,Benign,ClinVar_Benign,LDLR,True,False,coding_synonymous,benign_or_likely_benign,,,,,,False,0.9987,False,False,False,False,False,False,LDLR_promoter_super_enhancer,11090529,11096833,23619,outside_promoter_upstream_window,REJECT,Outside the pre-specified LDLR promoter/upstream windows.
VCV001134587,11120455,G,T,c.2073G>T,,synonymous,Likely benign,1.0,0.9999,0.0018,0,BENIGN,synonymous_variant,0.15,MODIFIER,-1.0,,Low Impact,False,AGREEMENT,Convergent evidence from structural and sequence analysis.,Benign,ClinVar_Benign,LDLR,True,False,coding_synonymous,benign_or_likely_benign,,,,,,False,0.9987,False,False,False,False,False,False,LDLR_promoter_super_enhancer,11090529,11096833,23622,outside_promoter_upstream_window,REJECT,Outside the pre-specified LDLR promoter/upstream windows.
VCV000801198,11120455,G,A,c.2073G>A,,synonymous,Likely benign,1.0,0.9999,0.0018,0,BENIGN,synonymous_variant,0.15,MODIFIER,-1.0,,Low Impact,False,AGREEMENT,Convergent evidence from structural and sequence analysis.,Benign,ClinVar_Benign,LDLR,True,False,coding_synonymous,benign_or_likely_benign,,,,,,False,0.9987,False,False,False,False,False,False,LDLR_promoter_super_enhancer,11090529,11096833,23622,outside_promoter_upstream_window,REJECT,Outside the pre-specified LDLR promoter/upstream windows.
VCV002998027,11120458,C,G,c.2076C>G,,synonymous,Likely benign,1.0,0.9999,0.0016,0,BENIGN,synonymous_variant,0.15,MODIFIER,-1.0,,Low Impact,False,AGREEMENT,Convergent evidence from structural and sequence analysis.,Benign,ClinVar_Benign,LDLR,True,False,coding_synonymous,benign_or_likely_benign,,,,,,False,0.9987,False,False,False,False,False,False,LDLR_promoter_super_enhancer,11090529,11096833,23625,outside_promoter_upstream_window,REJECT,Outside the pre-specified LDLR promoter/upstream windows.
VCV003231957,11120458,C,T,c.2076C>T,,synonymous,Likely benign,1.0,0.9999,0.0016,0,BENIGN,synonymous_variant,0.15,MODIFIER,-1.0,,Low Impact,False,AGREEMENT,Convergent evidence from structural and sequence analysis.,Benign,ClinVar_Benign,LDLR,True,False,coding_synonymous,benign_or_likely_benign,,,,,,False,0.9987,False,False,False,False,False,False,LDLR_promoter_super_enhancer,11090529,11096833,23625,outside_promoter_upstream_window,REJECT,Outside the pre-specified LDLR promoter/upstream windows.
VCV002010497,11120467,C,T,c.2085C>T,,synonymous,Likely benign,1.0,0.9999,0.0017,0,BENIGN,synonymous_variant,0.15,MODIFIER,-1.0,,Low Impact,False,AGREEMENT,Convergent evidence from structural and sequence analysis.,Benign,ClinVar_Benign,LDLR,True,False,coding_synonymous,benign_or_likely_benign,,,,,,False,0.9987,False,False,False,False,False,False,LDLR_promoter_super_enhancer,11090529,11096833,23634,outside_promoter_upstream_window,REJECT,Outside the pre-specified LDLR promoter/upstream windows.
VCV000548082,11120470,C,T,c.2088C>T,,synonymous,Likely benign,1.0,0.9999,0.0019,0,BENIGN,synonymous_variant,0.15,MODIFIER,-1.0,,Low Impact,False,AGREEMENT,Convergent evidence from structural and sequence analysis.,Benign,ClinVar_Benign,LDLR,True,False,coding_synonymous,benign_or_likely_benign,,,,,,False,0.9987,False,False,False,False,False,False,LDLR_promoter_super_enhancer,11090529,11096833,23637,outside_promoter_upstream_window,REJECT,Outside the pre-specified LDLR promoter/upstream windows.
VCV002105992,11120473,C,T,c.2091C>T,,synonymous,Likely benign,1.0,0.9999,0.0018,0,BENIGN,synonymous_variant,0.15,MODIFIER,-1.0,,Low Impact,False,AGREEMENT,Convergent evidence from structural and sequence analysis.,Benign,ClinVar_Benign,LDLR,True,False,coding_synonymous,benign_or_likely_benign,,,,,,False,0.9987,False,False,False,False,False,False,LDLR_promoter_super_enhancer,11090529,11096833,23640,outside_promoter_upstream_window,REJECT,Outside the pre-specified LDLR promoter/upstream windows.
VCV000990077,11120479,G,A,c.2097G>A,,synonymous,Likely benign,1.0,0.9999,0.0018,0,BENIGN,synonymous_variant,0.15,MODIFIER,-1.0,,Low Impact,False,AGREEMENT,Convergent evidence from structural and sequence analysis.,Benign,ClinVar_Benign,LDLR,True,False,coding_synonymous,benign_or_likely_benign,,,,,,False,0.9987,False,False,False,False,False,False,LDLR_promoter_super_enhancer,11090529,11096833,23646,outside_promoter_upstream_window,REJECT,Outside the pre-specified LDLR promoter/upstream windows.
VCV001125023,11120492,C,T,c.2110C>T,,synonymous,Likely benign,1.0,0.9999,0.0018,0,BENIGN,synonymous_variant,0.15,MODIFIER,-1.0,,Low Impact,False,AGREEMENT,Convergent evidence from structural and sequence analysis.,Benign,ClinVar_Benign,LDLR,True,False,coding_synonymous,benign_or_likely_benign,,,,,,False,0.9987,False,False,False,False,False,False,LDLR_promoter_super_enhancer,11090529,11096833,23659,outside_promoter_upstream_window,REJECT,Outside the pre-specified LDLR promoter/upstream windows.
VCV001589737,11120494,G,A,c.2112G>A,,synonymous,Likely benign,1.0,0.9999,0.0019,0,BENIGN,synonymous_variant,0.15,MODIFIER,-1.0,,Low Impact,False,AGREEMENT,Convergent evidence from structural and sequence analysis.,Benign,ClinVar_Benign,LDLR,True,False,coding_synonymous,benign_or_likely_benign,,,,,,False,0.9987,False,False,False,False,False,False,LDLR_promoter_super_enhancer,11090529,11096833,23661,outside_promoter_upstream_window,REJECT,Outside the pre-specified LDLR promoter/upstream windows.
VCV001914563,11120509,G,A,c.2127G>A,,synonymous,Likely benign,1.0,0.9999,0.0019,0,BENIGN,synonymous_variant,0.15,MODIFIER,-1.0,,Low Impact,False,AGREEMENT,Convergent evidence from structural and sequence analysis.,Benign,ClinVar_Benign,LDLR,True,False,coding_synonymous,benign_or_likely_benign,,,,,,False,0.9987,False,False,False,False,False,False,LDLR_promoter_super_enhancer,11090529,11096833,23676,outside_promoter_upstream_window,REJECT,Outside the pre-specified LDLR promoter/upstream windows.
VCV000036460,11120527,G,A,NM_000527.5(LDLR):c.2140+5G>A,,intronic,Benign,1.0,0.9998,0.0035,0,BENIGN,splice_donor_5th_base_variant,0.4,LOW,-1.0,,Moderate Impact,False,AGREEMENT,Convergent evidence from structural and sequence analysis.,Benign,ClinVar_Benign,LDLR,True,False,intronic,benign_or_likely_benign,,,,,,False,0.9987,False,False,False,False,False,False,LDLR_promoter_super_enhancer,11090529,11096833,23694,outside_promoter_upstream_window,REJECT,Outside the pre-specified LDLR promoter/upstream windows.
VCV000252238,11120531,C,T,NM_000527.5(LDLR):c.2140+9C>T,,intronic,Likely benign,1.0,0.9998,0.0035,0,BENIGN,intron_variant,0.1,MODIFIER,-1.0,,Low Impact,False,AGREEMENT,Convergent evidence from structural and sequence analysis.,Benign,ClinVar_Benign,LDLR,True,False,intronic,benign_or_likely_benign,,,,,,False,0.9987,False,False,False,False,False,False,LDLR_promoter_super_enhancer,11090529,11096833,23698,outside_promoter_upstream_window,REJECT,Outside the pre-specified LDLR promoter/upstream windows.
VCV002990223,11120533,C,G,NM_000527.5(LDLR):c.2140+11C>G,,intronic,Likely benign,1.0,0.9997,0.0036,0,BENIGN,intron_variant,0.1,MODIFIER,-1.0,,Low Impact,False,AGREEMENT,Convergent evidence from structural and sequence analysis.,Benign,ClinVar_Benign,LDLR,True,False,intronic,benign_or_likely_benign,,,,,,False,0.9987,False,False,False,False,False,False,LDLR_promoter_super_enhancer,11090529,11096833,23700,outside_promoter_upstream_window,REJECT,Outside the pre-specified LDLR promoter/upstream windows.
VCV000491663,11120533,C,T,NM_000527.5(LDLR):c.2140+11C>T,,intronic,Likely benign,1.0,0.9997,0.0036,0,BENIGN,intron_variant,0.1,MODIFIER,-1.0,,Low Impact,False,AGREEMENT,Convergent evidence from structural and sequence analysis.,Benign,ClinVar_Benign,LDLR,True,False,intronic,benign_or_likely_benign,,,,,,False,0.9987,False,False,False,False,False,False,LDLR_promoter_super_enhancer,11090529,11096833,23700,outside_promoter_upstream_window,REJECT,Outside the pre-specified LDLR promoter/upstream windows.
VCV000491664,11120534,G,A,NM_000527.5(LDLR):c.2140+12G>A,,intronic,Likely benign,1.0,0.9998,0.0036,0,BENIGN,intron_variant,0.1,MODIFIER,-1.0,,Low Impact,False,AGREEMENT,Convergent evidence from structural and sequence analysis.,Benign,ClinVar_Benign,LDLR,True,False,intronic,benign_or_likely_benign,,,,,,False,0.9987,False,False,False,False,False,False,LDLR_promoter_super_enhancer,11090529,11096833,23701,outside_promoter_upstream_window,REJECT,Outside the pre-specified LDLR promoter/upstream windows.
VCV001942471,11120535,C,T,NM_000527.5(LDLR):c.2140+13C>T,,intronic,Likely benign,1.0,0.9998,0.0036,0,BENIGN,intron_variant,0.1,MODIFIER,-1.0,,Low Impact,False,AGREEMENT,Convergent evidence from structural and sequence analysis.,Benign,ClinVar_Benign,LDLR,True,False,intronic,benign_or_likely_benign,,,,,,False,0.9987,False,False,False,False,False,False,LDLR_promoter_super_enhancer,11090529,11096833,23702,outside_promoter_upstream_window,REJECT,Outside the pre-specified LDLR promoter/upstream windows.
VCV002920066,11120537,T,C,NM_000527.5(LDLR):c.2140+15T>C,,intronic,Likely benign,1.0,0.9997,0.0037,0,BENIGN,intron_variant,0.1,MODIFIER,-1.0,,Low Impact,False,AGREEMENT,Convergent evidence from structural and sequence analysis.,Benign,ClinVar_Benign,LDLR,True,False,intronic,benign_or_likely_benign,,,,,,False,0.9987,False,False,False,False,False,False,LDLR_promoter_super_enhancer,11090529,11096833,23704,outside_promoter_upstream_window,REJECT,Outside the pre-specified LDLR promoter/upstream windows.
VCV002875063,11120538,T,G,NM_000527.5(LDLR):c.2140+16T>G,,intronic,Likely benign,1.0,0.9997,0.0039,0,BENIGN,intron_variant,0.1,MODIFIER,-1.0,,Low Impact,False,AGREEMENT,Convergent evidence from structural and sequence analysis.,Benign,ClinVar_Benign,LDLR,True,False,intronic,benign_or_likely_benign,,,,,,False,0.9987,False,False,False,False,False,False,LDLR_promoter_super_enhancer,11090529,11096833,23705,outside_promoter_upstream_window,REJECT,Outside the pre-specified LDLR promoter/upstream windows.
VCV002694244,11120542,T,G,NM_000527.5(LDLR):c.2140+20T>G,,intronic,Likely benign,1.0,0.9998,0.0035,0,BENIGN,intron_variant,0.1,MODIFIER,-1.0,,Low Impact,False,AGREEMENT,Convergent evidence from structural and sequence analysis.,Benign,ClinVar_Benign,LDLR,True,False,intronic,benign_or_likely_benign,,,,,,False,0.9987,False,False,False,False,False,False,LDLR_promoter_super_enhancer,11090529,11096833,23709,outside_promoter_upstream_window,REJECT,Outside the pre-specified LDLR promoter/upstream windows.
VCV000926670,11120608,C,T,NM_000527.5(LDLR):c.2140+86C>T,,intronic,Likely benign,1.0,0.9998,0.0033,0,BENIGN,intron_variant,0.1,MODIFIER,-1.0,,Low Impact,False,AGREEMENT,Convergent evidence from structural and sequence analysis.,Benign,ClinVar_Benign,LDLR,True,False,intronic,benign_or_likely_benign,,,,,,False,0.9987,False,False,False,False,False,False,LDLR_promoter_super_enhancer,11090529,11096833,23775,outside_promoter_upstream_window,REJECT,Outside the pre-specified LDLR promoter/upstream windows.
VCV003351912,11120617,G,A,NM_000527.5(LDLR):c.2140+95G>A,,intronic,Likely benign,1.0,0.9997,0.0035,0,BENIGN,intron_variant,0.1,MODIFIER,-1.0,,Low Impact,False,AGREEMENT,Convergent evidence from structural and sequence analysis.,Benign,ClinVar_Benign,LDLR,True,False,intronic,benign_or_likely_benign,,,,,,False,0.9987,False,False,False,False,False,False,LDLR_promoter_super_enhancer,11090529,11096833,23784,outside_promoter_upstream_window,REJECT,Outside the pre-specified LDLR promoter/upstream windows.
VCV004537256,11120620,G,A,NM_000527.5(LDLR):c.2140+98G>A,,intronic,Likely benign,1.0,0.9997,0.0039,0,BENIGN,intron_variant,0.1,MODIFIER,-1.0,,Low Impact,False,AGREEMENT,Convergent evidence from structural and sequence analysis.,Benign,ClinVar_Benign,LDLR,True,False,intronic,benign_or_likely_benign,,,,,,False,0.9987,False,False,False,False,False,False,LDLR_promoter_super_enhancer,11090529,11096833,23787,outside_promoter_upstream_window,REJECT,Outside the pre-specified LDLR promoter/upstream windows.
VCV000440682,11123085,G,A,NM_000527.5(LDLR):c.2141-89G>A,,intronic,Benign,1.0,0.9997,0.0038,0,BENIGN,intron_variant,0.15,MODIFIER,-1.0,,Low Impact,False,AGREEMENT,Convergent evidence from structural and sequence analysis.,Benign,ClinVar_Benign,LDLR,True,False,intronic,benign_or_likely_benign,,,,,,False,0.9987,False,False,False,False,False,False,LDLR_promoter_super_enhancer,11090529,11096833,26252,outside_promoter_upstream_window,REJECT,Outside the pre-specified LDLR promoter/upstream windows.
VCV002715904,11123155,C,T,NM_000527.5(LDLR):c.2141-19C>T,,intronic,Likely benign,1.0,0.9998,0.0033,0,BENIGN,intron_variant,0.15,MODIFIER,-1.0,,Low Impact,False,AGREEMENT,Convergent evidence from structural and sequence analysis.,Benign,ClinVar_Benign,LDLR,True,False,intronic,benign_or_likely_benign,,,,,,False,0.9987,False,False,False,False,False,False,LDLR_promoter_super_enhancer,11090529,11096833,26322,outside_promoter_upstream_window,REJECT,Outside the pre-specified LDLR promoter/upstream windows.
VCV002911134,11123156,G,A,NM_000527.5(LDLR):c.2141-18G>A,,intronic,Likely benign,1.0,0.9997,0.0038,0,BENIGN,intron_variant,0.15,MODIFIER,-1.0,,Low Impact,False,AGREEMENT,Convergent evidence from structural and sequence analysis.,Benign,ClinVar_Benign,LDLR,True,False,intronic,benign_or_likely_benign,,,,,,False,0.9987,False,False,False,False,False,False,LDLR_promoter_super_enhancer,11090529,11096833,26323,outside_promoter_upstream_window,REJECT,Outside the pre-specified LDLR promoter/upstream windows.
VCV002698157,11123157,T,G,NM_000527.5(LDLR):c.2141-17T>G,,intronic,Likely benign,1.0,0.9998,0.0034,0,BENIGN,splice_polypyrimidine_tract_variant,0.3,LOW,-1.0,,Moderate Impact,False,AGREEMENT,Convergent evidence from structural and sequence analysis.,Benign,ClinVar_Benign,LDLR,True,False,intronic,benign_or_likely_benign,,,,,,False,0.9987,False,False,False,False,False,False,LDLR_promoter_super_enhancer,11090529,11096833,26324,outside_promoter_upstream_window,REJECT,Outside the pre-specified LDLR promoter/upstream windows.
VCV003729531,11123160,A,G,NM_000527.5(LDLR):c.2141-14A>G,,intronic,Likely benign,1.0,0.9998,0.0035,0,BENIGN,splice_polypyrimidine_tract_variant,0.3,LOW,-1.0,,Moderate Impact,False,AGREEMENT,Convergent evidence from structural and sequence analysis.,Benign,ClinVar_Benign,LDLR,True,False,intronic,benign_or_likely_benign,,,,,,False,0.9987,False,False,False,False,False,False,LDLR_promoter_super_enhancer,11090529,11096833,26327,outside_promoter_upstream_window,REJECT,Outside the pre-specified LDLR promoter/upstream windows.
VCV001332565,11123164,A,G,NM_000527.5(LDLR):c.2141-10A>G,,intronic,Likely benign,1.0,0.9998,0.0034,0,BENIGN,splice_polypyrimidine_tract_variant,0.3,LOW,-1.0,,Moderate Impact,False,AGREEMENT,Convergent evidence from structural and sequence analysis.,Benign,ClinVar_Benign,LDLR,True,False,intronic,benign_or_likely_benign,,,,,,False,0.9987,False,False,False,False,False,False,LDLR_promoter_super_enhancer,11090529,11096833,26331,outside_promoter_upstream_window,REJECT,Outside the pre-specified LDLR promoter/upstream windows.
VCV001127318,11123165,T,C,NM_000527.5(LDLR):c.2141-9T>C,,intronic,Likely benign,1.0,0.9998,0.0034,0,BENIGN,splice_polypyrimidine_tract_variant,0.3,LOW,-1.0,,Moderate Impact,False,AGREEMENT,Convergent evidence from structural and sequence analysis.,Benign,ClinVar_Benign,LDLR,True,False,intronic,benign_or_likely_benign,,,,,,False,0.9987,False,False,False,False,False,False,LDLR_promoter_super_enhancer,11090529,11096833,26332,outside_promoter_upstream_window,REJECT,Outside the pre-specified LDLR promoter/upstream windows.
VCV000919770,11123181,G,A,c.2148G>A,,synonymous,Likely benign,1.0,0.9999,0.0018,0,BENIGN,synonymous_variant,0.15,MODIFIER,-1.0,,Low Impact,False,AGREEMENT,Convergent evidence from structural and sequence analysis.,Benign,ClinVar_Benign,LDLR,True,False,coding_synonymous,benign_or_likely_benign,,,,,,False,0.9987,False,False,False,False,False,False,LDLR_promoter_super_enhancer,11090529,11096833,26348,outside_promoter_upstream_window,REJECT,Outside the pre-specified LDLR promoter/upstream windows.
VCV001151965,11123187,A,G,c.2154A>G,,synonymous,Likely benign,1.0,0.9999,0.0016,0,BENIGN,synonymous_variant,0.15,MODIFIER,-1.0,,Low Impact,False,AGREEMENT,Convergent evidence from structural and sequence analysis.,Benign,ClinVar_Benign,LDLR,True,False,coding_synonymous,benign_or_likely_benign,,,,,,False,0.9987,False,False,False,False,False,False,LDLR_promoter_super_enhancer,11090529,11096833,26354,outside_promoter_upstream_window,REJECT,Outside the pre-specified LDLR promoter/upstream windows.
VCV000252243,11123188,G,C,c.2155G>C,,synonymous,Likely benign,1.0,0.9999,0.0017,0,BENIGN,missense_variant,0.745,MODERATE,0.31,tolerated,High Impact,False,VEP_ONLY,VEP detects sequence impact (score=0.74) but structure appears intact (LSSIM=1.000). Possible compensatory mechanism.,Benign,ClinVar_Benign,LDLR,True,False,coding_synonymous,benign_or_likely_benign,,,,,,False,0.9987,False,False,False,False,False,False,LDLR_promoter_super_enhancer,11090529,11096833,26355,outside_promoter_upstream_window,REJECT,Outside the pre-specified LDLR promoter/upstream windows.
VCV001095225,11123205,A,T,c.2172A>T,,synonymous,Likely benign,1.0,1.0,0.0017,0,BENIGN,synonymous_variant,0.15,MODIFIER,-1.0,,Low Impact,False,AGREEMENT,Convergent evidence from structural and sequence analysis.,Benign,ClinVar_Benign,LDLR,True,False,coding_synonymous,benign_or_likely_benign,,,,,,False,0.9987,False,False,False,False,False,False,LDLR_promoter_super_enhancer,11090529,11096833,26372,outside_promoter_upstream_window,REJECT,Outside the pre-specified LDLR promoter/upstream windows.
VCV000036461,11123210,C,T,c.2177C>T,,synonymous,Benign,1.0,0.9999,0.0017,0,BENIGN,missense_variant,0.875,MODERATE,0.05,deleterious,Very High Impact,False,VEP_ONLY,VEP detects sequence impact (score=0.88) but structure appears intact (LSSIM=1.000). Possible compensatory mechanism.,Benign,ClinVar_Benign,LDLR,True,False,coding_synonymous,benign_or_likely_benign,,,,,,False,0.9987,False,False,False,False,False,False,LDLR_promoter_super_enhancer,11090529,11096833,26377,outside_promoter_upstream_window,REJECT,Outside the pre-specified LDLR promoter/upstream windows.
VCV000923414,11123211,C,A,c.2178C>A,,synonymous,Likely benign,1.0,0.9999,0.0018,0,BENIGN,synonymous_variant,0.15,MODIFIER,-1.0,,Low Impact,False,AGREEMENT,Convergent evidence from structural and sequence analysis.,Benign,ClinVar_Benign,LDLR,True,False,coding_synonymous,benign_or_likely_benign,,,,,,False,0.9987,False,False,False,False,False,False,LDLR_promoter_super_enhancer,11090529,11096833,26378,outside_promoter_upstream_window,REJECT,Outside the pre-specified LDLR promoter/upstream windows.
VCV000921293,11123211,C,T,c.2178C>T,,synonymous,Likely benign,1.0,0.9999,0.0018,0,BENIGN,synonymous_variant,0.15,MODIFIER,-1.0,,Low Impact,False,AGREEMENT,Convergent evidence from structural and sequence analysis.,Benign,ClinVar_Benign,LDLR,True,False,coding_synonymous,benign_or_likely_benign,,,,,,False,0.9987,False,False,False,False,False,False,LDLR_promoter_super_enhancer,11090529,11096833,26378,outside_promoter_upstream_window,REJECT,Outside the pre-specified LDLR promoter/upstream windows.
VCV003231958,11123220,A,G,c.2187A>G,,synonymous,Likely benign,1.0,1.0,0.0016,0,BENIGN,synonymous_variant,0.15,MODIFIER,-1.0,,Low Impact,False,AGREEMENT,Convergent evidence from structural and sequence analysis.,Benign,ClinVar_Benign,LDLR,True,False,coding_synonymous,benign_or_likely_benign,,,,,,False,0.9987,False,False,False,False,False,False,LDLR_promoter_super_enhancer,11090529,11096833,26387,outside_promoter_upstream_window,REJECT,Outside the pre-specified LDLR promoter/upstream windows.
VCV000696613,11123223,G,A,c.2190G>A,,synonymous,Likely benign,1.0,1.0,0.0016,0,BENIGN,synonymous_variant,0.15,MODIFIER,-1.0,,Low Impact,False,AGREEMENT,Convergent evidence from structural and sequence analysis.,Benign,ClinVar_Benign,LDLR,True,False,coding_synonymous,benign_or_likely_benign,,,,,,False,0.9987,False,False,False,False,False,False,LDLR_promoter_super_enhancer,11090529,11096833,26390,outside_promoter_upstream_window,REJECT,Outside the pre-specified LDLR promoter/upstream windows.
VCV000919903,11123238,C,T,c.2205C>T,,synonymous,Likely benign,1.0,0.9999,0.0017,0,BENIGN,synonymous_variant,0.15,MODIFIER,-1.0,,Low Impact,False,AGREEMENT,Convergent evidence from structural and sequence analysis.,Benign,ClinVar_Benign,LDLR,True,False,coding_synonymous,benign_or_likely_benign,,,,,,False,0.9987,False,False,False,False,False,False,LDLR_promoter_super_enhancer,11090529,11096833,26405,outside_promoter_upstream_window,REJECT,Outside the pre-specified LDLR promoter/upstream windows.
VCV000798406,11123241,A,T,c.2208A>T,,synonymous,Likely benign,1.0,1.0,0.0016,0,BENIGN,synonymous_variant,0.15,MODIFIER,-1.0,,Low Impact,False,AGREEMENT,Convergent evidence from structural and sequence analysis.,Benign,ClinVar_Benign,LDLR,True,False,coding_synonymous,benign_or_likely_benign,,,,,,False,0.9987,False,False,False,False,False,False,LDLR_promoter_super_enhancer,11090529,11096833,26408,outside_promoter_upstream_window,REJECT,Outside the pre-specified LDLR promoter/upstream windows.
VCV001665778,11123244,G,A,c.2211G>A,,synonymous,Likely benign,1.0,1.0,0.0016,0,BENIGN,synonymous_variant,0.15,MODIFIER,-1.0,,Low Impact,False,AGREEMENT,Convergent evidence from structural and sequence analysis.,Benign,ClinVar_Benign,LDLR,True,False,coding_synonymous,benign_or_likely_benign,,,,,,False,0.9987,False,False,False,False,False,False,LDLR_promoter_super_enhancer,11090529,11096833,26411,outside_promoter_upstream_window,REJECT,Outside the pre-specified LDLR promoter/upstream windows.
VCV003537743,11123247,A,C,c.2214A>C,,synonymous,Likely benign,1.0,0.9999,0.0017,0,BENIGN,synonymous_variant,0.15,MODIFIER,-1.0,,Low Impact,False,AGREEMENT,Convergent evidence from structural and sequence analysis.,Benign,ClinVar_Benign,LDLR,True,False,coding_synonymous,benign_or_likely_benign,,,,,,False,0.9987,False,False,False,False,False,False,LDLR_promoter_super_enhancer,11090529,11096833,26414,outside_promoter_upstream_window,REJECT,Outside the pre-specified LDLR promoter/upstream windows.
VCV002014471,11123253,C,T,c.2220C>T,,synonymous,Likely benign,1.0,0.9999,0.0017,0,BENIGN,synonymous_variant,0.15,MODIFIER,-1.0,,Low Impact,False,AGREEMENT,Convergent evidence from structural and sequence analysis.,Benign,ClinVar_Benign,LDLR,True,False,coding_synonymous,benign_or_likely_benign,,,,,,False,0.9987,False,False,False,False,False,False,LDLR_promoter_super_enhancer,11090529,11096833,26420,outside_promoter_upstream_window,REJECT,Outside the pre-specified LDLR promoter/upstream windows.
VCV004763898,11123262,C,T,c.2229C>T,,synonymous,Likely benign,1.0,1.0,0.0015,0,BENIGN,synonymous_variant,0.15,MODIFIER,-1.0,,Low Impact,False,AGREEMENT,Convergent evidence from structural and sequence analysis.,Benign,ClinVar_Benign,LDLR,True,False,coding_synonymous,benign_or_likely_benign,,,,,,False,0.9987,False,False,False,False,False,False,LDLR_promoter_super_enhancer,11090529,11096833,26429,outside_promoter_upstream_window,REJECT,Outside the pre-specified LDLR promoter/upstream windows.
VCV000068104,11123264,G,A,c.2231G>A,,synonymous,Likely benign,1.0,0.9999,0.0017,0,BENIGN,missense_variant,0.685,MODERATE,0.43,tolerated,High Impact,False,VEP_ONLY,VEP detects sequence impact (score=0.69) but structure appears intact (LSSIM=1.000). Possible compensatory mechanism.,Benign,ClinVar_Benign,LDLR,True,False,coding_synonymous,benign_or_likely_benign,,,,,,False,0.9987,False,False,False,False,False,False,LDLR_promoter_super_enhancer,11090529,11096833,26431,outside_promoter_upstream_window,REJECT,Outside the pre-specified LDLR promoter/upstream windows.
VCV000252262,11123265,A,G,c.2232A>G,,synonymous,Benign,1.0,0.9999,0.0017,0,BENIGN,synonymous_variant,0.15,MODIFIER,-1.0,,Low Impact,False,AGREEMENT,Convergent evidence from structural and sequence analysis.,Benign,ClinVar_Benign,LDLR,True,False,coding_synonymous,benign_or_likely_benign,,,,,,False,0.9987,False,False,False,False,False,False,LDLR_promoter_super_enhancer,11090529,11096833,26432,outside_promoter_upstream_window,REJECT,Outside the pre-specified LDLR promoter/upstream windows.
VCV000628327,11123274,C,A,c.2241C>A,,synonymous,Likely benign,1.0,0.9999,0.0018,0,BENIGN,synonymous_variant,0.15,MODIFIER,-1.0,,Low Impact,False,AGREEMENT,Convergent evidence from structural and sequence analysis.,Benign,ClinVar_Benign,LDLR,True,False,coding_synonymous,benign_or_likely_benign,,,,,,False,0.9987,False,False,False,False,False,False,LDLR_promoter_super_enhancer,11090529,11096833,26441,outside_promoter_upstream_window,REJECT,Outside the pre-specified LDLR promoter/upstream windows.
VCV000727267,11123274,C,T,c.2241C>T,,synonymous,Likely benign,1.0,0.9999,0.0018,0,BENIGN,synonymous_variant,0.15,MODIFIER,-1.0,,Low Impact,False,AGREEMENT,Convergent evidence from structural and sequence analysis.,Benign,ClinVar_Benign,LDLR,True,False,coding_synonymous,benign_or_likely_benign,,,,,,False,0.9987,False,False,False,False,False,False,LDLR_promoter_super_enhancer,11090529,11096833,26441,outside_promoter_upstream_window,REJECT,Outside the pre-specified LDLR promoter/upstream windows.
VCV003015624,11123277,C,T,c.2244C>T,,synonymous,Likely benign,1.0,0.9999,0.0017,0,BENIGN,synonymous_variant,0.15,MODIFIER,-1.0,,Low Impact,False,AGREEMENT,Convergent evidence from structural and sequence analysis.,Benign,ClinVar_Benign,LDLR,True,False,coding_synonymous,benign_or_likely_benign,,,,,,False,0.9987,False,False,False,False,False,False,LDLR_promoter_super_enhancer,11090529,11096833,26444,outside_promoter_upstream_window,REJECT,Outside the pre-specified LDLR promoter/upstream windows.
VCV001560996,11123280,C,T,c.2247C>T,,synonymous,Likely benign,1.0,0.9999,0.0017,0,BENIGN,synonymous_variant,0.15,MODIFIER,-1.0,,Low Impact,False,AGREEMENT,Convergent evidence from structural and sequence analysis.,Benign,ClinVar_Benign,LDLR,True,False,coding_synonymous,benign_or_likely_benign,,,,,,False,0.9987,False,False,False,False,False,False,LDLR_promoter_super_enhancer,11090529,11096833,26447,outside_promoter_upstream_window,REJECT,Outside the pre-specified LDLR promoter/upstream windows.
VCV001671250,11123280,C,G,c.2247C>G,,synonymous,Likely benign,1.0,0.9999,0.0017,0,BENIGN,synonymous_variant,0.15,MODIFIER,-1.0,,Low Impact,False,AGREEMENT,Convergent evidence from structural and sequence analysis.,Benign,ClinVar_Benign,LDLR,True,False,coding_synonymous,benign_or_likely_benign,,,,,,False,0.9987,False,False,False,False,False,False,LDLR_promoter_super_enhancer,11090529,11096833,26447,outside_promoter_upstream_window,REJECT,Outside the pre-specified LDLR promoter/upstream windows.
VCV001161350,11123283,C,A,c.2250C>A,,synonymous,Likely benign,1.0,0.9999,0.0017,0,BENIGN,synonymous_variant,0.15,MODIFIER,-1.0,,Low Impact,False,AGREEMENT,Convergent evidence from structural and sequence analysis.,Benign,ClinVar_Benign,LDLR,True,False,coding_synonymous,benign_or_likely_benign,,,,,,False,0.9987,False,False,False,False,False,False,LDLR_promoter_super_enhancer,11090529,11096833,26450,outside_promoter_upstream_window,REJECT,Outside the pre-specified LDLR promoter/upstream windows.
VCV002804999,11123283,C,T,c.2250C>T,,synonymous,Likely benign,1.0,0.9999,0.0017,0,BENIGN,synonymous_variant,0.15,MODIFIER,-1.0,,Low Impact,False,AGREEMENT,Convergent evidence from structural and sequence analysis.,Benign,ClinVar_Benign,LDLR,True,False,coding_synonymous,benign_or_likely_benign,,,,,,False,0.9987,False,False,False,False,False,False,LDLR_promoter_super_enhancer,11090529,11096833,26450,outside_promoter_upstream_window,REJECT,Outside the pre-specified LDLR promoter/upstream windows.
VCV004758819,11123283,C,G,c.2250C>G,,synonymous,Likely benign,1.0,0.9999,0.0017,0,BENIGN,synonymous_variant,0.15,MODIFIER,-1.0,,Low Impact,False,AGREEMENT,Convergent evidence from structural and sequence analysis.,Benign,ClinVar_Benign,LDLR,True,False,coding_synonymous,benign_or_likely_benign,,,,,,False,0.9987,False,False,False,False,False,False,LDLR_promoter_super_enhancer,11090529,11096833,26450,outside_promoter_upstream_window,REJECT,Outside the pre-specified LDLR promoter/upstream windows.
VCV000926358,11123284,C,T,c.2251C>T,,synonymous,Likely benign,1.0,0.9999,0.0018,0,BENIGN,missense_variant,0.86,MODERATE,0.08,tolerated,Very High Impact,False,VEP_ONLY,VEP detects sequence impact (score=0.86) but structure appears intact (LSSIM=1.000). Possible compensatory mechanism.,Benign,ClinVar_Benign,LDLR,True,False,coding_synonymous,benign_or_likely_benign,,,,,,False,0.9987,False,False,False,False,False,False,LDLR_promoter_super_enhancer,11090529,11096833,26451,outside_promoter_upstream_window,REJECT,Outside the pre-specified LDLR promoter/upstream windows.
VCV001788477,11123286,G,T,c.2253G>T,,synonymous,Likely benign,1.0,0.9999,0.0017,0,BENIGN,synonymous_variant,0.15,MODIFIER,-1.0,,Low Impact,False,AGREEMENT,Convergent evidence from structural and sequence analysis.,Benign,ClinVar_Benign,LDLR,True,False,coding_synonymous,benign_or_likely_benign,,,,,,False,0.9987,False,False,False,False,False,False,LDLR_promoter_super_enhancer,11090529,11096833,26453,outside_promoter_upstream_window,REJECT,Outside the pre-specified LDLR promoter/upstream windows.
VCV000440687,11123293,G,A,c.2260G>A,,synonymous,Benign,1.0,0.9999,0.0016,0,BENIGN,missense_variant,0.63,MODERATE,0.54,tolerated,High Impact,False,VEP_ONLY,VEP detects sequence impact (score=0.63) but structure appears intact (LSSIM=1.000). Possible compensatory mechanism.,Benign,ClinVar_Benign,LDLR,True,False,coding_synonymous,benign_or_likely_benign,,,,,,False,0.9987,False,False,False,False,False,False,LDLR_promoter_super_enhancer,11090529,11096833,26460,outside_promoter_upstream_window,REJECT,Outside the pre-specified LDLR promoter/upstream windows.
VCV002857401,11123295,G,C,c.2262G>C,,synonymous,Likely benign,1.0,1.0,0.0016,0,BENIGN,synonymous_variant,0.15,MODIFIER,-1.0,,Low Impact,False,AGREEMENT,Convergent evidence from structural and sequence analysis.,Benign,ClinVar_Benign,LDLR,True,False,coding_synonymous,benign_or_likely_benign,,,,,,False,0.9987,False,False,False,False,False,False,LDLR_promoter_super_enhancer,11090529,11096833,26462,outside_promoter_upstream_window,REJECT,Outside the pre-specified LDLR promoter/upstream windows.
VCV000919904,11123298,C,T,c.2265C>T,,synonymous,Likely benign,1.0,0.9999,0.0018,0,BENIGN,synonymous_variant,0.15,MODIFIER,-1.0,,Low Impact,False,AGREEMENT,Convergent evidence from structural and sequence analysis.,Benign,ClinVar_Benign,LDLR,True,False,coding_synonymous,benign_or_likely_benign,,,,,,False,0.9987,False,False,False,False,False,False,LDLR_promoter_super_enhancer,11090529,11096833,26465,outside_promoter_upstream_window,REJECT,Outside the pre-specified LDLR promoter/upstream windows.
VCV000922043,11123301,C,T,c.2268C>T,,synonymous,Likely benign,1.0,0.9999,0.0016,0,BENIGN,synonymous_variant,0.15,MODIFIER,-1.0,,Low Impact,False,AGREEMENT,Convergent evidence from structural and sequence analysis.,Benign,ClinVar_Benign,LDLR,True,False,coding_synonymous,benign_or_likely_benign,,,,,,False,0.9987,False,False,False,False,False,False,LDLR_promoter_super_enhancer,11090529,11096833,26468,outside_promoter_upstream_window,REJECT,Outside the pre-specified LDLR promoter/upstream windows.
VCV001647337,11123307,G,A,c.2274G>A,,synonymous,Likely benign,1.0,0.9999,0.0017,0,BENIGN,synonymous_variant,0.15,MODIFIER,-1.0,,Low Impact,False,AGREEMENT,Convergent evidence from structural and sequence analysis.,Benign,ClinVar_Benign,LDLR,True,False,coding_synonymous,benign_or_likely_benign,,,,,,False,0.9987,False,False,False,False,False,False,LDLR_promoter_super_enhancer,11090529,11096833,26474,outside_promoter_upstream_window,REJECT,Outside the pre-specified LDLR promoter/upstream windows.
VCV001090647,11123310,C,T,c.2277C>T,,synonymous,Likely benign,1.0,0.9999,0.0018,0,BENIGN,synonymous_variant,0.15,MODIFIER,-1.0,,Low Impact,False,AGREEMENT,Convergent evidence from structural and sequence analysis.,Benign,ClinVar_Benign,LDLR,True,False,coding_synonymous,benign_or_likely_benign,,,,,,False,0.9987,False,False,False,False,False,False,LDLR_promoter_super_enhancer,11090529,11096833,26477,outside_promoter_upstream_window,REJECT,Outside the pre-specified LDLR promoter/upstream windows.
VCV000927978,11123316,G,A,c.2283G>A,,synonymous,Likely benign,1.0,1.0,0.0016,0,BENIGN,synonymous_variant,0.15,MODIFIER,-1.0,,Low Impact,False,AGREEMENT,Convergent evidence from structural and sequence analysis.,Benign,ClinVar_Benign,LDLR,True,False,coding_synonymous,benign_or_likely_benign,,,,,,False,0.9987,False,False,False,False,False,False,LDLR_promoter_super_enhancer,11090529,11096833,26483,outside_promoter_upstream_window,REJECT,Outside the pre-specified LDLR promoter/upstream windows.
VCV000226389,11123322,G,T,c.2289G>T,,synonymous,Benign/Likely benign,1.0,0.9999,0.0017,0,BENIGN,missense_variant,0.855,MODERATE,0.09,tolerated,Very High Impact,False,VEP_ONLY,VEP detects sequence impact (score=0.85) but structure appears intact (LSSIM=1.000). Possible compensatory mechanism.,Benign,ClinVar_Benign,LDLR,True,False,coding_synonymous,benign_or_likely_benign,,,,,,False,0.9987,False,False,False,False,False,False,LDLR_promoter_super_enhancer,11090529,11096833,26489,outside_promoter_upstream_window,REJECT,Outside the pre-specified LDLR promoter/upstream windows.
VCV000252265,11123324,T,C,c.2291T>C,,synonymous,Likely benign,1.0,0.9999,0.0018,0,BENIGN,missense_variant,0.4,MODERATE,1.0,tolerated,Moderate Impact,False,AGREEMENT,Convergent evidence from structural and sequence analysis.,Benign,ClinVar_Benign,LDLR,True,False,coding_synonymous,benign_or_likely_benign,,,,,,False,0.9987,False,False,False,False,False,False,LDLR_promoter_super_enhancer,11090529,11096833,26491,outside_promoter_upstream_window,REJECT,Outside the pre-specified LDLR promoter/upstream windows.
VCV000252266,11123327,T,G,c.2294T>G,,synonymous,Likely benign,1.0,0.9999,0.0017,0,BENIGN,missense_variant,0.845,MODERATE,0.11,tolerated,Very High Impact,False,VEP_ONLY,VEP detects sequence impact (score=0.84) but structure appears intact (LSSIM=1.000). Possible compensatory mechanism.,Benign,ClinVar_Benign,LDLR,True,False,coding_synonymous,benign_or_likely_benign,,,,,,False,0.9987,False,False,False,False,False,False,LDLR_promoter_super_enhancer,11090529,11096833,26494,outside_promoter_upstream_window,REJECT,Outside the pre-specified LDLR promoter/upstream windows.
VCV002087064,11123331,A,G,c.2298A>G,,synonymous,Likely benign,1.0,1.0,0.0016,0,BENIGN,synonymous_variant,0.15,MODIFIER,-1.0,,Low Impact,False,AGREEMENT,Convergent evidence from structural and sequence analysis.,Benign,ClinVar_Benign,LDLR,True,False,coding_synonymous,benign_or_likely_benign,,,,,,False,0.9987,False,False,False,False,False,False,LDLR_promoter_super_enhancer,11090529,11096833,26498,outside_promoter_upstream_window,REJECT,Outside the pre-specified LDLR promoter/upstream windows.
VCV004757292,11123331,A,T,c.2298A>T,,synonymous,Likely benign,1.0,1.0,0.0016,0,BENIGN,synonymous_variant,0.15,MODIFIER,-1.0,,Low Impact,False,AGREEMENT,Convergent evidence from structural and sequence analysis.,Benign,ClinVar_Benign,LDLR,True,False,coding_synonymous,benign_or_likely_benign,,,,,,False,0.9987,False,False,False,False,False,False,LDLR_promoter_super_enhancer,11090529,11096833,26498,outside_promoter_upstream_window,REJECT,Outside the pre-specified LDLR promoter/upstream windows.
VCV000628068,11123340,C,T,c.2307C>T,,synonymous,Likely benign,1.0,0.9999,0.0017,0,BENIGN,synonymous_variant,0.15,MODIFIER,-1.0,,Low Impact,False,AGREEMENT,Convergent evidence from structural and sequence analysis.,Benign,ClinVar_Benign,LDLR,True,False,coding_synonymous,benign_or_likely_benign,,,,,,False,0.9987,False,False,False,False,False,False,LDLR_promoter_super_enhancer,11090529,11096833,26507,outside_promoter_upstream_window,REJECT,Outside the pre-specified LDLR promoter/upstream windows.
VCV002780869,11123351,A,G,NM_000527.5(LDLR):c.2311+7A>G,,intronic,Likely benign,1.0,0.9998,0.0034,0,BENIGN,splice_region_variant,0.5,LOW,-1.0,,High Impact,False,VEP_ONLY,VEP detects sequence impact (score=0.50) but structure appears intact (LSSIM=1.000). Possible compensatory mechanism.,Benign,ClinVar_Benign,LDLR,True,False,intronic,benign_or_likely_benign,,,,,,False,0.9987,False,False,False,False,False,False,LDLR_promoter_super_enhancer,11090529,11096833,26518,outside_promoter_upstream_window,REJECT,Outside the pre-specified LDLR promoter/upstream windows.
VCV001536491,11123353,T,G,NM_000527.5(LDLR):c.2311+9T>G,,intronic,Likely benign,1.0,0.9998,0.0033,0,BENIGN,intron_variant,0.15,MODIFIER,-1.0,,Low Impact,False,AGREEMENT,Convergent evidence from structural and sequence analysis.,Benign,ClinVar_Benign,LDLR,True,False,intronic,benign_or_likely_benign,,,,,,False,0.9987,False,False,False,False,False,False,LDLR_promoter_super_enhancer,11090529,11096833,26520,outside_promoter_upstream_window,REJECT,Outside the pre-specified LDLR promoter/upstream windows.
VCV002855805,11123356,G,C,NM_000527.5(LDLR):c.2311+12G>C,,intronic,Likely benign,1.0,0.9997,0.0037,0,BENIGN,intron_variant,0.15,MODIFIER,-1.0,,Low Impact,False,AGREEMENT,Convergent evidence from structural and sequence analysis.,Benign,ClinVar_Benign,LDLR,True,False,intronic,benign_or_likely_benign,,,,,,False,0.9987,False,False,False,False,False,False,LDLR_promoter_super_enhancer,11090529,11096833,26523,outside_promoter_upstream_window,REJECT,Outside the pre-specified LDLR promoter/upstream windows.
VCV003685117,11123357,C,T,NM_000527.5(LDLR):c.2311+13C>T,,intronic,Likely benign,1.0,0.9998,0.0033,0,BENIGN,intron_variant,0.15,MODIFIER,-1.0,,Low Impact,False,AGREEMENT,Convergent evidence from structural and sequence analysis.,Benign,ClinVar_Benign,LDLR,True,False,intronic,benign_or_likely_benign,,,,,,False,0.9987,False,False,False,False,False,False,LDLR_promoter_super_enhancer,11090529,11096833,26524,outside_promoter_upstream_window,REJECT,Outside the pre-specified LDLR promoter/upstream windows.
VCV003638076,11123362,C,T,NM_000527.5(LDLR):c.2311+18C>T,,intronic,Likely benign,1.0,0.9998,0.0032,0,BENIGN,intron_variant,0.15,MODIFIER,-1.0,,Low Impact,False,AGREEMENT,Convergent evidence from structural and sequence analysis.,Benign,ClinVar_Benign,LDLR,True,False,intronic,benign_or_likely_benign,,,,,,False,0.9987,False,False,False,False,False,False,LDLR_promoter_super_enhancer,11090529,11096833,26529,outside_promoter_upstream_window,REJECT,Outside the pre-specified LDLR promoter/upstream windows.
VCV003706816,11123364,T,G,NM_000527.5(LDLR):c.2311+20T>G,,intronic,Likely benign,1.0,0.9998,0.0033,0,BENIGN,intron_variant,0.15,MODIFIER,-1.0,,Low Impact,False,AGREEMENT,Convergent evidence from structural and sequence analysis.,Benign,ClinVar_Benign,LDLR,True,False,intronic,benign_or_likely_benign,,,,,,False,0.9987,False,False,False,False,False,False,LDLR_promoter_super_enhancer,11090529,11096833,26531,outside_promoter_upstream_window,REJECT,Outside the pre-specified LDLR promoter/upstream windows.
VCV000252277,11127872,A,G,NM_000527.5(LDLR):c.2312-136A>G,,intronic,Benign/Likely benign,0.9999,0.9994,0.0052,0,BENIGN,intron_variant,0.1,MODIFIER,-1.0,,Low Impact,False,AGREEMENT,Convergent evidence from structural and sequence analysis.,Benign,ClinVar_Benign,LDLR,True,False,intronic,benign_or_likely_benign,,,,,,False,0.9987,False,False,False,False,False,False,LDLR_promoter_super_enhancer,11090529,11096833,31039,outside_promoter_upstream_window,REJECT,Outside the pre-specified LDLR promoter/upstream windows.
VCV000252278,11127961,G,A,NM_000527.5(LDLR):c.2312-47G>A,,intronic,Benign,0.9999,0.9994,0.0053,0,BENIGN,intron_variant,0.1,MODIFIER,-1.0,,Low Impact,False,AGREEMENT,Convergent evidence from structural and sequence analysis.,Benign,ClinVar_Benign,LDLR,True,False,intronic,benign_or_likely_benign,,,,,,False,0.9987,False,False,False,False,False,False,LDLR_promoter_super_enhancer,11090529,11096833,31128,outside_promoter_upstream_window,REJECT,Outside the pre-specified LDLR promoter/upstream windows.
VCV002766796,11127993,G,T,NM_000527.5(LDLR):c.2312-15G>T,,intronic,Likely benign,0.9999,0.9995,0.0052,0,BENIGN,splice_polypyrimidine_tract_variant,0.3,LOW,-1.0,,Moderate Impact,False,AGREEMENT,Convergent evidence from structural and sequence analysis.,Benign,ClinVar_Benign,LDLR,True,False,intronic,benign_or_likely_benign,,,,,,False,0.9987,False,False,False,False,False,False,LDLR_promoter_super_enhancer,11090529,11096833,31160,outside_promoter_upstream_window,REJECT,Outside the pre-specified LDLR promoter/upstream windows.
VCV002968679,11127994,C,A,NM_000527.5(LDLR):c.2312-14C>A,,intronic,Likely benign,0.9999,0.9995,0.0051,0,BENIGN,splice_polypyrimidine_tract_variant,0.3,LOW,-1.0,,Moderate Impact,False,AGREEMENT,Convergent evidence from structural and sequence analysis.,Benign,ClinVar_Benign,LDLR,True,False,intronic,benign_or_likely_benign,,,,,,False,0.9987,False,False,False,False,False,False,LDLR_promoter_super_enhancer,11090529,11096833,31161,outside_promoter_upstream_window,REJECT,Outside the pre-specified LDLR promoter/upstream windows.
VCV001082941,11127999,C,G,NM_000527.5(LDLR):c.2312-9C>G,,intronic,Likely benign,0.9999,0.9993,0.0057,0,BENIGN,splice_polypyrimidine_tract_variant,0.3,LOW,-1.0,,Moderate Impact,False,AGREEMENT,Convergent evidence from structural and sequence analysis.,Benign,ClinVar_Benign,LDLR,True,False,intronic,benign_or_likely_benign,,,,,,False,0.9987,False,False,False,False,False,False,LDLR_promoter_super_enhancer,11090529,11096833,31166,outside_promoter_upstream_window,REJECT,Outside the pre-specified LDLR promoter/upstream windows.
VCV000630876,11128002,C,T,NM_000527.5(LDLR):c.2312-6C>T,,intronic,Likely benign,0.9999,0.9988,0.0067,0,BENIGN,splice_region_variant,0.5,LOW,-1.0,,High Impact,False,VEP_ONLY,VEP detects sequence impact (score=0.50) but structure appears intact (LSSIM=0.999). Possible compensatory mechanism.,Benign,ClinVar_Benign,LDLR,True,False,intronic,benign_or_likely_benign,,,,,,False,0.9987,False,False,False,False,False,False,LDLR_promoter_super_enhancer,11090529,11096833,31169,outside_promoter_upstream_window,REJECT,Outside the pre-specified LDLR promoter/upstream windows.
VCV002914931,11128010,C,T,c.2314C>T,,synonymous,Likely benign,1.0,0.9997,0.0036,0,BENIGN,splice_region_variant,0.5,LOW,-1.0,,High Impact,False,VEP_ONLY,VEP detects sequence impact (score=0.50) but structure appears intact (LSSIM=1.000). Possible compensatory mechanism.,Benign,ClinVar_Benign,LDLR,True,False,coding_synonymous,benign_or_likely_benign,,,,,,False,0.9987,False,False,False,False,False,False,LDLR_promoter_super_enhancer,11090529,11096833,31177,outside_promoter_upstream_window,REJECT,Outside the pre-specified LDLR promoter/upstream windows.
VCV000630376,11128015,C,T,c.2319C>T,,synonymous,Likely benign,1.0,0.9997,0.0035,0,BENIGN,synonymous_variant,0.15,MODIFIER,-1.0,,Low Impact,False,AGREEMENT,Convergent evidence from structural and sequence analysis.,Benign,ClinVar_Benign,LDLR,True,False,coding_synonymous,benign_or_likely_benign,,,,,,False,0.9987,False,False,False,False,False,False,LDLR_promoter_super_enhancer,11090529,11096833,31182,outside_promoter_upstream_window,REJECT,Outside the pre-specified LDLR promoter/upstream windows.
VCV001630068,11128015,C,A,c.2319C>A,,synonymous,Likely benign,1.0,0.9997,0.0035,0,BENIGN,synonymous_variant,0.15,MODIFIER,-1.0,,Low Impact,False,AGREEMENT,Convergent evidence from structural and sequence analysis.,Benign,ClinVar_Benign,LDLR,True,False,coding_synonymous,benign_or_likely_benign,,,,,,False,0.9987,False,False,False,False,False,False,LDLR_promoter_super_enhancer,11090529,11096833,31182,outside_promoter_upstream_window,REJECT,Outside the pre-specified LDLR promoter/upstream windows.
VCV000526764,11128018,C,T,c.2322C>T,,synonymous,Likely benign,1.0,0.9997,0.0035,0,BENIGN,synonymous_variant,0.15,MODIFIER,-1.0,,Low Impact,False,AGREEMENT,Convergent evidence from structural and sequence analysis.,Benign,ClinVar_Benign,LDLR,True,False,coding_synonymous,benign_or_likely_benign,,,,,,False,0.9987,False,False,False,False,False,False,LDLR_promoter_super_enhancer,11090529,11096833,31185,outside_promoter_upstream_window,REJECT,Outside the pre-specified LDLR promoter/upstream windows.
VCV004046737,11128021,T,G,c.2325T>G,,synonymous,Likely benign,1.0,0.9997,0.0034,0,BENIGN,synonymous_variant,0.15,MODIFIER,-1.0,,Low Impact,False,AGREEMENT,Convergent evidence from structural and sequence analysis.,Benign,ClinVar_Benign,LDLR,True,False,coding_synonymous,benign_or_likely_benign,,,,,,False,0.9987,False,False,False,False,False,False,LDLR_promoter_super_enhancer,11090529,11096833,31188,outside_promoter_upstream_window,REJECT,Outside the pre-specified LDLR promoter/upstream windows.
VCV000920817,11128024,T,C,c.2328T>C,,synonymous,Likely benign,1.0,0.9997,0.0035,0,BENIGN,synonymous_variant,0.15,MODIFIER,-1.0,,Low Impact,False,AGREEMENT,Convergent evidence from structural and sequence analysis.,Benign,ClinVar_Benign,LDLR,True,False,coding_synonymous,benign_or_likely_benign,,,,,,False,0.9987,False,False,False,False,False,False,LDLR_promoter_super_enhancer,11090529,11096833,31191,outside_promoter_upstream_window,REJECT,Outside the pre-specified LDLR promoter/upstream windows.
VCV002917212,11128030,A,G,c.2334A>G,,synonymous,Likely benign,1.0,0.9997,0.0035,0,BENIGN,synonymous_variant,0.15,MODIFIER,-1.0,,Low Impact,False,AGREEMENT,Convergent evidence from structural and sequence analysis.,Benign,ClinVar_Benign,LDLR,True,False,coding_synonymous,benign_or_likely_benign,,,,,,False,0.9987,False,False,False,False,False,False,LDLR_promoter_super_enhancer,11090529,11096833,31197,outside_promoter_upstream_window,REJECT,Outside the pre-specified LDLR promoter/upstream windows.
VCV001541854,11128042,G,A,c.2346G>A,,synonymous,Likely benign,1.0,0.9997,0.0034,0,BENIGN,synonymous_variant,0.15,MODIFIER,-1.0,,Low Impact,False,AGREEMENT,Convergent evidence from structural and sequence analysis.,Benign,ClinVar_Benign,LDLR,True,False,coding_synonymous,benign_or_likely_benign,,,,,,False,0.9987,False,False,False,False,False,False,LDLR_promoter_super_enhancer,11090529,11096833,31209,outside_promoter_upstream_window,REJECT,Outside the pre-specified LDLR promoter/upstream windows.
VCV001643445,11128045,G,A,c.2349G>A,,synonymous,Likely benign,1.0,0.9997,0.0035,0,BENIGN,synonymous_variant,0.15,MODIFIER,-1.0,,Low Impact,False,AGREEMENT,Convergent evidence from structural and sequence analysis.,Benign,ClinVar_Benign,LDLR,True,False,coding_synonymous,benign_or_likely_benign,,,,,,False,0.9987,False,False,False,False,False,False,LDLR_promoter_super_enhancer,11090529,11096833,31212,outside_promoter_upstream_window,REJECT,Outside the pre-specified LDLR promoter/upstream windows.
VCV003705019,11128048,C,A,c.2352C>A,,synonymous,Likely benign,1.0,0.9997,0.0034,0,BENIGN,synonymous_variant,0.15,MODIFIER,-1.0,,Low Impact,False,AGREEMENT,Convergent evidence from structural and sequence analysis.,Benign,ClinVar_Benign,LDLR,True,False,coding_synonymous,benign_or_likely_benign,,,,,,False,0.9987,False,False,False,False,False,False,LDLR_promoter_super_enhancer,11090529,11096833,31215,outside_promoter_upstream_window,REJECT,Outside the pre-specified LDLR promoter/upstream windows.
VCV000921260,11128051,T,C,c.2355T>C,,synonymous,Likely benign,1.0,0.9997,0.0033,0,BENIGN,synonymous_variant,0.15,MODIFIER,-1.0,,Low Impact,False,AGREEMENT,Convergent evidence from structural and sequence analysis.,Benign,ClinVar_Benign,LDLR,True,False,coding_synonymous,benign_or_likely_benign,,,,,,False,0.9987,False,False,False,False,False,False,LDLR_promoter_super_enhancer,11090529,11096833,31218,outside_promoter_upstream_window,REJECT,Outside the pre-specified LDLR promoter/upstream windows.
VCV003290392,11128057,G,C,c.2361G>C,,synonymous,Likely benign,1.0,0.9997,0.0033,0,BENIGN,synonymous_variant,0.15,MODIFIER,-1.0,,Low Impact,False,AGREEMENT,Convergent evidence from structural and sequence analysis.,Benign,ClinVar_Benign,LDLR,True,False,coding_synonymous,benign_or_likely_benign,,,,,,False,0.9987,False,False,False,False,False,False,LDLR_promoter_super_enhancer,11090529,11096833,31224,outside_promoter_upstream_window,REJECT,Outside the pre-specified LDLR promoter/upstream windows.
VCV003639930,11128064,C,T,c.2368C>T,,synonymous,Likely benign,1.0,0.9997,0.0035,0,BENIGN,synonymous_variant,0.15,MODIFIER,-1.0,,Low Impact,False,AGREEMENT,Convergent evidence from structural and sequence analysis.,Benign,ClinVar_Benign,LDLR,True,False,coding_synonymous,benign_or_likely_benign,,,,,,False,0.9987,False,False,False,False,False,False,LDLR_promoter_super_enhancer,11090529,11096833,31231,outside_promoter_upstream_window,REJECT,Outside the pre-specified LDLR promoter/upstream windows.
VCV002030439,11128066,G,C,c.2370G>C,,synonymous,Likely benign,1.0,0.9997,0.0035,0,BENIGN,synonymous_variant,0.15,MODIFIER,-1.0,,Low Impact,False,AGREEMENT,Convergent evidence from structural and sequence analysis.,Benign,ClinVar_Benign,LDLR,True,False,coding_synonymous,benign_or_likely_benign,,,,,,False,0.9987,False,False,False,False,False,False,LDLR_promoter_super_enhancer,11090529,11096833,31233,outside_promoter_upstream_window,REJECT,Outside the pre-specified LDLR promoter/upstream windows.
VCV000920819,11128069,C,T,c.2373C>T,,synonymous,Likely benign,1.0,0.9997,0.0034,0,BENIGN,synonymous_variant,0.15,MODIFIER,-1.0,,Low Impact,False,AGREEMENT,Convergent evidence from structural and sequence analysis.,Benign,ClinVar_Benign,LDLR,True,False,coding_synonymous,benign_or_likely_benign,,,,,,False,0.9987,False,False,False,False,False,False,LDLR_promoter_super_enhancer,11090529,11096833,31236,outside_promoter_upstream_window,REJECT,Outside the pre-specified LDLR promoter/upstream windows.
VCV001149152,11128072,T,C,c.2376T>C,,synonymous,Likely benign,1.0,0.9997,0.0033,0,BENIGN,synonymous_variant,0.15,MODIFIER,-1.0,,Low Impact,False,AGREEMENT,Convergent evidence from structural and sequence analysis.,Benign,ClinVar_Benign,LDLR,True,False,coding_synonymous,benign_or_likely_benign,,,,,,False,0.9987,False,False,False,False,False,False,LDLR_promoter_super_enhancer,11090529,11096833,31239,outside_promoter_upstream_window,REJECT,Outside the pre-specified LDLR promoter/upstream windows.
VCV002848090,11128072,T,A,c.2376T>A,,synonymous,Likely benign,1.0,0.9997,0.0033,0,BENIGN,synonymous_variant,0.15,MODIFIER,-1.0,,Low Impact,False,AGREEMENT,Convergent evidence from structural and sequence analysis.,Benign,ClinVar_Benign,LDLR,True,False,coding_synonymous,benign_or_likely_benign,,,,,,False,0.9987,False,False,False,False,False,False,LDLR_promoter_super_enhancer,11090529,11096833,31239,outside_promoter_upstream_window,REJECT,Outside the pre-specified LDLR promoter/upstream windows.
VCV002955491,11128075,C,T,c.2379C>T,,synonymous,Likely benign,1.0,0.9997,0.0033,0,BENIGN,synonymous_variant,0.15,MODIFIER,-1.0,,Low Impact,False,AGREEMENT,Convergent evidence from structural and sequence analysis.,Benign,ClinVar_Benign,LDLR,True,False,coding_synonymous,benign_or_likely_benign,,,,,,False,0.9987,False,False,False,False,False,False,LDLR_promoter_super_enhancer,11090529,11096833,31242,outside_promoter_upstream_window,REJECT,Outside the pre-specified LDLR promoter/upstream windows.
VCV000924282,11128078,C,G,c.2382C>G,,synonymous,Likely benign,1.0,0.9997,0.0033,0,BENIGN,synonymous_variant,0.15,MODIFIER,-1.0,,Low Impact,False,AGREEMENT,Convergent evidence from structural and sequence analysis.,Benign,ClinVar_Benign,LDLR,True,False,coding_synonymous,benign_or_likely_benign,,,,,,False,0.9987,False,False,False,False,False,False,LDLR_promoter_super_enhancer,11090529,11096833,31245,outside_promoter_upstream_window,REJECT,Outside the pre-specified LDLR promoter/upstream windows.
VCV001530352,11128094,G,C,NM_000527.5(LDLR):c.2389+9G>C,,intronic,Likely benign,0.9999,0.9987,0.0068,0,BENIGN,intron_variant,0.1,MODIFIER,-1.0,,Low Impact,False,AGREEMENT,Convergent evidence from structural and sequence analysis.,Benign,ClinVar_Benign,LDLR,True,False,intronic,benign_or_likely_benign,,,,,,False,0.9987,True,False,False,False,False,False,LDLR_promoter_super_enhancer,11090529,11096833,31261,outside_promoter_upstream_window,REJECT,Outside the pre-specified LDLR promoter/upstream windows.
VCV001133046,11128094,G,A,NM_000527.5(LDLR):c.2389+9G>A,,intronic,Likely benign,0.9999,0.9987,0.0068,0,BENIGN,intron_variant,0.1,MODIFIER,-1.0,,Low Impact,False,AGREEMENT,Convergent evidence from structural and sequence analysis.,Benign,ClinVar_Benign,LDLR,True,False,intronic,benign_or_likely_benign,,,,,,False,0.9987,True,False,False,False,False,False,LDLR_promoter_super_enhancer,11090529,11096833,31261,outside_promoter_upstream_window,REJECT,Outside the pre-specified LDLR promoter/upstream windows.
VCV000742863,11128095,G,A,NM_000527.5(LDLR):c.2389+10G>A,,intronic,Likely benign,0.9999,0.9988,0.0068,0,BENIGN,intron_variant,0.1,MODIFIER,-1.0,,Low Impact,False,AGREEMENT,Convergent evidence from structural and sequence analysis.,Benign,ClinVar_Benign,LDLR,True,False,intronic,benign_or_likely_benign,,,,,,False,0.9987,False,False,False,False,False,False,LDLR_promoter_super_enhancer,11090529,11096833,31262,outside_promoter_upstream_window,REJECT,Outside the pre-specified LDLR promoter/upstream windows.
VCV002962430,11128096,G,A,NM_000527.5(LDLR):c.2389+11G>A,,intronic,Likely benign,0.9999,0.9987,0.0068,0,BENIGN,intron_variant,0.1,MODIFIER,-1.0,,Low Impact,False,AGREEMENT,Convergent evidence from structural and sequence analysis.,Benign,ClinVar_Benign,LDLR,True,False,intronic,benign_or_likely_benign,,,,,,False,0.9987,True,False,False,False,False,False,LDLR_promoter_super_enhancer,11090529,11096833,31263,outside_promoter_upstream_window,REJECT,Outside the pre-specified LDLR promoter/upstream windows.
VCV000630378,11128098,C,T,NM_000527.5(LDLR):c.2389+13C>T,,intronic,Likely benign,0.9998,0.9986,0.0071,0,BENIGN,intron_variant,0.1,MODIFIER,-1.0,,Low Impact,False,AGREEMENT,Convergent evidence from structural and sequence analysis.,Benign,ClinVar_Benign,LDLR,True,False,intronic,benign_or_likely_benign,,,,,,False,0.9987,True,False,False,False,False,False,LDLR_promoter_super_enhancer,11090529,11096833,31265,outside_promoter_upstream_window,REJECT,Outside the pre-specified LDLR promoter/upstream windows.
VCV002763278,11128100,G,C,NM_000527.5(LDLR):c.2389+15G>C,,intronic,Likely benign,0.9999,0.9988,0.0067,0,BENIGN,intron_variant,0.1,MODIFIER,-1.0,,Low Impact,False,AGREEMENT,Convergent evidence from structural and sequence analysis.,Benign,ClinVar_Benign,LDLR,True,False,intronic,benign_or_likely_benign,,,,,,False,0.9987,False,False,False,False,False,False,LDLR_promoter_super_enhancer,11090529,11096833,31267,outside_promoter_upstream_window,REJECT,Outside the pre-specified LDLR promoter/upstream windows.
VCV002587752,11128103,C,A,NM_000527.5(LDLR):c.2389+18C>A,,intronic,Likely benign,0.9999,0.9988,0.0067,0,BENIGN,intron_variant,0.1,MODIFIER,-1.0,,Low Impact,False,AGREEMENT,Convergent evidence from structural and sequence analysis.,Benign,ClinVar_Benign,LDLR,True,False,intronic,benign_or_likely_benign,,,,,,False,0.9987,False,False,False,False,False,False,LDLR_promoter_super_enhancer,11090529,11096833,31270,outside_promoter_upstream_window,REJECT,Outside the pre-specified LDLR promoter/upstream windows.
VCV002894396,11128104,C,T,NM_000527.5(LDLR):c.2389+19C>T,,intronic,Likely benign,0.9998,0.9987,0.0071,0,BENIGN,intron_variant,0.1,MODIFIER,-1.0,,Low Impact,False,AGREEMENT,Convergent evidence from structural and sequence analysis.,Benign,ClinVar_Benign,LDLR,True,False,intronic,benign_or_likely_benign,,,,,,False,0.9987,True,False,False,False,False,False,LDLR_promoter_super_enhancer,11090529,11096833,31271,outside_promoter_upstream_window,REJECT,Outside the pre-specified LDLR promoter/upstream windows.
VCV000252309,11128108,G,A,NM_000527.5(LDLR):c.2389+23G>A,,intronic,Likely benign,0.9999,0.9988,0.0066,0,BENIGN,intron_variant,0.1,MODIFIER,-1.0,,Low Impact,False,AGREEMENT,Convergent evidence from structural and sequence analysis.,Benign,ClinVar_Benign,LDLR,True,False,intronic,benign_or_likely_benign,,,,,,False,0.9987,False,False,False,False,False,False,LDLR_promoter_super_enhancer,11090529,11096833,31275,outside_promoter_upstream_window,REJECT,Outside the pre-specified LDLR promoter/upstream windows.
VCV000252310,11128126,C,A,NM_000527.5(LDLR):c.2389+41C>A,,intronic,Benign,0.9999,0.9988,0.0067,0,BENIGN,intron_variant,0.1,MODIFIER,-1.0,,Low Impact,False,AGREEMENT,Convergent evidence from structural and sequence analysis.,Benign,ClinVar_Benign,LDLR,True,False,intronic,benign_or_likely_benign,,,,,,False,0.9987,False,False,False,False,False,False,LDLR_promoter_super_enhancer,11090529,11096833,31293,outside_promoter_upstream_window,REJECT,Outside the pre-specified LDLR promoter/upstream windows.
VCV001712915,11128126,C,T,NM_000527.5(LDLR):c.2389+41C>T,,intronic,Likely benign,0.9999,0.9988,0.0067,0,BENIGN,intron_variant,0.1,MODIFIER,-1.0,,Low Impact,False,AGREEMENT,Convergent evidence from structural and sequence analysis.,Benign,ClinVar_Benign,LDLR,True,False,intronic,benign_or_likely_benign,,,,,,False,0.9987,False,False,False,False,False,False,LDLR_promoter_super_enhancer,11090529,11096833,31293,outside_promoter_upstream_window,REJECT,Outside the pre-specified LDLR promoter/upstream windows.
VCV000265907,11128131,C,T,NM_000527.5(LDLR):c.2389+46C>T,,intronic,Benign,0.9999,0.9988,0.0066,0,BENIGN,intron_variant,0.1,MODIFIER,-1.0,,Low Impact,False,AGREEMENT,Convergent evidence from structural and sequence analysis.,Benign,ClinVar_Benign,LDLR,True,False,intronic,benign_or_likely_benign,,,,,,False,0.9987,False,False,False,False,False,False,LDLR_promoter_super_enhancer,11090529,11096833,31298,outside_promoter_upstream_window,REJECT,Outside the pre-specified LDLR promoter/upstream windows.
VCV000431551,11128132,G,A,NM_000527.5(LDLR):c.2389+47G>A,,intronic,Benign,0.9999,0.9987,0.007,0,BENIGN,intron_variant,0.1,MODIFIER,-1.0,,Low Impact,False,AGREEMENT,Convergent evidence from structural and sequence analysis.,Benign,ClinVar_Benign,LDLR,True,False,intronic,benign_or_likely_benign,,,,,,False,0.9987,True,False,False,False,False,False,LDLR_promoter_super_enhancer,11090529,11096833,31299,outside_promoter_upstream_window,REJECT,Outside the pre-specified LDLR promoter/upstream windows.
VCV000252311,11128142,C,T,NM_000527.5(LDLR):c.2389+57C>T,,intronic,Benign/Likely benign,0.9998,0.9986,0.0072,0,BENIGN,intron_variant,0.1,MODIFIER,-1.0,,Low Impact,False,AGREEMENT,Convergent evidence from structural and sequence analysis.,Benign,ClinVar_Benign,LDLR,True,False,intronic,benign_or_likely_benign,,,,,,False,0.9987,True,False,False,False,False,False,LDLR_promoter_super_enhancer,11090529,11096833,31309,outside_promoter_upstream_window,REJECT,Outside the pre-specified LDLR promoter/upstream windows.
VCV001676849,11128299,C,T,NM_000527.5(LDLR):c.2389+214C>T,,intronic,Benign,0.9999,0.9988,0.0067,0,BENIGN,intron_variant,0.1,MODIFIER,-1.0,,Low Impact,False,AGREEMENT,Convergent evidence from structural and sequence analysis.,Benign,ClinVar_Benign,LDLR,True,False,intronic,benign_or_likely_benign,,,,,,False,0.9987,False,False,False,False,False,False,LDLR_promoter_super_enhancer,11090529,11096833,31466,outside_promoter_upstream_window,REJECT,Outside the pre-specified LDLR promoter/upstream windows.
VCV001712820,11128320,C,T,NM_000527.5(LDLR):c.2389+235C>T,,intronic,Likely benign,0.9999,0.9987,0.0069,0,BENIGN,intron_variant,0.1,MODIFIER,-1.0,,Low Impact,False,AGREEMENT,Convergent evidence from structural and sequence analysis.,Benign,ClinVar_Benign,LDLR,True,False,intronic,benign_or_likely_benign,,,,,,False,0.9987,True,False,False,False,False,False,LDLR_promoter_super_enhancer,11090529,11096833,31487,outside_promoter_upstream_window,REJECT,Outside the pre-specified LDLR promoter/upstream windows.
VCV002798996,11129493,G,A,NM_000527.5(LDLR):c.2390-20G>A,,intronic,Likely benign,0.9998,0.998,0.0079,0,BENIGN,missense_variant,0.54,MODERATE,0.72,tolerated_low_confidence,High Impact,False,VEP_ONLY,VEP detects sequence impact (score=0.54) but structure appears intact (LSSIM=0.998). Possible compensatory mechanism.,Benign,ClinVar_Benign,LDLR,True,False,intronic,benign_or_likely_benign,,,,,,False,0.9987,True,False,False,False,False,False,LDLR_promoter_super_enhancer,11090529,11096833,32660,outside_promoter_upstream_window,REJECT,Outside the pre-specified LDLR promoter/upstream windows.
VCV002776784,11129496,C,T,NM_000527.5(LDLR):c.2390-17C>T,,intronic,Likely benign,0.9998,0.9979,0.0081,0,BENIGN,missense_variant,0.7,MODERATE,0.4,tolerated_low_confidence,High Impact,False,VEP_ONLY,VEP detects sequence impact (score=0.70) but structure appears intact (LSSIM=0.998). Possible compensatory mechanism.,Benign,ClinVar_Benign,LDLR,True,False,intronic,benign_or_likely_benign,,,,,,False,0.9987,True,False,False,False,False,False,LDLR_promoter_super_enhancer,11090529,11096833,32663,outside_promoter_upstream_window,REJECT,Outside the pre-specified LDLR promoter/upstream windows.
VCV000252312,11129497,G,A,NM_000527.5(LDLR):c.2390-16G>A,,intronic,Benign/Likely benign,0.9998,0.9979,0.008,0,BENIGN,splice_polypyrimidine_tract_variant,0.3,LOW,-1.0,,Moderate Impact,False,AGREEMENT,Convergent evidence from structural and sequence analysis.,Benign,ClinVar_Benign,LDLR,True,False,intronic,benign_or_likely_benign,,,,,,False,0.9987,True,False,False,False,False,False,LDLR_promoter_super_enhancer,11090529,11096833,32664,outside_promoter_upstream_window,REJECT,Outside the pre-specified LDLR promoter/upstream windows.
VCV002963010,11129497,G,T,NM_000527.5(LDLR):c.2390-16G>T,,intronic,Likely benign,0.9998,0.9979,0.008,0,BENIGN,splice_polypyrimidine_tract_variant,0.3,LOW,-1.0,,Moderate Impact,False,AGREEMENT,Convergent evidence from structural and sequence analysis.,Benign,ClinVar_Benign,LDLR,True,False,intronic,benign_or_likely_benign,,,,,,False,0.9987,True,False,False,False,False,False,LDLR_promoter_super_enhancer,11090529,11096833,32664,outside_promoter_upstream_window,REJECT,Outside the pre-specified LDLR promoter/upstream windows.
VCV002701495,11129499,G,C,NM_000527.5(LDLR):c.2390-14G>C,,intronic,Likely benign,0.9998,0.9979,0.008,0,BENIGN,missense_variant,0.745,MODERATE,0.31,tolerated_low_confidence,High Impact,False,VEP_ONLY,VEP detects sequence impact (score=0.74) but structure appears intact (LSSIM=0.998). Possible compensatory mechanism.,Benign,ClinVar_Benign,LDLR,True,False,intronic,benign_or_likely_benign,,,,,,False,0.9987,True,False,False,False,False,False,LDLR_promoter_super_enhancer,11090529,11096833,32666,outside_promoter_upstream_window,REJECT,Outside the pre-specified LDLR promoter/upstream windows.
VCV000796416,11129503,C,T,NM_000527.5(LDLR):c.2390-10C>T,,intronic,Likely benign,0.9998,0.9979,0.0081,0,BENIGN,splice_polypyrimidine_tract_variant,0.3,LOW,-1.0,,Moderate Impact,False,AGREEMENT,Convergent evidence from structural and sequence analysis.,Benign,ClinVar_Benign,LDLR,True,False,intronic,benign_or_likely_benign,,,,,,False,0.9987,True,False,False,False,False,False,LDLR_promoter_super_enhancer,11090529,11096833,32670,outside_promoter_upstream_window,REJECT,Outside the pre-specified LDLR promoter/upstream windows.
VCV003073674,11129504,T,C,NM_000527.5(LDLR):c.2390-9T>C,,intronic,Likely benign,0.9998,0.9979,0.0081,0,BENIGN,missense_variant,0.805,MODERATE,0.19,tolerated_low_confidence,Very High Impact,False,VEP_ONLY,VEP detects sequence impact (score=0.81) but structure appears intact (LSSIM=0.998). Possible compensatory mechanism.,Benign,ClinVar_Benign,LDLR,True,False,intronic,benign_or_likely_benign,,,,,,False,0.9987,True,False,False,False,False,False,LDLR_promoter_super_enhancer,11090529,11096833,32671,outside_promoter_upstream_window,REJECT,Outside the pre-specified LDLR promoter/upstream windows.
VCV003616898,11129506,C,G,NM_000527.5(LDLR):c.2390-7C>G,,intronic,Likely benign,0.9998,0.9979,0.0081,0,BENIGN,splice_region_variant,0.5,LOW,-1.0,,High Impact,False,VEP_ONLY,VEP detects sequence impact (score=0.50) but structure appears intact (LSSIM=0.998). Possible compensatory mechanism.,Benign,ClinVar_Benign,LDLR,True,False,intronic,benign_or_likely_benign,,,,,,False,0.9987,True,False,False,False,False,False,LDLR_promoter_super_enhancer,11090529,11096833,32673,outside_promoter_upstream_window,REJECT,Outside the pre-specified LDLR promoter/upstream windows.
VCV002058727,11129506,C,T,NM_000527.5(LDLR):c.2390-7C>T,,intronic,Likely benign,0.9998,0.9979,0.0081,0,BENIGN,splice_region_variant,0.5,LOW,-1.0,,High Impact,False,VEP_ONLY,VEP detects sequence impact (score=0.50) but structure appears intact (LSSIM=0.998). Possible compensatory mechanism.,Benign,ClinVar_Benign,LDLR,True,False,intronic,benign_or_likely_benign,,,,,,False,0.9987,True,False,False,False,False,False,LDLR_promoter_super_enhancer,11090529,11096833,32673,outside_promoter_upstream_window,REJECT,Outside the pre-specified LDLR promoter/upstream windows.
VCV004756120,11129506,C,A,NM_000527.5(LDLR):c.2390-7C>A,,intronic,Likely benign,0.9998,0.9979,0.0081,0,BENIGN,splice_region_variant,0.5,LOW,-1.0,,High Impact,False,VEP_ONLY,VEP detects sequence impact (score=0.50) but structure appears intact (LSSIM=0.998). Possible compensatory mechanism.,Benign,ClinVar_Benign,LDLR,True,False,intronic,benign_or_likely_benign,,,,,,False,0.9987,True,False,False,False,False,False,LDLR_promoter_super_enhancer,11090529,11096833,32673,outside_promoter_upstream_window,REJECT,Outside the pre-specified LDLR promoter/upstream windows.
VCV001080760,11129509,A,G,NM_000527.5(LDLR):c.2390-4A>G,,intronic,Likely benign,0.9997,0.9978,0.0083,0,BENIGN,splice_region_variant,0.5,LOW,-1.0,,High Impact,False,VEP_ONLY,VEP detects sequence impact (score=0.50) but structure appears intact (LSSIM=0.998). Possible compensatory mechanism.,Benign,ClinVar_Benign,LDLR,True,False,intronic,benign_or_likely_benign,,,,,,False,0.9987,True,False,False,False,False,False,LDLR_promoter_super_enhancer,11090529,11096833,32676,outside_promoter_upstream_window,REJECT,Outside the pre-specified LDLR promoter/upstream windows.
VCV001171905,11129510,C,T,NM_000527.5(LDLR):c.2390-3C>T,,intronic,Likely benign,0.9998,0.9979,0.008,0,BENIGN,stop_gained,0.9,HIGH,-1.0,,Very High Impact,False,VEP_ONLY,VEP detects sequence impact (score=0.90) but structure appears intact (LSSIM=0.998). Possible compensatory mechanism.,Benign,ClinVar_Benign,LDLR,True,False,intronic,benign_or_likely_benign,,,,,,False,0.9987,True,False,False,False,False,False,LDLR_promoter_super_enhancer,11090529,11096833,32677,outside_promoter_upstream_window,REJECT,Outside the pre-specified LDLR promoter/upstream windows.
VCV001094170,11129514,G,T,c.2391G>T,,synonymous,Likely benign,0.9999,0.9995,0.0041,0,BENIGN,missense_variant,0.5,LOW,-1.0,,High Impact,False,VEP_ONLY,VEP detects sequence impact (score=0.50) but structure appears intact (LSSIM=1.000). Possible compensatory mechanism.,Benign,ClinVar_Benign,LDLR,True,False,coding_synonymous,benign_or_likely_benign,,,,,,False,0.9987,False,False,False,False,False,False,LDLR_promoter_super_enhancer,11090529,11096833,32681,outside_promoter_upstream_window,REJECT,Outside the pre-specified LDLR promoter/upstream windows.
VCV001105915,11129517,C,G,c.2394C>G,,synonymous,Likely benign,0.9999,0.9995,0.0041,0,BENIGN,missense_variant,0.85,MODERATE,0.1,tolerated_low_confidence,Very High Impact,False,VEP_ONLY,VEP detects sequence impact (score=0.85) but structure appears intact (LSSIM=1.000). Possible compensatory mechanism.,Benign,ClinVar_Benign,LDLR,True,False,coding_synonymous,benign_or_likely_benign,,,,,,False,0.9987,False,False,False,False,False,False,LDLR_promoter_super_enhancer,11090529,11096833,32684,outside_promoter_upstream_window,REJECT,Outside the pre-specified LDLR promoter/upstream windows.
VCV000183135,11129521,G,A,c.2398G>A,,synonymous,Likely benign,0.9999,0.9995,0.004,0,BENIGN,missense_variant,0.695,MODERATE,0.41,tolerated,High Impact,False,VEP_ONLY,VEP detects sequence impact (score=0.69) but structure appears intact (LSSIM=1.000). Possible compensatory mechanism.,Benign,ClinVar_Benign,LDLR,True,False,coding_synonymous,benign_or_likely_benign,,,,,,False,0.9987,False,False,False,False,False,False,LDLR_promoter_super_enhancer,11090529,11096833,32688,outside_promoter_upstream_window,REJECT,Outside the pre-specified LDLR promoter/upstream windows.
VCV001560623,11129526,C,T,c.2403C>T,,synonymous,Likely benign,0.9999,0.9995,0.0041,0,BENIGN,missense_variant,0.73,MODERATE,0.34,tolerated_low_confidence,High Impact,False,VEP_ONLY,VEP detects sequence impact (score=0.73) but structure appears intact (LSSIM=1.000). Possible compensatory mechanism.,Benign,ClinVar_Benign,LDLR,True,False,coding_synonymous,benign_or_likely_benign,,,,,,False,0.9987,False,False,False,False,False,False,LDLR_promoter_super_enhancer,11090529,11096833,32693,outside_promoter_upstream_window,REJECT,Outside the pre-specified LDLR promoter/upstream windows.
VCV003073665,11129529,T,A,c.2406T>A,,synonymous,Likely benign,0.9999,0.9995,0.004,0,BENIGN,missense_variant,0.685,MODERATE,0.43,tolerated_low_confidence,High Impact,False,VEP_ONLY,VEP detects sequence impact (score=0.69) but structure appears intact (LSSIM=1.000). Possible compensatory mechanism.,Benign,ClinVar_Benign,LDLR,True,False,coding_synonymous,benign_or_likely_benign,,,,,,False,0.9987,False,False,False,False,False,False,LDLR_promoter_super_enhancer,11090529,11096833,32696,outside_promoter_upstream_window,REJECT,Outside the pre-specified LDLR promoter/upstream windows.
VCV001111661,11129532,C,T,c.2409C>T,,synonymous,Likely benign,0.9999,0.9995,0.0041,0,BENIGN,missense_variant,0.42,MODERATE,0.96,tolerated_low_confidence,Moderate Impact,False,AGREEMENT,Convergent evidence from structural and sequence analysis.,Benign,ClinVar_Benign,LDLR,True,False,coding_synonymous,benign_or_likely_benign,,,,,,False,0.9987,False,False,False,False,False,False,LDLR_promoter_super_enhancer,11090529,11096833,32699,outside_promoter_upstream_window,REJECT,Outside the pre-specified LDLR promoter/upstream windows.
VCV002853650,11129533,C,T,c.2410C>T,,synonymous,Likely benign,0.9999,0.9995,0.004,0,BENIGN,synonymous_variant,0.15,MODIFIER,-1.0,,Low Impact,False,AGREEMENT,Convergent evidence from structural and sequence analysis.,Benign,ClinVar_Benign,LDLR,True,False,coding_synonymous,benign_or_likely_benign,,,,,,False,0.9987,False,False,False,False,False,False,LDLR_promoter_super_enhancer,11090529,11096833,32700,outside_promoter_upstream_window,REJECT,Outside the pre-specified LDLR promoter/upstream windows.
VCV001561003,11129538,G,A,c.2415G>A,,synonymous,Likely benign,0.9999,0.9995,0.004,0,BENIGN,missense_variant,0.79,MODERATE,0.22,tolerated_low_confidence,High Impact,False,VEP_ONLY,VEP detects sequence impact (score=0.79) but structure appears intact (LSSIM=1.000). Possible compensatory mechanism.,Benign,ClinVar_Benign,LDLR,True,False,coding_synonymous,benign_or_likely_benign,,,,,,False,0.9987,False,False,False,False,False,False,LDLR_promoter_super_enhancer,11090529,11096833,32705,outside_promoter_upstream_window,REJECT,Outside the pre-specified LDLR promoter/upstream windows.
VCV000252333,11129540,T,A,c.2417T>A,,synonymous,Likely benign,0.9999,0.9995,0.004,0,BENIGN,missense_variant,0.9,MODERATE,0.0,deleterious,Very High Impact,False,VEP_ONLY,VEP detects sequence impact (score=0.90) but structure appears intact (LSSIM=1.000). Possible compensatory mechanism.,Benign,ClinVar_Benign,LDLR,True,False,coding_synonymous,benign_or_likely_benign,,,,,,False,0.9987,False,False,False,False,False,False,LDLR_promoter_super_enhancer,11090529,11096833,32707,outside_promoter_upstream_window,REJECT,Outside the pre-specified LDLR promoter/upstream windows.
VCV000920820,11129541,C,A,c.2418C>A,,synonymous,Likely benign,0.9999,0.9995,0.004,0,BENIGN,missense_variant,0.885,MODERATE,0.03,deleterious_low_confidence,Very High Impact,False,VEP_ONLY,VEP detects sequence impact (score=0.89) but structure appears intact (LSSIM=1.000). Possible compensatory mechanism.,Benign,ClinVar_Benign,LDLR,True,False,coding_synonymous,benign_or_likely_benign,,,,,,False,0.9987,False,False,False,False,False,False,LDLR_promoter_super_enhancer,11090529,11096833,32708,outside_promoter_upstream_window,REJECT,Outside the pre-specified LDLR promoter/upstream windows.
VCV001137522,11129548,C,T,c.2425C>T,,synonymous,Likely benign,0.9999,0.9995,0.0041,0,BENIGN,synonymous_variant,0.15,MODIFIER,-1.0,,Low Impact,False,AGREEMENT,Convergent evidence from structural and sequence analysis.,Benign,ClinVar_Benign,LDLR,True,False,coding_synonymous,benign_or_likely_benign,,,,,,False,0.9987,False,False,False,False,False,False,LDLR_promoter_super_enhancer,11090529,11096833,32715,outside_promoter_upstream_window,REJECT,Outside the pre-specified LDLR promoter/upstream windows.
VCV000440696,11129550,A,G,c.2427A>G,,synonymous,Benign/Likely benign,0.9999,0.9995,0.004,0,BENIGN,missense_variant,0.82,MODERATE,0.16,tolerated_low_confidence,Very High Impact,False,VEP_ONLY,VEP detects sequence impact (score=0.82) but structure appears intact (LSSIM=1.000). Possible compensatory mechanism.,Benign,ClinVar_Benign,LDLR,True,False,coding_synonymous,benign_or_likely_benign,,,,,,False,0.9987,False,False,False,False,False,False,LDLR_promoter_super_enhancer,11090529,11096833,32717,outside_promoter_upstream_window,REJECT,Outside the pre-specified LDLR promoter/upstream windows.
VCV000928433,11129563,C,A,c.2440C>A,,synonymous,Likely benign,0.9999,0.9995,0.004,0,BENIGN,synonymous_variant,0.15,MODIFIER,-1.0,,Low Impact,False,AGREEMENT,Convergent evidence from structural and sequence analysis.,Benign,ClinVar_Benign,LDLR,True,False,coding_synonymous,benign_or_likely_benign,,,,,,False,0.9987,False,False,False,False,False,False,LDLR_promoter_super_enhancer,11090529,11096833,32730,outside_promoter_upstream_window,REJECT,Outside the pre-specified LDLR promoter/upstream windows.
VCV003071235,11129565,G,A,c.2442G>A,,synonymous,Likely benign,0.9999,0.9995,0.0039,0,BENIGN,missense_variant,0.895,MODERATE,0.01,deleterious_low_confidence,Very High Impact,False,VEP_ONLY,VEP detects sequence impact (score=0.90) but structure appears intact (LSSIM=1.000). Possible compensatory mechanism.,Benign,ClinVar_Benign,LDLR,True,False,coding_synonymous,benign_or_likely_benign,,,,,,False,0.9987,False,False,False,False,False,False,LDLR_promoter_super_enhancer,11090529,11096833,32732,outside_promoter_upstream_window,REJECT,Outside the pre-specified LDLR promoter/upstream windows.
VCV004757625,11129577,C,A,c.2454C>A,,synonymous,Likely benign,0.9999,0.9995,0.0041,0,BENIGN,stop_gained,0.9,HIGH,-1.0,,Very High Impact,False,VEP_ONLY,VEP detects sequence impact (score=0.90) but structure appears intact (LSSIM=1.000). Possible compensatory mechanism.,Benign,ClinVar_Benign,LDLR,True,False,coding_synonymous,benign_or_likely_benign,,,,,,False,0.9987,False,False,False,False,False,False,LDLR_promoter_super_enhancer,11090529,11096833,32744,outside_promoter_upstream_window,REJECT,Outside the pre-specified LDLR promoter/upstream windows.
VCV002862937,11129589,C,T,c.2466C>T,,synonymous,Likely benign,0.9999,0.9995,0.0041,0,BENIGN,missense_variant,0.885,MODERATE,0.03,deleterious_low_confidence,Very High Impact,False,VEP_ONLY,VEP detects sequence impact (score=0.89) but structure appears intact (LSSIM=1.000). Possible compensatory mechanism.,Benign,ClinVar_Benign,LDLR,True,False,coding_synonymous,benign_or_likely_benign,,,,,,False,0.9987,False,False,False,False,False,False,LDLR_promoter_super_enhancer,11090529,11096833,32756,outside_promoter_upstream_window,REJECT,Outside the pre-specified LDLR promoter/upstream windows.
VCV001552644,11129592,T,C,c.2469T>C,,synonymous,Likely benign,0.9999,0.9995,0.004,0,BENIGN,missense_variant,0.81,MODERATE,0.18,tolerated_low_confidence,Very High Impact,False,VEP_ONLY,VEP detects sequence impact (score=0.81) but structure appears intact (LSSIM=1.000). Possible compensatory mechanism.,Benign,ClinVar_Benign,LDLR,True,False,coding_synonymous,benign_or_likely_benign,,,,,,False,0.9987,False,False,False,False,False,False,LDLR_promoter_super_enhancer,11090529,11096833,32759,outside_promoter_upstream_window,REJECT,Outside the pre-specified LDLR promoter/upstream windows.
VCV000731500,11129595,C,T,c.2472C>T,,synonymous,Likely benign,0.9999,0.9995,0.0039,0,BENIGN,missense_variant,0.9,MODERATE,0.0,deleterious_low_confidence,Very High Impact,False,VEP_ONLY,VEP detects sequence impact (score=0.90) but structure appears intact (LSSIM=1.000). Possible compensatory mechanism.,Benign,ClinVar_Benign,LDLR,True,False,coding_synonymous,benign_or_likely_benign,,,,,,False,0.9987,False,False,False,False,False,False,LDLR_promoter_super_enhancer,11090529,11096833,32762,outside_promoter_upstream_window,REJECT,Outside the pre-specified LDLR promoter/upstream windows.
VCV000526758,11129601,C,T,c.2478C>T,,synonymous,Likely benign,0.9999,0.9995,0.004,0,BENIGN,missense_variant,0.83,MODERATE,0.14,tolerated_low_confidence,Very High Impact,False,VEP_ONLY,VEP detects sequence impact (score=0.83) but structure appears intact (LSSIM=1.000). Possible compensatory mechanism.,Benign,ClinVar_Benign,LDLR,True,False,coding_synonymous,benign_or_likely_benign,,,,,,False,0.9987,False,False,False,False,False,False,LDLR_promoter_super_enhancer,11090529,11096833,32768,outside_promoter_upstream_window,REJECT,Outside the pre-specified LDLR promoter/upstream windows.
VCV001791856,11129601,C,G,c.2478C>G,,synonymous,Likely benign,0.9999,0.9995,0.004,0,BENIGN,missense_variant,0.875,MODERATE,0.05,deleterious_low_confidence,Very High Impact,False,VEP_ONLY,VEP detects sequence impact (score=0.88) but structure appears intact (LSSIM=1.000). Possible compensatory mechanism.,Benign,ClinVar_Benign,LDLR,True,False,coding_synonymous,benign_or_likely_benign,,,,,,False,0.9987,False,False,False,False,False,False,LDLR_promoter_super_enhancer,11090529,11096833,32768,outside_promoter_upstream_window,REJECT,Outside the pre-specified LDLR promoter/upstream windows.
VCV000921261,11129604,C,T,c.2481C>T,,synonymous,Likely benign,0.9999,0.9995,0.004,0,BENIGN,missense_variant,0.75,MODERATE,0.3,tolerated_low_confidence,High Impact,False,VEP_ONLY,VEP detects sequence impact (score=0.75) but structure appears intact (LSSIM=1.000). Possible compensatory mechanism.,Benign,ClinVar_Benign,LDLR,True,False,coding_synonymous,benign_or_likely_benign,,,,,,False,0.9987,False,False,False,False,False,False,LDLR_promoter_super_enhancer,11090529,11096833,32771,outside_promoter_upstream_window,REJECT,Outside the pre-specified LDLR promoter/upstream windows.
VCV002858518,11129613,G,A,c.2490G>A,,synonymous,Likely benign,0.9999,0.9995,0.004,0,BENIGN,missense_variant,0.775,MODERATE,0.25,tolerated_low_confidence,High Impact,False,VEP_ONLY,VEP detects sequence impact (score=0.78) but structure appears intact (LSSIM=1.000). Possible compensatory mechanism.,Benign,ClinVar_Benign,LDLR,True,False,coding_synonymous,benign_or_likely_benign,,,,,,False,0.9987,False,False,False,False,False,False,LDLR_promoter_super_enhancer,11090529,11096833,32780,outside_promoter_upstream_window,REJECT,Outside the pre-specified LDLR promoter/upstream windows.
VCV000793943,11129619,A,G,c.2496A>G,,synonymous,Likely benign,0.9999,0.9995,0.004,0,BENIGN,missense_variant,0.4,MODERATE,1.0,tolerated_low_confidence,Moderate Impact,False,AGREEMENT,Convergent evidence from structural and sequence analysis.,Benign,ClinVar_Benign,LDLR,True,False,coding_synonymous,benign_or_likely_benign,,,,,,False,0.9987,False,False,False,False,False,False,LDLR_promoter_super_enhancer,11090529,11096833,32786,outside_promoter_upstream_window,REJECT,Outside the pre-specified LDLR promoter/upstream windows.
VCV003393022,11129628,G,A,c.2505G>A,,synonymous,Likely benign,0.9999,0.9995,0.0039,0,BENIGN,missense_variant,0.875,MODERATE,0.05,tolerated_low_confidence,Very High Impact,False,VEP_ONLY,VEP detects sequence impact (score=0.88) but structure appears intact (LSSIM=1.000). Possible compensatory mechanism.,Benign,ClinVar_Benign,LDLR,True,False,coding_synonymous,benign_or_likely_benign,,,,,,False,0.9987,False,False,False,False,False,False,LDLR_promoter_super_enhancer,11090529,11096833,32795,outside_promoter_upstream_window,REJECT,Outside the pre-specified LDLR promoter/upstream windows.
VCV000631360,11129631,C,T,c.2508C>T,,synonymous,Likely benign,0.9999,0.9995,0.004,0,BENIGN,missense_variant,0.875,MODERATE,0.05,deleterious_low_confidence,Very High Impact,False,VEP_ONLY,VEP detects sequence impact (score=0.88) but structure appears intact (LSSIM=1.000). Possible compensatory mechanism.,Benign,ClinVar_Benign,LDLR,True,False,coding_synonymous,benign_or_likely_benign,,,,,,False,0.9987,False,False,False,False,False,False,LDLR_promoter_super_enhancer,11090529,11096833,32798,outside_promoter_upstream_window,REJECT,Outside the pre-specified LDLR promoter/upstream windows.
VCV003074172,11129634,C,T,c.2511C>T,,synonymous,Likely benign,0.9999,0.9995,0.004,0,BENIGN,missense_variant,0.73,MODERATE,0.34,tolerated_low_confidence,High Impact,False,VEP_ONLY,VEP detects sequence impact (score=0.73) but structure appears intact (LSSIM=1.000). Possible compensatory mechanism.,Benign,ClinVar_Benign,LDLR,True,False,coding_synonymous,benign_or_likely_benign,,,,,,False,0.9987,False,False,False,False,False,False,LDLR_promoter_super_enhancer,11090529,11096833,32801,outside_promoter_upstream_window,REJECT,Outside the pre-specified LDLR promoter/upstream windows.
VCV000923313,11129637,T,A,c.2514T>A,,synonymous,Likely benign,0.9999,0.9995,0.004,0,BENIGN,missense_variant,0.68,MODERATE,0.44,tolerated_low_confidence,High Impact,False,VEP_ONLY,VEP detects sequence impact (score=0.68) but structure appears intact (LSSIM=1.000). Possible compensatory mechanism.,Benign,ClinVar_Benign,LDLR,True,False,coding_synonymous,benign_or_likely_benign,,,,,,False,0.9987,False,False,False,False,False,False,LDLR_promoter_super_enhancer,11090529,11096833,32804,outside_promoter_upstream_window,REJECT,Outside the pre-specified LDLR promoter/upstream windows.
VCV002749214,11129640,C,T,c.2517C>T,,synonymous,Likely benign,0.9999,0.9995,0.0041,0,BENIGN,missense_variant,0.9,MODERATE,0.0,deleterious_low_confidence,Very High Impact,False,VEP_ONLY,VEP detects sequence impact (score=0.90) but structure appears intact (LSSIM=1.000). Possible compensatory mechanism.,Benign,ClinVar_Benign,LDLR,True,False,coding_synonymous,benign_or_likely_benign,,,,,,False,0.9987,False,False,False,False,False,False,LDLR_promoter_super_enhancer,11090529,11096833,32807,outside_promoter_upstream_window,REJECT,Outside the pre-specified LDLR promoter/upstream windows.
VCV001149106,11129643,C,T,c.2520C>T,,synonymous,Likely benign,0.9999,0.9995,0.0041,0,BENIGN,missense_variant,0.895,MODERATE,0.01,deleterious_low_confidence,Very High Impact,False,VEP_ONLY,VEP detects sequence impact (score=0.90) but structure appears intact (LSSIM=1.000). Possible compensatory mechanism.,Benign,ClinVar_Benign,LDLR,True,False,coding_synonymous,benign_or_likely_benign,,,,,,False,0.9987,False,False,False,False,False,False,LDLR_promoter_super_enhancer,11090529,11096833,32810,outside_promoter_upstream_window,REJECT,Outside the pre-specified LDLR promoter/upstream windows.
VCV000990078,11129652,C,T,c.2529C>T,,synonymous,Likely benign,0.9999,0.9994,0.0042,0,BENIGN,missense_variant,0.88,MODERATE,0.04,deleterious_low_confidence,Very High Impact,False,VEP_ONLY,VEP detects sequence impact (score=0.88) but structure appears intact (LSSIM=0.999). Possible compensatory mechanism.,Benign,ClinVar_Benign,LDLR,True,False,coding_synonymous,benign_or_likely_benign,,,,,,False,0.9987,False,False,False,False,False,False,LDLR_promoter_super_enhancer,11090529,11096833,32819,outside_promoter_upstream_window,REJECT,Outside the pre-specified LDLR promoter/upstream windows.
VCV001645104,11129658,C,T,c.2535C>T,,synonymous,Likely benign,0.9999,0.9995,0.0042,0,BENIGN,missense_variant,0.89,MODERATE,0.02,deleterious_low_confidence,Very High Impact,False,VEP_ONLY,VEP detects sequence impact (score=0.89) but structure appears intact (LSSIM=1.000). Possible compensatory mechanism.,Benign,ClinVar_Benign,LDLR,True,False,coding_synonymous,benign_or_likely_benign,,,,,,False,0.9987,False,False,False,False,False,False,LDLR_promoter_super_enhancer,11090529,11096833,32825,outside_promoter_upstream_window,REJECT,Outside the pre-specified LDLR promoter/upstream windows.
VCV001666149,11129664,C,T,c.2541C>T,,synonymous,Likely benign,0.9999,0.9995,0.004,0,BENIGN,missense_variant,0.825,MODERATE,0.15,tolerated_low_confidence,Very High Impact,False,VEP_ONLY,VEP detects sequence impact (score=0.82) but structure appears intact (LSSIM=1.000). Possible compensatory mechanism.,Benign,ClinVar_Benign,LDLR,True,False,coding_synonymous,benign_or_likely_benign,,,,,,False,0.9987,False,False,False,False,False,False,LDLR_promoter_super_enhancer,11090529,11096833,32831,outside_promoter_upstream_window,REJECT,Outside the pre-specified LDLR promoter/upstream windows.
VCV001956850,11129678,A,T,NM_000527.5(LDLR):c.2547+8A>T,,intronic,Likely benign,0.9998,0.9979,0.0081,0,BENIGN,splice_region_variant,0.5,LOW,-1.0,,High Impact,False,VEP_ONLY,VEP detects sequence impact (score=0.50) but structure appears intact (LSSIM=0.998). Possible compensatory mechanism.,Benign,ClinVar_Benign,LDLR,True,False,intronic,benign_or_likely_benign,,,,,,False,0.9987,True,False,False,False,False,False,LDLR_promoter_super_enhancer,11090529,11096833,32845,outside_promoter_upstream_window,REJECT,Outside the pre-specified LDLR promoter/upstream windows.
VCV000767545,11129679,C,T,NM_000527.5(LDLR):c.2547+9C>T,,intronic,Likely benign,0.9998,0.998,0.008,0,BENIGN,intron_variant,0.1,MODIFIER,-1.0,,Low Impact,False,AGREEMENT,Convergent evidence from structural and sequence analysis.,Benign,ClinVar_Benign,LDLR,True,False,intronic,benign_or_likely_benign,,,,,,False,0.9987,True,False,False,False,False,False,LDLR_promoter_super_enhancer,11090529,11096833,32846,outside_promoter_upstream_window,REJECT,Outside the pre-specified LDLR promoter/upstream windows.
VCV001096204,11129680,C,T,NM_000527.5(LDLR):c.2547+10C>T,,intronic,Likely benign,0.9998,0.9979,0.0082,0,BENIGN,intron_variant,0.1,MODIFIER,-1.0,,Low Impact,False,AGREEMENT,Convergent evidence from structural and sequence analysis.,Benign,ClinVar_Benign,LDLR,True,False,intronic,benign_or_likely_benign,,,,,,False,0.9987,True,False,False,False,False,False,LDLR_promoter_super_enhancer,11090529,11096833,32847,outside_promoter_upstream_window,REJECT,Outside the pre-specified LDLR promoter/upstream windows.
VCV002916506,11129683,C,T,NM_000527.5(LDLR):c.2547+13C>T,,intronic,Likely benign,0.9998,0.9979,0.0083,0,BENIGN,intron_variant,0.1,MODIFIER,-1.0,,Low Impact,False,AGREEMENT,Convergent evidence from structural and sequence analysis.,Benign,ClinVar_Benign,LDLR,True,False,intronic,benign_or_likely_benign,,,,,,False,0.9987,True,False,False,False,False,False,LDLR_promoter_super_enhancer,11090529,11096833,32850,outside_promoter_upstream_window,REJECT,Outside the pre-specified LDLR promoter/upstream windows.
VCV002792040,11129685,C,T,NM_000527.5(LDLR):c.2547+15C>T,,intronic,Likely benign,0.9998,0.9979,0.0082,0,BENIGN,intron_variant,0.1,MODIFIER,-1.0,,Low Impact,False,AGREEMENT,Convergent evidence from structural and sequence analysis.,Benign,ClinVar_Benign,LDLR,True,False,intronic,benign_or_likely_benign,,,,,,False,0.9987,True,False,False,False,False,False,LDLR_promoter_super_enhancer,11090529,11096833,32852,outside_promoter_upstream_window,REJECT,Outside the pre-specified LDLR promoter/upstream windows.
VCV002916637,11129687,A,G,NM_000527.5(LDLR):c.2547+17A>G,,intronic,Likely benign,0.9998,0.998,0.0079,0,BENIGN,intron_variant,0.1,MODIFIER,-1.0,,Low Impact,False,AGREEMENT,Convergent evidence from structural and sequence analysis.,Benign,ClinVar_Benign,LDLR,True,False,intronic,benign_or_likely_benign,,,,,,False,0.9987,True,False,False,False,False,False,LDLR_promoter_super_enhancer,11090529,11096833,32854,outside_promoter_upstream_window,REJECT,Outside the pre-specified LDLR promoter/upstream windows.
VCV001676848,11131104,G,A,NM_000527.5(LDLR):c.2548-177G>A,,intronic,Benign,0.9999,0.9987,0.0069,0,BENIGN,intron_variant,0.1,MODIFIER,-1.0,,Low Impact,False,AGREEMENT,Convergent evidence from structural and sequence analysis.,Benign,ClinVar_Benign,LDLR,True,False,intronic,benign_or_likely_benign,,,,,,False,0.9987,True,False,False,False,False,False,LDLR_promoter_super_enhancer,11090529,11096833,34271,outside_promoter_upstream_window,REJECT,Outside the pre-specified LDLR promoter/upstream windows.
VCV001172938,11131134,G,A,NM_000527.5(LDLR):c.2548-147G>A,,intronic,Benign,0.9999,0.9987,0.007,0,BENIGN,intron_variant,0.1,MODIFIER,-1.0,,Low Impact,False,AGREEMENT,Convergent evidence from structural and sequence analysis.,Benign,ClinVar_Benign,LDLR,True,False,intronic,benign_or_likely_benign,,,,,,False,0.9987,True,False,False,False,False,False,LDLR_promoter_super_enhancer,11090529,11096833,34301,outside_promoter_upstream_window,REJECT,Outside the pre-specified LDLR promoter/upstream windows.
VCV000265908,11131201,G,A,NM_000527.5(LDLR):c.2548-80G>A,,intronic,Benign,0.9998,0.9987,0.007,0,BENIGN,intron_variant,0.1,MODIFIER,-1.0,,Low Impact,False,AGREEMENT,Convergent evidence from structural and sequence analysis.,Benign,ClinVar_Benign,LDLR,True,False,intronic,benign_or_likely_benign,,,,,,False,0.9987,True,False,False,False,False,False,LDLR_promoter_super_enhancer,11090529,11096833,34368,outside_promoter_upstream_window,REJECT,Outside the pre-specified LDLR promoter/upstream windows.
VCV000252355,11131239,A,G,NM_000527.5(LDLR):c.2548-42A>G,,intronic,Benign,0.9998,0.9987,0.0071,0,BENIGN,intron_variant,0.1,MODIFIER,-1.0,,Low Impact,False,AGREEMENT,Convergent evidence from structural and sequence analysis.,Benign,ClinVar_Benign,LDLR,True,False,intronic,benign_or_likely_benign,,,,,,False,0.9987,True,False,False,False,False,False,LDLR_promoter_super_enhancer,11090529,11096833,34406,outside_promoter_upstream_window,REJECT,Outside the pre-specified LDLR promoter/upstream windows.
VCV000921262,11131266,A,G,NM_000527.5(LDLR):c.2548-15A>G,,intronic,Likely benign,0.9999,0.9987,0.0069,0,BENIGN,splice_polypyrimidine_tract_variant,0.3,LOW,-1.0,,Moderate Impact,False,AGREEMENT,Convergent evidence from structural and sequence analysis.,Benign,ClinVar_Benign,LDLR,True,False,intronic,benign_or_likely_benign,,,,,,False,0.9987,True,False,False,False,False,False,LDLR_promoter_super_enhancer,11090529,11096833,34433,outside_promoter_upstream_window,REJECT,Outside the pre-specified LDLR promoter/upstream windows.
VCV003075020,11131269,A,C,NM_000527.5(LDLR):c.2548-12A>C,,intronic,Likely benign,0.9998,0.9985,0.0072,0,BENIGN,splice_polypyrimidine_tract_variant,0.3,LOW,-1.0,,Moderate Impact,False,AGREEMENT,Convergent evidence from structural and sequence analysis.,Benign,ClinVar_Benign,LDLR,True,False,intronic,benign_or_likely_benign,,,,,,False,0.9987,True,False,False,False,False,False,LDLR_promoter_super_enhancer,11090529,11096833,34436,outside_promoter_upstream_window,REJECT,Outside the pre-specified LDLR promoter/upstream windows.
VCV001139500,11131273,G,A,NM_000527.5(LDLR):c.2548-8G>A,,intronic,Likely benign,0.9998,0.9986,0.0072,0,BENIGN,splice_region_variant,0.5,LOW,-1.0,,High Impact,False,VEP_ONLY,VEP detects sequence impact (score=0.50) but structure appears intact (LSSIM=0.999). Possible compensatory mechanism.,Benign,ClinVar_Benign,LDLR,True,False,intronic,benign_or_likely_benign,,,,,,False,0.9987,True,False,False,False,False,False,LDLR_promoter_super_enhancer,11090529,11096833,34440,outside_promoter_upstream_window,REJECT,Outside the pre-specified LDLR promoter/upstream windows.
VCV001666051,11131273,G,C,NM_000527.5(LDLR):c.2548-8G>C,,intronic,Likely benign,0.9998,0.9986,0.0072,0,BENIGN,splice_region_variant,0.5,LOW,-1.0,,High Impact,False,VEP_ONLY,VEP detects sequence impact (score=0.50) but structure appears intact (LSSIM=0.999). Possible compensatory mechanism.,Benign,ClinVar_Benign,LDLR,True,False,intronic,benign_or_likely_benign,,,,,,False,0.9987,True,False,False,False,False,False,LDLR_promoter_super_enhancer,11090529,11096833,34440,outside_promoter_upstream_window,REJECT,Outside the pre-specified LDLR promoter/upstream windows.
VCV002110515,11131274,T,C,NM_000527.5(LDLR):c.2548-7T>C,,intronic,Likely benign,0.9998,0.9986,0.0072,0,BENIGN,splice_region_variant,0.5,LOW,-1.0,,High Impact,False,VEP_ONLY,VEP detects sequence impact (score=0.50) but structure appears intact (LSSIM=0.999). Possible compensatory mechanism.,Benign,ClinVar_Benign,LDLR,True,False,intronic,benign_or_likely_benign,,,,,,False,0.9987,True,False,False,False,False,False,LDLR_promoter_super_enhancer,11090529,11096833,34441,outside_promoter_upstream_window,REJECT,Outside the pre-specified LDLR promoter/upstream windows.
VCV004046740,11131283,A,G,c.2550A>G,,synonymous,Likely benign,1.0,0.9996,0.0037,0,BENIGN,missense_variant,0.5,LOW,-1.0,,High Impact,False,VEP_ONLY,VEP detects sequence impact (score=0.50) but structure appears intact (LSSIM=1.000). Possible compensatory mechanism.,Benign,ClinVar_Benign,LDLR,True,False,coding_synonymous,benign_or_likely_benign,,,,,,False,0.9987,False,False,False,False,False,False,LDLR_promoter_super_enhancer,11090529,11096833,34450,outside_promoter_upstream_window,REJECT,Outside the pre-specified LDLR promoter/upstream windows.
VCV003290396,11131292,C,T,c.2559C>T,,synonymous,Likely benign,1.0,0.9997,0.0034,0,BENIGN,missense_variant,0.9,MODERATE,0.0,deleterious_low_confidence,Very High Impact,False,VEP_ONLY,VEP detects sequence impact (score=0.90) but structure appears intact (LSSIM=1.000). Possible compensatory mechanism.,Benign,ClinVar_Benign,LDLR,True,False,coding_synonymous,benign_or_likely_benign,,,,,,False,0.9987,False,False,False,False,False,False,LDLR_promoter_super_enhancer,11090529,11096833,34459,outside_promoter_upstream_window,REJECT,Outside the pre-specified LDLR promoter/upstream windows.
VCV002568144,11131304,T,C,c.2571T>C,,synonymous,Likely benign,1.0,0.9997,0.0036,0,BENIGN,missense_variant,0.885,MODERATE,0.03,deleterious_low_confidence,Very High Impact,False,VEP_ONLY,VEP detects sequence impact (score=0.89) but structure appears intact (LSSIM=1.000). Possible compensatory mechanism.,Benign,ClinVar_Benign,LDLR,True,False,coding_synonymous,benign_or_likely_benign,,,,,,False,0.9987,False,False,False,False,False,False,LDLR_promoter_super_enhancer,11090529,11096833,34471,outside_promoter_upstream_window,REJECT,Outside the pre-specified LDLR promoter/upstream windows.
VCV000921263,11131307,C,T,c.2574C>T,,synonymous,Likely benign,1.0,0.9997,0.0035,0,BENIGN,missense_variant,0.9,MODERATE,0.0,deleterious_low_confidence,Very High Impact,False,VEP_ONLY,VEP detects sequence impact (score=0.90) but structure appears intact (LSSIM=1.000). Possible compensatory mechanism.,Benign,ClinVar_Benign,LDLR,True,False,coding_synonymous,benign_or_likely_benign,,,,,,False,0.9987,False,False,False,False,False,False,LDLR_promoter_super_enhancer,11090529,11096833,34474,outside_promoter_upstream_window,REJECT,Outside the pre-specified LDLR promoter/upstream windows.
VCV000252360,11131308,G,A,c.2575G>A,,synonymous,Likely benign,1.0,0.9996,0.0037,0,BENIGN,missense_variant,0.835,MODERATE,0.13,tolerated_low_confidence,Very High Impact,False,VEP_ONLY,VEP detects sequence impact (score=0.83) but structure appears intact (LSSIM=1.000). Possible compensatory mechanism.,Benign,ClinVar_Benign,LDLR,True,False,coding_synonymous,benign_or_likely_benign,,,,,,False,0.9987,False,False,False,False,False,False,LDLR_promoter_super_enhancer,11090529,11096833,34475,outside_promoter_upstream_window,REJECT,Outside the pre-specified LDLR promoter/upstream windows.
VCV000630416,11131310,G,A,c.2577G>A,,synonymous,Likely benign,1.0,0.9997,0.0035,0,BENIGN,stop_gained,0.9,HIGH,-1.0,,Very High Impact,False,VEP_ONLY,VEP detects sequence impact (score=0.90) but structure appears intact (LSSIM=1.000). Possible compensatory mechanism.,Benign,ClinVar_Benign,LDLR,True,False,coding_synonymous,benign_or_likely_benign,,,,,,False,0.9987,False,False,False,False,False,False,LDLR_promoter_super_enhancer,11090529,11096833,34477,outside_promoter_upstream_window,REJECT,Outside the pre-specified LDLR promoter/upstream windows.
VCV000808454,11131313,G,A,c.2580G>A,,synonymous,Likely benign,1.0,0.9997,0.0036,0,BENIGN,missense_variant,0.795,MODERATE,0.21,tolerated_low_confidence,High Impact,False,VEP_ONLY,VEP detects sequence impact (score=0.80) but structure appears intact (LSSIM=1.000). Possible compensatory mechanism.,Benign,ClinVar_Benign,LDLR,True,False,coding_synonymous,benign_or_likely_benign,,,,,,False,0.9987,False,False,False,False,False,False,LDLR_promoter_super_enhancer,11090529,11096833,34480,outside_promoter_upstream_window,REJECT,Outside the pre-specified LDLR promoter/upstream windows.
VCV002752568,11131313,G,T,c.2580G>T,,synonymous,Likely benign,1.0,0.9997,0.0036,0,BENIGN,missense_variant,0.9,MODERATE,0.0,deleterious_low_confidence,Very High Impact,False,VEP_ONLY,VEP detects sequence impact (score=0.90) but structure appears intact (LSSIM=1.000). Possible compensatory mechanism.,Benign,ClinVar_Benign,LDLR,True,False,coding_synonymous,benign_or_likely_benign,,,,,,False,0.9987,False,False,False,False,False,False,LDLR_promoter_super_enhancer,11090529,11096833,34480,outside_promoter_upstream_window,REJECT,Outside the pre-specified LDLR promoter/upstream windows.
VCV001103764,11131315,G,A,c.2582G>A,,synonymous,Likely benign,1.0,0.9997,0.0035,0,BENIGN,missense_variant,0.895,MODERATE,0.01,deleterious_low_confidence,Very High Impact,False,VEP_ONLY,VEP detects sequence impact (score=0.90) but structure appears intact (LSSIM=1.000). Possible compensatory mechanism.,Benign,ClinVar_Benign,LDLR,True,False,coding_synonymous,benign_or_likely_benign,,,,,,False,0.9987,False,False,False,False,False,False,LDLR_promoter_super_enhancer,11090529,11096833,34482,outside_promoter_upstream_window,REJECT,Outside the pre-specified LDLR promoter/upstream windows.
VCV000918887,11131317,A,G,NM_000527.5(LDLR):c.*1A>G,,3_prime_UTR,Likely benign,0.9996,0.9968,0.0108,0,BENIGN,synonymous_variant,0.15,MODIFIER,-1.0,,Low Impact,False,AGREEMENT,Convergent evidence from structural and sequence analysis.,Benign,ClinVar_Benign,LDLR,True,False,3_prime_UTR,benign_or_likely_benign,,,,,,False,0.9987,True,False,False,False,False,False,LDLR_promoter_super_enhancer,11090529,11096833,34484,outside_promoter_upstream_window,REJECT,Outside the pre-specified LDLR promoter/upstream windows.
VCV000265909,11131329,A,G,NM_000527.5(LDLR):c.*13A>G,,3_prime_UTR,Benign,0.9997,0.997,0.0106,0,BENIGN,synonymous_variant,0.15,MODIFIER,-1.0,,Low Impact,False,AGREEMENT,Convergent evidence from structural and sequence analysis.,Benign,ClinVar_Benign,LDLR,True,False,3_prime_UTR,benign_or_likely_benign,,,,,,False,0.9987,True,False,False,False,False,False,LDLR_promoter_super_enhancer,11090529,11096833,34496,outside_promoter_upstream_window,REJECT,Outside the pre-specified LDLR promoter/upstream windows.
VCV000251226,11131359,G,A,NM_000527.5(LDLR):c.*43G>A,,3_prime_UTR,Likely benign,0.9997,0.997,0.0104,0,BENIGN,synonymous_variant,0.15,MODIFIER,-1.0,,Low Impact,False,AGREEMENT,Convergent evidence from structural and sequence analysis.,Benign,ClinVar_Benign,LDLR,True,False,3_prime_UTR,benign_or_likely_benign,,,,,,False,0.9987,True,False,False,False,False,False,LDLR_promoter_super_enhancer,11090529,11096833,34526,outside_promoter_upstream_window,REJECT,Outside the pre-specified LDLR promoter/upstream windows.
VCV000265910,11131368,G,A,NM_000527.5(LDLR):c.*52G>A,,3_prime_UTR,Benign,0.9997,0.9969,0.0105,0,BENIGN,synonymous_variant,0.15,MODIFIER,-1.0,,Low Impact,False,AGREEMENT,Convergent evidence from structural and sequence analysis.,Benign,ClinVar_Benign,LDLR,True,False,3_prime_UTR,benign_or_likely_benign,,,,,,False,0.9987,True,False,False,False,False,False,LDLR_promoter_super_enhancer,11090529,11096833,34535,outside_promoter_upstream_window,REJECT,Outside the pre-specified LDLR promoter/upstream windows.
VCV004076506,11131395,G,A,NM_000527.5(LDLR):c.*79G>A,,3_prime_UTR,Likely benign,0.9997,0.997,0.0105,0,BENIGN,synonymous_variant,0.15,MODIFIER,-1.0,,Low Impact,False,AGREEMENT,Convergent evidence from structural and sequence analysis.,Benign,ClinVar_Benign,LDLR,True,False,3_prime_UTR,benign_or_likely_benign,,,,,,False,0.9987,True,False,False,False,False,False,LDLR_promoter_super_enhancer,11090529,11096833,34562,outside_promoter_upstream_window,REJECT,Outside the pre-specified LDLR promoter/upstream windows.
VCV000328056,11131457,G,A,NM_000527.5(LDLR):c.*141G>A,,3_prime_UTR,Benign/Likely benign,0.9996,0.9968,0.0109,0,BENIGN,missense_variant,0.9,MODERATE,0.0,deleterious_low_confidence,Very High Impact,False,VEP_ONLY,VEP detects sequence impact (score=0.90) but structure appears intact (LSSIM=0.997). Possible compensatory mechanism.,Benign,ClinVar_Benign,LDLR,True,False,3_prime_UTR,benign_or_likely_benign,,,,,,False,0.9987,True,False,False,False,False,False,LDLR_promoter_super_enhancer,11090529,11096833,34624,outside_promoter_upstream_window,REJECT,Outside the pre-specified LDLR promoter/upstream windows.
VCV000889308,11131539,G,A,NM_000527.5(LDLR):c.*223G>A,,3_prime_UTR,Likely benign,0.9997,0.997,0.0107,0,BENIGN,missense_variant,0.15,MODIFIER,-1.0,,Low Impact,False,AGREEMENT,Convergent evidence from structural and sequence analysis.,Benign,ClinVar_Benign,LDLR,True,False,3_prime_UTR,benign_or_likely_benign,,,,,,False,0.9987,True,False,False,False,False,False,LDLR_promoter_super_enhancer,11090529,11096833,34706,outside_promoter_upstream_window,REJECT,Outside the pre-specified LDLR promoter/upstream windows.
VCV000328058,11131631,G,C,NM_000527.5(LDLR):c.*315G>C,,3_prime_UTR,Benign/Likely benign,0.9996,0.9969,0.0107,0,BENIGN,3_prime_UTR_variant,0.15,MODIFIER,-1.0,,Low Impact,False,AGREEMENT,Convergent evidence from structural and sequence analysis.,Benign,ClinVar_Benign,LDLR,True,False,3_prime_UTR,benign_or_likely_benign,,,,,,False,0.9987,True,False,False,False,False,False,LDLR_promoter_super_enhancer,11090529,11096833,34798,outside_promoter_upstream_window,REJECT,Outside the pre-specified LDLR promoter/upstream windows.
VCV000328059,11131654,G,A,NM_000527.5(LDLR):c.*338G>A,,3_prime_UTR,Likely benign,0.9997,0.997,0.0108,0,BENIGN,3_prime_UTR_variant,0.15,MODIFIER,-1.0,,Low Impact,False,AGREEMENT,Convergent evidence from structural and sequence analysis.,Benign,ClinVar_Benign,LDLR,True,False,3_prime_UTR,benign_or_likely_benign,,,,,,False,0.9987,True,False,False,False,False,False,LDLR_promoter_super_enhancer,11090529,11096833,34821,outside_promoter_upstream_window,REJECT,Outside the pre-specified LDLR promoter/upstream windows.
VCV000328064,11131820,G,A,NM_000527.5(LDLR):c.*504G>A,,3_prime_UTR,Benign/Likely benign,0.9996,0.9966,0.0111,0,BENIGN,3_prime_UTR_variant,0.15,MODIFIER,-1.0,,Low Impact,False,AGREEMENT,Convergent evidence from structural and sequence analysis.,Benign,ClinVar_Benign,LDLR,True,False,3_prime_UTR,benign_or_likely_benign,,,,,,False,0.9987,True,False,False,False,False,False,LDLR_promoter_super_enhancer,11090529,11096833,34987,outside_promoter_upstream_window,REJECT,Outside the pre-specified LDLR promoter/upstream windows.
VCV000889991,11131833,C,A,NM_000527.5(LDLR):c.*517C>A,,3_prime_UTR,Benign/Likely benign,0.9997,0.9969,0.0106,0,BENIGN,3_prime_UTR_variant,0.15,MODIFIER,-1.0,,Low Impact,False,AGREEMENT,Convergent evidence from structural and sequence analysis.,Benign,ClinVar_Benign,LDLR,True,False,3_prime_UTR,benign_or_likely_benign,,,,,,False,0.9987,True,False,False,False,False,False,LDLR_promoter_super_enhancer,11090529,11096833,35000,outside_promoter_upstream_window,REJECT,Outside the pre-specified LDLR promoter/upstream windows.
VCV000328070,11131982,T,C,NM_000527.5(LDLR):c.*666T>C,,3_prime_UTR,Benign/Likely benign,0.9997,0.9969,0.0107,0,BENIGN,3_prime_UTR_variant,0.15,MODIFIER,-1.0,,Low Impact,False,AGREEMENT,Convergent evidence from structural and sequence analysis.,Benign,ClinVar_Benign,LDLR,True,False,3_prime_UTR,benign_or_likely_benign,,,,,,False,0.9987,True,False,False,False,False,False,LDLR_promoter_super_enhancer,11090529,11096833,35149,outside_promoter_upstream_window,REJECT,Outside the pre-specified LDLR promoter/upstream windows.
VCV003250490,11132033,G,A,NM_000527.5(LDLR):c.*717G>A,,3_prime_UTR,Benign,0.9998,0.9986,0.008,0,BENIGN,3_prime_UTR_variant,0.15,MODIFIER,-1.0,,Low Impact,False,AGREEMENT,Convergent evidence from structural and sequence analysis.,Benign,ClinVar_Benign,LDLR,True,False,3_prime_UTR,benign_or_likely_benign,,,,,,False,0.9987,True,False,False,False,False,False,LDLR_promoter_super_enhancer,11090529,11096833,35200,outside_promoter_upstream_window,REJECT,Outside the pre-specified LDLR promoter/upstream windows.
VCV000328072,11132089,A,G,NM_000527.5(LDLR):c.*773A>G,,3_prime_UTR,Benign/Likely benign,0.9998,0.9987,0.0079,0,BENIGN,3_prime_UTR_variant,0.15,MODIFIER,-1.0,,Low Impact,False,AGREEMENT,Convergent evidence from structural and sequence analysis.,Benign,ClinVar_Benign,LDLR,True,False,3_prime_UTR,benign_or_likely_benign,,,,,,False,0.9987,True,False,False,False,False,False,LDLR_promoter_super_enhancer,11090529,11096833,35256,outside_promoter_upstream_window,REJECT,Outside the pre-specified LDLR promoter/upstream windows.
VCV000684566,11132119,C,T,NM_000527.5(LDLR):c.*803C>T,,3_prime_UTR,Benign/Likely benign,0.9999,0.9987,0.0078,0,BENIGN,3_prime_UTR_variant,0.15,MODIFIER,-1.0,,Low Impact,False,AGREEMENT,Convergent evidence from structural and sequence analysis.,Benign,ClinVar_Benign,LDLR,True,False,3_prime_UTR,benign_or_likely_benign,,,,,,False,0.9987,True,False,False,False,False,False,LDLR_promoter_super_enhancer,11090529,11096833,35286,outside_promoter_upstream_window,REJECT,Outside the pre-specified LDLR promoter/upstream windows.
VCV000891810,11132281,C,T,NM_000527.5(LDLR):c.*965C>T,,3_prime_UTR,Likely benign,0.9998,0.9986,0.008,0,BENIGN,3_prime_UTR_variant,0.15,MODIFIER,-1.0,,Low Impact,False,AGREEMENT,Convergent evidence from structural and sequence analysis.,Benign,ClinVar_Benign,LDLR,True,False,3_prime_UTR,benign_or_likely_benign,,,,,,False,0.9987,True,False,False,False,False,False,LDLR_promoter_super_enhancer,11090529,11096833,35448,outside_promoter_upstream_window,REJECT,Outside the pre-specified LDLR promoter/upstream windows.
VCV000328080,11132298,G,C,NM_000527.5(LDLR):c.*982G>C,,3_prime_UTR,Benign,0.9998,0.9986,0.0078,0,BENIGN,3_prime_UTR_variant,0.15,MODIFIER,-1.0,,Low Impact,False,AGREEMENT,Convergent evidence from structural and sequence analysis.,Benign,ClinVar_Benign,LDLR,True,False,3_prime_UTR,benign_or_likely_benign,,,,,,False,0.9987,True,False,False,False,False,False,LDLR_promoter_super_enhancer,11090529,11096833,35465,outside_promoter_upstream_window,REJECT,Outside the pre-specified LDLR promoter/upstream windows.
VCV000328084,11132456,G,A,NM_000527.5(LDLR):c.*1140G>A,,3_prime_UTR,Likely benign,0.9998,0.9986,0.008,0,BENIGN,3_prime_UTR_variant,0.15,MODIFIER,-1.0,,Low Impact,False,AGREEMENT,Convergent evidence from structural and sequence analysis.,Benign,ClinVar_Benign,LDLR,True,False,3_prime_UTR,benign_or_likely_benign,,,,,,False,0.9987,True,False,False,False,False,False,LDLR_promoter_super_enhancer,11090529,11096833,35623,outside_promoter_upstream_window,REJECT,Outside the pre-specified LDLR promoter/upstream windows.
VCV000328086,11132484,G,A,NM_000527.5(LDLR):c.*1168G>A,,3_prime_UTR,Benign,0.9998,0.9987,0.0079,0,BENIGN,3_prime_UTR_variant,0.15,MODIFIER,-1.0,,Low Impact,False,AGREEMENT,Convergent evidence from structural and sequence analysis.,Benign,ClinVar_Benign,LDLR,True,False,3_prime_UTR,benign_or_likely_benign,,,,,,False,0.9987,True,False,False,False,False,False,LDLR_promoter_super_enhancer,11090529,11096833,35651,outside_promoter_upstream_window,REJECT,Outside the pre-specified LDLR promoter/upstream windows.
VCV000890058,11132489,G,C,NM_000527.5(LDLR):c.*1173G>C,,3_prime_UTR,Likely benign,0.9999,0.9987,0.0079,0,BENIGN,3_prime_UTR_variant,0.15,MODIFIER,-1.0,,Low Impact,False,AGREEMENT,Convergent evidence from structural and sequence analysis.,Benign,ClinVar_Benign,LDLR,True,False,3_prime_UTR,benign_or_likely_benign,,,,,,False,0.9987,True,False,False,False,False,False,LDLR_promoter_super_enhancer,11090529,11096833,35656,outside_promoter_upstream_window,REJECT,Outside the pre-specified LDLR promoter/upstream windows.
VCV000328088,11132533,C,G,NM_000527.5(LDLR):c.*1217C>G,,3_prime_UTR,Benign,0.9999,0.9988,0.0074,0,BENIGN,3_prime_UTR_variant,0.15,MODIFIER,-1.0,,Low Impact,False,AGREEMENT,Convergent evidence from structural and sequence analysis.,Benign,ClinVar_Benign,LDLR,True,False,3_prime_UTR,benign_or_likely_benign,,,,,,False,0.9987,False,False,False,False,False,False,LDLR_promoter_super_enhancer,11090529,11096833,35700,outside_promoter_upstream_window,REJECT,Outside the pre-specified LDLR promoter/upstream windows.
VCV000328091,11132578,T,C,NM_000527.5(LDLR):c.*1262T>C,,3_prime_UTR,Benign,0.9999,0.9987,0.0076,0,BENIGN,3_prime_UTR_variant,0.15,MODIFIER,-1.0,,Low Impact,False,AGREEMENT,Convergent evidence from structural and sequence analysis.,Benign,ClinVar_Benign,LDLR,True,False,3_prime_UTR,benign_or_likely_benign,,,,,,False,0.9987,True,False,False,False,False,False,LDLR_promoter_super_enhancer,11090529,11096833,35745,outside_promoter_upstream_window,REJECT,Outside the pre-specified LDLR promoter/upstream windows.
VCV000328092,11132584,C,T,NM_000527.5(LDLR):c.*1268C>T,,3_prime_UTR,Benign,0.9998,0.9987,0.0079,0,BENIGN,3_prime_UTR_variant,0.15,MODIFIER,-1.0,,Low Impact,False,AGREEMENT,Convergent evidence from structural and sequence analysis.,Benign,ClinVar_Benign,LDLR,True,False,3_prime_UTR,benign_or_likely_benign,,,,,,False,0.9987,True,False,False,False,False,False,LDLR_promoter_super_enhancer,11090529,11096833,35751,outside_promoter_upstream_window,REJECT,Outside the pre-specified LDLR promoter/upstream windows.
VCV000890060,11132585,G,A,NM_000527.5(LDLR):c.*1269G>A,,3_prime_UTR,Likely benign,0.9998,0.9985,0.0081,0,BENIGN,3_prime_UTR_variant,0.15,MODIFIER,-1.0,,Low Impact,False,AGREEMENT,Convergent evidence from structural and sequence analysis.,Benign,ClinVar_Benign,LDLR,True,False,3_prime_UTR,benign_or_likely_benign,,,,,,False,0.9987,True,False,False,False,False,False,LDLR_promoter_super_enhancer,11090529,11096833,35752,outside_promoter_upstream_window,REJECT,Outside the pre-specified LDLR promoter/upstream windows.
VCV000328093,11132608,C,T,NM_000527.5(LDLR):c.*1292C>T,,3_prime_UTR,Likely benign,0.9999,0.9987,0.0076,0,BENIGN,3_prime_UTR_variant,0.15,MODIFIER,-1.0,,Low Impact,False,AGREEMENT,Convergent evidence from structural and sequence analysis.,Benign,ClinVar_Benign,LDLR,True,False,3_prime_UTR,benign_or_likely_benign,,,,,,False,0.9987,True,False,False,False,False,False,LDLR_promoter_super_enhancer,11090529,11096833,35775,outside_promoter_upstream_window,REJECT,Outside the pre-specified LDLR promoter/upstream windows.
VCV000328094,11132648,G,A,NM_000527.5(LDLR):c.*1332G>A,,3_prime_UTR,Benign,0.9999,0.9987,0.0076,0,BENIGN,3_prime_UTR_variant,0.15,MODIFIER,-1.0,,Low Impact,False,AGREEMENT,Convergent evidence from structural and sequence analysis.,Benign,ClinVar_Benign,LDLR,True,False,3_prime_UTR,benign_or_likely_benign,,,,,,False,0.9987,True,False,False,False,False,False,LDLR_promoter_super_enhancer,11090529,11096833,35815,outside_promoter_upstream_window,REJECT,Outside the pre-specified LDLR promoter/upstream windows.
VCV000328095,11132652,C,G,NM_000527.5(LDLR):c.*1336C>G,,3_prime_UTR,Benign,0.9999,0.9988,0.0076,0,BENIGN,3_prime_UTR_variant,0.15,MODIFIER,-1.0,,Low Impact,False,AGREEMENT,Convergent evidence from structural and sequence analysis.,Benign,ClinVar_Benign,LDLR,True,False,3_prime_UTR,benign_or_likely_benign,,,,,,False,0.9987,False,False,False,False,False,False,LDLR_promoter_super_enhancer,11090529,11096833,35819,outside_promoter_upstream_window,REJECT,Outside the pre-specified LDLR promoter/upstream windows.
VCV000328096,11132656,C,A,NM_000527.5(LDLR):c.*1340C>A,,3_prime_UTR,Benign,0.9998,0.9986,0.0081,0,BENIGN,3_prime_UTR_variant,0.15,MODIFIER,-1.0,,Low Impact,False,AGREEMENT,Convergent evidence from structural and sequence analysis.,Benign,ClinVar_Benign,LDLR,True,False,3_prime_UTR,benign_or_likely_benign,,,,,,False,0.9987,True,False,False,False,False,False,LDLR_promoter_super_enhancer,11090529,11096833,35823,outside_promoter_upstream_window,REJECT,Outside the pre-specified LDLR promoter/upstream windows.
VCV000328097,11132670,T,C,NM_000527.5(LDLR):c.*1354T>C,,3_prime_UTR,Benign,0.9998,0.9986,0.0081,0,BENIGN,3_prime_UTR_variant,0.15,MODIFIER,-1.0,,Low Impact,False,AGREEMENT,Convergent evidence from structural and sequence analysis.,Benign,ClinVar_Benign,LDLR,True,False,3_prime_UTR,benign_or_likely_benign,,,,,,False,0.9987,True,False,False,False,False,False,LDLR_promoter_super_enhancer,11090529,11096833,35837,outside_promoter_upstream_window,REJECT,Outside the pre-specified LDLR promoter/upstream windows.
VCV000328099,11132692,T,C,NM_000527.5(LDLR):c.*1376T>C,,3_prime_UTR,Benign,0.9999,0.9987,0.0078,0,BENIGN,3_prime_UTR_variant,0.15,MODIFIER,-1.0,,Low Impact,False,AGREEMENT,Convergent evidence from structural and sequence analysis.,Benign,ClinVar_Benign,LDLR,True,False,3_prime_UTR,benign_or_likely_benign,,,,,,False,0.9987,True,False,False,False,False,False,LDLR_promoter_super_enhancer,11090529,11096833,35859,outside_promoter_upstream_window,REJECT,Outside the pre-specified LDLR promoter/upstream windows.
VCV000891605,11132693,G,A,NM_000527.5(LDLR):c.*1377G>A,,3_prime_UTR,Likely benign,0.9998,0.9986,0.0081,0,BENIGN,3_prime_UTR_variant,0.15,MODIFIER,-1.0,,Low Impact,False,AGREEMENT,Convergent evidence from structural and sequence analysis.,Benign,ClinVar_Benign,LDLR,True,False,3_prime_UTR,benign_or_likely_benign,,,,,,False,0.9987,True,False,False,False,False,False,LDLR_promoter_super_enhancer,11090529,11096833,35860,outside_promoter_upstream_window,REJECT,Outside the pre-specified LDLR promoter/upstream windows.
VCV000891873,11132733,A,C,NM_000527.5(LDLR):c.*1417A>C,,3_prime_UTR,Benign/Likely benign,0.9998,0.9985,0.0082,0,BENIGN,3_prime_UTR_variant,0.15,MODIFIER,-1.0,,Low Impact,False,AGREEMENT,Convergent evidence from structural and sequence analysis.,Benign,ClinVar_Benign,LDLR,True,False,3_prime_UTR,benign_or_likely_benign,,,,,,False,0.9987,True,False,False,False,False,False,LDLR_promoter_super_enhancer,11090529,11096833,35900,outside_promoter_upstream_window,REJECT,Outside the pre-specified LDLR promoter/upstream windows.
VCV000328100,11132735,C,A,NM_000527.5(LDLR):c.*1419C>A,,3_prime_UTR,Benign,0.9998,0.9986,0.008,0,BENIGN,3_prime_UTR_variant,0.15,MODIFIER,-1.0,,Low Impact,False,AGREEMENT,Convergent evidence from structural and sequence analysis.,Benign,ClinVar_Benign,LDLR,True,False,3_prime_UTR,benign_or_likely_benign,,,,,,False,0.9987,True,False,False,False,False,False,LDLR_promoter_super_enhancer,11090529,11096833,35902,outside_promoter_upstream_window,REJECT,Outside the pre-specified LDLR promoter/upstream windows.
VCV000328101,11132746,C,T,NM_000527.5(LDLR):c.*1430C>T,,3_prime_UTR,Benign,0.9999,0.9988,0.0076,0,BENIGN,3_prime_UTR_variant,0.15,MODIFIER,-1.0,,Low Impact,False,AGREEMENT,Convergent evidence from structural and sequence analysis.,Benign,ClinVar_Benign,LDLR,True,False,3_prime_UTR,benign_or_likely_benign,,,,,,False,0.9987,False,False,False,False,False,False,LDLR_promoter_super_enhancer,11090529,11096833,35913,outside_promoter_upstream_window,REJECT,Outside the pre-specified LDLR promoter/upstream windows.
VCV000328102,11132769,A,G,NM_000527.5(LDLR):c.*1453A>G,,3_prime_UTR,Benign,0.9998,0.9986,0.008,0,BENIGN,3_prime_UTR_variant,0.15,MODIFIER,-1.0,,Low Impact,False,AGREEMENT,Convergent evidence from structural and sequence analysis.,Benign,ClinVar_Benign,LDLR,True,False,3_prime_UTR,benign_or_likely_benign,,,,,,False,0.9987,True,False,False,False,False,False,LDLR_promoter_super_enhancer,11090529,11096833,35936,outside_promoter_upstream_window,REJECT,Outside the pre-specified LDLR promoter/upstream windows.
VCV000328103,11132826,T,C,NM_000527.5(LDLR):c.*1510T>C,,3_prime_UTR,Benign,0.9999,0.9987,0.0078,0,BENIGN,3_prime_UTR_variant,0.15,MODIFIER,-1.0,,Low Impact,False,AGREEMENT,Convergent evidence from structural and sequence analysis.,Benign,ClinVar_Benign,LDLR,True,False,3_prime_UTR,benign_or_likely_benign,,,,,,False,0.9987,True,False,False,False,False,False,LDLR_promoter_super_enhancer,11090529,11096833,35993,outside_promoter_upstream_window,REJECT,Outside the pre-specified LDLR promoter/upstream windows.
VCV000891875,11132866,A,T,NM_000527.5(LDLR):c.*1550A>T,,3_prime_UTR,Benign/Likely benign,0.9999,0.9988,0.0073,0,BENIGN,3_prime_UTR_variant,0.15,MODIFIER,-1.0,,Low Impact,False,AGREEMENT,Convergent evidence from structural and sequence analysis.,Benign,ClinVar_Benign,LDLR,True,False,3_prime_UTR,benign_or_likely_benign,,,,,,False,0.9987,False,False,False,False,False,False,LDLR_promoter_super_enhancer,11090529,11096833,36033,outside_promoter_upstream_window,REJECT,Outside the pre-specified LDLR promoter/upstream windows.
VCV000328104,11132916,G,T,NM_000527.5(LDLR):c.*1600G>T,,3_prime_UTR,Benign,0.9999,0.9987,0.0078,0,BENIGN,3_prime_UTR_variant,0.15,MODIFIER,-1.0,,Low Impact,False,AGREEMENT,Convergent evidence from structural and sequence analysis.,Benign,ClinVar_Benign,LDLR,True,False,3_prime_UTR,benign_or_likely_benign,,,,,,False,0.9987,True,False,False,False,False,False,LDLR_promoter_super_enhancer,11090529,11096833,36083,outside_promoter_upstream_window,REJECT,Outside the pre-specified LDLR promoter/upstream windows.
VCV000328106,11133059,C,T,NM_000527.5(LDLR):c.*1743C>T,,3_prime_UTR,Benign,0.9999,0.9993,0.0062,0,BENIGN,3_prime_UTR_variant,0.15,MODIFIER,-1.0,,Low Impact,False,AGREEMENT,Convergent evidence from structural and sequence analysis.,Benign,ClinVar_Benign,LDLR,True,False,3_prime_UTR,benign_or_likely_benign,,,,,,False,0.9987,False,False,False,False,False,False,LDLR_promoter_super_enhancer,11090529,11096833,36226,outside_promoter_upstream_window,REJECT,Outside the pre-specified LDLR promoter/upstream windows.
VCV000328116,11133276,C,T,NM_000527.5(LDLR):c.*1960C>T,,3_prime_UTR,Benign/Likely benign,0.9999,0.9994,0.0062,0,BENIGN,3_prime_UTR_variant,0.15,MODIFIER,-1.0,,Low Impact,False,AGREEMENT,Convergent evidence from structural and sequence analysis.,Benign,ClinVar_Benign,LDLR,True,False,3_prime_UTR,benign_or_likely_benign,,,,,,False,0.9987,False,False,False,False,False,False,LDLR_promoter_super_enhancer,11090529,11096833,36443,outside_promoter_upstream_window,REJECT,Outside the pre-specified LDLR promoter/upstream windows.
VCV000328117,11133332,G,A,NM_000527.5(LDLR):c.*2016G>A,,3_prime_UTR,Benign,0.9999,0.9993,0.0064,0,BENIGN,3_prime_UTR_variant,0.15,MODIFIER,-1.0,,Low Impact,False,AGREEMENT,Convergent evidence from structural and sequence analysis.,Benign,ClinVar_Benign,LDLR,True,False,3_prime_UTR,benign_or_likely_benign,,,,,,False,0.9987,False,False,False,False,False,False,LDLR_promoter_super_enhancer,11090529,11096833,36499,outside_promoter_upstream_window,REJECT,Outside the pre-specified LDLR promoter/upstream windows.
VCV000328118,11133370,G,A,NM_000527.5(LDLR):c.*2054G>A,,3_prime_UTR,Likely benign,0.9999,0.9994,0.0063,0,BENIGN,3_prime_UTR_variant,0.15,MODIFIER,-1.0,,Low Impact,False,AGREEMENT,Convergent evidence from structural and sequence analysis.,Benign,ClinVar_Benign,LDLR,True,False,3_prime_UTR,benign_or_likely_benign,,,,,,False,0.9987,False,False,False,False,False,False,LDLR_promoter_super_enhancer,11090529,11096833,36537,outside_promoter_upstream_window,REJECT,Outside the pre-specified LDLR promoter/upstream windows.
VCV000890103,11133427,G,A,NM_000527.5(LDLR):c.*2111G>A,,3_prime_UTR,Benign/Likely benign,0.9999,0.9993,0.0065,0,BENIGN,3_prime_UTR_variant,0.15,MODIFIER,-1.0,,Low Impact,False,AGREEMENT,Convergent evidence from structural and sequence analysis.,Benign,ClinVar_Benign,LDLR,True,False,3_prime_UTR,benign_or_likely_benign,,,,,,False,0.9987,False,False,False,False,False,False,LDLR_promoter_super_enhancer,11090529,11096833,36594,outside_promoter_upstream_window,REJECT,Outside the pre-specified LDLR promoter/upstream windows.
VCV000890104,11133442,G,A,NM_000527.5(LDLR):c.*2126G>A,,3_prime_UTR,Likely benign,0.9999,0.9993,0.0065,0,BENIGN,3_prime_UTR_variant,0.15,MODIFIER,-1.0,,Low Impact,False,AGREEMENT,Convergent evidence from structural and sequence analysis.,Benign,ClinVar_Benign,LDLR,True,False,3_prime_UTR,benign_or_likely_benign,,,,,,False,0.9987,False,False,False,False,False,False,LDLR_promoter_super_enhancer,11090529,11096833,36609,outside_promoter_upstream_window,REJECT,Outside the pre-specified LDLR promoter/upstream windows.
