locus,anchor_start,anchor_end,other_anchor,count,pvalue,id,pos,ref,alt,snv,category,sig,hgvs
HBB,5224297,5226261,chr11:4650005-4653061,1,0.0057358520387868,VCV000439130,5225466,G,A,True,3_prime_UTR,Likely pathogenic,NM_000518.5(HBB):c.*132C>T
HBB,5224297,5226261,chr11:4650005-4653061,1,0.0057358520387868,VCV000869259,5225482,TTTTTT,TTTT,False,3_prime_UTR,Likely pathogenic,NM_000518.5(HBB):c.*115_*116del
HBB,5224297,5226261,chr11:4650005-4653061,1,0.0057358520387868,VCV000015474,5225482,TTTTTT,TTTTT,False,3_prime_UTR,Pathogenic,NM_000518.5(HBB):c.*116del
HBB,5224297,5226261,chr11:4650005-4653061,1,0.0057358520387868,VCV000015506,5225484,TTTTATT,TT,False,3_prime_UTR,Pathogenic/Likely pathogenic,NM_000518.5(HBB):c.*110_*114del
HBB,5224297,5226261,chr11:4650005-4653061,1,0.0057358520387868,VCV000015473,5225485,T,C,True,3_prime_UTR,Pathogenic,NM_000518.5(HBB):c.*113A>G
HBB,5224297,5226261,chr11:4650005-4653061,1,0.0057358520387868,VCV000632843,5225487,TAT,T,False,3_prime_UTR,Pathogenic/Likely pathogenic,NM_000518.5(HBB):c.*110_*111del
HBB,5224297,5226261,chr11:4650005-4653061,1,0.0057358520387868,VCV000015488,5225487,T,C,True,3_prime_UTR,Pathogenic,NM_000518.5(HBB):c.*111A>G
HBB,5224297,5226261,chr11:4650005-4653061,1,0.0057358520387868,VCV000036332,5225488,A,G,True,3_prime_UTR,Pathogenic,NM_000518.5(HBB):c.*110T>C
HBB,5224297,5226261,chr11:4650005-4653061,1,0.0057358520387868,VCV000015616,5225488,A,T,True,3_prime_UTR,Pathogenic,NM_000518.5(HBB):c.*110T>A
HBB,5224297,5226261,chr11:4650005-4653061,1,0.0057358520387868,VCV000869258,5225490,T,C,True,3_prime_UTR,Pathogenic,NM_000518.5(HBB):c.*108A>G
HBB,5224297,5226261,chr11:4650005-4653061,1,0.0057358520387868,VCV000869261,5225493,GCAGAATCCAGATGC,GC,False,3_prime_UTR,Pathogenic,NM_000518.5(HBB):c.*93_*105del
HBB,5224297,5226261,chr11:4650005-4653061,1,0.0057358520387868,VCV000869260,5225566,T,G,True,3_prime_UTR,Pathogenic,NM_000518.5(HBB):c.*32A>C
HBB,5224297,5226261,chr11:4650005-4653061,1,0.0057358520387868,VCV000393707,5225592,G,C,True,3_prime_UTR,Pathogenic/Likely pathogenic,NM_000518.5(HBB):c.*6C>G
HBB,5224297,5226261,chr11:4650005-4653061,1,0.0057358520387868,VCV000015395,5225602,T,G,True,missense,Pathogenic,c.440A>C
HBB,5224297,5226261,chr11:4650005-4653061,1,0.0057358520387868,VCV000015144,5225602,T,A,True,missense,Pathogenic; other,c.440A>T
HBB,5224297,5226261,chr11:4650005-4653061,1,0.0057358520387868,VCV000015200,5225603,G,C,True,missense,Pathogenic; other,c.439C>G
HBB,5224297,5226261,chr11:4650005-4653061,1,0.0057358520387868,VCV000015265,5225604,A,T,True,nonsense,Pathogenic; other,c.438T>A
HBB,5224297,5226261,chr11:4650005-4653061,1,0.0057358520387868,VCV000015322,5225605,T,C,True,missense,Pathogenic,c.437A>G
HBB,5224297,5226261,chr11:4650005-4653061,1,0.0057358520387868,VCV000633256,5225606,A,T,True,missense,Pathogenic,c.436T>A
HBB,5224297,5226261,chr11:4650005-4653061,1,0.0057358520387868,VCV000015112,5225606,A,G,True,missense,Pathogenic,c.436T>C
HBB,5224297,5226261,chr11:4650005-4653061,1,0.0057358520387868,VCV000015096,5225607,C,G,True,missense,Pathogenic,c.435G>C
HBB,5224297,5226261,chr11:4650005-4653061,1,0.0057358520387868,VCV000015250,5225610,G,Y,False,missense,Pathogenic,Hb Little Rock
HBB,5224297,5226261,chr11:4650005-4653061,1,0.0057358520387868,VCV000015365,5225611,T,G,True,missense,Pathogenic,c.431A>C
HBB,5224297,5226261,chr11:4650005-4653061,1,0.0057358520387868,VCV000015090,5225611,T,C,True,missense,Pathogenic/Likely pathogenic,c.431A>G
HBB,5224297,5226261,chr11:4650005-4653061,1,0.0057358520387868,VCV000869318,5225612,GGG,G,False,frameshift,Pathogenic,c.429_430del
HBB,5224297,5226261,chr11:4650005-4653061,1,0.0057358520387868,VCV000015545,5225620,G,A,True,missense,Pathogenic,c.422C>T
HBB,5224297,5226261,chr11:4650005-4653061,1,0.0057358520387868,VCV000015339,5225621,C,T,True,missense,Pathogenic; other,c.421G>A
HBB,5224297,5226261,chr11:4650005-4653061,1,0.0057358520387868,VCV000869317,5225624,A,AA,False,nonsense,Pathogenic,c.417dup
HBB,5224297,5226261,chr11:4650005-4653061,1,0.0057358520387868,VCV001189030,5225638,ACCACTTTCTGA,A,False,frameshift,Pathogenic,c.394_404del
HBB,5224297,5226261,chr11:4650005-4653061,1,0.0057358520387868,VCV000015290,5225638,A,T,True,missense,Pathogenic,c.404T>A
HBB,5224297,5226261,chr11:4650005-4653061,1,0.0057358520387868,VCV000928758,5225645,TCT,T,False,frameshift,Likely pathogenic,c.396_397del
HBB,5224297,5226261,chr11:4650005-4653061,1,0.0057358520387868,VCV000869314,5225645,T,A,True,nonsense,Pathogenic,c.397A>T
HBB,5224297,5226261,chr11:4650005-4653061,1,0.0057358520387868,VCV001459872,5225646,CTGATAGGCAGCCTGCACTG,CTG,False,frameshift,Pathogenic,c.380_396del
HBB,5224297,5226261,chr11:4650005-4653061,1,0.0057358520387868,VCV000869312,5225646,T,TT,False,frameshift,Pathogenic,c.395dup
HBB,5224297,5226261,chr11:4650005-4653061,1,0.0057358520387868,VCV000015348,5225647,T,G,True,missense,Likely pathogenic,c.395A>C
HBB,5224297,5226261,chr11:4650005-4653061,1,0.0057358520387868,VCV000869311,5225648,G,A,True,nonsense,Pathogenic,c.394C>T
HBB,5224297,5226261,chr11:4650005-4653061,1,0.0057358520387868,VCV000801192,5225649,A,T,True,nonsense,Pathogenic,c.393T>A
HBB,5224297,5226261,chr11:4650005-4653061,1,0.0057358520387868,VCV000869313,5225654,CAGC,TGTGG,False,frameshift,Pathogenic,c.385_388delinsCCACA
HBB,5224297,5226261,chr11:4650005-4653061,1,0.0057358520387868,VCV000015537,5225659,T,C,True,missense,Pathogenic; other,c.383A>G
HBB,5224297,5226261,chr11:4650005-4653061,1,0.0057358520387868,VCV000015409,5225659,T,G,True,missense,Pathogenic,c.383A>C
HBB,5224297,5226261,chr11:4650005-4653061,1,0.0057358520387868,VCV001705074,5225660,G,A,True,nonsense,Pathogenic,c.382C>T
HBB,5224297,5226261,chr11:4650005-4653061,1,0.0057358520387868,VCV000015483,5225662,A,C,True,missense,Pathogenic/Likely pathogenic,c.380T>G
HBB,5224297,5226261,chr11:4650005-4653061,1,0.0057358520387868,VCV000495998,5225664,TGGTGGGGTG,TG,False,frameshift,Pathogenic,c.371_378del
HBB,5224297,5226261,chr11:4650005-4653061,1,0.0057358520387868,VCV000869284,5225666,T,TT,False,frameshift,Pathogenic,c.375dup
HBB,5224297,5226261,chr11:4650005-4653061,1,0.0057358520387868,VCV003572119,5225678,TTT,TTTT,False,frameshift,Likely pathogenic,c.363dup
HBB,5224297,5226261,chr11:4650005-4653061,1,0.0057358520387868,VCV000446736,5225678,C,T,True,missense,Pathogenic,c.364G>A
HBB,5224297,5226261,chr11:4650005-4653061,1,0.0057358520387868,VCV000015404,5225678,C,A,True,nonsense,Pathogenic,c.364G>T
HBB,5224297,5226261,chr11:4650005-4653061,1,0.0057358520387868,VCV000015292,5225678,C,T,True,missense,Pathogenic/Likely pathogenic,c.364G>A
HBB,5224297,5226261,chr11:4650005-4653061,1,0.0057358520387868,VCV000015152,5225678,C,G,True,missense,Pathogenic/Likely pathogenic,c.364G>C
HBB,5224297,5226261,chr11:4650005-4653061,1,0.0057358520387868,VCV003769274,5225693,GG,C,False,frameshift,Likely pathogenic,c.348_349delinsG
HBB,5224297,5226261,chr11:4650005-4653061,1,0.0057358520387868,VCV002691364,5225693,GGCC,GGCCGGCC,False,frameshift,Pathogenic,c.345_348dup
HBB,5224297,5226261,chr11:4650005-4653061,1,0.0057358520387868,VCV000015526,5225695,G,T,True,missense,Pathogenic,c.347C>A
HBB,5224297,5226261,chr11:4650005-4653061,1,0.0057358520387868,VCV004531951,5225696,CC,C,False,frameshift,Pathogenic,c.346del
HBB,5224297,5226261,chr11:4650005-4653061,1,0.0057358520387868,VCV000869279,5225696,CAGCACACAG,CAGCACACAGCACACAG,False,frameshift,Pathogenic,c.339_345dup
HBB,5224297,5226261,chr11:4650005-4653061,1,0.0057358520387868,VCV000015257,5225696,C,G,True,missense,Pathogenic,c.346G>C
HBB,5224297,5226261,chr11:4650005-4653061,1,0.0057358520387868,VCV000015513,5225698,A,G,True,missense,Pathogenic/Likely pathogenic,c.344T>C
HBB,5224297,5226261,chr11:4650005-4653061,1,0.0057358520387868,VCV000015425,5225698,AG,C,False,frameshift,Pathogenic,c.343_344delinsG
HBB,5224297,5226261,chr11:4650005-4653061,1,0.0057358520387868,VCV002681990,5225699,C,CC,False,frameshift,Pathogenic,c.342dup
HBB,5224297,5226261,chr11:4650005-4653061,1,0.0057358520387868,VCV000869280,5225703,A,T,True,nonsense,Pathogenic,c.339T>A
HBB,5224297,5226261,chr11:4650005-4653061,1,0.0057358520387868,VCV000015207,5225705,A,G,True,missense,Pathogenic; other,c.337T>C
HBB,5224297,5226261,chr11:4650005-4653061,1,0.0057358520387868,VCV000015352,5225710,A,G,True,missense,Pathogenic,c.332T>C
HBB,5224297,5226261,chr11:4650005-4653061,1,0.0057358520387868,VCV000015342,5225714,C,T,True,missense,Pathogenic,c.328G>A
HBB,5224297,5226261,chr11:4650005-4653061,1,0.0057358520387868,VCV000015230,5225714,C,G,True,missense,Pathogenic,c.328G>C
HBB,5224297,5226261,chr11:4650005-4653061,1,0.0057358520387868,VCV003336287,5225715,G,C,True,missense,Likely pathogenic,c.327C>G
HBB,5224297,5226261,chr11:4650005-4653061,1,0.0057358520387868,VCV000439153,5225718,CCC,CCCC,False,frameshift,Pathogenic,c.323dup
HBB,5224297,5226261,chr11:4650005-4653061,1,0.0057358520387868,VCV002735520,5225719,C,T,True,missense,Likely pathogenic,c.323G>A
HBB,5224297,5226261,chr11:4650005-4653061,1,0.0057358520387868,VCV000015487,5225722,A,C,True,missense,Pathogenic; other,c.320T>G
HBB,5224297,5226261,chr11:4650005-4653061,1,0.0057358520387868,VCV000015378,5225722,A,T,True,missense,Pathogenic,c.320T>A
HBB,5224297,5226261,chr11:4650005-4653061,1,0.0057358520387868,VCV000552712,5225727,C,T,True,splice_donor,Pathogenic/Likely pathogenic,NM_000518.5(HBB):c.316-1G>A
HBB,5224297,5226261,chr11:4650005-4653061,1,0.0057358520387868,VCV000038671,5225727,C,A,True,splice_donor,Likely pathogenic,NM_000518.5(HBB):c.316-1G>T
HBB,5224297,5226261,chr11:4650005-4653061,1,0.0057358520387868,VCV000015512,5225727,C,G,True,splice_donor,Pathogenic,NM_000518.5(HBB):c.316-1G>C
HBB,5224297,5226261,chr11:4650005-4653061,1,0.0057358520387868,VCV000021191,5225728,T,C,True,splice_donor,Pathogenic,NM_000518.5(HBB):c.316-2A>G
HBB,5224297,5226261,chr11:4650005-4653061,1,0.0057358520387868,VCV000021190,5225728,T,G,True,splice_donor,Pathogenic,NM_000518.5(HBB):c.316-2A>C
HBB,5224297,5226261,chr11:4650005-4653061,1,0.0057358520387868,VCV000619687,5225729,G,C,True,splice_region,Likely pathogenic,NM_000518.5(HBB):c.316-3C>G
HBB,5224297,5226261,chr11:4650005-4653061,1,0.0057358520387868,VCV000015451,5225729,G,T,True,splice_region,Pathogenic/Likely pathogenic,NM_000518.5(HBB):c.316-3C>A
HBB,5224297,5226261,chr11:4650005-4653061,1,0.0057358520387868,VCV000869111,5225733,G,T,True,splice_region,Pathogenic,NM_000518.5(HBB):c.316-7C>A
HBB,5224297,5226261,chr11:4650005-4653061,1,0.0057358520387868,VCV000036313,5225740,A,C,True,intronic,Pathogenic/Likely pathogenic,NM_000518.5(HBB):c.316-14T>G
HBB,5224297,5226261,chr11:4650005-4653061,1,0.0057358520387868,VCV000869277,5225811,AAAATAAAAGCAGAA,AAAATAAAAGCAGAAAATAAAAGCAGAA,False,intronic,Pathogenic,NM_000518.5(HBB):c.316-98_316-86dup
HBB,5224297,5226261,chr11:4650005-4653061,1,0.0057358520387868,VCV000015457,5225832,G,C,True,intronic,Pathogenic/Likely pathogenic,NM_000518.5(HBB):c.316-106C>G
HBB,5224297,5226261,chr11:4650005-4653061,1,0.0057358520387868,VCV000036312,5225872,A,C,True,intronic,Pathogenic,NM_000518.5(HBB):c.316-146T>G
HBB,5224297,5226261,chr11:4650005-4653061,1,0.0057358520387868,VCV000015458,5225923,G,A,True,intronic,Pathogenic,NM_000518.5(HBB):c.316-197C>T
HBB,5224297,5226261,chr11:4650005-4653061,1,0.0057358520387868,VCV000869236,5225928,AA,A,False,intronic,Pathogenic,NM_000518.5(HBB):c.316-202del
HBB,5224297,5226261,chr11:4901824-4903795,1,0.00872298298719916,VCV000439130,5225466,G,A,True,3_prime_UTR,Likely pathogenic,NM_000518.5(HBB):c.*132C>T
HBB,5224297,5226261,chr11:4901824-4903795,1,0.00872298298719916,VCV000869259,5225482,TTTTTT,TTTT,False,3_prime_UTR,Likely pathogenic,NM_000518.5(HBB):c.*115_*116del
HBB,5224297,5226261,chr11:4901824-4903795,1,0.00872298298719916,VCV000015474,5225482,TTTTTT,TTTTT,False,3_prime_UTR,Pathogenic,NM_000518.5(HBB):c.*116del
HBB,5224297,5226261,chr11:4901824-4903795,1,0.00872298298719916,VCV000015506,5225484,TTTTATT,TT,False,3_prime_UTR,Pathogenic/Likely pathogenic,NM_000518.5(HBB):c.*110_*114del
HBB,5224297,5226261,chr11:4901824-4903795,1,0.00872298298719916,VCV000015473,5225485,T,C,True,3_prime_UTR,Pathogenic,NM_000518.5(HBB):c.*113A>G
HBB,5224297,5226261,chr11:4901824-4903795,1,0.00872298298719916,VCV000632843,5225487,TAT,T,False,3_prime_UTR,Pathogenic/Likely pathogenic,NM_000518.5(HBB):c.*110_*111del
HBB,5224297,5226261,chr11:4901824-4903795,1,0.00872298298719916,VCV000015488,5225487,T,C,True,3_prime_UTR,Pathogenic,NM_000518.5(HBB):c.*111A>G
HBB,5224297,5226261,chr11:4901824-4903795,1,0.00872298298719916,VCV000036332,5225488,A,G,True,3_prime_UTR,Pathogenic,NM_000518.5(HBB):c.*110T>C
HBB,5224297,5226261,chr11:4901824-4903795,1,0.00872298298719916,VCV000015616,5225488,A,T,True,3_prime_UTR,Pathogenic,NM_000518.5(HBB):c.*110T>A
HBB,5224297,5226261,chr11:4901824-4903795,1,0.00872298298719916,VCV000869258,5225490,T,C,True,3_prime_UTR,Pathogenic,NM_000518.5(HBB):c.*108A>G
HBB,5224297,5226261,chr11:4901824-4903795,1,0.00872298298719916,VCV000869261,5225493,GCAGAATCCAGATGC,GC,False,3_prime_UTR,Pathogenic,NM_000518.5(HBB):c.*93_*105del
HBB,5224297,5226261,chr11:4901824-4903795,1,0.00872298298719916,VCV000869260,5225566,T,G,True,3_prime_UTR,Pathogenic,NM_000518.5(HBB):c.*32A>C
HBB,5224297,5226261,chr11:4901824-4903795,1,0.00872298298719916,VCV000393707,5225592,G,C,True,3_prime_UTR,Pathogenic/Likely pathogenic,NM_000518.5(HBB):c.*6C>G
HBB,5224297,5226261,chr11:4901824-4903795,1,0.00872298298719916,VCV000015395,5225602,T,G,True,missense,Pathogenic,c.440A>C
HBB,5224297,5226261,chr11:4901824-4903795,1,0.00872298298719916,VCV000015144,5225602,T,A,True,missense,Pathogenic; other,c.440A>T
HBB,5224297,5226261,chr11:4901824-4903795,1,0.00872298298719916,VCV000015200,5225603,G,C,True,missense,Pathogenic; other,c.439C>G
HBB,5224297,5226261,chr11:4901824-4903795,1,0.00872298298719916,VCV000015265,5225604,A,T,True,nonsense,Pathogenic; other,c.438T>A
HBB,5224297,5226261,chr11:4901824-4903795,1,0.00872298298719916,VCV000015322,5225605,T,C,True,missense,Pathogenic,c.437A>G
HBB,5224297,5226261,chr11:4901824-4903795,1,0.00872298298719916,VCV000633256,5225606,A,T,True,missense,Pathogenic,c.436T>A
HBB,5224297,5226261,chr11:4901824-4903795,1,0.00872298298719916,VCV000015112,5225606,A,G,True,missense,Pathogenic,c.436T>C
HBB,5224297,5226261,chr11:4901824-4903795,1,0.00872298298719916,VCV000015096,5225607,C,G,True,missense,Pathogenic,c.435G>C
HBB,5224297,5226261,chr11:4901824-4903795,1,0.00872298298719916,VCV000015250,5225610,G,Y,False,missense,Pathogenic,Hb Little Rock
HBB,5224297,5226261,chr11:4901824-4903795,1,0.00872298298719916,VCV000015365,5225611,T,G,True,missense,Pathogenic,c.431A>C
HBB,5224297,5226261,chr11:4901824-4903795,1,0.00872298298719916,VCV000015090,5225611,T,C,True,missense,Pathogenic/Likely pathogenic,c.431A>G
HBB,5224297,5226261,chr11:4901824-4903795,1,0.00872298298719916,VCV000869318,5225612,GGG,G,False,frameshift,Pathogenic,c.429_430del
HBB,5224297,5226261,chr11:4901824-4903795,1,0.00872298298719916,VCV000015545,5225620,G,A,True,missense,Pathogenic,c.422C>T
HBB,5224297,5226261,chr11:4901824-4903795,1,0.00872298298719916,VCV000015339,5225621,C,T,True,missense,Pathogenic; other,c.421G>A
HBB,5224297,5226261,chr11:4901824-4903795,1,0.00872298298719916,VCV000869317,5225624,A,AA,False,nonsense,Pathogenic,c.417dup
HBB,5224297,5226261,chr11:4901824-4903795,1,0.00872298298719916,VCV001189030,5225638,ACCACTTTCTGA,A,False,frameshift,Pathogenic,c.394_404del
HBB,5224297,5226261,chr11:4901824-4903795,1,0.00872298298719916,VCV000015290,5225638,A,T,True,missense,Pathogenic,c.404T>A
HBB,5224297,5226261,chr11:4901824-4903795,1,0.00872298298719916,VCV000928758,5225645,TCT,T,False,frameshift,Likely pathogenic,c.396_397del
HBB,5224297,5226261,chr11:4901824-4903795,1,0.00872298298719916,VCV000869314,5225645,T,A,True,nonsense,Pathogenic,c.397A>T
HBB,5224297,5226261,chr11:4901824-4903795,1,0.00872298298719916,VCV001459872,5225646,CTGATAGGCAGCCTGCACTG,CTG,False,frameshift,Pathogenic,c.380_396del
HBB,5224297,5226261,chr11:4901824-4903795,1,0.00872298298719916,VCV000869312,5225646,T,TT,False,frameshift,Pathogenic,c.395dup
HBB,5224297,5226261,chr11:4901824-4903795,1,0.00872298298719916,VCV000015348,5225647,T,G,True,missense,Likely pathogenic,c.395A>C
HBB,5224297,5226261,chr11:4901824-4903795,1,0.00872298298719916,VCV000869311,5225648,G,A,True,nonsense,Pathogenic,c.394C>T
HBB,5224297,5226261,chr11:4901824-4903795,1,0.00872298298719916,VCV000801192,5225649,A,T,True,nonsense,Pathogenic,c.393T>A
HBB,5224297,5226261,chr11:4901824-4903795,1,0.00872298298719916,VCV000869313,5225654,CAGC,TGTGG,False,frameshift,Pathogenic,c.385_388delinsCCACA
HBB,5224297,5226261,chr11:4901824-4903795,1,0.00872298298719916,VCV000015537,5225659,T,C,True,missense,Pathogenic; other,c.383A>G
HBB,5224297,5226261,chr11:4901824-4903795,1,0.00872298298719916,VCV000015409,5225659,T,G,True,missense,Pathogenic,c.383A>C
HBB,5224297,5226261,chr11:4901824-4903795,1,0.00872298298719916,VCV001705074,5225660,G,A,True,nonsense,Pathogenic,c.382C>T
HBB,5224297,5226261,chr11:4901824-4903795,1,0.00872298298719916,VCV000015483,5225662,A,C,True,missense,Pathogenic/Likely pathogenic,c.380T>G
HBB,5224297,5226261,chr11:4901824-4903795,1,0.00872298298719916,VCV000495998,5225664,TGGTGGGGTG,TG,False,frameshift,Pathogenic,c.371_378del
HBB,5224297,5226261,chr11:4901824-4903795,1,0.00872298298719916,VCV000869284,5225666,T,TT,False,frameshift,Pathogenic,c.375dup
HBB,5224297,5226261,chr11:4901824-4903795,1,0.00872298298719916,VCV003572119,5225678,TTT,TTTT,False,frameshift,Likely pathogenic,c.363dup
HBB,5224297,5226261,chr11:4901824-4903795,1,0.00872298298719916,VCV000446736,5225678,C,T,True,missense,Pathogenic,c.364G>A
HBB,5224297,5226261,chr11:4901824-4903795,1,0.00872298298719916,VCV000015404,5225678,C,A,True,nonsense,Pathogenic,c.364G>T
HBB,5224297,5226261,chr11:4901824-4903795,1,0.00872298298719916,VCV000015292,5225678,C,T,True,missense,Pathogenic/Likely pathogenic,c.364G>A
HBB,5224297,5226261,chr11:4901824-4903795,1,0.00872298298719916,VCV000015152,5225678,C,G,True,missense,Pathogenic/Likely pathogenic,c.364G>C
HBB,5224297,5226261,chr11:4901824-4903795,1,0.00872298298719916,VCV003769274,5225693,GG,C,False,frameshift,Likely pathogenic,c.348_349delinsG
HBB,5224297,5226261,chr11:4901824-4903795,1,0.00872298298719916,VCV002691364,5225693,GGCC,GGCCGGCC,False,frameshift,Pathogenic,c.345_348dup
HBB,5224297,5226261,chr11:4901824-4903795,1,0.00872298298719916,VCV000015526,5225695,G,T,True,missense,Pathogenic,c.347C>A
HBB,5224297,5226261,chr11:4901824-4903795,1,0.00872298298719916,VCV004531951,5225696,CC,C,False,frameshift,Pathogenic,c.346del
HBB,5224297,5226261,chr11:4901824-4903795,1,0.00872298298719916,VCV000869279,5225696,CAGCACACAG,CAGCACACAGCACACAG,False,frameshift,Pathogenic,c.339_345dup
HBB,5224297,5226261,chr11:4901824-4903795,1,0.00872298298719916,VCV000015257,5225696,C,G,True,missense,Pathogenic,c.346G>C
HBB,5224297,5226261,chr11:4901824-4903795,1,0.00872298298719916,VCV000015513,5225698,A,G,True,missense,Pathogenic/Likely pathogenic,c.344T>C
HBB,5224297,5226261,chr11:4901824-4903795,1,0.00872298298719916,VCV000015425,5225698,AG,C,False,frameshift,Pathogenic,c.343_344delinsG
HBB,5224297,5226261,chr11:4901824-4903795,1,0.00872298298719916,VCV002681990,5225699,C,CC,False,frameshift,Pathogenic,c.342dup
HBB,5224297,5226261,chr11:4901824-4903795,1,0.00872298298719916,VCV000869280,5225703,A,T,True,nonsense,Pathogenic,c.339T>A
HBB,5224297,5226261,chr11:4901824-4903795,1,0.00872298298719916,VCV000015207,5225705,A,G,True,missense,Pathogenic; other,c.337T>C
HBB,5224297,5226261,chr11:4901824-4903795,1,0.00872298298719916,VCV000015352,5225710,A,G,True,missense,Pathogenic,c.332T>C
HBB,5224297,5226261,chr11:4901824-4903795,1,0.00872298298719916,VCV000015342,5225714,C,T,True,missense,Pathogenic,c.328G>A
HBB,5224297,5226261,chr11:4901824-4903795,1,0.00872298298719916,VCV000015230,5225714,C,G,True,missense,Pathogenic,c.328G>C
HBB,5224297,5226261,chr11:4901824-4903795,1,0.00872298298719916,VCV003336287,5225715,G,C,True,missense,Likely pathogenic,c.327C>G
HBB,5224297,5226261,chr11:4901824-4903795,1,0.00872298298719916,VCV000439153,5225718,CCC,CCCC,False,frameshift,Pathogenic,c.323dup
HBB,5224297,5226261,chr11:4901824-4903795,1,0.00872298298719916,VCV002735520,5225719,C,T,True,missense,Likely pathogenic,c.323G>A
HBB,5224297,5226261,chr11:4901824-4903795,1,0.00872298298719916,VCV000015487,5225722,A,C,True,missense,Pathogenic; other,c.320T>G
HBB,5224297,5226261,chr11:4901824-4903795,1,0.00872298298719916,VCV000015378,5225722,A,T,True,missense,Pathogenic,c.320T>A
HBB,5224297,5226261,chr11:4901824-4903795,1,0.00872298298719916,VCV000552712,5225727,C,T,True,splice_donor,Pathogenic/Likely pathogenic,NM_000518.5(HBB):c.316-1G>A
HBB,5224297,5226261,chr11:4901824-4903795,1,0.00872298298719916,VCV000038671,5225727,C,A,True,splice_donor,Likely pathogenic,NM_000518.5(HBB):c.316-1G>T
HBB,5224297,5226261,chr11:4901824-4903795,1,0.00872298298719916,VCV000015512,5225727,C,G,True,splice_donor,Pathogenic,NM_000518.5(HBB):c.316-1G>C
HBB,5224297,5226261,chr11:4901824-4903795,1,0.00872298298719916,VCV000021191,5225728,T,C,True,splice_donor,Pathogenic,NM_000518.5(HBB):c.316-2A>G
HBB,5224297,5226261,chr11:4901824-4903795,1,0.00872298298719916,VCV000021190,5225728,T,G,True,splice_donor,Pathogenic,NM_000518.5(HBB):c.316-2A>C
HBB,5224297,5226261,chr11:4901824-4903795,1,0.00872298298719916,VCV000619687,5225729,G,C,True,splice_region,Likely pathogenic,NM_000518.5(HBB):c.316-3C>G
HBB,5224297,5226261,chr11:4901824-4903795,1,0.00872298298719916,VCV000015451,5225729,G,T,True,splice_region,Pathogenic/Likely pathogenic,NM_000518.5(HBB):c.316-3C>A
HBB,5224297,5226261,chr11:4901824-4903795,1,0.00872298298719916,VCV000869111,5225733,G,T,True,splice_region,Pathogenic,NM_000518.5(HBB):c.316-7C>A
HBB,5224297,5226261,chr11:4901824-4903795,1,0.00872298298719916,VCV000036313,5225740,A,C,True,intronic,Pathogenic/Likely pathogenic,NM_000518.5(HBB):c.316-14T>G
HBB,5224297,5226261,chr11:4901824-4903795,1,0.00872298298719916,VCV000869277,5225811,AAAATAAAAGCAGAA,AAAATAAAAGCAGAAAATAAAAGCAGAA,False,intronic,Pathogenic,NM_000518.5(HBB):c.316-98_316-86dup
HBB,5224297,5226261,chr11:4901824-4903795,1,0.00872298298719916,VCV000015457,5225832,G,C,True,intronic,Pathogenic/Likely pathogenic,NM_000518.5(HBB):c.316-106C>G
HBB,5224297,5226261,chr11:4901824-4903795,1,0.00872298298719916,VCV000036312,5225872,A,C,True,intronic,Pathogenic,NM_000518.5(HBB):c.316-146T>G
HBB,5224297,5226261,chr11:4901824-4903795,1,0.00872298298719916,VCV000015458,5225923,G,A,True,intronic,Pathogenic,NM_000518.5(HBB):c.316-197C>T
HBB,5224297,5226261,chr11:4901824-4903795,1,0.00872298298719916,VCV000869236,5225928,AA,A,False,intronic,Pathogenic,NM_000518.5(HBB):c.316-202del
HBB,5224297,5226261,chr11:5154623-5156709,2,0.475518294010865,VCV000439130,5225466,G,A,True,3_prime_UTR,Likely pathogenic,NM_000518.5(HBB):c.*132C>T
HBB,5224297,5226261,chr11:5154623-5156709,2,0.475518294010865,VCV000869259,5225482,TTTTTT,TTTT,False,3_prime_UTR,Likely pathogenic,NM_000518.5(HBB):c.*115_*116del
HBB,5224297,5226261,chr11:5154623-5156709,2,0.475518294010865,VCV000015474,5225482,TTTTTT,TTTTT,False,3_prime_UTR,Pathogenic,NM_000518.5(HBB):c.*116del
HBB,5224297,5226261,chr11:5154623-5156709,2,0.475518294010865,VCV000015506,5225484,TTTTATT,TT,False,3_prime_UTR,Pathogenic/Likely pathogenic,NM_000518.5(HBB):c.*110_*114del
HBB,5224297,5226261,chr11:5154623-5156709,2,0.475518294010865,VCV000015473,5225485,T,C,True,3_prime_UTR,Pathogenic,NM_000518.5(HBB):c.*113A>G
HBB,5224297,5226261,chr11:5154623-5156709,2,0.475518294010865,VCV000632843,5225487,TAT,T,False,3_prime_UTR,Pathogenic/Likely pathogenic,NM_000518.5(HBB):c.*110_*111del
HBB,5224297,5226261,chr11:5154623-5156709,2,0.475518294010865,VCV000015488,5225487,T,C,True,3_prime_UTR,Pathogenic,NM_000518.5(HBB):c.*111A>G
HBB,5224297,5226261,chr11:5154623-5156709,2,0.475518294010865,VCV000036332,5225488,A,G,True,3_prime_UTR,Pathogenic,NM_000518.5(HBB):c.*110T>C
HBB,5224297,5226261,chr11:5154623-5156709,2,0.475518294010865,VCV000015616,5225488,A,T,True,3_prime_UTR,Pathogenic,NM_000518.5(HBB):c.*110T>A
HBB,5224297,5226261,chr11:5154623-5156709,2,0.475518294010865,VCV000869258,5225490,T,C,True,3_prime_UTR,Pathogenic,NM_000518.5(HBB):c.*108A>G
HBB,5224297,5226261,chr11:5154623-5156709,2,0.475518294010865,VCV000869261,5225493,GCAGAATCCAGATGC,GC,False,3_prime_UTR,Pathogenic,NM_000518.5(HBB):c.*93_*105del
HBB,5224297,5226261,chr11:5154623-5156709,2,0.475518294010865,VCV000869260,5225566,T,G,True,3_prime_UTR,Pathogenic,NM_000518.5(HBB):c.*32A>C
HBB,5224297,5226261,chr11:5154623-5156709,2,0.475518294010865,VCV000393707,5225592,G,C,True,3_prime_UTR,Pathogenic/Likely pathogenic,NM_000518.5(HBB):c.*6C>G
HBB,5224297,5226261,chr11:5154623-5156709,2,0.475518294010865,VCV000015395,5225602,T,G,True,missense,Pathogenic,c.440A>C
HBB,5224297,5226261,chr11:5154623-5156709,2,0.475518294010865,VCV000015144,5225602,T,A,True,missense,Pathogenic; other,c.440A>T
HBB,5224297,5226261,chr11:5154623-5156709,2,0.475518294010865,VCV000015200,5225603,G,C,True,missense,Pathogenic; other,c.439C>G
HBB,5224297,5226261,chr11:5154623-5156709,2,0.475518294010865,VCV000015265,5225604,A,T,True,nonsense,Pathogenic; other,c.438T>A
HBB,5224297,5226261,chr11:5154623-5156709,2,0.475518294010865,VCV000015322,5225605,T,C,True,missense,Pathogenic,c.437A>G
HBB,5224297,5226261,chr11:5154623-5156709,2,0.475518294010865,VCV000633256,5225606,A,T,True,missense,Pathogenic,c.436T>A
HBB,5224297,5226261,chr11:5154623-5156709,2,0.475518294010865,VCV000015112,5225606,A,G,True,missense,Pathogenic,c.436T>C
HBB,5224297,5226261,chr11:5154623-5156709,2,0.475518294010865,VCV000015096,5225607,C,G,True,missense,Pathogenic,c.435G>C
HBB,5224297,5226261,chr11:5154623-5156709,2,0.475518294010865,VCV000015250,5225610,G,Y,False,missense,Pathogenic,Hb Little Rock
HBB,5224297,5226261,chr11:5154623-5156709,2,0.475518294010865,VCV000015365,5225611,T,G,True,missense,Pathogenic,c.431A>C
HBB,5224297,5226261,chr11:5154623-5156709,2,0.475518294010865,VCV000015090,5225611,T,C,True,missense,Pathogenic/Likely pathogenic,c.431A>G
HBB,5224297,5226261,chr11:5154623-5156709,2,0.475518294010865,VCV000869318,5225612,GGG,G,False,frameshift,Pathogenic,c.429_430del
HBB,5224297,5226261,chr11:5154623-5156709,2,0.475518294010865,VCV000015545,5225620,G,A,True,missense,Pathogenic,c.422C>T
HBB,5224297,5226261,chr11:5154623-5156709,2,0.475518294010865,VCV000015339,5225621,C,T,True,missense,Pathogenic; other,c.421G>A
HBB,5224297,5226261,chr11:5154623-5156709,2,0.475518294010865,VCV000869317,5225624,A,AA,False,nonsense,Pathogenic,c.417dup
HBB,5224297,5226261,chr11:5154623-5156709,2,0.475518294010865,VCV001189030,5225638,ACCACTTTCTGA,A,False,frameshift,Pathogenic,c.394_404del
HBB,5224297,5226261,chr11:5154623-5156709,2,0.475518294010865,VCV000015290,5225638,A,T,True,missense,Pathogenic,c.404T>A
HBB,5224297,5226261,chr11:5154623-5156709,2,0.475518294010865,VCV000928758,5225645,TCT,T,False,frameshift,Likely pathogenic,c.396_397del
HBB,5224297,5226261,chr11:5154623-5156709,2,0.475518294010865,VCV000869314,5225645,T,A,True,nonsense,Pathogenic,c.397A>T
HBB,5224297,5226261,chr11:5154623-5156709,2,0.475518294010865,VCV001459872,5225646,CTGATAGGCAGCCTGCACTG,CTG,False,frameshift,Pathogenic,c.380_396del
HBB,5224297,5226261,chr11:5154623-5156709,2,0.475518294010865,VCV000869312,5225646,T,TT,False,frameshift,Pathogenic,c.395dup
HBB,5224297,5226261,chr11:5154623-5156709,2,0.475518294010865,VCV000015348,5225647,T,G,True,missense,Likely pathogenic,c.395A>C
HBB,5224297,5226261,chr11:5154623-5156709,2,0.475518294010865,VCV000869311,5225648,G,A,True,nonsense,Pathogenic,c.394C>T
HBB,5224297,5226261,chr11:5154623-5156709,2,0.475518294010865,VCV000801192,5225649,A,T,True,nonsense,Pathogenic,c.393T>A
HBB,5224297,5226261,chr11:5154623-5156709,2,0.475518294010865,VCV000869313,5225654,CAGC,TGTGG,False,frameshift,Pathogenic,c.385_388delinsCCACA
HBB,5224297,5226261,chr11:5154623-5156709,2,0.475518294010865,VCV000015537,5225659,T,C,True,missense,Pathogenic; other,c.383A>G
HBB,5224297,5226261,chr11:5154623-5156709,2,0.475518294010865,VCV000015409,5225659,T,G,True,missense,Pathogenic,c.383A>C
HBB,5224297,5226261,chr11:5154623-5156709,2,0.475518294010865,VCV001705074,5225660,G,A,True,nonsense,Pathogenic,c.382C>T
HBB,5224297,5226261,chr11:5154623-5156709,2,0.475518294010865,VCV000015483,5225662,A,C,True,missense,Pathogenic/Likely pathogenic,c.380T>G
HBB,5224297,5226261,chr11:5154623-5156709,2,0.475518294010865,VCV000495998,5225664,TGGTGGGGTG,TG,False,frameshift,Pathogenic,c.371_378del
HBB,5224297,5226261,chr11:5154623-5156709,2,0.475518294010865,VCV000869284,5225666,T,TT,False,frameshift,Pathogenic,c.375dup
HBB,5224297,5226261,chr11:5154623-5156709,2,0.475518294010865,VCV003572119,5225678,TTT,TTTT,False,frameshift,Likely pathogenic,c.363dup
HBB,5224297,5226261,chr11:5154623-5156709,2,0.475518294010865,VCV000446736,5225678,C,T,True,missense,Pathogenic,c.364G>A
HBB,5224297,5226261,chr11:5154623-5156709,2,0.475518294010865,VCV000015404,5225678,C,A,True,nonsense,Pathogenic,c.364G>T
HBB,5224297,5226261,chr11:5154623-5156709,2,0.475518294010865,VCV000015292,5225678,C,T,True,missense,Pathogenic/Likely pathogenic,c.364G>A
HBB,5224297,5226261,chr11:5154623-5156709,2,0.475518294010865,VCV000015152,5225678,C,G,True,missense,Pathogenic/Likely pathogenic,c.364G>C
HBB,5224297,5226261,chr11:5154623-5156709,2,0.475518294010865,VCV003769274,5225693,GG,C,False,frameshift,Likely pathogenic,c.348_349delinsG
HBB,5224297,5226261,chr11:5154623-5156709,2,0.475518294010865,VCV002691364,5225693,GGCC,GGCCGGCC,False,frameshift,Pathogenic,c.345_348dup
HBB,5224297,5226261,chr11:5154623-5156709,2,0.475518294010865,VCV000015526,5225695,G,T,True,missense,Pathogenic,c.347C>A
HBB,5224297,5226261,chr11:5154623-5156709,2,0.475518294010865,VCV004531951,5225696,CC,C,False,frameshift,Pathogenic,c.346del
HBB,5224297,5226261,chr11:5154623-5156709,2,0.475518294010865,VCV000869279,5225696,CAGCACACAG,CAGCACACAGCACACAG,False,frameshift,Pathogenic,c.339_345dup
HBB,5224297,5226261,chr11:5154623-5156709,2,0.475518294010865,VCV000015257,5225696,C,G,True,missense,Pathogenic,c.346G>C
HBB,5224297,5226261,chr11:5154623-5156709,2,0.475518294010865,VCV000015513,5225698,A,G,True,missense,Pathogenic/Likely pathogenic,c.344T>C
HBB,5224297,5226261,chr11:5154623-5156709,2,0.475518294010865,VCV000015425,5225698,AG,C,False,frameshift,Pathogenic,c.343_344delinsG
HBB,5224297,5226261,chr11:5154623-5156709,2,0.475518294010865,VCV002681990,5225699,C,CC,False,frameshift,Pathogenic,c.342dup
HBB,5224297,5226261,chr11:5154623-5156709,2,0.475518294010865,VCV000869280,5225703,A,T,True,nonsense,Pathogenic,c.339T>A
HBB,5224297,5226261,chr11:5154623-5156709,2,0.475518294010865,VCV000015207,5225705,A,G,True,missense,Pathogenic; other,c.337T>C
HBB,5224297,5226261,chr11:5154623-5156709,2,0.475518294010865,VCV000015352,5225710,A,G,True,missense,Pathogenic,c.332T>C
HBB,5224297,5226261,chr11:5154623-5156709,2,0.475518294010865,VCV000015342,5225714,C,T,True,missense,Pathogenic,c.328G>A
HBB,5224297,5226261,chr11:5154623-5156709,2,0.475518294010865,VCV000015230,5225714,C,G,True,missense,Pathogenic,c.328G>C
HBB,5224297,5226261,chr11:5154623-5156709,2,0.475518294010865,VCV003336287,5225715,G,C,True,missense,Likely pathogenic,c.327C>G
HBB,5224297,5226261,chr11:5154623-5156709,2,0.475518294010865,VCV000439153,5225718,CCC,CCCC,False,frameshift,Pathogenic,c.323dup
HBB,5224297,5226261,chr11:5154623-5156709,2,0.475518294010865,VCV002735520,5225719,C,T,True,missense,Likely pathogenic,c.323G>A
HBB,5224297,5226261,chr11:5154623-5156709,2,0.475518294010865,VCV000015487,5225722,A,C,True,missense,Pathogenic; other,c.320T>G
HBB,5224297,5226261,chr11:5154623-5156709,2,0.475518294010865,VCV000015378,5225722,A,T,True,missense,Pathogenic,c.320T>A
HBB,5224297,5226261,chr11:5154623-5156709,2,0.475518294010865,VCV000552712,5225727,C,T,True,splice_donor,Pathogenic/Likely pathogenic,NM_000518.5(HBB):c.316-1G>A
HBB,5224297,5226261,chr11:5154623-5156709,2,0.475518294010865,VCV000038671,5225727,C,A,True,splice_donor,Likely pathogenic,NM_000518.5(HBB):c.316-1G>T
HBB,5224297,5226261,chr11:5154623-5156709,2,0.475518294010865,VCV000015512,5225727,C,G,True,splice_donor,Pathogenic,NM_000518.5(HBB):c.316-1G>C
HBB,5224297,5226261,chr11:5154623-5156709,2,0.475518294010865,VCV000021191,5225728,T,C,True,splice_donor,Pathogenic,NM_000518.5(HBB):c.316-2A>G
HBB,5224297,5226261,chr11:5154623-5156709,2,0.475518294010865,VCV000021190,5225728,T,G,True,splice_donor,Pathogenic,NM_000518.5(HBB):c.316-2A>C
HBB,5224297,5226261,chr11:5154623-5156709,2,0.475518294010865,VCV000619687,5225729,G,C,True,splice_region,Likely pathogenic,NM_000518.5(HBB):c.316-3C>G
HBB,5224297,5226261,chr11:5154623-5156709,2,0.475518294010865,VCV000015451,5225729,G,T,True,splice_region,Pathogenic/Likely pathogenic,NM_000518.5(HBB):c.316-3C>A
HBB,5224297,5226261,chr11:5154623-5156709,2,0.475518294010865,VCV000869111,5225733,G,T,True,splice_region,Pathogenic,NM_000518.5(HBB):c.316-7C>A
HBB,5224297,5226261,chr11:5154623-5156709,2,0.475518294010865,VCV000036313,5225740,A,C,True,intronic,Pathogenic/Likely pathogenic,NM_000518.5(HBB):c.316-14T>G
HBB,5224297,5226261,chr11:5154623-5156709,2,0.475518294010865,VCV000869277,5225811,AAAATAAAAGCAGAA,AAAATAAAAGCAGAAAATAAAAGCAGAA,False,intronic,Pathogenic,NM_000518.5(HBB):c.316-98_316-86dup
HBB,5224297,5226261,chr11:5154623-5156709,2,0.475518294010865,VCV000015457,5225832,G,C,True,intronic,Pathogenic/Likely pathogenic,NM_000518.5(HBB):c.316-106C>G
HBB,5224297,5226261,chr11:5154623-5156709,2,0.475518294010865,VCV000036312,5225872,A,C,True,intronic,Pathogenic,NM_000518.5(HBB):c.316-146T>G
HBB,5224297,5226261,chr11:5154623-5156709,2,0.475518294010865,VCV000015458,5225923,G,A,True,intronic,Pathogenic,NM_000518.5(HBB):c.316-197C>T
HBB,5224297,5226261,chr11:5154623-5156709,2,0.475518294010865,VCV000869236,5225928,AA,A,False,intronic,Pathogenic,NM_000518.5(HBB):c.316-202del
HBB,5224297,5226261,chr11:5200904-5203411,1,0.831916777797602,VCV000439130,5225466,G,A,True,3_prime_UTR,Likely pathogenic,NM_000518.5(HBB):c.*132C>T
HBB,5224297,5226261,chr11:5200904-5203411,1,0.831916777797602,VCV000869259,5225482,TTTTTT,TTTT,False,3_prime_UTR,Likely pathogenic,NM_000518.5(HBB):c.*115_*116del
HBB,5224297,5226261,chr11:5200904-5203411,1,0.831916777797602,VCV000015474,5225482,TTTTTT,TTTTT,False,3_prime_UTR,Pathogenic,NM_000518.5(HBB):c.*116del
HBB,5224297,5226261,chr11:5200904-5203411,1,0.831916777797602,VCV000015506,5225484,TTTTATT,TT,False,3_prime_UTR,Pathogenic/Likely pathogenic,NM_000518.5(HBB):c.*110_*114del
HBB,5224297,5226261,chr11:5200904-5203411,1,0.831916777797602,VCV000015473,5225485,T,C,True,3_prime_UTR,Pathogenic,NM_000518.5(HBB):c.*113A>G
HBB,5224297,5226261,chr11:5200904-5203411,1,0.831916777797602,VCV000632843,5225487,TAT,T,False,3_prime_UTR,Pathogenic/Likely pathogenic,NM_000518.5(HBB):c.*110_*111del
HBB,5224297,5226261,chr11:5200904-5203411,1,0.831916777797602,VCV000015488,5225487,T,C,True,3_prime_UTR,Pathogenic,NM_000518.5(HBB):c.*111A>G
HBB,5224297,5226261,chr11:5200904-5203411,1,0.831916777797602,VCV000036332,5225488,A,G,True,3_prime_UTR,Pathogenic,NM_000518.5(HBB):c.*110T>C
HBB,5224297,5226261,chr11:5200904-5203411,1,0.831916777797602,VCV000015616,5225488,A,T,True,3_prime_UTR,Pathogenic,NM_000518.5(HBB):c.*110T>A
HBB,5224297,5226261,chr11:5200904-5203411,1,0.831916777797602,VCV000869258,5225490,T,C,True,3_prime_UTR,Pathogenic,NM_000518.5(HBB):c.*108A>G
HBB,5224297,5226261,chr11:5200904-5203411,1,0.831916777797602,VCV000869261,5225493,GCAGAATCCAGATGC,GC,False,3_prime_UTR,Pathogenic,NM_000518.5(HBB):c.*93_*105del
HBB,5224297,5226261,chr11:5200904-5203411,1,0.831916777797602,VCV000869260,5225566,T,G,True,3_prime_UTR,Pathogenic,NM_000518.5(HBB):c.*32A>C
HBB,5224297,5226261,chr11:5200904-5203411,1,0.831916777797602,VCV000393707,5225592,G,C,True,3_prime_UTR,Pathogenic/Likely pathogenic,NM_000518.5(HBB):c.*6C>G
HBB,5224297,5226261,chr11:5200904-5203411,1,0.831916777797602,VCV000015395,5225602,T,G,True,missense,Pathogenic,c.440A>C
HBB,5224297,5226261,chr11:5200904-5203411,1,0.831916777797602,VCV000015144,5225602,T,A,True,missense,Pathogenic; other,c.440A>T
HBB,5224297,5226261,chr11:5200904-5203411,1,0.831916777797602,VCV000015200,5225603,G,C,True,missense,Pathogenic; other,c.439C>G
HBB,5224297,5226261,chr11:5200904-5203411,1,0.831916777797602,VCV000015265,5225604,A,T,True,nonsense,Pathogenic; other,c.438T>A
HBB,5224297,5226261,chr11:5200904-5203411,1,0.831916777797602,VCV000015322,5225605,T,C,True,missense,Pathogenic,c.437A>G
HBB,5224297,5226261,chr11:5200904-5203411,1,0.831916777797602,VCV000633256,5225606,A,T,True,missense,Pathogenic,c.436T>A
HBB,5224297,5226261,chr11:5200904-5203411,1,0.831916777797602,VCV000015112,5225606,A,G,True,missense,Pathogenic,c.436T>C
HBB,5224297,5226261,chr11:5200904-5203411,1,0.831916777797602,VCV000015096,5225607,C,G,True,missense,Pathogenic,c.435G>C
HBB,5224297,5226261,chr11:5200904-5203411,1,0.831916777797602,VCV000015250,5225610,G,Y,False,missense,Pathogenic,Hb Little Rock
HBB,5224297,5226261,chr11:5200904-5203411,1,0.831916777797602,VCV000015365,5225611,T,G,True,missense,Pathogenic,c.431A>C
HBB,5224297,5226261,chr11:5200904-5203411,1,0.831916777797602,VCV000015090,5225611,T,C,True,missense,Pathogenic/Likely pathogenic,c.431A>G
HBB,5224297,5226261,chr11:5200904-5203411,1,0.831916777797602,VCV000869318,5225612,GGG,G,False,frameshift,Pathogenic,c.429_430del
HBB,5224297,5226261,chr11:5200904-5203411,1,0.831916777797602,VCV000015545,5225620,G,A,True,missense,Pathogenic,c.422C>T
HBB,5224297,5226261,chr11:5200904-5203411,1,0.831916777797602,VCV000015339,5225621,C,T,True,missense,Pathogenic; other,c.421G>A
HBB,5224297,5226261,chr11:5200904-5203411,1,0.831916777797602,VCV000869317,5225624,A,AA,False,nonsense,Pathogenic,c.417dup
HBB,5224297,5226261,chr11:5200904-5203411,1,0.831916777797602,VCV001189030,5225638,ACCACTTTCTGA,A,False,frameshift,Pathogenic,c.394_404del
HBB,5224297,5226261,chr11:5200904-5203411,1,0.831916777797602,VCV000015290,5225638,A,T,True,missense,Pathogenic,c.404T>A
HBB,5224297,5226261,chr11:5200904-5203411,1,0.831916777797602,VCV000928758,5225645,TCT,T,False,frameshift,Likely pathogenic,c.396_397del
HBB,5224297,5226261,chr11:5200904-5203411,1,0.831916777797602,VCV000869314,5225645,T,A,True,nonsense,Pathogenic,c.397A>T
HBB,5224297,5226261,chr11:5200904-5203411,1,0.831916777797602,VCV001459872,5225646,CTGATAGGCAGCCTGCACTG,CTG,False,frameshift,Pathogenic,c.380_396del
HBB,5224297,5226261,chr11:5200904-5203411,1,0.831916777797602,VCV000869312,5225646,T,TT,False,frameshift,Pathogenic,c.395dup
HBB,5224297,5226261,chr11:5200904-5203411,1,0.831916777797602,VCV000015348,5225647,T,G,True,missense,Likely pathogenic,c.395A>C
HBB,5224297,5226261,chr11:5200904-5203411,1,0.831916777797602,VCV000869311,5225648,G,A,True,nonsense,Pathogenic,c.394C>T
HBB,5224297,5226261,chr11:5200904-5203411,1,0.831916777797602,VCV000801192,5225649,A,T,True,nonsense,Pathogenic,c.393T>A
HBB,5224297,5226261,chr11:5200904-5203411,1,0.831916777797602,VCV000869313,5225654,CAGC,TGTGG,False,frameshift,Pathogenic,c.385_388delinsCCACA
HBB,5224297,5226261,chr11:5200904-5203411,1,0.831916777797602,VCV000015537,5225659,T,C,True,missense,Pathogenic; other,c.383A>G
HBB,5224297,5226261,chr11:5200904-5203411,1,0.831916777797602,VCV000015409,5225659,T,G,True,missense,Pathogenic,c.383A>C
HBB,5224297,5226261,chr11:5200904-5203411,1,0.831916777797602,VCV001705074,5225660,G,A,True,nonsense,Pathogenic,c.382C>T
HBB,5224297,5226261,chr11:5200904-5203411,1,0.831916777797602,VCV000015483,5225662,A,C,True,missense,Pathogenic/Likely pathogenic,c.380T>G
HBB,5224297,5226261,chr11:5200904-5203411,1,0.831916777797602,VCV000495998,5225664,TGGTGGGGTG,TG,False,frameshift,Pathogenic,c.371_378del
HBB,5224297,5226261,chr11:5200904-5203411,1,0.831916777797602,VCV000869284,5225666,T,TT,False,frameshift,Pathogenic,c.375dup
HBB,5224297,5226261,chr11:5200904-5203411,1,0.831916777797602,VCV003572119,5225678,TTT,TTTT,False,frameshift,Likely pathogenic,c.363dup
HBB,5224297,5226261,chr11:5200904-5203411,1,0.831916777797602,VCV000446736,5225678,C,T,True,missense,Pathogenic,c.364G>A
HBB,5224297,5226261,chr11:5200904-5203411,1,0.831916777797602,VCV000015404,5225678,C,A,True,nonsense,Pathogenic,c.364G>T
HBB,5224297,5226261,chr11:5200904-5203411,1,0.831916777797602,VCV000015292,5225678,C,T,True,missense,Pathogenic/Likely pathogenic,c.364G>A
HBB,5224297,5226261,chr11:5200904-5203411,1,0.831916777797602,VCV000015152,5225678,C,G,True,missense,Pathogenic/Likely pathogenic,c.364G>C
HBB,5224297,5226261,chr11:5200904-5203411,1,0.831916777797602,VCV003769274,5225693,GG,C,False,frameshift,Likely pathogenic,c.348_349delinsG
HBB,5224297,5226261,chr11:5200904-5203411,1,0.831916777797602,VCV002691364,5225693,GGCC,GGCCGGCC,False,frameshift,Pathogenic,c.345_348dup
HBB,5224297,5226261,chr11:5200904-5203411,1,0.831916777797602,VCV000015526,5225695,G,T,True,missense,Pathogenic,c.347C>A
HBB,5224297,5226261,chr11:5200904-5203411,1,0.831916777797602,VCV004531951,5225696,CC,C,False,frameshift,Pathogenic,c.346del
HBB,5224297,5226261,chr11:5200904-5203411,1,0.831916777797602,VCV000869279,5225696,CAGCACACAG,CAGCACACAGCACACAG,False,frameshift,Pathogenic,c.339_345dup
HBB,5224297,5226261,chr11:5200904-5203411,1,0.831916777797602,VCV000015257,5225696,C,G,True,missense,Pathogenic,c.346G>C
HBB,5224297,5226261,chr11:5200904-5203411,1,0.831916777797602,VCV000015513,5225698,A,G,True,missense,Pathogenic/Likely pathogenic,c.344T>C
HBB,5224297,5226261,chr11:5200904-5203411,1,0.831916777797602,VCV000015425,5225698,AG,C,False,frameshift,Pathogenic,c.343_344delinsG
HBB,5224297,5226261,chr11:5200904-5203411,1,0.831916777797602,VCV002681990,5225699,C,CC,False,frameshift,Pathogenic,c.342dup
HBB,5224297,5226261,chr11:5200904-5203411,1,0.831916777797602,VCV000869280,5225703,A,T,True,nonsense,Pathogenic,c.339T>A
HBB,5224297,5226261,chr11:5200904-5203411,1,0.831916777797602,VCV000015207,5225705,A,G,True,missense,Pathogenic; other,c.337T>C
HBB,5224297,5226261,chr11:5200904-5203411,1,0.831916777797602,VCV000015352,5225710,A,G,True,missense,Pathogenic,c.332T>C
HBB,5224297,5226261,chr11:5200904-5203411,1,0.831916777797602,VCV000015342,5225714,C,T,True,missense,Pathogenic,c.328G>A
HBB,5224297,5226261,chr11:5200904-5203411,1,0.831916777797602,VCV000015230,5225714,C,G,True,missense,Pathogenic,c.328G>C
HBB,5224297,5226261,chr11:5200904-5203411,1,0.831916777797602,VCV003336287,5225715,G,C,True,missense,Likely pathogenic,c.327C>G
HBB,5224297,5226261,chr11:5200904-5203411,1,0.831916777797602,VCV000439153,5225718,CCC,CCCC,False,frameshift,Pathogenic,c.323dup
HBB,5224297,5226261,chr11:5200904-5203411,1,0.831916777797602,VCV002735520,5225719,C,T,True,missense,Likely pathogenic,c.323G>A
HBB,5224297,5226261,chr11:5200904-5203411,1,0.831916777797602,VCV000015487,5225722,A,C,True,missense,Pathogenic; other,c.320T>G
HBB,5224297,5226261,chr11:5200904-5203411,1,0.831916777797602,VCV000015378,5225722,A,T,True,missense,Pathogenic,c.320T>A
HBB,5224297,5226261,chr11:5200904-5203411,1,0.831916777797602,VCV000552712,5225727,C,T,True,splice_donor,Pathogenic/Likely pathogenic,NM_000518.5(HBB):c.316-1G>A
HBB,5224297,5226261,chr11:5200904-5203411,1,0.831916777797602,VCV000038671,5225727,C,A,True,splice_donor,Likely pathogenic,NM_000518.5(HBB):c.316-1G>T
HBB,5224297,5226261,chr11:5200904-5203411,1,0.831916777797602,VCV000015512,5225727,C,G,True,splice_donor,Pathogenic,NM_000518.5(HBB):c.316-1G>C
HBB,5224297,5226261,chr11:5200904-5203411,1,0.831916777797602,VCV000021191,5225728,T,C,True,splice_donor,Pathogenic,NM_000518.5(HBB):c.316-2A>G
HBB,5224297,5226261,chr11:5200904-5203411,1,0.831916777797602,VCV000021190,5225728,T,G,True,splice_donor,Pathogenic,NM_000518.5(HBB):c.316-2A>C
HBB,5224297,5226261,chr11:5200904-5203411,1,0.831916777797602,VCV000619687,5225729,G,C,True,splice_region,Likely pathogenic,NM_000518.5(HBB):c.316-3C>G
HBB,5224297,5226261,chr11:5200904-5203411,1,0.831916777797602,VCV000015451,5225729,G,T,True,splice_region,Pathogenic/Likely pathogenic,NM_000518.5(HBB):c.316-3C>A
HBB,5224297,5226261,chr11:5200904-5203411,1,0.831916777797602,VCV000869111,5225733,G,T,True,splice_region,Pathogenic,NM_000518.5(HBB):c.316-7C>A
HBB,5224297,5226261,chr11:5200904-5203411,1,0.831916777797602,VCV000036313,5225740,A,C,True,intronic,Pathogenic/Likely pathogenic,NM_000518.5(HBB):c.316-14T>G
HBB,5224297,5226261,chr11:5200904-5203411,1,0.831916777797602,VCV000869277,5225811,AAAATAAAAGCAGAA,AAAATAAAAGCAGAAAATAAAAGCAGAA,False,intronic,Pathogenic,NM_000518.5(HBB):c.316-98_316-86dup
HBB,5224297,5226261,chr11:5200904-5203411,1,0.831916777797602,VCV000015457,5225832,G,C,True,intronic,Pathogenic/Likely pathogenic,NM_000518.5(HBB):c.316-106C>G
HBB,5224297,5226261,chr11:5200904-5203411,1,0.831916777797602,VCV000036312,5225872,A,C,True,intronic,Pathogenic,NM_000518.5(HBB):c.316-146T>G
HBB,5224297,5226261,chr11:5200904-5203411,1,0.831916777797602,VCV000015458,5225923,G,A,True,intronic,Pathogenic,NM_000518.5(HBB):c.316-197C>T
HBB,5224297,5226261,chr11:5200904-5203411,1,0.831916777797602,VCV000869236,5225928,AA,A,False,intronic,Pathogenic,NM_000518.5(HBB):c.316-202del
HBB,5224297,5226261,chr11:5244873-5252243,4,0.111629719119608,VCV000439130,5225466,G,A,True,3_prime_UTR,Likely pathogenic,NM_000518.5(HBB):c.*132C>T
HBB,5224297,5226261,chr11:5244873-5252243,4,0.111629719119608,VCV000869259,5225482,TTTTTT,TTTT,False,3_prime_UTR,Likely pathogenic,NM_000518.5(HBB):c.*115_*116del
HBB,5224297,5226261,chr11:5244873-5252243,4,0.111629719119608,VCV000015474,5225482,TTTTTT,TTTTT,False,3_prime_UTR,Pathogenic,NM_000518.5(HBB):c.*116del
HBB,5224297,5226261,chr11:5244873-5252243,4,0.111629719119608,VCV000015506,5225484,TTTTATT,TT,False,3_prime_UTR,Pathogenic/Likely pathogenic,NM_000518.5(HBB):c.*110_*114del
HBB,5224297,5226261,chr11:5244873-5252243,4,0.111629719119608,VCV000015473,5225485,T,C,True,3_prime_UTR,Pathogenic,NM_000518.5(HBB):c.*113A>G
HBB,5224297,5226261,chr11:5244873-5252243,4,0.111629719119608,VCV000632843,5225487,TAT,T,False,3_prime_UTR,Pathogenic/Likely pathogenic,NM_000518.5(HBB):c.*110_*111del
HBB,5224297,5226261,chr11:5244873-5252243,4,0.111629719119608,VCV000015488,5225487,T,C,True,3_prime_UTR,Pathogenic,NM_000518.5(HBB):c.*111A>G
HBB,5224297,5226261,chr11:5244873-5252243,4,0.111629719119608,VCV000036332,5225488,A,G,True,3_prime_UTR,Pathogenic,NM_000518.5(HBB):c.*110T>C
HBB,5224297,5226261,chr11:5244873-5252243,4,0.111629719119608,VCV000015616,5225488,A,T,True,3_prime_UTR,Pathogenic,NM_000518.5(HBB):c.*110T>A
HBB,5224297,5226261,chr11:5244873-5252243,4,0.111629719119608,VCV000869258,5225490,T,C,True,3_prime_UTR,Pathogenic,NM_000518.5(HBB):c.*108A>G
HBB,5224297,5226261,chr11:5244873-5252243,4,0.111629719119608,VCV000869261,5225493,GCAGAATCCAGATGC,GC,False,3_prime_UTR,Pathogenic,NM_000518.5(HBB):c.*93_*105del
HBB,5224297,5226261,chr11:5244873-5252243,4,0.111629719119608,VCV000869260,5225566,T,G,True,3_prime_UTR,Pathogenic,NM_000518.5(HBB):c.*32A>C
HBB,5224297,5226261,chr11:5244873-5252243,4,0.111629719119608,VCV000393707,5225592,G,C,True,3_prime_UTR,Pathogenic/Likely pathogenic,NM_000518.5(HBB):c.*6C>G
HBB,5224297,5226261,chr11:5244873-5252243,4,0.111629719119608,VCV000015395,5225602,T,G,True,missense,Pathogenic,c.440A>C
HBB,5224297,5226261,chr11:5244873-5252243,4,0.111629719119608,VCV000015144,5225602,T,A,True,missense,Pathogenic; other,c.440A>T
HBB,5224297,5226261,chr11:5244873-5252243,4,0.111629719119608,VCV000015200,5225603,G,C,True,missense,Pathogenic; other,c.439C>G
HBB,5224297,5226261,chr11:5244873-5252243,4,0.111629719119608,VCV000015265,5225604,A,T,True,nonsense,Pathogenic; other,c.438T>A
HBB,5224297,5226261,chr11:5244873-5252243,4,0.111629719119608,VCV000015322,5225605,T,C,True,missense,Pathogenic,c.437A>G
HBB,5224297,5226261,chr11:5244873-5252243,4,0.111629719119608,VCV000633256,5225606,A,T,True,missense,Pathogenic,c.436T>A
HBB,5224297,5226261,chr11:5244873-5252243,4,0.111629719119608,VCV000015112,5225606,A,G,True,missense,Pathogenic,c.436T>C
HBB,5224297,5226261,chr11:5244873-5252243,4,0.111629719119608,VCV000015096,5225607,C,G,True,missense,Pathogenic,c.435G>C
HBB,5224297,5226261,chr11:5244873-5252243,4,0.111629719119608,VCV000015250,5225610,G,Y,False,missense,Pathogenic,Hb Little Rock
HBB,5224297,5226261,chr11:5244873-5252243,4,0.111629719119608,VCV000015365,5225611,T,G,True,missense,Pathogenic,c.431A>C
HBB,5224297,5226261,chr11:5244873-5252243,4,0.111629719119608,VCV000015090,5225611,T,C,True,missense,Pathogenic/Likely pathogenic,c.431A>G
HBB,5224297,5226261,chr11:5244873-5252243,4,0.111629719119608,VCV000869318,5225612,GGG,G,False,frameshift,Pathogenic,c.429_430del
HBB,5224297,5226261,chr11:5244873-5252243,4,0.111629719119608,VCV000015545,5225620,G,A,True,missense,Pathogenic,c.422C>T
HBB,5224297,5226261,chr11:5244873-5252243,4,0.111629719119608,VCV000015339,5225621,C,T,True,missense,Pathogenic; other,c.421G>A
HBB,5224297,5226261,chr11:5244873-5252243,4,0.111629719119608,VCV000869317,5225624,A,AA,False,nonsense,Pathogenic,c.417dup
HBB,5224297,5226261,chr11:5244873-5252243,4,0.111629719119608,VCV001189030,5225638,ACCACTTTCTGA,A,False,frameshift,Pathogenic,c.394_404del
HBB,5224297,5226261,chr11:5244873-5252243,4,0.111629719119608,VCV000015290,5225638,A,T,True,missense,Pathogenic,c.404T>A
HBB,5224297,5226261,chr11:5244873-5252243,4,0.111629719119608,VCV000928758,5225645,TCT,T,False,frameshift,Likely pathogenic,c.396_397del
HBB,5224297,5226261,chr11:5244873-5252243,4,0.111629719119608,VCV000869314,5225645,T,A,True,nonsense,Pathogenic,c.397A>T
HBB,5224297,5226261,chr11:5244873-5252243,4,0.111629719119608,VCV001459872,5225646,CTGATAGGCAGCCTGCACTG,CTG,False,frameshift,Pathogenic,c.380_396del
HBB,5224297,5226261,chr11:5244873-5252243,4,0.111629719119608,VCV000869312,5225646,T,TT,False,frameshift,Pathogenic,c.395dup
HBB,5224297,5226261,chr11:5244873-5252243,4,0.111629719119608,VCV000015348,5225647,T,G,True,missense,Likely pathogenic,c.395A>C
HBB,5224297,5226261,chr11:5244873-5252243,4,0.111629719119608,VCV000869311,5225648,G,A,True,nonsense,Pathogenic,c.394C>T
HBB,5224297,5226261,chr11:5244873-5252243,4,0.111629719119608,VCV000801192,5225649,A,T,True,nonsense,Pathogenic,c.393T>A
HBB,5224297,5226261,chr11:5244873-5252243,4,0.111629719119608,VCV000869313,5225654,CAGC,TGTGG,False,frameshift,Pathogenic,c.385_388delinsCCACA
HBB,5224297,5226261,chr11:5244873-5252243,4,0.111629719119608,VCV000015537,5225659,T,C,True,missense,Pathogenic; other,c.383A>G
HBB,5224297,5226261,chr11:5244873-5252243,4,0.111629719119608,VCV000015409,5225659,T,G,True,missense,Pathogenic,c.383A>C
HBB,5224297,5226261,chr11:5244873-5252243,4,0.111629719119608,VCV001705074,5225660,G,A,True,nonsense,Pathogenic,c.382C>T
HBB,5224297,5226261,chr11:5244873-5252243,4,0.111629719119608,VCV000015483,5225662,A,C,True,missense,Pathogenic/Likely pathogenic,c.380T>G
HBB,5224297,5226261,chr11:5244873-5252243,4,0.111629719119608,VCV000495998,5225664,TGGTGGGGTG,TG,False,frameshift,Pathogenic,c.371_378del
HBB,5224297,5226261,chr11:5244873-5252243,4,0.111629719119608,VCV000869284,5225666,T,TT,False,frameshift,Pathogenic,c.375dup
HBB,5224297,5226261,chr11:5244873-5252243,4,0.111629719119608,VCV003572119,5225678,TTT,TTTT,False,frameshift,Likely pathogenic,c.363dup
HBB,5224297,5226261,chr11:5244873-5252243,4,0.111629719119608,VCV000446736,5225678,C,T,True,missense,Pathogenic,c.364G>A
HBB,5224297,5226261,chr11:5244873-5252243,4,0.111629719119608,VCV000015404,5225678,C,A,True,nonsense,Pathogenic,c.364G>T
HBB,5224297,5226261,chr11:5244873-5252243,4,0.111629719119608,VCV000015292,5225678,C,T,True,missense,Pathogenic/Likely pathogenic,c.364G>A
HBB,5224297,5226261,chr11:5244873-5252243,4,0.111629719119608,VCV000015152,5225678,C,G,True,missense,Pathogenic/Likely pathogenic,c.364G>C
HBB,5224297,5226261,chr11:5244873-5252243,4,0.111629719119608,VCV003769274,5225693,GG,C,False,frameshift,Likely pathogenic,c.348_349delinsG
HBB,5224297,5226261,chr11:5244873-5252243,4,0.111629719119608,VCV002691364,5225693,GGCC,GGCCGGCC,False,frameshift,Pathogenic,c.345_348dup
HBB,5224297,5226261,chr11:5244873-5252243,4,0.111629719119608,VCV000015526,5225695,G,T,True,missense,Pathogenic,c.347C>A
HBB,5224297,5226261,chr11:5244873-5252243,4,0.111629719119608,VCV004531951,5225696,CC,C,False,frameshift,Pathogenic,c.346del
HBB,5224297,5226261,chr11:5244873-5252243,4,0.111629719119608,VCV000869279,5225696,CAGCACACAG,CAGCACACAGCACACAG,False,frameshift,Pathogenic,c.339_345dup
HBB,5224297,5226261,chr11:5244873-5252243,4,0.111629719119608,VCV000015257,5225696,C,G,True,missense,Pathogenic,c.346G>C
HBB,5224297,5226261,chr11:5244873-5252243,4,0.111629719119608,VCV000015513,5225698,A,G,True,missense,Pathogenic/Likely pathogenic,c.344T>C
HBB,5224297,5226261,chr11:5244873-5252243,4,0.111629719119608,VCV000015425,5225698,AG,C,False,frameshift,Pathogenic,c.343_344delinsG
HBB,5224297,5226261,chr11:5244873-5252243,4,0.111629719119608,VCV002681990,5225699,C,CC,False,frameshift,Pathogenic,c.342dup
HBB,5224297,5226261,chr11:5244873-5252243,4,0.111629719119608,VCV000869280,5225703,A,T,True,nonsense,Pathogenic,c.339T>A
HBB,5224297,5226261,chr11:5244873-5252243,4,0.111629719119608,VCV000015207,5225705,A,G,True,missense,Pathogenic; other,c.337T>C
HBB,5224297,5226261,chr11:5244873-5252243,4,0.111629719119608,VCV000015352,5225710,A,G,True,missense,Pathogenic,c.332T>C
HBB,5224297,5226261,chr11:5244873-5252243,4,0.111629719119608,VCV000015342,5225714,C,T,True,missense,Pathogenic,c.328G>A
HBB,5224297,5226261,chr11:5244873-5252243,4,0.111629719119608,VCV000015230,5225714,C,G,True,missense,Pathogenic,c.328G>C
HBB,5224297,5226261,chr11:5244873-5252243,4,0.111629719119608,VCV003336287,5225715,G,C,True,missense,Likely pathogenic,c.327C>G
HBB,5224297,5226261,chr11:5244873-5252243,4,0.111629719119608,VCV000439153,5225718,CCC,CCCC,False,frameshift,Pathogenic,c.323dup
HBB,5224297,5226261,chr11:5244873-5252243,4,0.111629719119608,VCV002735520,5225719,C,T,True,missense,Likely pathogenic,c.323G>A
HBB,5224297,5226261,chr11:5244873-5252243,4,0.111629719119608,VCV000015487,5225722,A,C,True,missense,Pathogenic; other,c.320T>G
HBB,5224297,5226261,chr11:5244873-5252243,4,0.111629719119608,VCV000015378,5225722,A,T,True,missense,Pathogenic,c.320T>A
HBB,5224297,5226261,chr11:5244873-5252243,4,0.111629719119608,VCV000552712,5225727,C,T,True,splice_donor,Pathogenic/Likely pathogenic,NM_000518.5(HBB):c.316-1G>A
HBB,5224297,5226261,chr11:5244873-5252243,4,0.111629719119608,VCV000038671,5225727,C,A,True,splice_donor,Likely pathogenic,NM_000518.5(HBB):c.316-1G>T
HBB,5224297,5226261,chr11:5244873-5252243,4,0.111629719119608,VCV000015512,5225727,C,G,True,splice_donor,Pathogenic,NM_000518.5(HBB):c.316-1G>C
HBB,5224297,5226261,chr11:5244873-5252243,4,0.111629719119608,VCV000021191,5225728,T,C,True,splice_donor,Pathogenic,NM_000518.5(HBB):c.316-2A>G
HBB,5224297,5226261,chr11:5244873-5252243,4,0.111629719119608,VCV000021190,5225728,T,G,True,splice_donor,Pathogenic,NM_000518.5(HBB):c.316-2A>C
HBB,5224297,5226261,chr11:5244873-5252243,4,0.111629719119608,VCV000619687,5225729,G,C,True,splice_region,Likely pathogenic,NM_000518.5(HBB):c.316-3C>G
HBB,5224297,5226261,chr11:5244873-5252243,4,0.111629719119608,VCV000015451,5225729,G,T,True,splice_region,Pathogenic/Likely pathogenic,NM_000518.5(HBB):c.316-3C>A
HBB,5224297,5226261,chr11:5244873-5252243,4,0.111629719119608,VCV000869111,5225733,G,T,True,splice_region,Pathogenic,NM_000518.5(HBB):c.316-7C>A
HBB,5224297,5226261,chr11:5244873-5252243,4,0.111629719119608,VCV000036313,5225740,A,C,True,intronic,Pathogenic/Likely pathogenic,NM_000518.5(HBB):c.316-14T>G
HBB,5224297,5226261,chr11:5244873-5252243,4,0.111629719119608,VCV000869277,5225811,AAAATAAAAGCAGAA,AAAATAAAAGCAGAAAATAAAAGCAGAA,False,intronic,Pathogenic,NM_000518.5(HBB):c.316-98_316-86dup
HBB,5224297,5226261,chr11:5244873-5252243,4,0.111629719119608,VCV000015457,5225832,G,C,True,intronic,Pathogenic/Likely pathogenic,NM_000518.5(HBB):c.316-106C>G
HBB,5224297,5226261,chr11:5244873-5252243,4,0.111629719119608,VCV000036312,5225872,A,C,True,intronic,Pathogenic,NM_000518.5(HBB):c.316-146T>G
HBB,5224297,5226261,chr11:5244873-5252243,4,0.111629719119608,VCV000015458,5225923,G,A,True,intronic,Pathogenic,NM_000518.5(HBB):c.316-197C>T
HBB,5224297,5226261,chr11:5244873-5252243,4,0.111629719119608,VCV000869236,5225928,AA,A,False,intronic,Pathogenic,NM_000518.5(HBB):c.316-202del
HBB,5224297,5226261,chr11:5253130-5256553,5,0.028924351776814,VCV000439130,5225466,G,A,True,3_prime_UTR,Likely pathogenic,NM_000518.5(HBB):c.*132C>T
HBB,5224297,5226261,chr11:5253130-5256553,5,0.028924351776814,VCV000869259,5225482,TTTTTT,TTTT,False,3_prime_UTR,Likely pathogenic,NM_000518.5(HBB):c.*115_*116del
HBB,5224297,5226261,chr11:5253130-5256553,5,0.028924351776814,VCV000015474,5225482,TTTTTT,TTTTT,False,3_prime_UTR,Pathogenic,NM_000518.5(HBB):c.*116del
HBB,5224297,5226261,chr11:5253130-5256553,5,0.028924351776814,VCV000015506,5225484,TTTTATT,TT,False,3_prime_UTR,Pathogenic/Likely pathogenic,NM_000518.5(HBB):c.*110_*114del
HBB,5224297,5226261,chr11:5253130-5256553,5,0.028924351776814,VCV000015473,5225485,T,C,True,3_prime_UTR,Pathogenic,NM_000518.5(HBB):c.*113A>G
HBB,5224297,5226261,chr11:5253130-5256553,5,0.028924351776814,VCV000632843,5225487,TAT,T,False,3_prime_UTR,Pathogenic/Likely pathogenic,NM_000518.5(HBB):c.*110_*111del
HBB,5224297,5226261,chr11:5253130-5256553,5,0.028924351776814,VCV000015488,5225487,T,C,True,3_prime_UTR,Pathogenic,NM_000518.5(HBB):c.*111A>G
HBB,5224297,5226261,chr11:5253130-5256553,5,0.028924351776814,VCV000036332,5225488,A,G,True,3_prime_UTR,Pathogenic,NM_000518.5(HBB):c.*110T>C
HBB,5224297,5226261,chr11:5253130-5256553,5,0.028924351776814,VCV000015616,5225488,A,T,True,3_prime_UTR,Pathogenic,NM_000518.5(HBB):c.*110T>A
HBB,5224297,5226261,chr11:5253130-5256553,5,0.028924351776814,VCV000869258,5225490,T,C,True,3_prime_UTR,Pathogenic,NM_000518.5(HBB):c.*108A>G
HBB,5224297,5226261,chr11:5253130-5256553,5,0.028924351776814,VCV000869261,5225493,GCAGAATCCAGATGC,GC,False,3_prime_UTR,Pathogenic,NM_000518.5(HBB):c.*93_*105del
HBB,5224297,5226261,chr11:5253130-5256553,5,0.028924351776814,VCV000869260,5225566,T,G,True,3_prime_UTR,Pathogenic,NM_000518.5(HBB):c.*32A>C
HBB,5224297,5226261,chr11:5253130-5256553,5,0.028924351776814,VCV000393707,5225592,G,C,True,3_prime_UTR,Pathogenic/Likely pathogenic,NM_000518.5(HBB):c.*6C>G
HBB,5224297,5226261,chr11:5253130-5256553,5,0.028924351776814,VCV000015395,5225602,T,G,True,missense,Pathogenic,c.440A>C
HBB,5224297,5226261,chr11:5253130-5256553,5,0.028924351776814,VCV000015144,5225602,T,A,True,missense,Pathogenic; other,c.440A>T
HBB,5224297,5226261,chr11:5253130-5256553,5,0.028924351776814,VCV000015200,5225603,G,C,True,missense,Pathogenic; other,c.439C>G
HBB,5224297,5226261,chr11:5253130-5256553,5,0.028924351776814,VCV000015265,5225604,A,T,True,nonsense,Pathogenic; other,c.438T>A
HBB,5224297,5226261,chr11:5253130-5256553,5,0.028924351776814,VCV000015322,5225605,T,C,True,missense,Pathogenic,c.437A>G
HBB,5224297,5226261,chr11:5253130-5256553,5,0.028924351776814,VCV000633256,5225606,A,T,True,missense,Pathogenic,c.436T>A
HBB,5224297,5226261,chr11:5253130-5256553,5,0.028924351776814,VCV000015112,5225606,A,G,True,missense,Pathogenic,c.436T>C
HBB,5224297,5226261,chr11:5253130-5256553,5,0.028924351776814,VCV000015096,5225607,C,G,True,missense,Pathogenic,c.435G>C
HBB,5224297,5226261,chr11:5253130-5256553,5,0.028924351776814,VCV000015250,5225610,G,Y,False,missense,Pathogenic,Hb Little Rock
HBB,5224297,5226261,chr11:5253130-5256553,5,0.028924351776814,VCV000015365,5225611,T,G,True,missense,Pathogenic,c.431A>C
HBB,5224297,5226261,chr11:5253130-5256553,5,0.028924351776814,VCV000015090,5225611,T,C,True,missense,Pathogenic/Likely pathogenic,c.431A>G
HBB,5224297,5226261,chr11:5253130-5256553,5,0.028924351776814,VCV000869318,5225612,GGG,G,False,frameshift,Pathogenic,c.429_430del
HBB,5224297,5226261,chr11:5253130-5256553,5,0.028924351776814,VCV000015545,5225620,G,A,True,missense,Pathogenic,c.422C>T
HBB,5224297,5226261,chr11:5253130-5256553,5,0.028924351776814,VCV000015339,5225621,C,T,True,missense,Pathogenic; other,c.421G>A
HBB,5224297,5226261,chr11:5253130-5256553,5,0.028924351776814,VCV000869317,5225624,A,AA,False,nonsense,Pathogenic,c.417dup
HBB,5224297,5226261,chr11:5253130-5256553,5,0.028924351776814,VCV001189030,5225638,ACCACTTTCTGA,A,False,frameshift,Pathogenic,c.394_404del
HBB,5224297,5226261,chr11:5253130-5256553,5,0.028924351776814,VCV000015290,5225638,A,T,True,missense,Pathogenic,c.404T>A
HBB,5224297,5226261,chr11:5253130-5256553,5,0.028924351776814,VCV000928758,5225645,TCT,T,False,frameshift,Likely pathogenic,c.396_397del
HBB,5224297,5226261,chr11:5253130-5256553,5,0.028924351776814,VCV000869314,5225645,T,A,True,nonsense,Pathogenic,c.397A>T
HBB,5224297,5226261,chr11:5253130-5256553,5,0.028924351776814,VCV001459872,5225646,CTGATAGGCAGCCTGCACTG,CTG,False,frameshift,Pathogenic,c.380_396del
HBB,5224297,5226261,chr11:5253130-5256553,5,0.028924351776814,VCV000869312,5225646,T,TT,False,frameshift,Pathogenic,c.395dup
HBB,5224297,5226261,chr11:5253130-5256553,5,0.028924351776814,VCV000015348,5225647,T,G,True,missense,Likely pathogenic,c.395A>C
HBB,5224297,5226261,chr11:5253130-5256553,5,0.028924351776814,VCV000869311,5225648,G,A,True,nonsense,Pathogenic,c.394C>T
HBB,5224297,5226261,chr11:5253130-5256553,5,0.028924351776814,VCV000801192,5225649,A,T,True,nonsense,Pathogenic,c.393T>A
HBB,5224297,5226261,chr11:5253130-5256553,5,0.028924351776814,VCV000869313,5225654,CAGC,TGTGG,False,frameshift,Pathogenic,c.385_388delinsCCACA
HBB,5224297,5226261,chr11:5253130-5256553,5,0.028924351776814,VCV000015537,5225659,T,C,True,missense,Pathogenic; other,c.383A>G
HBB,5224297,5226261,chr11:5253130-5256553,5,0.028924351776814,VCV000015409,5225659,T,G,True,missense,Pathogenic,c.383A>C
HBB,5224297,5226261,chr11:5253130-5256553,5,0.028924351776814,VCV001705074,5225660,G,A,True,nonsense,Pathogenic,c.382C>T
HBB,5224297,5226261,chr11:5253130-5256553,5,0.028924351776814,VCV000015483,5225662,A,C,True,missense,Pathogenic/Likely pathogenic,c.380T>G
HBB,5224297,5226261,chr11:5253130-5256553,5,0.028924351776814,VCV000495998,5225664,TGGTGGGGTG,TG,False,frameshift,Pathogenic,c.371_378del
HBB,5224297,5226261,chr11:5253130-5256553,5,0.028924351776814,VCV000869284,5225666,T,TT,False,frameshift,Pathogenic,c.375dup
HBB,5224297,5226261,chr11:5253130-5256553,5,0.028924351776814,VCV003572119,5225678,TTT,TTTT,False,frameshift,Likely pathogenic,c.363dup
HBB,5224297,5226261,chr11:5253130-5256553,5,0.028924351776814,VCV000446736,5225678,C,T,True,missense,Pathogenic,c.364G>A
HBB,5224297,5226261,chr11:5253130-5256553,5,0.028924351776814,VCV000015404,5225678,C,A,True,nonsense,Pathogenic,c.364G>T
HBB,5224297,5226261,chr11:5253130-5256553,5,0.028924351776814,VCV000015292,5225678,C,T,True,missense,Pathogenic/Likely pathogenic,c.364G>A
HBB,5224297,5226261,chr11:5253130-5256553,5,0.028924351776814,VCV000015152,5225678,C,G,True,missense,Pathogenic/Likely pathogenic,c.364G>C
HBB,5224297,5226261,chr11:5253130-5256553,5,0.028924351776814,VCV003769274,5225693,GG,C,False,frameshift,Likely pathogenic,c.348_349delinsG
HBB,5224297,5226261,chr11:5253130-5256553,5,0.028924351776814,VCV002691364,5225693,GGCC,GGCCGGCC,False,frameshift,Pathogenic,c.345_348dup
HBB,5224297,5226261,chr11:5253130-5256553,5,0.028924351776814,VCV000015526,5225695,G,T,True,missense,Pathogenic,c.347C>A
HBB,5224297,5226261,chr11:5253130-5256553,5,0.028924351776814,VCV004531951,5225696,CC,C,False,frameshift,Pathogenic,c.346del
HBB,5224297,5226261,chr11:5253130-5256553,5,0.028924351776814,VCV000869279,5225696,CAGCACACAG,CAGCACACAGCACACAG,False,frameshift,Pathogenic,c.339_345dup
HBB,5224297,5226261,chr11:5253130-5256553,5,0.028924351776814,VCV000015257,5225696,C,G,True,missense,Pathogenic,c.346G>C
HBB,5224297,5226261,chr11:5253130-5256553,5,0.028924351776814,VCV000015513,5225698,A,G,True,missense,Pathogenic/Likely pathogenic,c.344T>C
HBB,5224297,5226261,chr11:5253130-5256553,5,0.028924351776814,VCV000015425,5225698,AG,C,False,frameshift,Pathogenic,c.343_344delinsG
HBB,5224297,5226261,chr11:5253130-5256553,5,0.028924351776814,VCV002681990,5225699,C,CC,False,frameshift,Pathogenic,c.342dup
HBB,5224297,5226261,chr11:5253130-5256553,5,0.028924351776814,VCV000869280,5225703,A,T,True,nonsense,Pathogenic,c.339T>A
HBB,5224297,5226261,chr11:5253130-5256553,5,0.028924351776814,VCV000015207,5225705,A,G,True,missense,Pathogenic; other,c.337T>C
HBB,5224297,5226261,chr11:5253130-5256553,5,0.028924351776814,VCV000015352,5225710,A,G,True,missense,Pathogenic,c.332T>C
HBB,5224297,5226261,chr11:5253130-5256553,5,0.028924351776814,VCV000015342,5225714,C,T,True,missense,Pathogenic,c.328G>A
HBB,5224297,5226261,chr11:5253130-5256553,5,0.028924351776814,VCV000015230,5225714,C,G,True,missense,Pathogenic,c.328G>C
HBB,5224297,5226261,chr11:5253130-5256553,5,0.028924351776814,VCV003336287,5225715,G,C,True,missense,Likely pathogenic,c.327C>G
HBB,5224297,5226261,chr11:5253130-5256553,5,0.028924351776814,VCV000439153,5225718,CCC,CCCC,False,frameshift,Pathogenic,c.323dup
HBB,5224297,5226261,chr11:5253130-5256553,5,0.028924351776814,VCV002735520,5225719,C,T,True,missense,Likely pathogenic,c.323G>A
HBB,5224297,5226261,chr11:5253130-5256553,5,0.028924351776814,VCV000015487,5225722,A,C,True,missense,Pathogenic; other,c.320T>G
HBB,5224297,5226261,chr11:5253130-5256553,5,0.028924351776814,VCV000015378,5225722,A,T,True,missense,Pathogenic,c.320T>A
HBB,5224297,5226261,chr11:5253130-5256553,5,0.028924351776814,VCV000552712,5225727,C,T,True,splice_donor,Pathogenic/Likely pathogenic,NM_000518.5(HBB):c.316-1G>A
HBB,5224297,5226261,chr11:5253130-5256553,5,0.028924351776814,VCV000038671,5225727,C,A,True,splice_donor,Likely pathogenic,NM_000518.5(HBB):c.316-1G>T
HBB,5224297,5226261,chr11:5253130-5256553,5,0.028924351776814,VCV000015512,5225727,C,G,True,splice_donor,Pathogenic,NM_000518.5(HBB):c.316-1G>C
HBB,5224297,5226261,chr11:5253130-5256553,5,0.028924351776814,VCV000021191,5225728,T,C,True,splice_donor,Pathogenic,NM_000518.5(HBB):c.316-2A>G
HBB,5224297,5226261,chr11:5253130-5256553,5,0.028924351776814,VCV000021190,5225728,T,G,True,splice_donor,Pathogenic,NM_000518.5(HBB):c.316-2A>C
HBB,5224297,5226261,chr11:5253130-5256553,5,0.028924351776814,VCV000619687,5225729,G,C,True,splice_region,Likely pathogenic,NM_000518.5(HBB):c.316-3C>G
HBB,5224297,5226261,chr11:5253130-5256553,5,0.028924351776814,VCV000015451,5225729,G,T,True,splice_region,Pathogenic/Likely pathogenic,NM_000518.5(HBB):c.316-3C>A
HBB,5224297,5226261,chr11:5253130-5256553,5,0.028924351776814,VCV000869111,5225733,G,T,True,splice_region,Pathogenic,NM_000518.5(HBB):c.316-7C>A
HBB,5224297,5226261,chr11:5253130-5256553,5,0.028924351776814,VCV000036313,5225740,A,C,True,intronic,Pathogenic/Likely pathogenic,NM_000518.5(HBB):c.316-14T>G
HBB,5224297,5226261,chr11:5253130-5256553,5,0.028924351776814,VCV000869277,5225811,AAAATAAAAGCAGAA,AAAATAAAAGCAGAAAATAAAAGCAGAA,False,intronic,Pathogenic,NM_000518.5(HBB):c.316-98_316-86dup
HBB,5224297,5226261,chr11:5253130-5256553,5,0.028924351776814,VCV000015457,5225832,G,C,True,intronic,Pathogenic/Likely pathogenic,NM_000518.5(HBB):c.316-106C>G
HBB,5224297,5226261,chr11:5253130-5256553,5,0.028924351776814,VCV000036312,5225872,A,C,True,intronic,Pathogenic,NM_000518.5(HBB):c.316-146T>G
HBB,5224297,5226261,chr11:5253130-5256553,5,0.028924351776814,VCV000015458,5225923,G,A,True,intronic,Pathogenic,NM_000518.5(HBB):c.316-197C>T
HBB,5224297,5226261,chr11:5253130-5256553,5,0.028924351776814,VCV000869236,5225928,AA,A,False,intronic,Pathogenic,NM_000518.5(HBB):c.316-202del
HBB,5224297,5226261,chr11:5263946-5266904,4,0.0820072340445266,VCV000439130,5225466,G,A,True,3_prime_UTR,Likely pathogenic,NM_000518.5(HBB):c.*132C>T
HBB,5224297,5226261,chr11:5263946-5266904,4,0.0820072340445266,VCV000869259,5225482,TTTTTT,TTTT,False,3_prime_UTR,Likely pathogenic,NM_000518.5(HBB):c.*115_*116del
HBB,5224297,5226261,chr11:5263946-5266904,4,0.0820072340445266,VCV000015474,5225482,TTTTTT,TTTTT,False,3_prime_UTR,Pathogenic,NM_000518.5(HBB):c.*116del
HBB,5224297,5226261,chr11:5263946-5266904,4,0.0820072340445266,VCV000015506,5225484,TTTTATT,TT,False,3_prime_UTR,Pathogenic/Likely pathogenic,NM_000518.5(HBB):c.*110_*114del
HBB,5224297,5226261,chr11:5263946-5266904,4,0.0820072340445266,VCV000015473,5225485,T,C,True,3_prime_UTR,Pathogenic,NM_000518.5(HBB):c.*113A>G
HBB,5224297,5226261,chr11:5263946-5266904,4,0.0820072340445266,VCV000632843,5225487,TAT,T,False,3_prime_UTR,Pathogenic/Likely pathogenic,NM_000518.5(HBB):c.*110_*111del
HBB,5224297,5226261,chr11:5263946-5266904,4,0.0820072340445266,VCV000015488,5225487,T,C,True,3_prime_UTR,Pathogenic,NM_000518.5(HBB):c.*111A>G
HBB,5224297,5226261,chr11:5263946-5266904,4,0.0820072340445266,VCV000036332,5225488,A,G,True,3_prime_UTR,Pathogenic,NM_000518.5(HBB):c.*110T>C
HBB,5224297,5226261,chr11:5263946-5266904,4,0.0820072340445266,VCV000015616,5225488,A,T,True,3_prime_UTR,Pathogenic,NM_000518.5(HBB):c.*110T>A
HBB,5224297,5226261,chr11:5263946-5266904,4,0.0820072340445266,VCV000869258,5225490,T,C,True,3_prime_UTR,Pathogenic,NM_000518.5(HBB):c.*108A>G
HBB,5224297,5226261,chr11:5263946-5266904,4,0.0820072340445266,VCV000869261,5225493,GCAGAATCCAGATGC,GC,False,3_prime_UTR,Pathogenic,NM_000518.5(HBB):c.*93_*105del
HBB,5224297,5226261,chr11:5263946-5266904,4,0.0820072340445266,VCV000869260,5225566,T,G,True,3_prime_UTR,Pathogenic,NM_000518.5(HBB):c.*32A>C
HBB,5224297,5226261,chr11:5263946-5266904,4,0.0820072340445266,VCV000393707,5225592,G,C,True,3_prime_UTR,Pathogenic/Likely pathogenic,NM_000518.5(HBB):c.*6C>G
HBB,5224297,5226261,chr11:5263946-5266904,4,0.0820072340445266,VCV000015395,5225602,T,G,True,missense,Pathogenic,c.440A>C
HBB,5224297,5226261,chr11:5263946-5266904,4,0.0820072340445266,VCV000015144,5225602,T,A,True,missense,Pathogenic; other,c.440A>T
HBB,5224297,5226261,chr11:5263946-5266904,4,0.0820072340445266,VCV000015200,5225603,G,C,True,missense,Pathogenic; other,c.439C>G
HBB,5224297,5226261,chr11:5263946-5266904,4,0.0820072340445266,VCV000015265,5225604,A,T,True,nonsense,Pathogenic; other,c.438T>A
HBB,5224297,5226261,chr11:5263946-5266904,4,0.0820072340445266,VCV000015322,5225605,T,C,True,missense,Pathogenic,c.437A>G
HBB,5224297,5226261,chr11:5263946-5266904,4,0.0820072340445266,VCV000633256,5225606,A,T,True,missense,Pathogenic,c.436T>A
HBB,5224297,5226261,chr11:5263946-5266904,4,0.0820072340445266,VCV000015112,5225606,A,G,True,missense,Pathogenic,c.436T>C
HBB,5224297,5226261,chr11:5263946-5266904,4,0.0820072340445266,VCV000015096,5225607,C,G,True,missense,Pathogenic,c.435G>C
HBB,5224297,5226261,chr11:5263946-5266904,4,0.0820072340445266,VCV000015250,5225610,G,Y,False,missense,Pathogenic,Hb Little Rock
HBB,5224297,5226261,chr11:5263946-5266904,4,0.0820072340445266,VCV000015365,5225611,T,G,True,missense,Pathogenic,c.431A>C
HBB,5224297,5226261,chr11:5263946-5266904,4,0.0820072340445266,VCV000015090,5225611,T,C,True,missense,Pathogenic/Likely pathogenic,c.431A>G
HBB,5224297,5226261,chr11:5263946-5266904,4,0.0820072340445266,VCV000869318,5225612,GGG,G,False,frameshift,Pathogenic,c.429_430del
HBB,5224297,5226261,chr11:5263946-5266904,4,0.0820072340445266,VCV000015545,5225620,G,A,True,missense,Pathogenic,c.422C>T
HBB,5224297,5226261,chr11:5263946-5266904,4,0.0820072340445266,VCV000015339,5225621,C,T,True,missense,Pathogenic; other,c.421G>A
HBB,5224297,5226261,chr11:5263946-5266904,4,0.0820072340445266,VCV000869317,5225624,A,AA,False,nonsense,Pathogenic,c.417dup
HBB,5224297,5226261,chr11:5263946-5266904,4,0.0820072340445266,VCV001189030,5225638,ACCACTTTCTGA,A,False,frameshift,Pathogenic,c.394_404del
HBB,5224297,5226261,chr11:5263946-5266904,4,0.0820072340445266,VCV000015290,5225638,A,T,True,missense,Pathogenic,c.404T>A
HBB,5224297,5226261,chr11:5263946-5266904,4,0.0820072340445266,VCV000928758,5225645,TCT,T,False,frameshift,Likely pathogenic,c.396_397del
HBB,5224297,5226261,chr11:5263946-5266904,4,0.0820072340445266,VCV000869314,5225645,T,A,True,nonsense,Pathogenic,c.397A>T
HBB,5224297,5226261,chr11:5263946-5266904,4,0.0820072340445266,VCV001459872,5225646,CTGATAGGCAGCCTGCACTG,CTG,False,frameshift,Pathogenic,c.380_396del
HBB,5224297,5226261,chr11:5263946-5266904,4,0.0820072340445266,VCV000869312,5225646,T,TT,False,frameshift,Pathogenic,c.395dup
HBB,5224297,5226261,chr11:5263946-5266904,4,0.0820072340445266,VCV000015348,5225647,T,G,True,missense,Likely pathogenic,c.395A>C
HBB,5224297,5226261,chr11:5263946-5266904,4,0.0820072340445266,VCV000869311,5225648,G,A,True,nonsense,Pathogenic,c.394C>T
HBB,5224297,5226261,chr11:5263946-5266904,4,0.0820072340445266,VCV000801192,5225649,A,T,True,nonsense,Pathogenic,c.393T>A
HBB,5224297,5226261,chr11:5263946-5266904,4,0.0820072340445266,VCV000869313,5225654,CAGC,TGTGG,False,frameshift,Pathogenic,c.385_388delinsCCACA
HBB,5224297,5226261,chr11:5263946-5266904,4,0.0820072340445266,VCV000015537,5225659,T,C,True,missense,Pathogenic; other,c.383A>G
HBB,5224297,5226261,chr11:5263946-5266904,4,0.0820072340445266,VCV000015409,5225659,T,G,True,missense,Pathogenic,c.383A>C
HBB,5224297,5226261,chr11:5263946-5266904,4,0.0820072340445266,VCV001705074,5225660,G,A,True,nonsense,Pathogenic,c.382C>T
HBB,5224297,5226261,chr11:5263946-5266904,4,0.0820072340445266,VCV000015483,5225662,A,C,True,missense,Pathogenic/Likely pathogenic,c.380T>G
HBB,5224297,5226261,chr11:5263946-5266904,4,0.0820072340445266,VCV000495998,5225664,TGGTGGGGTG,TG,False,frameshift,Pathogenic,c.371_378del
HBB,5224297,5226261,chr11:5263946-5266904,4,0.0820072340445266,VCV000869284,5225666,T,TT,False,frameshift,Pathogenic,c.375dup
HBB,5224297,5226261,chr11:5263946-5266904,4,0.0820072340445266,VCV003572119,5225678,TTT,TTTT,False,frameshift,Likely pathogenic,c.363dup
HBB,5224297,5226261,chr11:5263946-5266904,4,0.0820072340445266,VCV000446736,5225678,C,T,True,missense,Pathogenic,c.364G>A
HBB,5224297,5226261,chr11:5263946-5266904,4,0.0820072340445266,VCV000015404,5225678,C,A,True,nonsense,Pathogenic,c.364G>T
HBB,5224297,5226261,chr11:5263946-5266904,4,0.0820072340445266,VCV000015292,5225678,C,T,True,missense,Pathogenic/Likely pathogenic,c.364G>A
HBB,5224297,5226261,chr11:5263946-5266904,4,0.0820072340445266,VCV000015152,5225678,C,G,True,missense,Pathogenic/Likely pathogenic,c.364G>C
HBB,5224297,5226261,chr11:5263946-5266904,4,0.0820072340445266,VCV003769274,5225693,GG,C,False,frameshift,Likely pathogenic,c.348_349delinsG
HBB,5224297,5226261,chr11:5263946-5266904,4,0.0820072340445266,VCV002691364,5225693,GGCC,GGCCGGCC,False,frameshift,Pathogenic,c.345_348dup
HBB,5224297,5226261,chr11:5263946-5266904,4,0.0820072340445266,VCV000015526,5225695,G,T,True,missense,Pathogenic,c.347C>A
HBB,5224297,5226261,chr11:5263946-5266904,4,0.0820072340445266,VCV004531951,5225696,CC,C,False,frameshift,Pathogenic,c.346del
HBB,5224297,5226261,chr11:5263946-5266904,4,0.0820072340445266,VCV000869279,5225696,CAGCACACAG,CAGCACACAGCACACAG,False,frameshift,Pathogenic,c.339_345dup
HBB,5224297,5226261,chr11:5263946-5266904,4,0.0820072340445266,VCV000015257,5225696,C,G,True,missense,Pathogenic,c.346G>C
HBB,5224297,5226261,chr11:5263946-5266904,4,0.0820072340445266,VCV000015513,5225698,A,G,True,missense,Pathogenic/Likely pathogenic,c.344T>C
HBB,5224297,5226261,chr11:5263946-5266904,4,0.0820072340445266,VCV000015425,5225698,AG,C,False,frameshift,Pathogenic,c.343_344delinsG
HBB,5224297,5226261,chr11:5263946-5266904,4,0.0820072340445266,VCV002681990,5225699,C,CC,False,frameshift,Pathogenic,c.342dup
HBB,5224297,5226261,chr11:5263946-5266904,4,0.0820072340445266,VCV000869280,5225703,A,T,True,nonsense,Pathogenic,c.339T>A
HBB,5224297,5226261,chr11:5263946-5266904,4,0.0820072340445266,VCV000015207,5225705,A,G,True,missense,Pathogenic; other,c.337T>C
HBB,5224297,5226261,chr11:5263946-5266904,4,0.0820072340445266,VCV000015352,5225710,A,G,True,missense,Pathogenic,c.332T>C
HBB,5224297,5226261,chr11:5263946-5266904,4,0.0820072340445266,VCV000015342,5225714,C,T,True,missense,Pathogenic,c.328G>A
HBB,5224297,5226261,chr11:5263946-5266904,4,0.0820072340445266,VCV000015230,5225714,C,G,True,missense,Pathogenic,c.328G>C
HBB,5224297,5226261,chr11:5263946-5266904,4,0.0820072340445266,VCV003336287,5225715,G,C,True,missense,Likely pathogenic,c.327C>G
HBB,5224297,5226261,chr11:5263946-5266904,4,0.0820072340445266,VCV000439153,5225718,CCC,CCCC,False,frameshift,Pathogenic,c.323dup
HBB,5224297,5226261,chr11:5263946-5266904,4,0.0820072340445266,VCV002735520,5225719,C,T,True,missense,Likely pathogenic,c.323G>A
HBB,5224297,5226261,chr11:5263946-5266904,4,0.0820072340445266,VCV000015487,5225722,A,C,True,missense,Pathogenic; other,c.320T>G
HBB,5224297,5226261,chr11:5263946-5266904,4,0.0820072340445266,VCV000015378,5225722,A,T,True,missense,Pathogenic,c.320T>A
HBB,5224297,5226261,chr11:5263946-5266904,4,0.0820072340445266,VCV000552712,5225727,C,T,True,splice_donor,Pathogenic/Likely pathogenic,NM_000518.5(HBB):c.316-1G>A
HBB,5224297,5226261,chr11:5263946-5266904,4,0.0820072340445266,VCV000038671,5225727,C,A,True,splice_donor,Likely pathogenic,NM_000518.5(HBB):c.316-1G>T
HBB,5224297,5226261,chr11:5263946-5266904,4,0.0820072340445266,VCV000015512,5225727,C,G,True,splice_donor,Pathogenic,NM_000518.5(HBB):c.316-1G>C
HBB,5224297,5226261,chr11:5263946-5266904,4,0.0820072340445266,VCV000021191,5225728,T,C,True,splice_donor,Pathogenic,NM_000518.5(HBB):c.316-2A>G
HBB,5224297,5226261,chr11:5263946-5266904,4,0.0820072340445266,VCV000021190,5225728,T,G,True,splice_donor,Pathogenic,NM_000518.5(HBB):c.316-2A>C
HBB,5224297,5226261,chr11:5263946-5266904,4,0.0820072340445266,VCV000619687,5225729,G,C,True,splice_region,Likely pathogenic,NM_000518.5(HBB):c.316-3C>G
HBB,5224297,5226261,chr11:5263946-5266904,4,0.0820072340445266,VCV000015451,5225729,G,T,True,splice_region,Pathogenic/Likely pathogenic,NM_000518.5(HBB):c.316-3C>A
HBB,5224297,5226261,chr11:5263946-5266904,4,0.0820072340445266,VCV000869111,5225733,G,T,True,splice_region,Pathogenic,NM_000518.5(HBB):c.316-7C>A
HBB,5224297,5226261,chr11:5263946-5266904,4,0.0820072340445266,VCV000036313,5225740,A,C,True,intronic,Pathogenic/Likely pathogenic,NM_000518.5(HBB):c.316-14T>G
HBB,5224297,5226261,chr11:5263946-5266904,4,0.0820072340445266,VCV000869277,5225811,AAAATAAAAGCAGAA,AAAATAAAAGCAGAAAATAAAAGCAGAA,False,intronic,Pathogenic,NM_000518.5(HBB):c.316-98_316-86dup
HBB,5224297,5226261,chr11:5263946-5266904,4,0.0820072340445266,VCV000015457,5225832,G,C,True,intronic,Pathogenic/Likely pathogenic,NM_000518.5(HBB):c.316-106C>G
HBB,5224297,5226261,chr11:5263946-5266904,4,0.0820072340445266,VCV000036312,5225872,A,C,True,intronic,Pathogenic,NM_000518.5(HBB):c.316-146T>G
HBB,5224297,5226261,chr11:5263946-5266904,4,0.0820072340445266,VCV000015458,5225923,G,A,True,intronic,Pathogenic,NM_000518.5(HBB):c.316-197C>T
HBB,5224297,5226261,chr11:5263946-5266904,4,0.0820072340445266,VCV000869236,5225928,AA,A,False,intronic,Pathogenic,NM_000518.5(HBB):c.316-202del
HBB,5224297,5226261,chr11:5294805-5297768,2,0.46792264369982,VCV000439130,5225466,G,A,True,3_prime_UTR,Likely pathogenic,NM_000518.5(HBB):c.*132C>T
HBB,5224297,5226261,chr11:5294805-5297768,2,0.46792264369982,VCV000869259,5225482,TTTTTT,TTTT,False,3_prime_UTR,Likely pathogenic,NM_000518.5(HBB):c.*115_*116del
HBB,5224297,5226261,chr11:5294805-5297768,2,0.46792264369982,VCV000015474,5225482,TTTTTT,TTTTT,False,3_prime_UTR,Pathogenic,NM_000518.5(HBB):c.*116del
HBB,5224297,5226261,chr11:5294805-5297768,2,0.46792264369982,VCV000015506,5225484,TTTTATT,TT,False,3_prime_UTR,Pathogenic/Likely pathogenic,NM_000518.5(HBB):c.*110_*114del
HBB,5224297,5226261,chr11:5294805-5297768,2,0.46792264369982,VCV000015473,5225485,T,C,True,3_prime_UTR,Pathogenic,NM_000518.5(HBB):c.*113A>G
HBB,5224297,5226261,chr11:5294805-5297768,2,0.46792264369982,VCV000632843,5225487,TAT,T,False,3_prime_UTR,Pathogenic/Likely pathogenic,NM_000518.5(HBB):c.*110_*111del
HBB,5224297,5226261,chr11:5294805-5297768,2,0.46792264369982,VCV000015488,5225487,T,C,True,3_prime_UTR,Pathogenic,NM_000518.5(HBB):c.*111A>G
HBB,5224297,5226261,chr11:5294805-5297768,2,0.46792264369982,VCV000036332,5225488,A,G,True,3_prime_UTR,Pathogenic,NM_000518.5(HBB):c.*110T>C
HBB,5224297,5226261,chr11:5294805-5297768,2,0.46792264369982,VCV000015616,5225488,A,T,True,3_prime_UTR,Pathogenic,NM_000518.5(HBB):c.*110T>A
HBB,5224297,5226261,chr11:5294805-5297768,2,0.46792264369982,VCV000869258,5225490,T,C,True,3_prime_UTR,Pathogenic,NM_000518.5(HBB):c.*108A>G
HBB,5224297,5226261,chr11:5294805-5297768,2,0.46792264369982,VCV000869261,5225493,GCAGAATCCAGATGC,GC,False,3_prime_UTR,Pathogenic,NM_000518.5(HBB):c.*93_*105del
HBB,5224297,5226261,chr11:5294805-5297768,2,0.46792264369982,VCV000869260,5225566,T,G,True,3_prime_UTR,Pathogenic,NM_000518.5(HBB):c.*32A>C
HBB,5224297,5226261,chr11:5294805-5297768,2,0.46792264369982,VCV000393707,5225592,G,C,True,3_prime_UTR,Pathogenic/Likely pathogenic,NM_000518.5(HBB):c.*6C>G
HBB,5224297,5226261,chr11:5294805-5297768,2,0.46792264369982,VCV000015395,5225602,T,G,True,missense,Pathogenic,c.440A>C
HBB,5224297,5226261,chr11:5294805-5297768,2,0.46792264369982,VCV000015144,5225602,T,A,True,missense,Pathogenic; other,c.440A>T
HBB,5224297,5226261,chr11:5294805-5297768,2,0.46792264369982,VCV000015200,5225603,G,C,True,missense,Pathogenic; other,c.439C>G
HBB,5224297,5226261,chr11:5294805-5297768,2,0.46792264369982,VCV000015265,5225604,A,T,True,nonsense,Pathogenic; other,c.438T>A
HBB,5224297,5226261,chr11:5294805-5297768,2,0.46792264369982,VCV000015322,5225605,T,C,True,missense,Pathogenic,c.437A>G
HBB,5224297,5226261,chr11:5294805-5297768,2,0.46792264369982,VCV000633256,5225606,A,T,True,missense,Pathogenic,c.436T>A
HBB,5224297,5226261,chr11:5294805-5297768,2,0.46792264369982,VCV000015112,5225606,A,G,True,missense,Pathogenic,c.436T>C
HBB,5224297,5226261,chr11:5294805-5297768,2,0.46792264369982,VCV000015096,5225607,C,G,True,missense,Pathogenic,c.435G>C
HBB,5224297,5226261,chr11:5294805-5297768,2,0.46792264369982,VCV000015250,5225610,G,Y,False,missense,Pathogenic,Hb Little Rock
HBB,5224297,5226261,chr11:5294805-5297768,2,0.46792264369982,VCV000015365,5225611,T,G,True,missense,Pathogenic,c.431A>C
HBB,5224297,5226261,chr11:5294805-5297768,2,0.46792264369982,VCV000015090,5225611,T,C,True,missense,Pathogenic/Likely pathogenic,c.431A>G
HBB,5224297,5226261,chr11:5294805-5297768,2,0.46792264369982,VCV000869318,5225612,GGG,G,False,frameshift,Pathogenic,c.429_430del
HBB,5224297,5226261,chr11:5294805-5297768,2,0.46792264369982,VCV000015545,5225620,G,A,True,missense,Pathogenic,c.422C>T
HBB,5224297,5226261,chr11:5294805-5297768,2,0.46792264369982,VCV000015339,5225621,C,T,True,missense,Pathogenic; other,c.421G>A
HBB,5224297,5226261,chr11:5294805-5297768,2,0.46792264369982,VCV000869317,5225624,A,AA,False,nonsense,Pathogenic,c.417dup
HBB,5224297,5226261,chr11:5294805-5297768,2,0.46792264369982,VCV001189030,5225638,ACCACTTTCTGA,A,False,frameshift,Pathogenic,c.394_404del
HBB,5224297,5226261,chr11:5294805-5297768,2,0.46792264369982,VCV000015290,5225638,A,T,True,missense,Pathogenic,c.404T>A
HBB,5224297,5226261,chr11:5294805-5297768,2,0.46792264369982,VCV000928758,5225645,TCT,T,False,frameshift,Likely pathogenic,c.396_397del
HBB,5224297,5226261,chr11:5294805-5297768,2,0.46792264369982,VCV000869314,5225645,T,A,True,nonsense,Pathogenic,c.397A>T
HBB,5224297,5226261,chr11:5294805-5297768,2,0.46792264369982,VCV001459872,5225646,CTGATAGGCAGCCTGCACTG,CTG,False,frameshift,Pathogenic,c.380_396del
HBB,5224297,5226261,chr11:5294805-5297768,2,0.46792264369982,VCV000869312,5225646,T,TT,False,frameshift,Pathogenic,c.395dup
HBB,5224297,5226261,chr11:5294805-5297768,2,0.46792264369982,VCV000015348,5225647,T,G,True,missense,Likely pathogenic,c.395A>C
HBB,5224297,5226261,chr11:5294805-5297768,2,0.46792264369982,VCV000869311,5225648,G,A,True,nonsense,Pathogenic,c.394C>T
HBB,5224297,5226261,chr11:5294805-5297768,2,0.46792264369982,VCV000801192,5225649,A,T,True,nonsense,Pathogenic,c.393T>A
HBB,5224297,5226261,chr11:5294805-5297768,2,0.46792264369982,VCV000869313,5225654,CAGC,TGTGG,False,frameshift,Pathogenic,c.385_388delinsCCACA
HBB,5224297,5226261,chr11:5294805-5297768,2,0.46792264369982,VCV000015537,5225659,T,C,True,missense,Pathogenic; other,c.383A>G
HBB,5224297,5226261,chr11:5294805-5297768,2,0.46792264369982,VCV000015409,5225659,T,G,True,missense,Pathogenic,c.383A>C
HBB,5224297,5226261,chr11:5294805-5297768,2,0.46792264369982,VCV001705074,5225660,G,A,True,nonsense,Pathogenic,c.382C>T
HBB,5224297,5226261,chr11:5294805-5297768,2,0.46792264369982,VCV000015483,5225662,A,C,True,missense,Pathogenic/Likely pathogenic,c.380T>G
HBB,5224297,5226261,chr11:5294805-5297768,2,0.46792264369982,VCV000495998,5225664,TGGTGGGGTG,TG,False,frameshift,Pathogenic,c.371_378del
HBB,5224297,5226261,chr11:5294805-5297768,2,0.46792264369982,VCV000869284,5225666,T,TT,False,frameshift,Pathogenic,c.375dup
HBB,5224297,5226261,chr11:5294805-5297768,2,0.46792264369982,VCV003572119,5225678,TTT,TTTT,False,frameshift,Likely pathogenic,c.363dup
HBB,5224297,5226261,chr11:5294805-5297768,2,0.46792264369982,VCV000446736,5225678,C,T,True,missense,Pathogenic,c.364G>A
HBB,5224297,5226261,chr11:5294805-5297768,2,0.46792264369982,VCV000015404,5225678,C,A,True,nonsense,Pathogenic,c.364G>T
HBB,5224297,5226261,chr11:5294805-5297768,2,0.46792264369982,VCV000015292,5225678,C,T,True,missense,Pathogenic/Likely pathogenic,c.364G>A
HBB,5224297,5226261,chr11:5294805-5297768,2,0.46792264369982,VCV000015152,5225678,C,G,True,missense,Pathogenic/Likely pathogenic,c.364G>C
HBB,5224297,5226261,chr11:5294805-5297768,2,0.46792264369982,VCV003769274,5225693,GG,C,False,frameshift,Likely pathogenic,c.348_349delinsG
HBB,5224297,5226261,chr11:5294805-5297768,2,0.46792264369982,VCV002691364,5225693,GGCC,GGCCGGCC,False,frameshift,Pathogenic,c.345_348dup
HBB,5224297,5226261,chr11:5294805-5297768,2,0.46792264369982,VCV000015526,5225695,G,T,True,missense,Pathogenic,c.347C>A
HBB,5224297,5226261,chr11:5294805-5297768,2,0.46792264369982,VCV004531951,5225696,CC,C,False,frameshift,Pathogenic,c.346del
HBB,5224297,5226261,chr11:5294805-5297768,2,0.46792264369982,VCV000869279,5225696,CAGCACACAG,CAGCACACAGCACACAG,False,frameshift,Pathogenic,c.339_345dup
HBB,5224297,5226261,chr11:5294805-5297768,2,0.46792264369982,VCV000015257,5225696,C,G,True,missense,Pathogenic,c.346G>C
HBB,5224297,5226261,chr11:5294805-5297768,2,0.46792264369982,VCV000015513,5225698,A,G,True,missense,Pathogenic/Likely pathogenic,c.344T>C
HBB,5224297,5226261,chr11:5294805-5297768,2,0.46792264369982,VCV000015425,5225698,AG,C,False,frameshift,Pathogenic,c.343_344delinsG
HBB,5224297,5226261,chr11:5294805-5297768,2,0.46792264369982,VCV002681990,5225699,C,CC,False,frameshift,Pathogenic,c.342dup
HBB,5224297,5226261,chr11:5294805-5297768,2,0.46792264369982,VCV000869280,5225703,A,T,True,nonsense,Pathogenic,c.339T>A
HBB,5224297,5226261,chr11:5294805-5297768,2,0.46792264369982,VCV000015207,5225705,A,G,True,missense,Pathogenic; other,c.337T>C
HBB,5224297,5226261,chr11:5294805-5297768,2,0.46792264369982,VCV000015352,5225710,A,G,True,missense,Pathogenic,c.332T>C
HBB,5224297,5226261,chr11:5294805-5297768,2,0.46792264369982,VCV000015342,5225714,C,T,True,missense,Pathogenic,c.328G>A
HBB,5224297,5226261,chr11:5294805-5297768,2,0.46792264369982,VCV000015230,5225714,C,G,True,missense,Pathogenic,c.328G>C
HBB,5224297,5226261,chr11:5294805-5297768,2,0.46792264369982,VCV003336287,5225715,G,C,True,missense,Likely pathogenic,c.327C>G
HBB,5224297,5226261,chr11:5294805-5297768,2,0.46792264369982,VCV000439153,5225718,CCC,CCCC,False,frameshift,Pathogenic,c.323dup
HBB,5224297,5226261,chr11:5294805-5297768,2,0.46792264369982,VCV002735520,5225719,C,T,True,missense,Likely pathogenic,c.323G>A
HBB,5224297,5226261,chr11:5294805-5297768,2,0.46792264369982,VCV000015487,5225722,A,C,True,missense,Pathogenic; other,c.320T>G
HBB,5224297,5226261,chr11:5294805-5297768,2,0.46792264369982,VCV000015378,5225722,A,T,True,missense,Pathogenic,c.320T>A
HBB,5224297,5226261,chr11:5294805-5297768,2,0.46792264369982,VCV000552712,5225727,C,T,True,splice_donor,Pathogenic/Likely pathogenic,NM_000518.5(HBB):c.316-1G>A
HBB,5224297,5226261,chr11:5294805-5297768,2,0.46792264369982,VCV000038671,5225727,C,A,True,splice_donor,Likely pathogenic,NM_000518.5(HBB):c.316-1G>T
HBB,5224297,5226261,chr11:5294805-5297768,2,0.46792264369982,VCV000015512,5225727,C,G,True,splice_donor,Pathogenic,NM_000518.5(HBB):c.316-1G>C
HBB,5224297,5226261,chr11:5294805-5297768,2,0.46792264369982,VCV000021191,5225728,T,C,True,splice_donor,Pathogenic,NM_000518.5(HBB):c.316-2A>G
HBB,5224297,5226261,chr11:5294805-5297768,2,0.46792264369982,VCV000021190,5225728,T,G,True,splice_donor,Pathogenic,NM_000518.5(HBB):c.316-2A>C
HBB,5224297,5226261,chr11:5294805-5297768,2,0.46792264369982,VCV000619687,5225729,G,C,True,splice_region,Likely pathogenic,NM_000518.5(HBB):c.316-3C>G
HBB,5224297,5226261,chr11:5294805-5297768,2,0.46792264369982,VCV000015451,5225729,G,T,True,splice_region,Pathogenic/Likely pathogenic,NM_000518.5(HBB):c.316-3C>A
HBB,5224297,5226261,chr11:5294805-5297768,2,0.46792264369982,VCV000869111,5225733,G,T,True,splice_region,Pathogenic,NM_000518.5(HBB):c.316-7C>A
HBB,5224297,5226261,chr11:5294805-5297768,2,0.46792264369982,VCV000036313,5225740,A,C,True,intronic,Pathogenic/Likely pathogenic,NM_000518.5(HBB):c.316-14T>G
HBB,5224297,5226261,chr11:5294805-5297768,2,0.46792264369982,VCV000869277,5225811,AAAATAAAAGCAGAA,AAAATAAAAGCAGAAAATAAAAGCAGAA,False,intronic,Pathogenic,NM_000518.5(HBB):c.316-98_316-86dup
HBB,5224297,5226261,chr11:5294805-5297768,2,0.46792264369982,VCV000015457,5225832,G,C,True,intronic,Pathogenic/Likely pathogenic,NM_000518.5(HBB):c.316-106C>G
HBB,5224297,5226261,chr11:5294805-5297768,2,0.46792264369982,VCV000036312,5225872,A,C,True,intronic,Pathogenic,NM_000518.5(HBB):c.316-146T>G
HBB,5224297,5226261,chr11:5294805-5297768,2,0.46792264369982,VCV000015458,5225923,G,A,True,intronic,Pathogenic,NM_000518.5(HBB):c.316-197C>T
HBB,5224297,5226261,chr11:5294805-5297768,2,0.46792264369982,VCV000869236,5225928,AA,A,False,intronic,Pathogenic,NM_000518.5(HBB):c.316-202del
HBB,5224297,5226261,chr11:5299996-5312988,37,0,VCV000439130,5225466,G,A,True,3_prime_UTR,Likely pathogenic,NM_000518.5(HBB):c.*132C>T
HBB,5224297,5226261,chr11:5299996-5312988,37,0,VCV000869259,5225482,TTTTTT,TTTT,False,3_prime_UTR,Likely pathogenic,NM_000518.5(HBB):c.*115_*116del
HBB,5224297,5226261,chr11:5299996-5312988,37,0,VCV000015474,5225482,TTTTTT,TTTTT,False,3_prime_UTR,Pathogenic,NM_000518.5(HBB):c.*116del
HBB,5224297,5226261,chr11:5299996-5312988,37,0,VCV000015506,5225484,TTTTATT,TT,False,3_prime_UTR,Pathogenic/Likely pathogenic,NM_000518.5(HBB):c.*110_*114del
HBB,5224297,5226261,chr11:5299996-5312988,37,0,VCV000015473,5225485,T,C,True,3_prime_UTR,Pathogenic,NM_000518.5(HBB):c.*113A>G
HBB,5224297,5226261,chr11:5299996-5312988,37,0,VCV000632843,5225487,TAT,T,False,3_prime_UTR,Pathogenic/Likely pathogenic,NM_000518.5(HBB):c.*110_*111del
HBB,5224297,5226261,chr11:5299996-5312988,37,0,VCV000015488,5225487,T,C,True,3_prime_UTR,Pathogenic,NM_000518.5(HBB):c.*111A>G
HBB,5224297,5226261,chr11:5299996-5312988,37,0,VCV000036332,5225488,A,G,True,3_prime_UTR,Pathogenic,NM_000518.5(HBB):c.*110T>C
HBB,5224297,5226261,chr11:5299996-5312988,37,0,VCV000015616,5225488,A,T,True,3_prime_UTR,Pathogenic,NM_000518.5(HBB):c.*110T>A
HBB,5224297,5226261,chr11:5299996-5312988,37,0,VCV000869258,5225490,T,C,True,3_prime_UTR,Pathogenic,NM_000518.5(HBB):c.*108A>G
HBB,5224297,5226261,chr11:5299996-5312988,37,0,VCV000869261,5225493,GCAGAATCCAGATGC,GC,False,3_prime_UTR,Pathogenic,NM_000518.5(HBB):c.*93_*105del
HBB,5224297,5226261,chr11:5299996-5312988,37,0,VCV000869260,5225566,T,G,True,3_prime_UTR,Pathogenic,NM_000518.5(HBB):c.*32A>C
HBB,5224297,5226261,chr11:5299996-5312988,37,0,VCV000393707,5225592,G,C,True,3_prime_UTR,Pathogenic/Likely pathogenic,NM_000518.5(HBB):c.*6C>G
HBB,5224297,5226261,chr11:5299996-5312988,37,0,VCV000015395,5225602,T,G,True,missense,Pathogenic,c.440A>C
HBB,5224297,5226261,chr11:5299996-5312988,37,0,VCV000015144,5225602,T,A,True,missense,Pathogenic; other,c.440A>T
HBB,5224297,5226261,chr11:5299996-5312988,37,0,VCV000015200,5225603,G,C,True,missense,Pathogenic; other,c.439C>G
HBB,5224297,5226261,chr11:5299996-5312988,37,0,VCV000015265,5225604,A,T,True,nonsense,Pathogenic; other,c.438T>A
HBB,5224297,5226261,chr11:5299996-5312988,37,0,VCV000015322,5225605,T,C,True,missense,Pathogenic,c.437A>G
HBB,5224297,5226261,chr11:5299996-5312988,37,0,VCV000633256,5225606,A,T,True,missense,Pathogenic,c.436T>A
HBB,5224297,5226261,chr11:5299996-5312988,37,0,VCV000015112,5225606,A,G,True,missense,Pathogenic,c.436T>C
HBB,5224297,5226261,chr11:5299996-5312988,37,0,VCV000015096,5225607,C,G,True,missense,Pathogenic,c.435G>C
HBB,5224297,5226261,chr11:5299996-5312988,37,0,VCV000015250,5225610,G,Y,False,missense,Pathogenic,Hb Little Rock
HBB,5224297,5226261,chr11:5299996-5312988,37,0,VCV000015365,5225611,T,G,True,missense,Pathogenic,c.431A>C
HBB,5224297,5226261,chr11:5299996-5312988,37,0,VCV000015090,5225611,T,C,True,missense,Pathogenic/Likely pathogenic,c.431A>G
HBB,5224297,5226261,chr11:5299996-5312988,37,0,VCV000869318,5225612,GGG,G,False,frameshift,Pathogenic,c.429_430del
HBB,5224297,5226261,chr11:5299996-5312988,37,0,VCV000015545,5225620,G,A,True,missense,Pathogenic,c.422C>T
HBB,5224297,5226261,chr11:5299996-5312988,37,0,VCV000015339,5225621,C,T,True,missense,Pathogenic; other,c.421G>A
HBB,5224297,5226261,chr11:5299996-5312988,37,0,VCV000869317,5225624,A,AA,False,nonsense,Pathogenic,c.417dup
HBB,5224297,5226261,chr11:5299996-5312988,37,0,VCV001189030,5225638,ACCACTTTCTGA,A,False,frameshift,Pathogenic,c.394_404del
HBB,5224297,5226261,chr11:5299996-5312988,37,0,VCV000015290,5225638,A,T,True,missense,Pathogenic,c.404T>A
HBB,5224297,5226261,chr11:5299996-5312988,37,0,VCV000928758,5225645,TCT,T,False,frameshift,Likely pathogenic,c.396_397del
HBB,5224297,5226261,chr11:5299996-5312988,37,0,VCV000869314,5225645,T,A,True,nonsense,Pathogenic,c.397A>T
HBB,5224297,5226261,chr11:5299996-5312988,37,0,VCV001459872,5225646,CTGATAGGCAGCCTGCACTG,CTG,False,frameshift,Pathogenic,c.380_396del
HBB,5224297,5226261,chr11:5299996-5312988,37,0,VCV000869312,5225646,T,TT,False,frameshift,Pathogenic,c.395dup
HBB,5224297,5226261,chr11:5299996-5312988,37,0,VCV000015348,5225647,T,G,True,missense,Likely pathogenic,c.395A>C
HBB,5224297,5226261,chr11:5299996-5312988,37,0,VCV000869311,5225648,G,A,True,nonsense,Pathogenic,c.394C>T
HBB,5224297,5226261,chr11:5299996-5312988,37,0,VCV000801192,5225649,A,T,True,nonsense,Pathogenic,c.393T>A
HBB,5224297,5226261,chr11:5299996-5312988,37,0,VCV000869313,5225654,CAGC,TGTGG,False,frameshift,Pathogenic,c.385_388delinsCCACA
HBB,5224297,5226261,chr11:5299996-5312988,37,0,VCV000015537,5225659,T,C,True,missense,Pathogenic; other,c.383A>G
HBB,5224297,5226261,chr11:5299996-5312988,37,0,VCV000015409,5225659,T,G,True,missense,Pathogenic,c.383A>C
HBB,5224297,5226261,chr11:5299996-5312988,37,0,VCV001705074,5225660,G,A,True,nonsense,Pathogenic,c.382C>T
HBB,5224297,5226261,chr11:5299996-5312988,37,0,VCV000015483,5225662,A,C,True,missense,Pathogenic/Likely pathogenic,c.380T>G
HBB,5224297,5226261,chr11:5299996-5312988,37,0,VCV000495998,5225664,TGGTGGGGTG,TG,False,frameshift,Pathogenic,c.371_378del
HBB,5224297,5226261,chr11:5299996-5312988,37,0,VCV000869284,5225666,T,TT,False,frameshift,Pathogenic,c.375dup
HBB,5224297,5226261,chr11:5299996-5312988,37,0,VCV003572119,5225678,TTT,TTTT,False,frameshift,Likely pathogenic,c.363dup
HBB,5224297,5226261,chr11:5299996-5312988,37,0,VCV000446736,5225678,C,T,True,missense,Pathogenic,c.364G>A
HBB,5224297,5226261,chr11:5299996-5312988,37,0,VCV000015404,5225678,C,A,True,nonsense,Pathogenic,c.364G>T
HBB,5224297,5226261,chr11:5299996-5312988,37,0,VCV000015292,5225678,C,T,True,missense,Pathogenic/Likely pathogenic,c.364G>A
HBB,5224297,5226261,chr11:5299996-5312988,37,0,VCV000015152,5225678,C,G,True,missense,Pathogenic/Likely pathogenic,c.364G>C
HBB,5224297,5226261,chr11:5299996-5312988,37,0,VCV003769274,5225693,GG,C,False,frameshift,Likely pathogenic,c.348_349delinsG
HBB,5224297,5226261,chr11:5299996-5312988,37,0,VCV002691364,5225693,GGCC,GGCCGGCC,False,frameshift,Pathogenic,c.345_348dup
HBB,5224297,5226261,chr11:5299996-5312988,37,0,VCV000015526,5225695,G,T,True,missense,Pathogenic,c.347C>A
HBB,5224297,5226261,chr11:5299996-5312988,37,0,VCV004531951,5225696,CC,C,False,frameshift,Pathogenic,c.346del
HBB,5224297,5226261,chr11:5299996-5312988,37,0,VCV000869279,5225696,CAGCACACAG,CAGCACACAGCACACAG,False,frameshift,Pathogenic,c.339_345dup
HBB,5224297,5226261,chr11:5299996-5312988,37,0,VCV000015257,5225696,C,G,True,missense,Pathogenic,c.346G>C
HBB,5224297,5226261,chr11:5299996-5312988,37,0,VCV000015513,5225698,A,G,True,missense,Pathogenic/Likely pathogenic,c.344T>C
HBB,5224297,5226261,chr11:5299996-5312988,37,0,VCV000015425,5225698,AG,C,False,frameshift,Pathogenic,c.343_344delinsG
HBB,5224297,5226261,chr11:5299996-5312988,37,0,VCV002681990,5225699,C,CC,False,frameshift,Pathogenic,c.342dup
HBB,5224297,5226261,chr11:5299996-5312988,37,0,VCV000869280,5225703,A,T,True,nonsense,Pathogenic,c.339T>A
HBB,5224297,5226261,chr11:5299996-5312988,37,0,VCV000015207,5225705,A,G,True,missense,Pathogenic; other,c.337T>C
HBB,5224297,5226261,chr11:5299996-5312988,37,0,VCV000015352,5225710,A,G,True,missense,Pathogenic,c.332T>C
HBB,5224297,5226261,chr11:5299996-5312988,37,0,VCV000015342,5225714,C,T,True,missense,Pathogenic,c.328G>A
HBB,5224297,5226261,chr11:5299996-5312988,37,0,VCV000015230,5225714,C,G,True,missense,Pathogenic,c.328G>C
HBB,5224297,5226261,chr11:5299996-5312988,37,0,VCV003336287,5225715,G,C,True,missense,Likely pathogenic,c.327C>G
HBB,5224297,5226261,chr11:5299996-5312988,37,0,VCV000439153,5225718,CCC,CCCC,False,frameshift,Pathogenic,c.323dup
HBB,5224297,5226261,chr11:5299996-5312988,37,0,VCV002735520,5225719,C,T,True,missense,Likely pathogenic,c.323G>A
HBB,5224297,5226261,chr11:5299996-5312988,37,0,VCV000015487,5225722,A,C,True,missense,Pathogenic; other,c.320T>G
HBB,5224297,5226261,chr11:5299996-5312988,37,0,VCV000015378,5225722,A,T,True,missense,Pathogenic,c.320T>A
HBB,5224297,5226261,chr11:5299996-5312988,37,0,VCV000552712,5225727,C,T,True,splice_donor,Pathogenic/Likely pathogenic,NM_000518.5(HBB):c.316-1G>A
HBB,5224297,5226261,chr11:5299996-5312988,37,0,VCV000038671,5225727,C,A,True,splice_donor,Likely pathogenic,NM_000518.5(HBB):c.316-1G>T
HBB,5224297,5226261,chr11:5299996-5312988,37,0,VCV000015512,5225727,C,G,True,splice_donor,Pathogenic,NM_000518.5(HBB):c.316-1G>C
HBB,5224297,5226261,chr11:5299996-5312988,37,0,VCV000021191,5225728,T,C,True,splice_donor,Pathogenic,NM_000518.5(HBB):c.316-2A>G
HBB,5224297,5226261,chr11:5299996-5312988,37,0,VCV000021190,5225728,T,G,True,splice_donor,Pathogenic,NM_000518.5(HBB):c.316-2A>C
HBB,5224297,5226261,chr11:5299996-5312988,37,0,VCV000619687,5225729,G,C,True,splice_region,Likely pathogenic,NM_000518.5(HBB):c.316-3C>G
HBB,5224297,5226261,chr11:5299996-5312988,37,0,VCV000015451,5225729,G,T,True,splice_region,Pathogenic/Likely pathogenic,NM_000518.5(HBB):c.316-3C>A
HBB,5224297,5226261,chr11:5299996-5312988,37,0,VCV000869111,5225733,G,T,True,splice_region,Pathogenic,NM_000518.5(HBB):c.316-7C>A
HBB,5224297,5226261,chr11:5299996-5312988,37,0,VCV000036313,5225740,A,C,True,intronic,Pathogenic/Likely pathogenic,NM_000518.5(HBB):c.316-14T>G
HBB,5224297,5226261,chr11:5299996-5312988,37,0,VCV000869277,5225811,AAAATAAAAGCAGAA,AAAATAAAAGCAGAAAATAAAAGCAGAA,False,intronic,Pathogenic,NM_000518.5(HBB):c.316-98_316-86dup
HBB,5224297,5226261,chr11:5299996-5312988,37,0,VCV000015457,5225832,G,C,True,intronic,Pathogenic/Likely pathogenic,NM_000518.5(HBB):c.316-106C>G
HBB,5224297,5226261,chr11:5299996-5312988,37,0,VCV000036312,5225872,A,C,True,intronic,Pathogenic,NM_000518.5(HBB):c.316-146T>G
HBB,5224297,5226261,chr11:5299996-5312988,37,0,VCV000015458,5225923,G,A,True,intronic,Pathogenic,NM_000518.5(HBB):c.316-197C>T
HBB,5224297,5226261,chr11:5299996-5312988,37,0,VCV000869236,5225928,AA,A,False,intronic,Pathogenic,NM_000518.5(HBB):c.316-202del
HBB,5224297,5226261,chr11:5323684-5325094,2,0.416674200700868,VCV000439130,5225466,G,A,True,3_prime_UTR,Likely pathogenic,NM_000518.5(HBB):c.*132C>T
HBB,5224297,5226261,chr11:5323684-5325094,2,0.416674200700868,VCV000869259,5225482,TTTTTT,TTTT,False,3_prime_UTR,Likely pathogenic,NM_000518.5(HBB):c.*115_*116del
HBB,5224297,5226261,chr11:5323684-5325094,2,0.416674200700868,VCV000015474,5225482,TTTTTT,TTTTT,False,3_prime_UTR,Pathogenic,NM_000518.5(HBB):c.*116del
HBB,5224297,5226261,chr11:5323684-5325094,2,0.416674200700868,VCV000015506,5225484,TTTTATT,TT,False,3_prime_UTR,Pathogenic/Likely pathogenic,NM_000518.5(HBB):c.*110_*114del
HBB,5224297,5226261,chr11:5323684-5325094,2,0.416674200700868,VCV000015473,5225485,T,C,True,3_prime_UTR,Pathogenic,NM_000518.5(HBB):c.*113A>G
HBB,5224297,5226261,chr11:5323684-5325094,2,0.416674200700868,VCV000632843,5225487,TAT,T,False,3_prime_UTR,Pathogenic/Likely pathogenic,NM_000518.5(HBB):c.*110_*111del
HBB,5224297,5226261,chr11:5323684-5325094,2,0.416674200700868,VCV000015488,5225487,T,C,True,3_prime_UTR,Pathogenic,NM_000518.5(HBB):c.*111A>G
HBB,5224297,5226261,chr11:5323684-5325094,2,0.416674200700868,VCV000036332,5225488,A,G,True,3_prime_UTR,Pathogenic,NM_000518.5(HBB):c.*110T>C
HBB,5224297,5226261,chr11:5323684-5325094,2,0.416674200700868,VCV000015616,5225488,A,T,True,3_prime_UTR,Pathogenic,NM_000518.5(HBB):c.*110T>A
HBB,5224297,5226261,chr11:5323684-5325094,2,0.416674200700868,VCV000869258,5225490,T,C,True,3_prime_UTR,Pathogenic,NM_000518.5(HBB):c.*108A>G
HBB,5224297,5226261,chr11:5323684-5325094,2,0.416674200700868,VCV000869261,5225493,GCAGAATCCAGATGC,GC,False,3_prime_UTR,Pathogenic,NM_000518.5(HBB):c.*93_*105del
HBB,5224297,5226261,chr11:5323684-5325094,2,0.416674200700868,VCV000869260,5225566,T,G,True,3_prime_UTR,Pathogenic,NM_000518.5(HBB):c.*32A>C
HBB,5224297,5226261,chr11:5323684-5325094,2,0.416674200700868,VCV000393707,5225592,G,C,True,3_prime_UTR,Pathogenic/Likely pathogenic,NM_000518.5(HBB):c.*6C>G
HBB,5224297,5226261,chr11:5323684-5325094,2,0.416674200700868,VCV000015395,5225602,T,G,True,missense,Pathogenic,c.440A>C
HBB,5224297,5226261,chr11:5323684-5325094,2,0.416674200700868,VCV000015144,5225602,T,A,True,missense,Pathogenic; other,c.440A>T
HBB,5224297,5226261,chr11:5323684-5325094,2,0.416674200700868,VCV000015200,5225603,G,C,True,missense,Pathogenic; other,c.439C>G
HBB,5224297,5226261,chr11:5323684-5325094,2,0.416674200700868,VCV000015265,5225604,A,T,True,nonsense,Pathogenic; other,c.438T>A
HBB,5224297,5226261,chr11:5323684-5325094,2,0.416674200700868,VCV000015322,5225605,T,C,True,missense,Pathogenic,c.437A>G
HBB,5224297,5226261,chr11:5323684-5325094,2,0.416674200700868,VCV000633256,5225606,A,T,True,missense,Pathogenic,c.436T>A
HBB,5224297,5226261,chr11:5323684-5325094,2,0.416674200700868,VCV000015112,5225606,A,G,True,missense,Pathogenic,c.436T>C
HBB,5224297,5226261,chr11:5323684-5325094,2,0.416674200700868,VCV000015096,5225607,C,G,True,missense,Pathogenic,c.435G>C
HBB,5224297,5226261,chr11:5323684-5325094,2,0.416674200700868,VCV000015250,5225610,G,Y,False,missense,Pathogenic,Hb Little Rock
HBB,5224297,5226261,chr11:5323684-5325094,2,0.416674200700868,VCV000015365,5225611,T,G,True,missense,Pathogenic,c.431A>C
HBB,5224297,5226261,chr11:5323684-5325094,2,0.416674200700868,VCV000015090,5225611,T,C,True,missense,Pathogenic/Likely pathogenic,c.431A>G
HBB,5224297,5226261,chr11:5323684-5325094,2,0.416674200700868,VCV000869318,5225612,GGG,G,False,frameshift,Pathogenic,c.429_430del
HBB,5224297,5226261,chr11:5323684-5325094,2,0.416674200700868,VCV000015545,5225620,G,A,True,missense,Pathogenic,c.422C>T
HBB,5224297,5226261,chr11:5323684-5325094,2,0.416674200700868,VCV000015339,5225621,C,T,True,missense,Pathogenic; other,c.421G>A
HBB,5224297,5226261,chr11:5323684-5325094,2,0.416674200700868,VCV000869317,5225624,A,AA,False,nonsense,Pathogenic,c.417dup
HBB,5224297,5226261,chr11:5323684-5325094,2,0.416674200700868,VCV001189030,5225638,ACCACTTTCTGA,A,False,frameshift,Pathogenic,c.394_404del
HBB,5224297,5226261,chr11:5323684-5325094,2,0.416674200700868,VCV000015290,5225638,A,T,True,missense,Pathogenic,c.404T>A
HBB,5224297,5226261,chr11:5323684-5325094,2,0.416674200700868,VCV000928758,5225645,TCT,T,False,frameshift,Likely pathogenic,c.396_397del
HBB,5224297,5226261,chr11:5323684-5325094,2,0.416674200700868,VCV000869314,5225645,T,A,True,nonsense,Pathogenic,c.397A>T
HBB,5224297,5226261,chr11:5323684-5325094,2,0.416674200700868,VCV001459872,5225646,CTGATAGGCAGCCTGCACTG,CTG,False,frameshift,Pathogenic,c.380_396del
HBB,5224297,5226261,chr11:5323684-5325094,2,0.416674200700868,VCV000869312,5225646,T,TT,False,frameshift,Pathogenic,c.395dup
HBB,5224297,5226261,chr11:5323684-5325094,2,0.416674200700868,VCV000015348,5225647,T,G,True,missense,Likely pathogenic,c.395A>C
HBB,5224297,5226261,chr11:5323684-5325094,2,0.416674200700868,VCV000869311,5225648,G,A,True,nonsense,Pathogenic,c.394C>T
HBB,5224297,5226261,chr11:5323684-5325094,2,0.416674200700868,VCV000801192,5225649,A,T,True,nonsense,Pathogenic,c.393T>A
HBB,5224297,5226261,chr11:5323684-5325094,2,0.416674200700868,VCV000869313,5225654,CAGC,TGTGG,False,frameshift,Pathogenic,c.385_388delinsCCACA
HBB,5224297,5226261,chr11:5323684-5325094,2,0.416674200700868,VCV000015537,5225659,T,C,True,missense,Pathogenic; other,c.383A>G
HBB,5224297,5226261,chr11:5323684-5325094,2,0.416674200700868,VCV000015409,5225659,T,G,True,missense,Pathogenic,c.383A>C
HBB,5224297,5226261,chr11:5323684-5325094,2,0.416674200700868,VCV001705074,5225660,G,A,True,nonsense,Pathogenic,c.382C>T
HBB,5224297,5226261,chr11:5323684-5325094,2,0.416674200700868,VCV000015483,5225662,A,C,True,missense,Pathogenic/Likely pathogenic,c.380T>G
HBB,5224297,5226261,chr11:5323684-5325094,2,0.416674200700868,VCV000495998,5225664,TGGTGGGGTG,TG,False,frameshift,Pathogenic,c.371_378del
HBB,5224297,5226261,chr11:5323684-5325094,2,0.416674200700868,VCV000869284,5225666,T,TT,False,frameshift,Pathogenic,c.375dup
HBB,5224297,5226261,chr11:5323684-5325094,2,0.416674200700868,VCV003572119,5225678,TTT,TTTT,False,frameshift,Likely pathogenic,c.363dup
HBB,5224297,5226261,chr11:5323684-5325094,2,0.416674200700868,VCV000446736,5225678,C,T,True,missense,Pathogenic,c.364G>A
HBB,5224297,5226261,chr11:5323684-5325094,2,0.416674200700868,VCV000015404,5225678,C,A,True,nonsense,Pathogenic,c.364G>T
HBB,5224297,5226261,chr11:5323684-5325094,2,0.416674200700868,VCV000015292,5225678,C,T,True,missense,Pathogenic/Likely pathogenic,c.364G>A
HBB,5224297,5226261,chr11:5323684-5325094,2,0.416674200700868,VCV000015152,5225678,C,G,True,missense,Pathogenic/Likely pathogenic,c.364G>C
HBB,5224297,5226261,chr11:5323684-5325094,2,0.416674200700868,VCV003769274,5225693,GG,C,False,frameshift,Likely pathogenic,c.348_349delinsG
HBB,5224297,5226261,chr11:5323684-5325094,2,0.416674200700868,VCV002691364,5225693,GGCC,GGCCGGCC,False,frameshift,Pathogenic,c.345_348dup
HBB,5224297,5226261,chr11:5323684-5325094,2,0.416674200700868,VCV000015526,5225695,G,T,True,missense,Pathogenic,c.347C>A
HBB,5224297,5226261,chr11:5323684-5325094,2,0.416674200700868,VCV004531951,5225696,CC,C,False,frameshift,Pathogenic,c.346del
HBB,5224297,5226261,chr11:5323684-5325094,2,0.416674200700868,VCV000869279,5225696,CAGCACACAG,CAGCACACAGCACACAG,False,frameshift,Pathogenic,c.339_345dup
HBB,5224297,5226261,chr11:5323684-5325094,2,0.416674200700868,VCV000015257,5225696,C,G,True,missense,Pathogenic,c.346G>C
HBB,5224297,5226261,chr11:5323684-5325094,2,0.416674200700868,VCV000015513,5225698,A,G,True,missense,Pathogenic/Likely pathogenic,c.344T>C
HBB,5224297,5226261,chr11:5323684-5325094,2,0.416674200700868,VCV000015425,5225698,AG,C,False,frameshift,Pathogenic,c.343_344delinsG
HBB,5224297,5226261,chr11:5323684-5325094,2,0.416674200700868,VCV002681990,5225699,C,CC,False,frameshift,Pathogenic,c.342dup
HBB,5224297,5226261,chr11:5323684-5325094,2,0.416674200700868,VCV000869280,5225703,A,T,True,nonsense,Pathogenic,c.339T>A
HBB,5224297,5226261,chr11:5323684-5325094,2,0.416674200700868,VCV000015207,5225705,A,G,True,missense,Pathogenic; other,c.337T>C
HBB,5224297,5226261,chr11:5323684-5325094,2,0.416674200700868,VCV000015352,5225710,A,G,True,missense,Pathogenic,c.332T>C
HBB,5224297,5226261,chr11:5323684-5325094,2,0.416674200700868,VCV000015342,5225714,C,T,True,missense,Pathogenic,c.328G>A
HBB,5224297,5226261,chr11:5323684-5325094,2,0.416674200700868,VCV000015230,5225714,C,G,True,missense,Pathogenic,c.328G>C
HBB,5224297,5226261,chr11:5323684-5325094,2,0.416674200700868,VCV003336287,5225715,G,C,True,missense,Likely pathogenic,c.327C>G
HBB,5224297,5226261,chr11:5323684-5325094,2,0.416674200700868,VCV000439153,5225718,CCC,CCCC,False,frameshift,Pathogenic,c.323dup
HBB,5224297,5226261,chr11:5323684-5325094,2,0.416674200700868,VCV002735520,5225719,C,T,True,missense,Likely pathogenic,c.323G>A
HBB,5224297,5226261,chr11:5323684-5325094,2,0.416674200700868,VCV000015487,5225722,A,C,True,missense,Pathogenic; other,c.320T>G
HBB,5224297,5226261,chr11:5323684-5325094,2,0.416674200700868,VCV000015378,5225722,A,T,True,missense,Pathogenic,c.320T>A
HBB,5224297,5226261,chr11:5323684-5325094,2,0.416674200700868,VCV000552712,5225727,C,T,True,splice_donor,Pathogenic/Likely pathogenic,NM_000518.5(HBB):c.316-1G>A
HBB,5224297,5226261,chr11:5323684-5325094,2,0.416674200700868,VCV000038671,5225727,C,A,True,splice_donor,Likely pathogenic,NM_000518.5(HBB):c.316-1G>T
HBB,5224297,5226261,chr11:5323684-5325094,2,0.416674200700868,VCV000015512,5225727,C,G,True,splice_donor,Pathogenic,NM_000518.5(HBB):c.316-1G>C
HBB,5224297,5226261,chr11:5323684-5325094,2,0.416674200700868,VCV000021191,5225728,T,C,True,splice_donor,Pathogenic,NM_000518.5(HBB):c.316-2A>G
HBB,5224297,5226261,chr11:5323684-5325094,2,0.416674200700868,VCV000021190,5225728,T,G,True,splice_donor,Pathogenic,NM_000518.5(HBB):c.316-2A>C
HBB,5224297,5226261,chr11:5323684-5325094,2,0.416674200700868,VCV000619687,5225729,G,C,True,splice_region,Likely pathogenic,NM_000518.5(HBB):c.316-3C>G
HBB,5224297,5226261,chr11:5323684-5325094,2,0.416674200700868,VCV000015451,5225729,G,T,True,splice_region,Pathogenic/Likely pathogenic,NM_000518.5(HBB):c.316-3C>A
HBB,5224297,5226261,chr11:5323684-5325094,2,0.416674200700868,VCV000869111,5225733,G,T,True,splice_region,Pathogenic,NM_000518.5(HBB):c.316-7C>A
HBB,5224297,5226261,chr11:5323684-5325094,2,0.416674200700868,VCV000036313,5225740,A,C,True,intronic,Pathogenic/Likely pathogenic,NM_000518.5(HBB):c.316-14T>G
HBB,5224297,5226261,chr11:5323684-5325094,2,0.416674200700868,VCV000869277,5225811,AAAATAAAAGCAGAA,AAAATAAAAGCAGAAAATAAAAGCAGAA,False,intronic,Pathogenic,NM_000518.5(HBB):c.316-98_316-86dup
HBB,5224297,5226261,chr11:5323684-5325094,2,0.416674200700868,VCV000015457,5225832,G,C,True,intronic,Pathogenic/Likely pathogenic,NM_000518.5(HBB):c.316-106C>G
HBB,5224297,5226261,chr11:5323684-5325094,2,0.416674200700868,VCV000036312,5225872,A,C,True,intronic,Pathogenic,NM_000518.5(HBB):c.316-146T>G
HBB,5224297,5226261,chr11:5323684-5325094,2,0.416674200700868,VCV000015458,5225923,G,A,True,intronic,Pathogenic,NM_000518.5(HBB):c.316-197C>T
HBB,5224297,5226261,chr11:5323684-5325094,2,0.416674200700868,VCV000869236,5225928,AA,A,False,intronic,Pathogenic,NM_000518.5(HBB):c.316-202del
HBB,5224297,5226261,chr11:5382952-5384432,1,0.0346284240284713,VCV000439130,5225466,G,A,True,3_prime_UTR,Likely pathogenic,NM_000518.5(HBB):c.*132C>T
HBB,5224297,5226261,chr11:5382952-5384432,1,0.0346284240284713,VCV000869259,5225482,TTTTTT,TTTT,False,3_prime_UTR,Likely pathogenic,NM_000518.5(HBB):c.*115_*116del
HBB,5224297,5226261,chr11:5382952-5384432,1,0.0346284240284713,VCV000015474,5225482,TTTTTT,TTTTT,False,3_prime_UTR,Pathogenic,NM_000518.5(HBB):c.*116del
HBB,5224297,5226261,chr11:5382952-5384432,1,0.0346284240284713,VCV000015506,5225484,TTTTATT,TT,False,3_prime_UTR,Pathogenic/Likely pathogenic,NM_000518.5(HBB):c.*110_*114del
HBB,5224297,5226261,chr11:5382952-5384432,1,0.0346284240284713,VCV000015473,5225485,T,C,True,3_prime_UTR,Pathogenic,NM_000518.5(HBB):c.*113A>G
HBB,5224297,5226261,chr11:5382952-5384432,1,0.0346284240284713,VCV000632843,5225487,TAT,T,False,3_prime_UTR,Pathogenic/Likely pathogenic,NM_000518.5(HBB):c.*110_*111del
HBB,5224297,5226261,chr11:5382952-5384432,1,0.0346284240284713,VCV000015488,5225487,T,C,True,3_prime_UTR,Pathogenic,NM_000518.5(HBB):c.*111A>G
HBB,5224297,5226261,chr11:5382952-5384432,1,0.0346284240284713,VCV000036332,5225488,A,G,True,3_prime_UTR,Pathogenic,NM_000518.5(HBB):c.*110T>C
HBB,5224297,5226261,chr11:5382952-5384432,1,0.0346284240284713,VCV000015616,5225488,A,T,True,3_prime_UTR,Pathogenic,NM_000518.5(HBB):c.*110T>A
HBB,5224297,5226261,chr11:5382952-5384432,1,0.0346284240284713,VCV000869258,5225490,T,C,True,3_prime_UTR,Pathogenic,NM_000518.5(HBB):c.*108A>G
HBB,5224297,5226261,chr11:5382952-5384432,1,0.0346284240284713,VCV000869261,5225493,GCAGAATCCAGATGC,GC,False,3_prime_UTR,Pathogenic,NM_000518.5(HBB):c.*93_*105del
HBB,5224297,5226261,chr11:5382952-5384432,1,0.0346284240284713,VCV000869260,5225566,T,G,True,3_prime_UTR,Pathogenic,NM_000518.5(HBB):c.*32A>C
HBB,5224297,5226261,chr11:5382952-5384432,1,0.0346284240284713,VCV000393707,5225592,G,C,True,3_prime_UTR,Pathogenic/Likely pathogenic,NM_000518.5(HBB):c.*6C>G
HBB,5224297,5226261,chr11:5382952-5384432,1,0.0346284240284713,VCV000015395,5225602,T,G,True,missense,Pathogenic,c.440A>C
HBB,5224297,5226261,chr11:5382952-5384432,1,0.0346284240284713,VCV000015144,5225602,T,A,True,missense,Pathogenic; other,c.440A>T
HBB,5224297,5226261,chr11:5382952-5384432,1,0.0346284240284713,VCV000015200,5225603,G,C,True,missense,Pathogenic; other,c.439C>G
HBB,5224297,5226261,chr11:5382952-5384432,1,0.0346284240284713,VCV000015265,5225604,A,T,True,nonsense,Pathogenic; other,c.438T>A
HBB,5224297,5226261,chr11:5382952-5384432,1,0.0346284240284713,VCV000015322,5225605,T,C,True,missense,Pathogenic,c.437A>G
HBB,5224297,5226261,chr11:5382952-5384432,1,0.0346284240284713,VCV000633256,5225606,A,T,True,missense,Pathogenic,c.436T>A
HBB,5224297,5226261,chr11:5382952-5384432,1,0.0346284240284713,VCV000015112,5225606,A,G,True,missense,Pathogenic,c.436T>C
HBB,5224297,5226261,chr11:5382952-5384432,1,0.0346284240284713,VCV000015096,5225607,C,G,True,missense,Pathogenic,c.435G>C
HBB,5224297,5226261,chr11:5382952-5384432,1,0.0346284240284713,VCV000015250,5225610,G,Y,False,missense,Pathogenic,Hb Little Rock
HBB,5224297,5226261,chr11:5382952-5384432,1,0.0346284240284713,VCV000015365,5225611,T,G,True,missense,Pathogenic,c.431A>C
HBB,5224297,5226261,chr11:5382952-5384432,1,0.0346284240284713,VCV000015090,5225611,T,C,True,missense,Pathogenic/Likely pathogenic,c.431A>G
HBB,5224297,5226261,chr11:5382952-5384432,1,0.0346284240284713,VCV000869318,5225612,GGG,G,False,frameshift,Pathogenic,c.429_430del
HBB,5224297,5226261,chr11:5382952-5384432,1,0.0346284240284713,VCV000015545,5225620,G,A,True,missense,Pathogenic,c.422C>T
HBB,5224297,5226261,chr11:5382952-5384432,1,0.0346284240284713,VCV000015339,5225621,C,T,True,missense,Pathogenic; other,c.421G>A
HBB,5224297,5226261,chr11:5382952-5384432,1,0.0346284240284713,VCV000869317,5225624,A,AA,False,nonsense,Pathogenic,c.417dup
HBB,5224297,5226261,chr11:5382952-5384432,1,0.0346284240284713,VCV001189030,5225638,ACCACTTTCTGA,A,False,frameshift,Pathogenic,c.394_404del
HBB,5224297,5226261,chr11:5382952-5384432,1,0.0346284240284713,VCV000015290,5225638,A,T,True,missense,Pathogenic,c.404T>A
HBB,5224297,5226261,chr11:5382952-5384432,1,0.0346284240284713,VCV000928758,5225645,TCT,T,False,frameshift,Likely pathogenic,c.396_397del
HBB,5224297,5226261,chr11:5382952-5384432,1,0.0346284240284713,VCV000869314,5225645,T,A,True,nonsense,Pathogenic,c.397A>T
HBB,5224297,5226261,chr11:5382952-5384432,1,0.0346284240284713,VCV001459872,5225646,CTGATAGGCAGCCTGCACTG,CTG,False,frameshift,Pathogenic,c.380_396del
HBB,5224297,5226261,chr11:5382952-5384432,1,0.0346284240284713,VCV000869312,5225646,T,TT,False,frameshift,Pathogenic,c.395dup
HBB,5224297,5226261,chr11:5382952-5384432,1,0.0346284240284713,VCV000015348,5225647,T,G,True,missense,Likely pathogenic,c.395A>C
HBB,5224297,5226261,chr11:5382952-5384432,1,0.0346284240284713,VCV000869311,5225648,G,A,True,nonsense,Pathogenic,c.394C>T
HBB,5224297,5226261,chr11:5382952-5384432,1,0.0346284240284713,VCV000801192,5225649,A,T,True,nonsense,Pathogenic,c.393T>A
HBB,5224297,5226261,chr11:5382952-5384432,1,0.0346284240284713,VCV000869313,5225654,CAGC,TGTGG,False,frameshift,Pathogenic,c.385_388delinsCCACA
HBB,5224297,5226261,chr11:5382952-5384432,1,0.0346284240284713,VCV000015537,5225659,T,C,True,missense,Pathogenic; other,c.383A>G
HBB,5224297,5226261,chr11:5382952-5384432,1,0.0346284240284713,VCV000015409,5225659,T,G,True,missense,Pathogenic,c.383A>C
HBB,5224297,5226261,chr11:5382952-5384432,1,0.0346284240284713,VCV001705074,5225660,G,A,True,nonsense,Pathogenic,c.382C>T
HBB,5224297,5226261,chr11:5382952-5384432,1,0.0346284240284713,VCV000015483,5225662,A,C,True,missense,Pathogenic/Likely pathogenic,c.380T>G
HBB,5224297,5226261,chr11:5382952-5384432,1,0.0346284240284713,VCV000495998,5225664,TGGTGGGGTG,TG,False,frameshift,Pathogenic,c.371_378del
HBB,5224297,5226261,chr11:5382952-5384432,1,0.0346284240284713,VCV000869284,5225666,T,TT,False,frameshift,Pathogenic,c.375dup
HBB,5224297,5226261,chr11:5382952-5384432,1,0.0346284240284713,VCV003572119,5225678,TTT,TTTT,False,frameshift,Likely pathogenic,c.363dup
HBB,5224297,5226261,chr11:5382952-5384432,1,0.0346284240284713,VCV000446736,5225678,C,T,True,missense,Pathogenic,c.364G>A
HBB,5224297,5226261,chr11:5382952-5384432,1,0.0346284240284713,VCV000015404,5225678,C,A,True,nonsense,Pathogenic,c.364G>T
HBB,5224297,5226261,chr11:5382952-5384432,1,0.0346284240284713,VCV000015292,5225678,C,T,True,missense,Pathogenic/Likely pathogenic,c.364G>A
HBB,5224297,5226261,chr11:5382952-5384432,1,0.0346284240284713,VCV000015152,5225678,C,G,True,missense,Pathogenic/Likely pathogenic,c.364G>C
HBB,5224297,5226261,chr11:5382952-5384432,1,0.0346284240284713,VCV003769274,5225693,GG,C,False,frameshift,Likely pathogenic,c.348_349delinsG
HBB,5224297,5226261,chr11:5382952-5384432,1,0.0346284240284713,VCV002691364,5225693,GGCC,GGCCGGCC,False,frameshift,Pathogenic,c.345_348dup
HBB,5224297,5226261,chr11:5382952-5384432,1,0.0346284240284713,VCV000015526,5225695,G,T,True,missense,Pathogenic,c.347C>A
HBB,5224297,5226261,chr11:5382952-5384432,1,0.0346284240284713,VCV004531951,5225696,CC,C,False,frameshift,Pathogenic,c.346del
HBB,5224297,5226261,chr11:5382952-5384432,1,0.0346284240284713,VCV000869279,5225696,CAGCACACAG,CAGCACACAGCACACAG,False,frameshift,Pathogenic,c.339_345dup
HBB,5224297,5226261,chr11:5382952-5384432,1,0.0346284240284713,VCV000015257,5225696,C,G,True,missense,Pathogenic,c.346G>C
HBB,5224297,5226261,chr11:5382952-5384432,1,0.0346284240284713,VCV000015513,5225698,A,G,True,missense,Pathogenic/Likely pathogenic,c.344T>C
HBB,5224297,5226261,chr11:5382952-5384432,1,0.0346284240284713,VCV000015425,5225698,AG,C,False,frameshift,Pathogenic,c.343_344delinsG
HBB,5224297,5226261,chr11:5382952-5384432,1,0.0346284240284713,VCV002681990,5225699,C,CC,False,frameshift,Pathogenic,c.342dup
HBB,5224297,5226261,chr11:5382952-5384432,1,0.0346284240284713,VCV000869280,5225703,A,T,True,nonsense,Pathogenic,c.339T>A
HBB,5224297,5226261,chr11:5382952-5384432,1,0.0346284240284713,VCV000015207,5225705,A,G,True,missense,Pathogenic; other,c.337T>C
HBB,5224297,5226261,chr11:5382952-5384432,1,0.0346284240284713,VCV000015352,5225710,A,G,True,missense,Pathogenic,c.332T>C
HBB,5224297,5226261,chr11:5382952-5384432,1,0.0346284240284713,VCV000015342,5225714,C,T,True,missense,Pathogenic,c.328G>A
HBB,5224297,5226261,chr11:5382952-5384432,1,0.0346284240284713,VCV000015230,5225714,C,G,True,missense,Pathogenic,c.328G>C
HBB,5224297,5226261,chr11:5382952-5384432,1,0.0346284240284713,VCV003336287,5225715,G,C,True,missense,Likely pathogenic,c.327C>G
HBB,5224297,5226261,chr11:5382952-5384432,1,0.0346284240284713,VCV000439153,5225718,CCC,CCCC,False,frameshift,Pathogenic,c.323dup
HBB,5224297,5226261,chr11:5382952-5384432,1,0.0346284240284713,VCV002735520,5225719,C,T,True,missense,Likely pathogenic,c.323G>A
HBB,5224297,5226261,chr11:5382952-5384432,1,0.0346284240284713,VCV000015487,5225722,A,C,True,missense,Pathogenic; other,c.320T>G
HBB,5224297,5226261,chr11:5382952-5384432,1,0.0346284240284713,VCV000015378,5225722,A,T,True,missense,Pathogenic,c.320T>A
HBB,5224297,5226261,chr11:5382952-5384432,1,0.0346284240284713,VCV000552712,5225727,C,T,True,splice_donor,Pathogenic/Likely pathogenic,NM_000518.5(HBB):c.316-1G>A
HBB,5224297,5226261,chr11:5382952-5384432,1,0.0346284240284713,VCV000038671,5225727,C,A,True,splice_donor,Likely pathogenic,NM_000518.5(HBB):c.316-1G>T
HBB,5224297,5226261,chr11:5382952-5384432,1,0.0346284240284713,VCV000015512,5225727,C,G,True,splice_donor,Pathogenic,NM_000518.5(HBB):c.316-1G>C
HBB,5224297,5226261,chr11:5382952-5384432,1,0.0346284240284713,VCV000021191,5225728,T,C,True,splice_donor,Pathogenic,NM_000518.5(HBB):c.316-2A>G
HBB,5224297,5226261,chr11:5382952-5384432,1,0.0346284240284713,VCV000021190,5225728,T,G,True,splice_donor,Pathogenic,NM_000518.5(HBB):c.316-2A>C
HBB,5224297,5226261,chr11:5382952-5384432,1,0.0346284240284713,VCV000619687,5225729,G,C,True,splice_region,Likely pathogenic,NM_000518.5(HBB):c.316-3C>G
HBB,5224297,5226261,chr11:5382952-5384432,1,0.0346284240284713,VCV000015451,5225729,G,T,True,splice_region,Pathogenic/Likely pathogenic,NM_000518.5(HBB):c.316-3C>A
HBB,5224297,5226261,chr11:5382952-5384432,1,0.0346284240284713,VCV000869111,5225733,G,T,True,splice_region,Pathogenic,NM_000518.5(HBB):c.316-7C>A
HBB,5224297,5226261,chr11:5382952-5384432,1,0.0346284240284713,VCV000036313,5225740,A,C,True,intronic,Pathogenic/Likely pathogenic,NM_000518.5(HBB):c.316-14T>G
HBB,5224297,5226261,chr11:5382952-5384432,1,0.0346284240284713,VCV000869277,5225811,AAAATAAAAGCAGAA,AAAATAAAAGCAGAAAATAAAAGCAGAA,False,intronic,Pathogenic,NM_000518.5(HBB):c.316-98_316-86dup
HBB,5224297,5226261,chr11:5382952-5384432,1,0.0346284240284713,VCV000015457,5225832,G,C,True,intronic,Pathogenic/Likely pathogenic,NM_000518.5(HBB):c.316-106C>G
HBB,5224297,5226261,chr11:5382952-5384432,1,0.0346284240284713,VCV000036312,5225872,A,C,True,intronic,Pathogenic,NM_000518.5(HBB):c.316-146T>G
HBB,5224297,5226261,chr11:5382952-5384432,1,0.0346284240284713,VCV000015458,5225923,G,A,True,intronic,Pathogenic,NM_000518.5(HBB):c.316-197C>T
HBB,5224297,5226261,chr11:5382952-5384432,1,0.0346284240284713,VCV000869236,5225928,AA,A,False,intronic,Pathogenic,NM_000518.5(HBB):c.316-202del
HBB,5224297,5226261,chr11:5390179-5393071,1,0.029002547960783,VCV000439130,5225466,G,A,True,3_prime_UTR,Likely pathogenic,NM_000518.5(HBB):c.*132C>T
HBB,5224297,5226261,chr11:5390179-5393071,1,0.029002547960783,VCV000869259,5225482,TTTTTT,TTTT,False,3_prime_UTR,Likely pathogenic,NM_000518.5(HBB):c.*115_*116del
HBB,5224297,5226261,chr11:5390179-5393071,1,0.029002547960783,VCV000015474,5225482,TTTTTT,TTTTT,False,3_prime_UTR,Pathogenic,NM_000518.5(HBB):c.*116del
HBB,5224297,5226261,chr11:5390179-5393071,1,0.029002547960783,VCV000015506,5225484,TTTTATT,TT,False,3_prime_UTR,Pathogenic/Likely pathogenic,NM_000518.5(HBB):c.*110_*114del
HBB,5224297,5226261,chr11:5390179-5393071,1,0.029002547960783,VCV000015473,5225485,T,C,True,3_prime_UTR,Pathogenic,NM_000518.5(HBB):c.*113A>G
HBB,5224297,5226261,chr11:5390179-5393071,1,0.029002547960783,VCV000632843,5225487,TAT,T,False,3_prime_UTR,Pathogenic/Likely pathogenic,NM_000518.5(HBB):c.*110_*111del
HBB,5224297,5226261,chr11:5390179-5393071,1,0.029002547960783,VCV000015488,5225487,T,C,True,3_prime_UTR,Pathogenic,NM_000518.5(HBB):c.*111A>G
HBB,5224297,5226261,chr11:5390179-5393071,1,0.029002547960783,VCV000036332,5225488,A,G,True,3_prime_UTR,Pathogenic,NM_000518.5(HBB):c.*110T>C
HBB,5224297,5226261,chr11:5390179-5393071,1,0.029002547960783,VCV000015616,5225488,A,T,True,3_prime_UTR,Pathogenic,NM_000518.5(HBB):c.*110T>A
HBB,5224297,5226261,chr11:5390179-5393071,1,0.029002547960783,VCV000869258,5225490,T,C,True,3_prime_UTR,Pathogenic,NM_000518.5(HBB):c.*108A>G
HBB,5224297,5226261,chr11:5390179-5393071,1,0.029002547960783,VCV000869261,5225493,GCAGAATCCAGATGC,GC,False,3_prime_UTR,Pathogenic,NM_000518.5(HBB):c.*93_*105del
HBB,5224297,5226261,chr11:5390179-5393071,1,0.029002547960783,VCV000869260,5225566,T,G,True,3_prime_UTR,Pathogenic,NM_000518.5(HBB):c.*32A>C
HBB,5224297,5226261,chr11:5390179-5393071,1,0.029002547960783,VCV000393707,5225592,G,C,True,3_prime_UTR,Pathogenic/Likely pathogenic,NM_000518.5(HBB):c.*6C>G
HBB,5224297,5226261,chr11:5390179-5393071,1,0.029002547960783,VCV000015395,5225602,T,G,True,missense,Pathogenic,c.440A>C
HBB,5224297,5226261,chr11:5390179-5393071,1,0.029002547960783,VCV000015144,5225602,T,A,True,missense,Pathogenic; other,c.440A>T
HBB,5224297,5226261,chr11:5390179-5393071,1,0.029002547960783,VCV000015200,5225603,G,C,True,missense,Pathogenic; other,c.439C>G
HBB,5224297,5226261,chr11:5390179-5393071,1,0.029002547960783,VCV000015265,5225604,A,T,True,nonsense,Pathogenic; other,c.438T>A
HBB,5224297,5226261,chr11:5390179-5393071,1,0.029002547960783,VCV000015322,5225605,T,C,True,missense,Pathogenic,c.437A>G
HBB,5224297,5226261,chr11:5390179-5393071,1,0.029002547960783,VCV000633256,5225606,A,T,True,missense,Pathogenic,c.436T>A
HBB,5224297,5226261,chr11:5390179-5393071,1,0.029002547960783,VCV000015112,5225606,A,G,True,missense,Pathogenic,c.436T>C
HBB,5224297,5226261,chr11:5390179-5393071,1,0.029002547960783,VCV000015096,5225607,C,G,True,missense,Pathogenic,c.435G>C
HBB,5224297,5226261,chr11:5390179-5393071,1,0.029002547960783,VCV000015250,5225610,G,Y,False,missense,Pathogenic,Hb Little Rock
HBB,5224297,5226261,chr11:5390179-5393071,1,0.029002547960783,VCV000015365,5225611,T,G,True,missense,Pathogenic,c.431A>C
HBB,5224297,5226261,chr11:5390179-5393071,1,0.029002547960783,VCV000015090,5225611,T,C,True,missense,Pathogenic/Likely pathogenic,c.431A>G
HBB,5224297,5226261,chr11:5390179-5393071,1,0.029002547960783,VCV000869318,5225612,GGG,G,False,frameshift,Pathogenic,c.429_430del
HBB,5224297,5226261,chr11:5390179-5393071,1,0.029002547960783,VCV000015545,5225620,G,A,True,missense,Pathogenic,c.422C>T
HBB,5224297,5226261,chr11:5390179-5393071,1,0.029002547960783,VCV000015339,5225621,C,T,True,missense,Pathogenic; other,c.421G>A
HBB,5224297,5226261,chr11:5390179-5393071,1,0.029002547960783,VCV000869317,5225624,A,AA,False,nonsense,Pathogenic,c.417dup
HBB,5224297,5226261,chr11:5390179-5393071,1,0.029002547960783,VCV001189030,5225638,ACCACTTTCTGA,A,False,frameshift,Pathogenic,c.394_404del
HBB,5224297,5226261,chr11:5390179-5393071,1,0.029002547960783,VCV000015290,5225638,A,T,True,missense,Pathogenic,c.404T>A
HBB,5224297,5226261,chr11:5390179-5393071,1,0.029002547960783,VCV000928758,5225645,TCT,T,False,frameshift,Likely pathogenic,c.396_397del
HBB,5224297,5226261,chr11:5390179-5393071,1,0.029002547960783,VCV000869314,5225645,T,A,True,nonsense,Pathogenic,c.397A>T
HBB,5224297,5226261,chr11:5390179-5393071,1,0.029002547960783,VCV001459872,5225646,CTGATAGGCAGCCTGCACTG,CTG,False,frameshift,Pathogenic,c.380_396del
HBB,5224297,5226261,chr11:5390179-5393071,1,0.029002547960783,VCV000869312,5225646,T,TT,False,frameshift,Pathogenic,c.395dup
HBB,5224297,5226261,chr11:5390179-5393071,1,0.029002547960783,VCV000015348,5225647,T,G,True,missense,Likely pathogenic,c.395A>C
HBB,5224297,5226261,chr11:5390179-5393071,1,0.029002547960783,VCV000869311,5225648,G,A,True,nonsense,Pathogenic,c.394C>T
HBB,5224297,5226261,chr11:5390179-5393071,1,0.029002547960783,VCV000801192,5225649,A,T,True,nonsense,Pathogenic,c.393T>A
HBB,5224297,5226261,chr11:5390179-5393071,1,0.029002547960783,VCV000869313,5225654,CAGC,TGTGG,False,frameshift,Pathogenic,c.385_388delinsCCACA
HBB,5224297,5226261,chr11:5390179-5393071,1,0.029002547960783,VCV000015537,5225659,T,C,True,missense,Pathogenic; other,c.383A>G
HBB,5224297,5226261,chr11:5390179-5393071,1,0.029002547960783,VCV000015409,5225659,T,G,True,missense,Pathogenic,c.383A>C
HBB,5224297,5226261,chr11:5390179-5393071,1,0.029002547960783,VCV001705074,5225660,G,A,True,nonsense,Pathogenic,c.382C>T
HBB,5224297,5226261,chr11:5390179-5393071,1,0.029002547960783,VCV000015483,5225662,A,C,True,missense,Pathogenic/Likely pathogenic,c.380T>G
HBB,5224297,5226261,chr11:5390179-5393071,1,0.029002547960783,VCV000495998,5225664,TGGTGGGGTG,TG,False,frameshift,Pathogenic,c.371_378del
HBB,5224297,5226261,chr11:5390179-5393071,1,0.029002547960783,VCV000869284,5225666,T,TT,False,frameshift,Pathogenic,c.375dup
HBB,5224297,5226261,chr11:5390179-5393071,1,0.029002547960783,VCV003572119,5225678,TTT,TTTT,False,frameshift,Likely pathogenic,c.363dup
HBB,5224297,5226261,chr11:5390179-5393071,1,0.029002547960783,VCV000446736,5225678,C,T,True,missense,Pathogenic,c.364G>A
HBB,5224297,5226261,chr11:5390179-5393071,1,0.029002547960783,VCV000015404,5225678,C,A,True,nonsense,Pathogenic,c.364G>T
HBB,5224297,5226261,chr11:5390179-5393071,1,0.029002547960783,VCV000015292,5225678,C,T,True,missense,Pathogenic/Likely pathogenic,c.364G>A
HBB,5224297,5226261,chr11:5390179-5393071,1,0.029002547960783,VCV000015152,5225678,C,G,True,missense,Pathogenic/Likely pathogenic,c.364G>C
HBB,5224297,5226261,chr11:5390179-5393071,1,0.029002547960783,VCV003769274,5225693,GG,C,False,frameshift,Likely pathogenic,c.348_349delinsG
HBB,5224297,5226261,chr11:5390179-5393071,1,0.029002547960783,VCV002691364,5225693,GGCC,GGCCGGCC,False,frameshift,Pathogenic,c.345_348dup
HBB,5224297,5226261,chr11:5390179-5393071,1,0.029002547960783,VCV000015526,5225695,G,T,True,missense,Pathogenic,c.347C>A
HBB,5224297,5226261,chr11:5390179-5393071,1,0.029002547960783,VCV004531951,5225696,CC,C,False,frameshift,Pathogenic,c.346del
HBB,5224297,5226261,chr11:5390179-5393071,1,0.029002547960783,VCV000869279,5225696,CAGCACACAG,CAGCACACAGCACACAG,False,frameshift,Pathogenic,c.339_345dup
HBB,5224297,5226261,chr11:5390179-5393071,1,0.029002547960783,VCV000015257,5225696,C,G,True,missense,Pathogenic,c.346G>C
HBB,5224297,5226261,chr11:5390179-5393071,1,0.029002547960783,VCV000015513,5225698,A,G,True,missense,Pathogenic/Likely pathogenic,c.344T>C
HBB,5224297,5226261,chr11:5390179-5393071,1,0.029002547960783,VCV000015425,5225698,AG,C,False,frameshift,Pathogenic,c.343_344delinsG
HBB,5224297,5226261,chr11:5390179-5393071,1,0.029002547960783,VCV002681990,5225699,C,CC,False,frameshift,Pathogenic,c.342dup
HBB,5224297,5226261,chr11:5390179-5393071,1,0.029002547960783,VCV000869280,5225703,A,T,True,nonsense,Pathogenic,c.339T>A
HBB,5224297,5226261,chr11:5390179-5393071,1,0.029002547960783,VCV000015207,5225705,A,G,True,missense,Pathogenic; other,c.337T>C
HBB,5224297,5226261,chr11:5390179-5393071,1,0.029002547960783,VCV000015352,5225710,A,G,True,missense,Pathogenic,c.332T>C
HBB,5224297,5226261,chr11:5390179-5393071,1,0.029002547960783,VCV000015342,5225714,C,T,True,missense,Pathogenic,c.328G>A
HBB,5224297,5226261,chr11:5390179-5393071,1,0.029002547960783,VCV000015230,5225714,C,G,True,missense,Pathogenic,c.328G>C
HBB,5224297,5226261,chr11:5390179-5393071,1,0.029002547960783,VCV003336287,5225715,G,C,True,missense,Likely pathogenic,c.327C>G
HBB,5224297,5226261,chr11:5390179-5393071,1,0.029002547960783,VCV000439153,5225718,CCC,CCCC,False,frameshift,Pathogenic,c.323dup
HBB,5224297,5226261,chr11:5390179-5393071,1,0.029002547960783,VCV002735520,5225719,C,T,True,missense,Likely pathogenic,c.323G>A
HBB,5224297,5226261,chr11:5390179-5393071,1,0.029002547960783,VCV000015487,5225722,A,C,True,missense,Pathogenic; other,c.320T>G
HBB,5224297,5226261,chr11:5390179-5393071,1,0.029002547960783,VCV000015378,5225722,A,T,True,missense,Pathogenic,c.320T>A
HBB,5224297,5226261,chr11:5390179-5393071,1,0.029002547960783,VCV000552712,5225727,C,T,True,splice_donor,Pathogenic/Likely pathogenic,NM_000518.5(HBB):c.316-1G>A
HBB,5224297,5226261,chr11:5390179-5393071,1,0.029002547960783,VCV000038671,5225727,C,A,True,splice_donor,Likely pathogenic,NM_000518.5(HBB):c.316-1G>T
HBB,5224297,5226261,chr11:5390179-5393071,1,0.029002547960783,VCV000015512,5225727,C,G,True,splice_donor,Pathogenic,NM_000518.5(HBB):c.316-1G>C
HBB,5224297,5226261,chr11:5390179-5393071,1,0.029002547960783,VCV000021191,5225728,T,C,True,splice_donor,Pathogenic,NM_000518.5(HBB):c.316-2A>G
HBB,5224297,5226261,chr11:5390179-5393071,1,0.029002547960783,VCV000021190,5225728,T,G,True,splice_donor,Pathogenic,NM_000518.5(HBB):c.316-2A>C
HBB,5224297,5226261,chr11:5390179-5393071,1,0.029002547960783,VCV000619687,5225729,G,C,True,splice_region,Likely pathogenic,NM_000518.5(HBB):c.316-3C>G
HBB,5224297,5226261,chr11:5390179-5393071,1,0.029002547960783,VCV000015451,5225729,G,T,True,splice_region,Pathogenic/Likely pathogenic,NM_000518.5(HBB):c.316-3C>A
HBB,5224297,5226261,chr11:5390179-5393071,1,0.029002547960783,VCV000869111,5225733,G,T,True,splice_region,Pathogenic,NM_000518.5(HBB):c.316-7C>A
HBB,5224297,5226261,chr11:5390179-5393071,1,0.029002547960783,VCV000036313,5225740,A,C,True,intronic,Pathogenic/Likely pathogenic,NM_000518.5(HBB):c.316-14T>G
HBB,5224297,5226261,chr11:5390179-5393071,1,0.029002547960783,VCV000869277,5225811,AAAATAAAAGCAGAA,AAAATAAAAGCAGAAAATAAAAGCAGAA,False,intronic,Pathogenic,NM_000518.5(HBB):c.316-98_316-86dup
HBB,5224297,5226261,chr11:5390179-5393071,1,0.029002547960783,VCV000015457,5225832,G,C,True,intronic,Pathogenic/Likely pathogenic,NM_000518.5(HBB):c.316-106C>G
HBB,5224297,5226261,chr11:5390179-5393071,1,0.029002547960783,VCV000036312,5225872,A,C,True,intronic,Pathogenic,NM_000518.5(HBB):c.316-146T>G
HBB,5224297,5226261,chr11:5390179-5393071,1,0.029002547960783,VCV000015458,5225923,G,A,True,intronic,Pathogenic,NM_000518.5(HBB):c.316-197C>T
HBB,5224297,5226261,chr11:5390179-5393071,1,0.029002547960783,VCV000869236,5225928,AA,A,False,intronic,Pathogenic,NM_000518.5(HBB):c.316-202del
HBB,5224297,5226261,chr11:5715859-5717588,1,0.00621126306228347,VCV000439130,5225466,G,A,True,3_prime_UTR,Likely pathogenic,NM_000518.5(HBB):c.*132C>T
HBB,5224297,5226261,chr11:5715859-5717588,1,0.00621126306228347,VCV000869259,5225482,TTTTTT,TTTT,False,3_prime_UTR,Likely pathogenic,NM_000518.5(HBB):c.*115_*116del
HBB,5224297,5226261,chr11:5715859-5717588,1,0.00621126306228347,VCV000015474,5225482,TTTTTT,TTTTT,False,3_prime_UTR,Pathogenic,NM_000518.5(HBB):c.*116del
HBB,5224297,5226261,chr11:5715859-5717588,1,0.00621126306228347,VCV000015506,5225484,TTTTATT,TT,False,3_prime_UTR,Pathogenic/Likely pathogenic,NM_000518.5(HBB):c.*110_*114del
HBB,5224297,5226261,chr11:5715859-5717588,1,0.00621126306228347,VCV000015473,5225485,T,C,True,3_prime_UTR,Pathogenic,NM_000518.5(HBB):c.*113A>G
HBB,5224297,5226261,chr11:5715859-5717588,1,0.00621126306228347,VCV000632843,5225487,TAT,T,False,3_prime_UTR,Pathogenic/Likely pathogenic,NM_000518.5(HBB):c.*110_*111del
HBB,5224297,5226261,chr11:5715859-5717588,1,0.00621126306228347,VCV000015488,5225487,T,C,True,3_prime_UTR,Pathogenic,NM_000518.5(HBB):c.*111A>G
HBB,5224297,5226261,chr11:5715859-5717588,1,0.00621126306228347,VCV000036332,5225488,A,G,True,3_prime_UTR,Pathogenic,NM_000518.5(HBB):c.*110T>C
HBB,5224297,5226261,chr11:5715859-5717588,1,0.00621126306228347,VCV000015616,5225488,A,T,True,3_prime_UTR,Pathogenic,NM_000518.5(HBB):c.*110T>A
HBB,5224297,5226261,chr11:5715859-5717588,1,0.00621126306228347,VCV000869258,5225490,T,C,True,3_prime_UTR,Pathogenic,NM_000518.5(HBB):c.*108A>G
HBB,5224297,5226261,chr11:5715859-5717588,1,0.00621126306228347,VCV000869261,5225493,GCAGAATCCAGATGC,GC,False,3_prime_UTR,Pathogenic,NM_000518.5(HBB):c.*93_*105del
HBB,5224297,5226261,chr11:5715859-5717588,1,0.00621126306228347,VCV000869260,5225566,T,G,True,3_prime_UTR,Pathogenic,NM_000518.5(HBB):c.*32A>C
HBB,5224297,5226261,chr11:5715859-5717588,1,0.00621126306228347,VCV000393707,5225592,G,C,True,3_prime_UTR,Pathogenic/Likely pathogenic,NM_000518.5(HBB):c.*6C>G
HBB,5224297,5226261,chr11:5715859-5717588,1,0.00621126306228347,VCV000015395,5225602,T,G,True,missense,Pathogenic,c.440A>C
HBB,5224297,5226261,chr11:5715859-5717588,1,0.00621126306228347,VCV000015144,5225602,T,A,True,missense,Pathogenic; other,c.440A>T
HBB,5224297,5226261,chr11:5715859-5717588,1,0.00621126306228347,VCV000015200,5225603,G,C,True,missense,Pathogenic; other,c.439C>G
HBB,5224297,5226261,chr11:5715859-5717588,1,0.00621126306228347,VCV000015265,5225604,A,T,True,nonsense,Pathogenic; other,c.438T>A
HBB,5224297,5226261,chr11:5715859-5717588,1,0.00621126306228347,VCV000015322,5225605,T,C,True,missense,Pathogenic,c.437A>G
HBB,5224297,5226261,chr11:5715859-5717588,1,0.00621126306228347,VCV000633256,5225606,A,T,True,missense,Pathogenic,c.436T>A
HBB,5224297,5226261,chr11:5715859-5717588,1,0.00621126306228347,VCV000015112,5225606,A,G,True,missense,Pathogenic,c.436T>C
HBB,5224297,5226261,chr11:5715859-5717588,1,0.00621126306228347,VCV000015096,5225607,C,G,True,missense,Pathogenic,c.435G>C
HBB,5224297,5226261,chr11:5715859-5717588,1,0.00621126306228347,VCV000015250,5225610,G,Y,False,missense,Pathogenic,Hb Little Rock
HBB,5224297,5226261,chr11:5715859-5717588,1,0.00621126306228347,VCV000015365,5225611,T,G,True,missense,Pathogenic,c.431A>C
HBB,5224297,5226261,chr11:5715859-5717588,1,0.00621126306228347,VCV000015090,5225611,T,C,True,missense,Pathogenic/Likely pathogenic,c.431A>G
HBB,5224297,5226261,chr11:5715859-5717588,1,0.00621126306228347,VCV000869318,5225612,GGG,G,False,frameshift,Pathogenic,c.429_430del
HBB,5224297,5226261,chr11:5715859-5717588,1,0.00621126306228347,VCV000015545,5225620,G,A,True,missense,Pathogenic,c.422C>T
HBB,5224297,5226261,chr11:5715859-5717588,1,0.00621126306228347,VCV000015339,5225621,C,T,True,missense,Pathogenic; other,c.421G>A
HBB,5224297,5226261,chr11:5715859-5717588,1,0.00621126306228347,VCV000869317,5225624,A,AA,False,nonsense,Pathogenic,c.417dup
HBB,5224297,5226261,chr11:5715859-5717588,1,0.00621126306228347,VCV001189030,5225638,ACCACTTTCTGA,A,False,frameshift,Pathogenic,c.394_404del
HBB,5224297,5226261,chr11:5715859-5717588,1,0.00621126306228347,VCV000015290,5225638,A,T,True,missense,Pathogenic,c.404T>A
HBB,5224297,5226261,chr11:5715859-5717588,1,0.00621126306228347,VCV000928758,5225645,TCT,T,False,frameshift,Likely pathogenic,c.396_397del
HBB,5224297,5226261,chr11:5715859-5717588,1,0.00621126306228347,VCV000869314,5225645,T,A,True,nonsense,Pathogenic,c.397A>T
HBB,5224297,5226261,chr11:5715859-5717588,1,0.00621126306228347,VCV001459872,5225646,CTGATAGGCAGCCTGCACTG,CTG,False,frameshift,Pathogenic,c.380_396del
HBB,5224297,5226261,chr11:5715859-5717588,1,0.00621126306228347,VCV000869312,5225646,T,TT,False,frameshift,Pathogenic,c.395dup
HBB,5224297,5226261,chr11:5715859-5717588,1,0.00621126306228347,VCV000015348,5225647,T,G,True,missense,Likely pathogenic,c.395A>C
HBB,5224297,5226261,chr11:5715859-5717588,1,0.00621126306228347,VCV000869311,5225648,G,A,True,nonsense,Pathogenic,c.394C>T
HBB,5224297,5226261,chr11:5715859-5717588,1,0.00621126306228347,VCV000801192,5225649,A,T,True,nonsense,Pathogenic,c.393T>A
HBB,5224297,5226261,chr11:5715859-5717588,1,0.00621126306228347,VCV000869313,5225654,CAGC,TGTGG,False,frameshift,Pathogenic,c.385_388delinsCCACA
HBB,5224297,5226261,chr11:5715859-5717588,1,0.00621126306228347,VCV000015537,5225659,T,C,True,missense,Pathogenic; other,c.383A>G
HBB,5224297,5226261,chr11:5715859-5717588,1,0.00621126306228347,VCV000015409,5225659,T,G,True,missense,Pathogenic,c.383A>C
HBB,5224297,5226261,chr11:5715859-5717588,1,0.00621126306228347,VCV001705074,5225660,G,A,True,nonsense,Pathogenic,c.382C>T
HBB,5224297,5226261,chr11:5715859-5717588,1,0.00621126306228347,VCV000015483,5225662,A,C,True,missense,Pathogenic/Likely pathogenic,c.380T>G
HBB,5224297,5226261,chr11:5715859-5717588,1,0.00621126306228347,VCV000495998,5225664,TGGTGGGGTG,TG,False,frameshift,Pathogenic,c.371_378del
HBB,5224297,5226261,chr11:5715859-5717588,1,0.00621126306228347,VCV000869284,5225666,T,TT,False,frameshift,Pathogenic,c.375dup
HBB,5224297,5226261,chr11:5715859-5717588,1,0.00621126306228347,VCV003572119,5225678,TTT,TTTT,False,frameshift,Likely pathogenic,c.363dup
HBB,5224297,5226261,chr11:5715859-5717588,1,0.00621126306228347,VCV000446736,5225678,C,T,True,missense,Pathogenic,c.364G>A
HBB,5224297,5226261,chr11:5715859-5717588,1,0.00621126306228347,VCV000015404,5225678,C,A,True,nonsense,Pathogenic,c.364G>T
HBB,5224297,5226261,chr11:5715859-5717588,1,0.00621126306228347,VCV000015292,5225678,C,T,True,missense,Pathogenic/Likely pathogenic,c.364G>A
HBB,5224297,5226261,chr11:5715859-5717588,1,0.00621126306228347,VCV000015152,5225678,C,G,True,missense,Pathogenic/Likely pathogenic,c.364G>C
HBB,5224297,5226261,chr11:5715859-5717588,1,0.00621126306228347,VCV003769274,5225693,GG,C,False,frameshift,Likely pathogenic,c.348_349delinsG
HBB,5224297,5226261,chr11:5715859-5717588,1,0.00621126306228347,VCV002691364,5225693,GGCC,GGCCGGCC,False,frameshift,Pathogenic,c.345_348dup
HBB,5224297,5226261,chr11:5715859-5717588,1,0.00621126306228347,VCV000015526,5225695,G,T,True,missense,Pathogenic,c.347C>A
HBB,5224297,5226261,chr11:5715859-5717588,1,0.00621126306228347,VCV004531951,5225696,CC,C,False,frameshift,Pathogenic,c.346del
HBB,5224297,5226261,chr11:5715859-5717588,1,0.00621126306228347,VCV000869279,5225696,CAGCACACAG,CAGCACACAGCACACAG,False,frameshift,Pathogenic,c.339_345dup
HBB,5224297,5226261,chr11:5715859-5717588,1,0.00621126306228347,VCV000015257,5225696,C,G,True,missense,Pathogenic,c.346G>C
HBB,5224297,5226261,chr11:5715859-5717588,1,0.00621126306228347,VCV000015513,5225698,A,G,True,missense,Pathogenic/Likely pathogenic,c.344T>C
HBB,5224297,5226261,chr11:5715859-5717588,1,0.00621126306228347,VCV000015425,5225698,AG,C,False,frameshift,Pathogenic,c.343_344delinsG
HBB,5224297,5226261,chr11:5715859-5717588,1,0.00621126306228347,VCV002681990,5225699,C,CC,False,frameshift,Pathogenic,c.342dup
HBB,5224297,5226261,chr11:5715859-5717588,1,0.00621126306228347,VCV000869280,5225703,A,T,True,nonsense,Pathogenic,c.339T>A
HBB,5224297,5226261,chr11:5715859-5717588,1,0.00621126306228347,VCV000015207,5225705,A,G,True,missense,Pathogenic; other,c.337T>C
HBB,5224297,5226261,chr11:5715859-5717588,1,0.00621126306228347,VCV000015352,5225710,A,G,True,missense,Pathogenic,c.332T>C
HBB,5224297,5226261,chr11:5715859-5717588,1,0.00621126306228347,VCV000015342,5225714,C,T,True,missense,Pathogenic,c.328G>A
HBB,5224297,5226261,chr11:5715859-5717588,1,0.00621126306228347,VCV000015230,5225714,C,G,True,missense,Pathogenic,c.328G>C
HBB,5224297,5226261,chr11:5715859-5717588,1,0.00621126306228347,VCV003336287,5225715,G,C,True,missense,Likely pathogenic,c.327C>G
HBB,5224297,5226261,chr11:5715859-5717588,1,0.00621126306228347,VCV000439153,5225718,CCC,CCCC,False,frameshift,Pathogenic,c.323dup
HBB,5224297,5226261,chr11:5715859-5717588,1,0.00621126306228347,VCV002735520,5225719,C,T,True,missense,Likely pathogenic,c.323G>A
HBB,5224297,5226261,chr11:5715859-5717588,1,0.00621126306228347,VCV000015487,5225722,A,C,True,missense,Pathogenic; other,c.320T>G
HBB,5224297,5226261,chr11:5715859-5717588,1,0.00621126306228347,VCV000015378,5225722,A,T,True,missense,Pathogenic,c.320T>A
HBB,5224297,5226261,chr11:5715859-5717588,1,0.00621126306228347,VCV000552712,5225727,C,T,True,splice_donor,Pathogenic/Likely pathogenic,NM_000518.5(HBB):c.316-1G>A
HBB,5224297,5226261,chr11:5715859-5717588,1,0.00621126306228347,VCV000038671,5225727,C,A,True,splice_donor,Likely pathogenic,NM_000518.5(HBB):c.316-1G>T
HBB,5224297,5226261,chr11:5715859-5717588,1,0.00621126306228347,VCV000015512,5225727,C,G,True,splice_donor,Pathogenic,NM_000518.5(HBB):c.316-1G>C
HBB,5224297,5226261,chr11:5715859-5717588,1,0.00621126306228347,VCV000021191,5225728,T,C,True,splice_donor,Pathogenic,NM_000518.5(HBB):c.316-2A>G
HBB,5224297,5226261,chr11:5715859-5717588,1,0.00621126306228347,VCV000021190,5225728,T,G,True,splice_donor,Pathogenic,NM_000518.5(HBB):c.316-2A>C
HBB,5224297,5226261,chr11:5715859-5717588,1,0.00621126306228347,VCV000619687,5225729,G,C,True,splice_region,Likely pathogenic,NM_000518.5(HBB):c.316-3C>G
HBB,5224297,5226261,chr11:5715859-5717588,1,0.00621126306228347,VCV000015451,5225729,G,T,True,splice_region,Pathogenic/Likely pathogenic,NM_000518.5(HBB):c.316-3C>A
HBB,5224297,5226261,chr11:5715859-5717588,1,0.00621126306228347,VCV000869111,5225733,G,T,True,splice_region,Pathogenic,NM_000518.5(HBB):c.316-7C>A
HBB,5224297,5226261,chr11:5715859-5717588,1,0.00621126306228347,VCV000036313,5225740,A,C,True,intronic,Pathogenic/Likely pathogenic,NM_000518.5(HBB):c.316-14T>G
HBB,5224297,5226261,chr11:5715859-5717588,1,0.00621126306228347,VCV000869277,5225811,AAAATAAAAGCAGAA,AAAATAAAAGCAGAAAATAAAAGCAGAA,False,intronic,Pathogenic,NM_000518.5(HBB):c.316-98_316-86dup
HBB,5224297,5226261,chr11:5715859-5717588,1,0.00621126306228347,VCV000015457,5225832,G,C,True,intronic,Pathogenic/Likely pathogenic,NM_000518.5(HBB):c.316-106C>G
HBB,5224297,5226261,chr11:5715859-5717588,1,0.00621126306228347,VCV000036312,5225872,A,C,True,intronic,Pathogenic,NM_000518.5(HBB):c.316-146T>G
HBB,5224297,5226261,chr11:5715859-5717588,1,0.00621126306228347,VCV000015458,5225923,G,A,True,intronic,Pathogenic,NM_000518.5(HBB):c.316-197C>T
HBB,5224297,5226261,chr11:5715859-5717588,1,0.00621126306228347,VCV000869236,5225928,AA,A,False,intronic,Pathogenic,NM_000518.5(HBB):c.316-202del
