locus,tissue,gene_type,n_path,n_ben,n_total,path_mean,path_median,path_min,path_5th,ben_mean,ben_median,ben_min,ben_1st,ben_5th,delta_mean,delta_median,univ_sens,univ_spec,univ_fp,univ_tp,opt_threshold,opt_sens,opt_spec,ben1_threshold,ben1_sens,ben1_spec
HBB,matched,regulatory,353,750,1103,0.882221,0.9102,0.7537,0.763,0.993121,0.9929,0.9607,0.983952,0.9917,0.1109,0.0827,0.796,1.0,0,281,0.9767,0.9292,0.9907,0.983952,0.9292,0.9893
CFTR,partial,mixed,1756,1593,3349,0.991976,0.9993,0.8329,0.9802,0.998752,0.9998,0.9462,0.9705,0.99486,0.006776,0.0005,0.0199,0.9994,1,35,0.9705,0.0256,0.9912,0.9705,0.0256,0.9912
TP53,partial,coding,1645,1149,2794,0.98962,0.9988,0.9444,0.96232,0.998552,0.9996,0.9443,0.9818,0.9947,0.008932,0.0008,0.0018,0.9983,2,3,0.9818,0.2261,0.9904,0.9818,0.2261,0.9904
BRCA1,partial,coding,7062,3620,10682,0.99292,0.9996,0.8767,0.9827,0.998458,0.9998,0.9419,0.964819,0.9954,0.005538,0.0002,0.0075,0.9928,26,53,0.9648,0.0085,0.9901,0.964819,0.0086,0.9898
MLH1,partial,coding,2425,1635,4060,0.988998,0.9961,0.8417,0.9687,0.998113,0.9997,0.9539,0.972034,0.9843,0.009115,0.0036,0.0297,1.0,0,72,0.972,0.0553,0.9908,0.972034,0.0557,0.9896
LDLR,partial,coding,2274,1010,3284,0.996945,0.9998,0.9061,0.9935,0.999355,0.9999,0.9691,0.988836,0.9979,0.00241,0.0001,0.0044,1.0,0,10,0.9888,0.0418,0.9911,0.988836,0.0418,0.9891
SCN5A,mismatch,coding,928,1560,2488,0.996025,0.9998,0.974,0.9819,0.999456,0.9998,0.9724,0.994159,0.9991,0.003432,0.0,0.0,1.0,0,0,0.9941,0.2241,0.9936,0.994159,0.2241,0.9897
TERT,expressed,inter-TAD,431,1658,2089,0.979752,0.9936,0.8726,0.8952,0.99857,0.9995,0.9488,0.971095,0.9955,0.018818,0.0059,0.109,0.9994,1,47,0.9681,0.2274,0.9928,0.971095,0.2274,0.9897
GJB2,mismatch,coding,314,155,469,0.991582,0.9935,0.9791,0.9836,0.997823,0.9998,0.9764,0.97707,0.98578,0.006241,0.0063,0.0,1.0,0,0,,,,0.97707,0.0,0.9871
