{
  "analysis": "ARCHCODE within-category positional signal",
  "locus": "95kb",
  "n_variants": 1103,
  "variant_spread_bp": 2108,
  "window_size_bp": 95000,
  "spread_fraction": 0.022189473684210526,
  "honest_limitation": "All 1103 ClinVar variants cluster in 2108 bp (2.2% of 95kb window). Distance-to-feature predictors have minimal variance.",
  "testable_categories": 3,
  "mann_whitney_results": [
    {
      "category": "intronic",
      "n_pathogenic": 9,
      "n_benign": 658,
      "testable": true,
      "path_mean_ssim": 0.998688888888889,
      "ben_mean_ssim": 0.9986803951367782,
      "delta_mean": 8.493752110760866e-6,
      "U_statistic": 2755.5,
      "p_two_sided": 0.6945923045306903,
      "p_one_sided_less": 0.34729615226534516,
      "rank_biserial_r": 0.06940222897669701
    },
    {
      "category": "other",
      "n_pathogenic": 12,
      "n_benign": 7,
      "testable": true,
      "path_mean_ssim": 0.9927333333333334,
      "ben_mean_ssim": 0.9936571428571428,
      "delta_mean": -0.0009238095238094379,
      "U_statistic": 19.5,
      "p_two_sided": 0.05826422559886176,
      "p_one_sided_less": 0.02913211279943088,
      "rank_biserial_r": 0.5357142857142857
    },
    {
      "category": "synonymous",
      "n_pathogenic": 3,
      "n_benign": 83,
      "testable": true,
      "path_mean_ssim": 0.9996,
      "ben_mean_ssim": 0.9996626506024097,
      "delta_mean": -6.265060240961962e-5,
      "U_statistic": 81.0,
      "p_two_sided": 0.2229086546205451,
      "p_one_sided_less": 0.11145432731027255,
      "rank_biserial_r": 0.3493975903614458
    }
  ],
  "logistic_regression": {
    "model1_auc": 0.9848253068932955,
    "model2_auc": 0.9838168083097262,
    "auc_improvement": -0.0010084985835693283,
    "ssim_coefficient": 1.2681186497124801,
    "log_likelihood_1": -79.10283037162067,
    "log_likelihood_2": -79.45281286492744,
    "lr_statistic": -0.6999649866135371,
    "lr_p_value": 1.0,
    "n_categories": 11,
    "interpretation": "SSIM does NOT add significant value beyond category"
  },
  "permutation_results": [
    {
      "category": "intronic",
      "n_path": 9,
      "n_ben": 658,
      "observed_auc": 0.5347011144883485,
      "perm_mean_auc": 0.4991103850050658,
      "perm_std_auc": 0.08797169915826775,
      "p_value": 0.3621,
      "n_permutations": 10000
    },
    {
      "category": "other",
      "n_path": 12,
      "n_ben": 7,
      "observed_auc": 0.7678571428571428,
      "perm_mean_auc": 0.5021702380952381,
      "perm_std_auc": 0.1381631692062446,
      "p_value": 0.0318,
      "n_permutations": 10000
    }
  ],
  "tss_correlation": {
    "3_prime_UTR": {
      "n": 14,
      "spearman_rho": 0.44892698298132,
      "p_value": 0.10735172713533185,
      "dist_range": "1410-1536 bp"
    },
    "frameshift": {
      "n": 99,
      "spearman_rho": 0.3461741650891577,
      "p_value": 0.00044840865492803863,
      "dist_range": "1-1390 bp"
    },
    "intronic": {
      "n": 667,
      "spearman_rho": 0.8028784191683546,
      "p_value": 1.560673105046822e-151,
      "dist_range": "79-1267 bp"
    },
    "missense": {
      "n": 125,
      "spearman_rho": 0.4281514153796542,
      "p_value": 6.332808801476471e-7,
      "dist_range": "0-1400 bp"
    },
    "nonsense": {
      "n": 40,
      "spearman_rho": 0.28186223937700716,
      "p_value": 0.07806134250325675,
      "dist_range": "1-1398 bp"
    },
    "other": {
      "n": 19,
      "spearman_rho": -0.014300765142407666,
      "p_value": 0.9536639758078452,
      "dist_range": "10-1548 bp"
    },
    "promoter": {
      "n": 15,
      "spearman_rho": 0.305847747778188,
      "p_value": 0.26759710114060875,
      "dist_range": "97-170 bp"
    },
    "splice_donor": {
      "n": 22,
      "spearman_rho": 0.9208718885001841,
      "p_value": 1.2491538923973296e-9,
      "dist_range": "73-1275 bp"
    },
    "synonymous": {
      "n": 86,
      "spearman_rho": 0.48644069808345325,
      "p_value": 2.048637354332374e-6,
      "dist_range": "1-1395 bp"
    }
  },
  "dilution_assessment": {
    "3_prime_UTR": {
      "n": 14,
      "mean_ssim": 0.9984928571428572,
      "std_ssim": 4.746311465496052e-5,
      "mean_disruption": 0.001507142857142818,
      "std_disruption": 4.746311465496052e-5,
      "disruption_cv": 0.03149211398907415,
      "detectable": false
    },
    "5_prime_UTR": {
      "n": 4,
      "mean_ssim": 0.995725,
      "std_ssim": 0.0001258305739211653,
      "mean_disruption": 0.004275000000000029,
      "std_disruption": 0.0001258305739211653,
      "disruption_cv": 0.02943405237921975,
      "detectable": false
    },
    "frameshift": {
      "n": 99,
      "mean_ssim": 0.9715393939393939,
      "std_ssim": 0.006696600084383638,
      "mean_disruption": 0.028460606060606075,
      "std_disruption": 0.006696600084383638,
      "disruption_cv": 0.23529365713869244,
      "detectable": true
    },
    "intronic": {
      "n": 667,
      "mean_ssim": 0.9986805097451275,
      "std_ssim": 0.0001959293963608719,
      "mean_disruption": 0.0013194902548725462,
      "std_disruption": 0.0001959293963608719,
      "disruption_cv": 0.14848870284365787,
      "detectable": false
    },
    "missense": {
      "n": 125,
      "mean_ssim": 0.9879304,
      "std_ssim": 0.003509393477603381,
      "mean_disruption": 0.012069600000000014,
      "std_disruption": 0.003509393477603381,
      "disruption_cv": 0.29076303088779887,
      "detectable": true
    },
    "nonsense": {
      "n": 40,
      "mean_ssim": 0.968555,
      "std_ssim": 0.008613464415133396,
      "mean_disruption": 0.031444999999999945,
      "std_disruption": 0.008613464415133396,
      "disruption_cv": 0.27392159055917986,
      "detectable": true
    },
    "other": {
      "n": 19,
      "mean_ssim": 0.9930736842105263,
      "std_ssim": 0.0011708696223382863,
      "mean_disruption": 0.006926315789473669,
      "std_disruption": 0.0011708696223382863,
      "disruption_cv": 0.16904652602148548,
      "detectable": true
    },
    "promoter": {
      "n": 15,
      "mean_ssim": 0.9861133333333333,
      "std_ssim": 0.0002695675549220922,
      "mean_disruption": 0.013886666666666714,
      "std_disruption": 0.0002695675549220922,
      "disruption_cv": 0.019411969869569702,
      "detectable": false
    },
    "splice_acceptor": {
      "n": 3,
      "mean_ssim": 0.9717333333333333,
      "std_ssim": 0.0002886751345947811,
      "mean_disruption": 0.028266666666666662,
      "std_disruption": 0.0002886751345947811,
      "disruption_cv": 0.010212563723871974,
      "detectable": false
    },
    "splice_donor": {
      "n": 22,
      "mean_ssim": 0.9763590909090909,
      "std_ssim": 0.006487472109558115,
      "mean_disruption": 0.0236409090909091,
      "std_disruption": 0.006487472109558115,
      "disruption_cv": 0.2744172013272034,
      "detectable": true
    },
    "splice_region": {
      "n": 9,
      "mean_ssim": 0.9919333333333333,
      "std_ssim": 0.002707858932810235,
      "mean_disruption": 0.008066666666666666,
      "std_disruption": 0.002707858932810235,
      "disruption_cv": 0.33568499167069027,
      "detectable": true
    },
    "synonymous": {
      "n": 86,
      "mean_ssim": 0.9996604651162792,
      "std_ssim": 8.848937426066148e-5,
      "mean_disruption": 0.00033953488372084895,
      "std_disruption": 8.848937426066148e-5,
      "disruption_cv": 0.2606193899458462,
      "detectable": false
    }
  }
}
