ClinVar_ID,Position_GRCh38,Ref,Alt,HGVS_c,HGVS_p,Category,ClinVar_Significance,ARCHCODE_SSIM,ARCHCODE_LSSIM,ARCHCODE_DeltaInsulation,ARCHCODE_LoopIntegrity,ARCHCODE_Verdict,VEP_Consequence,VEP_Score,VEP_Impact,SIFT_Score,SIFT_Prediction,VEP_Interpretation,Pearl,Discordance,Mechanism_Insight,Label,Source,CADD_Phred,Effect_Source
VCV001337818,87862043,.,.,c.445T>A,p.Trp149Arg,missense,Benign/Likely benign,0.99,0.9428,0.0525,0,VUS,,-1,,-1,,,false,NO_VEP,"Structural-only assessment (LSSIM=0.943, global SSIM=0.990). VEP not available for this locus.",Benign,ClinVar_Benign,-1,POSITION
VCV001337856,87862096,.,.,c.392A>G,p.Asn131Ser,missense,Benign/Likely benign,0.9899,0.943,0.0528,0,VUS,,-1,,-1,,,false,NO_VEP,"Structural-only assessment (LSSIM=0.943, global SSIM=0.990). VEP not available for this locus.",Benign,ClinVar_Benign,-1,POSITION
VCV001174734,87862106,.,.,c.382C>G,p.Arg128Gly,missense,Benign/Likely benign,0.99,0.9434,0.0522,0,VUS,,-1,,-1,,,false,NO_VEP,"Structural-only assessment (LSSIM=0.943, global SSIM=0.990). VEP not available for this locus.",Benign,ClinVar_Benign,-1,POSITION
VCV001337087,87862430,.,.,c.-2039A>G,,intronic,Likely benign,0.9851,0.9119,0.0677,0,LIKELY_PATHOGENIC,,-1,,-1,,,false,NO_VEP,"Structural-only assessment (LSSIM=0.912, global SSIM=0.985). VEP not available for this locus.",Benign,ClinVar_Benign,-1,POSITION
VCV001337086,87862431,.,.,c.-2038A>G,,intronic,Likely benign,0.9853,0.9125,0.0678,0,LIKELY_PATHOGENIC,,-1,,-1,,,false,NO_VEP,"Structural-only assessment (LSSIM=0.913, global SSIM=0.985). VEP not available for this locus.",Benign,ClinVar_Benign,-1,POSITION
VCV004073520,87862876,.,.,,,other,Benign,0.9852,0.9122,0.0679,0,LIKELY_PATHOGENIC,,-1,,-1,,,false,NO_VEP,"Structural-only assessment (LSSIM=0.912, global SSIM=0.985). VEP not available for this locus.",Benign,ClinVar_Benign,-1,POSITION
VCV000127667,87863158,.,.,c.-1311T>C,,intronic,Benign,0.9851,0.9128,0.0685,0,LIKELY_PATHOGENIC,,-1,,-1,,,false,NO_VEP,"Structural-only assessment (LSSIM=0.913, global SSIM=0.985). VEP not available for this locus.",Benign,ClinVar_Benign,-1,POSITION
VCV003780928,87863231,.,.,c.-1239A>G,,intronic,Likely pathogenic,0.9853,0.9119,0.0676,0,LIKELY_PATHOGENIC,,-1,,-1,,,false,NO_VEP,"Structural-only assessment (LSSIM=0.912, global SSIM=0.985). VEP not available for this locus.",Pathogenic,ClinVar_Pathogenic,-1,POSITION
VCV000127663,87863279,.,.,c.-792C>T,,intronic,Benign,0.9851,0.9114,0.0681,0,LIKELY_PATHOGENIC,,-1,,-1,,,false,NO_VEP,"Structural-only assessment (LSSIM=0.911, global SSIM=0.985). VEP not available for this locus.",Benign,ClinVar_Benign,-1,POSITION
VCV003780927,87863292,.,.,c.-1178C>T,,intronic,Likely pathogenic,0.9836,0.9004,0.0763,0,LIKELY_PATHOGENIC,,-1,,-1,,,false,NO_VEP,"Structural-only assessment (LSSIM=0.900, global SSIM=0.984). VEP not available for this locus.",Pathogenic,ClinVar_Pathogenic,-1,POSITION
VCV000142844,87863293,.,.,c.-806A>C,,intronic,Conflicting classifications of pathogenicity,0.9837,0.9016,0.076,0,LIKELY_PATHOGENIC,,-1,,-1,,,false,NO_VEP,"Structural-only assessment (LSSIM=0.902, global SSIM=0.984). VEP not available for this locus.",Pathogenic,ClinVar_Pathogenic,-1,POSITION
VCV000127662,87863299,.,.,c.-812G>A,,intronic,Likely benign,0.9834,0.9001,0.0772,0,LIKELY_PATHOGENIC,,-1,,-1,,,false,NO_VEP,"Structural-only assessment (LSSIM=0.900, global SSIM=0.983). VEP not available for this locus.",Benign,ClinVar_Benign,-1,POSITION
VCV003046566,87863301,.,.,,,other,Likely benign,0.9837,0.9016,0.0761,0,LIKELY_PATHOGENIC,,-1,,-1,,,false,NO_VEP,"Structural-only assessment (LSSIM=0.902, global SSIM=0.984). VEP not available for this locus.",Benign,ClinVar_Benign,-1,POSITION
VCV000127661,87863327,.,.,c.-840G>A,,intronic,Likely benign,0.9835,0.9002,0.0767,0,LIKELY_PATHOGENIC,,-1,,-1,,,false,NO_VEP,"Structural-only assessment (LSSIM=0.900, global SSIM=0.983). VEP not available for this locus.",Benign,ClinVar_Benign,-1,POSITION
VCV000141864,87863332,.,.,c.-845C>T,,intronic,Conflicting classifications of pathogenicity,0.9836,0.8998,0.0761,0,LIKELY_PATHOGENIC,,-1,,-1,,,false,NO_VEP,"Structural-only assessment (LSSIM=0.900, global SSIM=0.984). VEP not available for this locus.",Pathogenic,ClinVar_Pathogenic,-1,POSITION
VCV003780926,87863359,.,.,c.-1111A>G,,intronic,Likely pathogenic,0.9836,0.9011,0.0766,0,LIKELY_PATHOGENIC,,-1,,-1,,,false,NO_VEP,"Structural-only assessment (LSSIM=0.901, global SSIM=0.984). VEP not available for this locus.",Pathogenic,ClinVar_Pathogenic,-1,POSITION
VCV000224942,87863384,.,.,c.-1085T>C,,intronic,Benign,0.9836,0.8991,0.0761,0,LIKELY_PATHOGENIC,,-1,,-1,,,false,NO_VEP,"Structural-only assessment (LSSIM=0.899, global SSIM=0.984). VEP not available for this locus.",Benign,ClinVar_Benign,-1,POSITION
VCV000127660,87863385,.,.,c.-898G>A,,intronic,Likely benign,0.9836,0.9001,0.0758,0,LIKELY_PATHOGENIC,,-1,,-1,,,false,NO_VEP,"Structural-only assessment (LSSIM=0.900, global SSIM=0.984). VEP not available for this locus.",Benign,ClinVar_Benign,-1,POSITION
VCV003354440,87863409,.,.,,,other,Likely benign,0.9836,0.9002,0.0763,0,LIKELY_PATHOGENIC,,-1,,-1,,,false,NO_VEP,"Structural-only assessment (LSSIM=0.900, global SSIM=0.984). VEP not available for this locus.",Benign,ClinVar_Benign,-1,POSITION
VCV000127659,87863409,.,.,c.-1060C>G,,intronic,Benign/Likely benign,0.9836,0.9002,0.0763,0,LIKELY_PATHOGENIC,,-1,,-1,,,false,NO_VEP,"Structural-only assessment (LSSIM=0.900, global SSIM=0.984). VEP not available for this locus.",Benign,ClinVar_Benign,-1,POSITION
VCV000189520,87863410,.,.,c.-1059C>G,,intronic,Benign,0.9837,0.8987,0.0759,0,LIKELY_PATHOGENIC,,-1,,-1,,,false,NO_VEP,"Structural-only assessment (LSSIM=0.899, global SSIM=0.984). VEP not available for this locus.",Benign,ClinVar_Benign,-1,POSITION
VCV000495807,87863411,.,.,c.-1058C>G,,intronic,Benign,0.9834,0.899,0.0767,0,LIKELY_PATHOGENIC,,-1,,-1,,,false,NO_VEP,"Structural-only assessment (LSSIM=0.899, global SSIM=0.983). VEP not available for this locus.",Benign,ClinVar_Benign,-1,POSITION
VCV001776391,87863420,.,.,c.-1049C>T,,intronic,Benign,0.9836,0.8996,0.076,0,LIKELY_PATHOGENIC,,-1,,-1,,,false,NO_VEP,"Structural-only assessment (LSSIM=0.900, global SSIM=0.984). VEP not available for this locus.",Benign,ClinVar_Benign,-1,POSITION
VCV000189473,87863425,.,.,c.-938A>T,,intronic,Conflicting classifications of pathogenicity,0.9835,0.9006,0.0769,0,LIKELY_PATHOGENIC,,-1,,-1,,,false,NO_VEP,"Structural-only assessment (LSSIM=0.901, global SSIM=0.984). VEP not available for this locus.",Pathogenic,ClinVar_Pathogenic,-1,POSITION
VCV000183706,87863442,.,.,c.-1027C>A,,intronic,Benign/Likely benign,0.9837,0.9011,0.0759,0,LIKELY_PATHOGENIC,,-1,,-1,,,false,NO_VEP,"Structural-only assessment (LSSIM=0.901, global SSIM=0.984). VEP not available for this locus.",Benign,ClinVar_Benign,-1,POSITION
VCV000138836,87863443,.,.,c.-956G>T,,intronic,Likely benign,0.9836,0.9001,0.0761,0,LIKELY_PATHOGENIC,,-1,,-1,,,false,NO_VEP,"Structural-only assessment (LSSIM=0.900, global SSIM=0.984). VEP not available for this locus.",Benign,ClinVar_Benign,-1,POSITION
VCV001262961,87863444,.,.,,,other,Benign,0.9836,0.9003,0.0764,0,LIKELY_PATHOGENIC,,-1,,-1,,,false,NO_VEP,"Structural-only assessment (LSSIM=0.900, global SSIM=0.984). VEP not available for this locus.",Benign,ClinVar_Benign,-1,POSITION
VCV003780925,87863469,.,.,c.-1001T>C,,intronic,Likely pathogenic,0.9836,0.9004,0.0762,0,LIKELY_PATHOGENIC,,-1,,-1,,,false,NO_VEP,"Structural-only assessment (LSSIM=0.900, global SSIM=0.984). VEP not available for this locus.",Pathogenic,ClinVar_Pathogenic,-1,POSITION
VCV000234400,87863483,.,.,c.-996G>A,,intronic,Conflicting classifications of pathogenicity,0.9835,0.9009,0.0768,0,LIKELY_PATHOGENIC,,-1,,-1,,,false,NO_VEP,"Structural-only assessment (LSSIM=0.901, global SSIM=0.984). VEP not available for this locus.",Pathogenic,ClinVar_Pathogenic,-1,POSITION
VCV000127685,87863494,.,.,,,other,Likely benign,0.9834,0.8999,0.0767,0,LIKELY_PATHOGENIC,,-1,,-1,,,false,NO_VEP,"Structural-only assessment (LSSIM=0.900, global SSIM=0.983). VEP not available for this locus.",Benign,ClinVar_Benign,-1,POSITION
VCV000127684,87863494,.,.,c.-975G>A,,intronic,Likely benign,0.9834,0.8999,0.0767,0,LIKELY_PATHOGENIC,,-1,,-1,,,false,NO_VEP,"Structural-only assessment (LSSIM=0.900, global SSIM=0.983). VEP not available for this locus.",Benign,ClinVar_Benign,-1,POSITION
VCV001204117,87863522,.,.,,,other,Likely benign,0.9837,0.9021,0.0763,0,LIKELY_PATHOGENIC,,-1,,-1,,,false,NO_VEP,"Structural-only assessment (LSSIM=0.902, global SSIM=0.984). VEP not available for this locus.",Benign,ClinVar_Benign,-1,POSITION
VCV000495813,87863533,.,.,c.-936G>A,,intronic,Conflicting classifications of pathogenicity,0.9836,0.9008,0.0767,0,LIKELY_PATHOGENIC,,-1,,-1,,,false,NO_VEP,"Structural-only assessment (LSSIM=0.901, global SSIM=0.984). VEP not available for this locus.",Pathogenic,ClinVar_Pathogenic,-1,POSITION
VCV001692374,87863534,.,.,c.-935G>A,,intronic,Likely benign,0.9836,0.9006,0.0765,0,LIKELY_PATHOGENIC,,-1,,-1,,,false,NO_VEP,"Structural-only assessment (LSSIM=0.901, global SSIM=0.984). VEP not available for this locus.",Benign,ClinVar_Benign,-1,POSITION
VCV003780931,87863549,.,.,c.-921G>T,,intronic,Likely pathogenic,0.9836,0.9012,0.0766,0,LIKELY_PATHOGENIC,,-1,,-1,,,false,NO_VEP,"Structural-only assessment (LSSIM=0.901, global SSIM=0.984). VEP not available for this locus.",Pathogenic,ClinVar_Pathogenic,-1,POSITION
VCV000189492,87863549,.,.,c.-921G>A,,intronic,Conflicting classifications of pathogenicity,0.9836,0.9012,0.0766,0,LIKELY_PATHOGENIC,,-1,,-1,,,false,NO_VEP,"Structural-only assessment (LSSIM=0.901, global SSIM=0.984). VEP not available for this locus.",Pathogenic,ClinVar_Pathogenic,-1,POSITION
VCV000488768,87863560,.,.,c.-910T>G,,intronic,Conflicting classifications of pathogenicity,0.9836,0.8995,0.0765,0,LIKELY_PATHOGENIC,,-1,,-1,,,false,NO_VEP,"Structural-only assessment (LSSIM=0.900, global SSIM=0.984). VEP not available for this locus.",Pathogenic,ClinVar_Pathogenic,-1,POSITION
VCV000127681,87863560,.,.,c.-910T>C,,intronic,Likely benign,0.9836,0.8995,0.0765,0,LIKELY_PATHOGENIC,,-1,,-1,,,false,NO_VEP,"Structural-only assessment (LSSIM=0.900, global SSIM=0.984). VEP not available for this locus.",Benign,ClinVar_Benign,-1,POSITION
VCV000138837,87863566,.,.,c.-903G>A,,intronic,Benign,0.9838,0.9013,0.0759,0,LIKELY_PATHOGENIC,,-1,,-1,,,false,NO_VEP,"Structural-only assessment (LSSIM=0.901, global SSIM=0.984). VEP not available for this locus.",Benign,ClinVar_Benign,-1,POSITION
VCV003780930,87863574,.,.,c.-896T>C,,intronic,Likely pathogenic,0.9836,0.9003,0.0765,0,LIKELY_PATHOGENIC,,-1,,-1,,,false,NO_VEP,"Structural-only assessment (LSSIM=0.900, global SSIM=0.984). VEP not available for this locus.",Pathogenic,ClinVar_Pathogenic,-1,POSITION
VCV000141949,87863601,.,.,c.-868G>C,,intronic,Conflicting classifications of pathogenicity,0.9836,0.9004,0.0761,0,LIKELY_PATHOGENIC,,-1,,-1,,,false,NO_VEP,"Structural-only assessment (LSSIM=0.900, global SSIM=0.984). VEP not available for this locus.",Pathogenic,ClinVar_Pathogenic,-1,POSITION
VCV003780929,87863616,.,.,c.-854C>G,,intronic,Likely pathogenic,0.9835,0.8997,0.0764,0,LIKELY_PATHOGENIC,,-1,,-1,,,false,NO_VEP,"Structural-only assessment (LSSIM=0.900, global SSIM=0.984). VEP not available for this locus.",Pathogenic,ClinVar_Pathogenic,-1,POSITION
VCV000189497,87863633,.,.,c.-837C>T,,intronic,Likely benign,0.9835,0.8999,0.0764,0,LIKELY_PATHOGENIC,,-1,,-1,,,false,NO_VEP,"Structural-only assessment (LSSIM=0.900, global SSIM=0.984). VEP not available for this locus.",Benign,ClinVar_Benign,-1,POSITION
VCV000488775,87863655,.,.,c.-815T>C,,intronic,Conflicting classifications of pathogenicity,0.9836,0.9003,0.0766,0,LIKELY_PATHOGENIC,,-1,,-1,,,false,NO_VEP,"Structural-only assessment (LSSIM=0.900, global SSIM=0.984). VEP not available for this locus.",Pathogenic,ClinVar_Pathogenic,-1,POSITION
VCV002627316,87863673,.,.,c.-797G>A,,intronic,Conflicting classifications of pathogenicity,0.9835,0.901,0.0765,0,LIKELY_PATHOGENIC,,-1,,-1,,,false,NO_VEP,"Structural-only assessment (LSSIM=0.901, global SSIM=0.983). VEP not available for this locus.",Pathogenic,ClinVar_Pathogenic,-1,POSITION
VCV000127672,87863735,.,.,c.-735G>A,,intronic,Likely benign,0.9834,0.8997,0.0766,0,LIKELY_PATHOGENIC,,-1,,-1,,,false,NO_VEP,"Structural-only assessment (LSSIM=0.900, global SSIM=0.983). VEP not available for this locus.",Benign,ClinVar_Benign,-1,POSITION
VCV000127671,87863756,.,.,c.-714G>A,,intronic,Conflicting classifications of pathogenicity,0.9838,0.9015,0.0759,0,LIKELY_PATHOGENIC,,-1,,-1,,,false,NO_VEP,"Structural-only assessment (LSSIM=0.901, global SSIM=0.984). VEP not available for this locus.",Pathogenic,ClinVar_Pathogenic,-1,POSITION
VCV004683522,87863761,.,.,c.-709G>A,,intronic,Likely benign,0.9837,0.901,0.0761,0,LIKELY_PATHOGENIC,,-1,,-1,,,false,NO_VEP,"Structural-only assessment (LSSIM=0.901, global SSIM=0.984). VEP not available for this locus.",Benign,ClinVar_Benign,-1,POSITION
VCV000189525,87863769,.,.,c.-701G>A,,intronic,Conflicting classifications of pathogenicity,0.9836,0.9009,0.0769,0,LIKELY_PATHOGENIC,,-1,,-1,,,false,NO_VEP,"Structural-only assessment (LSSIM=0.901, global SSIM=0.984). VEP not available for this locus.",Pathogenic,ClinVar_Pathogenic,-1,POSITION
VCV000189528,87863804,.,.,c.-666G>A,,intronic,Conflicting classifications of pathogenicity,0.9836,0.9011,0.0763,0,LIKELY_PATHOGENIC,,-1,,-1,,,false,NO_VEP,"Structural-only assessment (LSSIM=0.901, global SSIM=0.984). VEP not available for this locus.",Pathogenic,ClinVar_Pathogenic,-1,POSITION
VCV003025766,87863824,.,.,c.-646C>T,,intronic,Likely benign,0.9833,0.8978,0.0768,0,LIKELY_PATHOGENIC,,-1,,-1,,,false,NO_VEP,"Structural-only assessment (LSSIM=0.898, global SSIM=0.983). VEP not available for this locus.",Benign,ClinVar_Benign,-1,POSITION
VCV001697359,87863848,.,.,c.-622C>T,,intronic,Likely benign,0.9837,0.902,0.0761,0,LIKELY_PATHOGENIC,,-1,,-1,,,false,NO_VEP,"Structural-only assessment (LSSIM=0.902, global SSIM=0.984). VEP not available for this locus.",Benign,ClinVar_Benign,-1,POSITION
VCV004683523,87863870,.,.,c.-600C>T,,intronic,Benign,0.9837,0.901,0.0763,0,LIKELY_PATHOGENIC,,-1,,-1,,,false,NO_VEP,"Structural-only assessment (LSSIM=0.901, global SSIM=0.984). VEP not available for this locus.",Benign,ClinVar_Benign,-1,POSITION
VCV004683524,87863879,.,.,c.-591G>A,,intronic,Benign,0.9837,0.9011,0.0759,0,LIKELY_PATHOGENIC,,-1,,-1,,,false,NO_VEP,"Structural-only assessment (LSSIM=0.901, global SSIM=0.984). VEP not available for this locus.",Benign,ClinVar_Benign,-1,POSITION
VCV001692370,87863893,.,.,c.-577C>T,,intronic,Likely benign,0.9837,0.9005,0.0762,0,LIKELY_PATHOGENIC,,-1,,-1,,,false,NO_VEP,"Structural-only assessment (LSSIM=0.901, global SSIM=0.984). VEP not available for this locus.",Benign,ClinVar_Benign,-1,POSITION
VCV000301407,87863936,.,.,c.-534G>T,,intronic,Likely benign,0.9835,0.9003,0.0767,0,LIKELY_PATHOGENIC,,-1,,-1,,,false,NO_VEP,"Structural-only assessment (LSSIM=0.900, global SSIM=0.984). VEP not available for this locus.",Benign,ClinVar_Benign,-1,POSITION
VCV003026891,87863956,.,.,c.-514C>A,,intronic,Likely benign,0.9835,0.9004,0.0764,0,LIKELY_PATHOGENIC,,-1,,-1,,,false,NO_VEP,"Structural-only assessment (LSSIM=0.900, global SSIM=0.984). VEP not available for this locus.",Benign,ClinVar_Benign,-1,POSITION
VCV003051450,87863957,.,.,c.-513G>T,,intronic,Likely benign,0.9835,0.9014,0.077,0,LIKELY_PATHOGENIC,,-1,,-1,,,false,NO_VEP,"Structural-only assessment (LSSIM=0.901, global SSIM=0.983). VEP not available for this locus.",Benign,ClinVar_Benign,-1,POSITION
VCV001701142,87863957,.,.,c.-513G>C,,intronic,Benign/Likely benign,0.9835,0.9014,0.077,0,LIKELY_PATHOGENIC,,-1,,-1,,,false,NO_VEP,"Structural-only assessment (LSSIM=0.901, global SSIM=0.983). VEP not available for this locus.",Benign,ClinVar_Benign,-1,POSITION
VCV003052131,87863958,.,.,c.-512G>T,,intronic,Likely benign,0.9834,0.9004,0.0767,0,LIKELY_PATHOGENIC,,-1,,-1,,,false,NO_VEP,"Structural-only assessment (LSSIM=0.900, global SSIM=0.983). VEP not available for this locus.",Benign,ClinVar_Benign,-1,POSITION
VCV003025853,87863958,.,.,c.-512G>C,,intronic,Likely benign,0.9834,0.9004,0.0767,0,LIKELY_PATHOGENIC,,-1,,-1,,,false,NO_VEP,"Structural-only assessment (LSSIM=0.900, global SSIM=0.983). VEP not available for this locus.",Benign,ClinVar_Benign,-1,POSITION
VCV000301409,87863958,.,.,c.-512G>A,,intronic,Benign,0.9834,0.9004,0.0767,0,LIKELY_PATHOGENIC,,-1,,-1,,,false,NO_VEP,"Structural-only assessment (LSSIM=0.900, global SSIM=0.983). VEP not available for this locus.",Benign,ClinVar_Benign,-1,POSITION
VCV000810888,87863959,.,.,c.-511G>A,,intronic,Benign/Likely benign,0.9837,0.9009,0.0762,0,LIKELY_PATHOGENIC,,-1,,-1,,,false,NO_VEP,"Structural-only assessment (LSSIM=0.901, global SSIM=0.984). VEP not available for this locus.",Benign,ClinVar_Benign,-1,POSITION
VCV004083742,87863985,.,.,c.-485C>G,,intronic,Likely benign,0.9837,0.9017,0.0765,0,LIKELY_PATHOGENIC,,-1,,-1,,,false,NO_VEP,"Structural-only assessment (LSSIM=0.902, global SSIM=0.984). VEP not available for this locus.",Benign,ClinVar_Benign,-1,POSITION
VCV000830307,87863995,.,.,c.-475G>A,,intronic,Conflicting classifications of pathogenicity,0.9835,0.8993,0.0769,0,LIKELY_PATHOGENIC,,-1,,-1,,,false,NO_VEP,"Structural-only assessment (LSSIM=0.899, global SSIM=0.984). VEP not available for this locus.",Pathogenic,ClinVar_Pathogenic,-1,POSITION
VCV004281011,87863997,.,.,c.-473A>C,,intronic,Likely benign,0.9837,0.9015,0.0759,0,LIKELY_PATHOGENIC,,-1,,-1,,,false,NO_VEP,"Structural-only assessment (LSSIM=0.901, global SSIM=0.984). VEP not available for this locus.",Benign,ClinVar_Benign,-1,POSITION
VCV004084751,87864003,.,.,c.-467A>G,,intronic,Likely benign,0.9836,0.9002,0.0764,0,LIKELY_PATHOGENIC,,-1,,-1,,,false,NO_VEP,"Structural-only assessment (LSSIM=0.900, global SSIM=0.984). VEP not available for this locus.",Benign,ClinVar_Benign,-1,POSITION
VCV003051078,87864004,.,.,c.-466G>A,,intronic,Likely benign,0.9838,0.9023,0.0764,0,LIKELY_PATHOGENIC,,-1,,-1,,,false,NO_VEP,"Structural-only assessment (LSSIM=0.902, global SSIM=0.984). VEP not available for this locus.",Benign,ClinVar_Benign,-1,POSITION
VCV001284449,87864009,.,.,c.-461G>A,,intronic,Conflicting classifications of pathogenicity,0.9835,0.9013,0.077,0,LIKELY_PATHOGENIC,,-1,,-1,,,false,NO_VEP,"Structural-only assessment (LSSIM=0.901, global SSIM=0.983). VEP not available for this locus.",Pathogenic,ClinVar_Pathogenic,-1,POSITION
VCV003045216,87864010,.,.,c.-460G>C,,intronic,Likely benign,0.9836,0.9,0.0762,0,LIKELY_PATHOGENIC,,-1,,-1,,,false,NO_VEP,"Structural-only assessment (LSSIM=0.900, global SSIM=0.984). VEP not available for this locus.",Benign,ClinVar_Benign,-1,POSITION
VCV004084752,87864015,.,.,c.-455T>G,,intronic,Likely benign,0.9839,0.9016,0.0756,0,LIKELY_PATHOGENIC,,-1,,-1,,,false,NO_VEP,"Structural-only assessment (LSSIM=0.902, global SSIM=0.984). VEP not available for this locus.",Benign,ClinVar_Benign,-1,POSITION
VCV003358543,87864032,.,.,c.-438T>C,,intronic,Likely benign,0.9837,0.9005,0.0765,0,LIKELY_PATHOGENIC,,-1,,-1,,,false,NO_VEP,"Structural-only assessment (LSSIM=0.900, global SSIM=0.984). VEP not available for this locus.",Benign,ClinVar_Benign,-1,POSITION
VCV004085734,87864051,.,.,c.-419C>T,,intronic,Likely benign,0.9835,0.9009,0.0765,0,LIKELY_PATHOGENIC,,-1,,-1,,,false,NO_VEP,"Structural-only assessment (LSSIM=0.901, global SSIM=0.983). VEP not available for this locus.",Benign,ClinVar_Benign,-1,POSITION
VCV004084753,87864072,.,.,c.-398T>C,,intronic,Likely benign,0.9837,0.9005,0.0766,0,LIKELY_PATHOGENIC,,-1,,-1,,,false,NO_VEP,"Structural-only assessment (LSSIM=0.900, global SSIM=0.984). VEP not available for this locus.",Benign,ClinVar_Benign,-1,POSITION
VCV004084754,87864073,.,.,c.-397C>T,,intronic,Likely benign,0.9837,0.9018,0.0764,0,LIKELY_PATHOGENIC,,-1,,-1,,,false,NO_VEP,"Structural-only assessment (LSSIM=0.902, global SSIM=0.984). VEP not available for this locus.",Benign,ClinVar_Benign,-1,POSITION
VCV004084854,87864075,.,.,c.-395A>C,,intronic,Likely benign,0.9836,0.9008,0.0762,0,LIKELY_PATHOGENIC,,-1,,-1,,,false,NO_VEP,"Structural-only assessment (LSSIM=0.901, global SSIM=0.984). VEP not available for this locus.",Benign,ClinVar_Benign,-1,POSITION
VCV001879136,87864087,.,.,c.-383A>C,,intronic,Likely benign,0.9837,0.9007,0.0757,0,LIKELY_PATHOGENIC,,-1,,-1,,,false,NO_VEP,"Structural-only assessment (LSSIM=0.901, global SSIM=0.984). VEP not available for this locus.",Benign,ClinVar_Benign,-1,POSITION
VCV003029786,87864121,.,.,c.-349C>T,,intronic,Likely benign,0.9836,0.901,0.0767,0,LIKELY_PATHOGENIC,,-1,,-1,,,false,NO_VEP,"Structural-only assessment (LSSIM=0.901, global SSIM=0.984). VEP not available for this locus.",Benign,ClinVar_Benign,-1,POSITION
VCV003026903,87864127,.,.,c.-343G>T,,intronic,Likely benign,0.9836,0.902,0.0765,0,LIKELY_PATHOGENIC,,-1,,-1,,,false,NO_VEP,"Structural-only assessment (LSSIM=0.902, global SSIM=0.984). VEP not available for this locus.",Benign,ClinVar_Benign,-1,POSITION
VCV003067415,87864136,.,.,c.-334C>T,,intronic,Likely benign,0.9833,0.8998,0.0772,0,LIKELY_PATHOGENIC,,-1,,-1,,,false,NO_VEP,"Structural-only assessment (LSSIM=0.900, global SSIM=0.983). VEP not available for this locus.",Benign,ClinVar_Benign,-1,POSITION
VCV003051701,87864141,.,.,c.-329C>T,,intronic,Likely benign,0.9838,0.9011,0.0763,0,LIKELY_PATHOGENIC,,-1,,-1,,,false,NO_VEP,"Structural-only assessment (LSSIM=0.901, global SSIM=0.984). VEP not available for this locus.",Benign,ClinVar_Benign,-1,POSITION
VCV004084618,87864142,.,.,c.-328G>T,,intronic,Likely benign,0.9837,0.9005,0.0764,0,LIKELY_PATHOGENIC,,-1,,-1,,,false,NO_VEP,"Structural-only assessment (LSSIM=0.900, global SSIM=0.984). VEP not available for this locus.",Benign,ClinVar_Benign,-1,POSITION
VCV000440217,87864144,.,.,c.-326G>C,,intronic,Benign,0.9833,0.9003,0.077,0,LIKELY_PATHOGENIC,,-1,,-1,,,false,NO_VEP,"Structural-only assessment (LSSIM=0.900, global SSIM=0.983). VEP not available for this locus.",Benign,ClinVar_Benign,-1,POSITION
VCV003024685,87864148,.,.,c.-322C>T,,intronic,Likely benign,0.9835,0.8993,0.0769,0,LIKELY_PATHOGENIC,,-1,,-1,,,false,NO_VEP,"Structural-only assessment (LSSIM=0.899, global SSIM=0.983). VEP not available for this locus.",Benign,ClinVar_Benign,-1,POSITION
VCV003905840,87864151,.,.,c.-319C>T,,intronic,Likely benign,0.9836,0.9003,0.0765,0,LIKELY_PATHOGENIC,,-1,,-1,,,false,NO_VEP,"Structural-only assessment (LSSIM=0.900, global SSIM=0.984). VEP not available for this locus.",Benign,ClinVar_Benign,-1,POSITION
VCV003048505,87864157,.,.,c.-313A>G,,intronic,Likely benign,0.9838,0.9009,0.0759,0,LIKELY_PATHOGENIC,,-1,,-1,,,false,NO_VEP,"Structural-only assessment (LSSIM=0.901, global SSIM=0.984). VEP not available for this locus.",Benign,ClinVar_Benign,-1,POSITION
VCV001697360,87864157,.,.,c.-313A>C,,intronic,Likely benign,0.9838,0.9009,0.0759,0,LIKELY_PATHOGENIC,,-1,,-1,,,false,NO_VEP,"Structural-only assessment (LSSIM=0.901, global SSIM=0.984). VEP not available for this locus.",Benign,ClinVar_Benign,-1,POSITION
VCV001330509,87864157,.,.,c.-313A>T,,intronic,Likely benign,0.9838,0.9009,0.0759,0,LIKELY_PATHOGENIC,,-1,,-1,,,false,NO_VEP,"Structural-only assessment (LSSIM=0.901, global SSIM=0.984). VEP not available for this locus.",Benign,ClinVar_Benign,-1,POSITION
VCV003045045,87864163,.,.,c.-307C>A,,intronic,Likely benign,0.9837,0.9015,0.0764,0,LIKELY_PATHOGENIC,,-1,,-1,,,false,NO_VEP,"Structural-only assessment (LSSIM=0.901, global SSIM=0.984). VEP not available for this locus.",Benign,ClinVar_Benign,-1,POSITION
VCV001692369,87864169,.,.,c.-301C>T,,intronic,Likely benign,0.9836,0.8997,0.0761,0,LIKELY_PATHOGENIC,,-1,,-1,,,false,NO_VEP,"Structural-only assessment (LSSIM=0.900, global SSIM=0.984). VEP not available for this locus.",Benign,ClinVar_Benign,-1,POSITION
VCV004084755,87864178,.,.,c.-292G>A,,intronic,Likely benign,0.9833,0.8995,0.0771,0,LIKELY_PATHOGENIC,,-1,,-1,,,false,NO_VEP,"Structural-only assessment (LSSIM=0.900, global SSIM=0.983). VEP not available for this locus.",Benign,ClinVar_Benign,-1,POSITION
VCV000492724,87864180,.,.,c.-290A>T,,intronic,Likely benign,0.9837,0.9001,0.0761,0,LIKELY_PATHOGENIC,,-1,,-1,,,false,NO_VEP,"Structural-only assessment (LSSIM=0.900, global SSIM=0.984). VEP not available for this locus.",Benign,ClinVar_Benign,-1,POSITION
VCV001298492,87864181,.,.,c.-289G>A,,intronic,Likely benign,0.9837,0.9005,0.0762,0,LIKELY_PATHOGENIC,,-1,,-1,,,false,NO_VEP,"Structural-only assessment (LSSIM=0.901, global SSIM=0.984). VEP not available for this locus.",Benign,ClinVar_Benign,-1,POSITION
VCV000301415,87864186,.,.,c.-284C>T,,intronic,Benign,0.9837,0.902,0.0763,0,LIKELY_PATHOGENIC,,-1,,-1,,,false,NO_VEP,"Structural-only assessment (LSSIM=0.902, global SSIM=0.984). VEP not available for this locus.",Benign,ClinVar_Benign,-1,POSITION
VCV004084756,87864190,.,.,c.-280C>A,,intronic,Likely benign,0.9837,0.9014,0.0764,0,LIKELY_PATHOGENIC,,-1,,-1,,,false,NO_VEP,"Structural-only assessment (LSSIM=0.901, global SSIM=0.984). VEP not available for this locus.",Benign,ClinVar_Benign,-1,POSITION
VCV000802602,87864190,.,.,c.-280C>T,,intronic,Likely benign,0.9837,0.9014,0.0764,0,LIKELY_PATHOGENIC,,-1,,-1,,,false,NO_VEP,"Structural-only assessment (LSSIM=0.901, global SSIM=0.984). VEP not available for this locus.",Benign,ClinVar_Benign,-1,POSITION
VCV004085249,87864205,.,.,c.-265G>T,,intronic,Likely benign,0.9837,0.902,0.0762,0,LIKELY_PATHOGENIC,,-1,,-1,,,false,NO_VEP,"Structural-only assessment (LSSIM=0.902, global SSIM=0.984). VEP not available for this locus.",Benign,ClinVar_Benign,-1,POSITION
VCV003026438,87864205,.,.,c.-265G>A,,intronic,Likely benign,0.9837,0.902,0.0762,0,LIKELY_PATHOGENIC,,-1,,-1,,,false,NO_VEP,"Structural-only assessment (LSSIM=0.902, global SSIM=0.984). VEP not available for this locus.",Benign,ClinVar_Benign,-1,POSITION
VCV001694567,87864217,.,.,c.-253G>C,,intronic,Likely benign,0.9837,0.8986,0.0757,0,LIKELY_PATHOGENIC,,-1,,-1,,,false,NO_VEP,"Structural-only assessment (LSSIM=0.899, global SSIM=0.984). VEP not available for this locus.",Benign,ClinVar_Benign,-1,POSITION
VCV003355529,87864218,.,.,c.-252T>C,,intronic,Likely benign,0.9835,0.8996,0.0764,0,LIKELY_PATHOGENIC,,-1,,-1,,,false,NO_VEP,"Structural-only assessment (LSSIM=0.900, global SSIM=0.983). VEP not available for this locus.",Benign,ClinVar_Benign,-1,POSITION
VCV000301416,87864224,.,.,c.-246C>T,,intronic,Conflicting classifications of pathogenicity,0.9835,0.8996,0.0764,0,LIKELY_PATHOGENIC,,-1,,-1,,,false,NO_VEP,"Structural-only assessment (LSSIM=0.900, global SSIM=0.984). VEP not available for this locus.",Pathogenic,ClinVar_Pathogenic,-1,POSITION
VCV004084416,87864232,.,.,c.-238C>T,,intronic,Likely benign,0.9836,0.9006,0.076,0,LIKELY_PATHOGENIC,,-1,,-1,,,false,NO_VEP,"Structural-only assessment (LSSIM=0.901, global SSIM=0.984). VEP not available for this locus.",Benign,ClinVar_Benign,-1,POSITION
VCV001879137,87864241,.,.,c.-229C>T,,intronic,Likely benign,0.9834,0.9,0.0765,0,LIKELY_PATHOGENIC,,-1,,-1,,,false,NO_VEP,"Structural-only assessment (LSSIM=0.900, global SSIM=0.983). VEP not available for this locus.",Benign,ClinVar_Benign,-1,POSITION
VCV003026758,87864247,.,.,c.-223C>A,,intronic,Likely benign,0.9836,0.9006,0.0762,0,LIKELY_PATHOGENIC,,-1,,-1,,,false,NO_VEP,"Structural-only assessment (LSSIM=0.901, global SSIM=0.984). VEP not available for this locus.",Benign,ClinVar_Benign,-1,POSITION
VCV004084509,87864250,.,.,c.-220G>A,,intronic,Likely benign,0.9836,0.901,0.0766,0,LIKELY_PATHOGENIC,,-1,,-1,,,false,NO_VEP,"Structural-only assessment (LSSIM=0.901, global SSIM=0.984). VEP not available for this locus.",Benign,ClinVar_Benign,-1,POSITION
VCV001336781,87864254,.,.,c.-216C>T,,intronic,Conflicting classifications of pathogenicity,0.9836,0.9006,0.0765,0,LIKELY_PATHOGENIC,,-1,,-1,,,false,NO_VEP,"Structural-only assessment (LSSIM=0.901, global SSIM=0.984). VEP not available for this locus.",Pathogenic,ClinVar_Pathogenic,-1,POSITION
VCV003030802,87864295,.,.,c.-175C>G,,intronic,Likely benign,0.9859,0.9148,0.0747,0,LIKELY_PATHOGENIC,,-1,,-1,,,false,NO_VEP,"Structural-only assessment (LSSIM=0.915, global SSIM=0.986). VEP not available for this locus.",Benign,ClinVar_Benign,-1,POSITION
VCV002640665,87864295,.,.,c.-175C>T,,intronic,Likely benign,0.9859,0.9148,0.0747,0,LIKELY_PATHOGENIC,,-1,,-1,,,false,NO_VEP,"Structural-only assessment (LSSIM=0.915, global SSIM=0.986). VEP not available for this locus.",Benign,ClinVar_Benign,-1,POSITION
VCV000301418,87864305,.,.,c.-165C>G,,intronic,Conflicting classifications of pathogenicity,0.9854,0.9127,0.0761,0,LIKELY_PATHOGENIC,,-1,,-1,,,false,NO_VEP,"Structural-only assessment (LSSIM=0.913, global SSIM=0.985). VEP not available for this locus.",Pathogenic,ClinVar_Pathogenic,-1,POSITION
VCV000301419,87864318,.,.,c.-152A>G,,intronic,Benign,0.9856,0.9129,0.0754,0,LIKELY_PATHOGENIC,,-1,,-1,,,false,NO_VEP,"Structural-only assessment (LSSIM=0.913, global SSIM=0.986). VEP not available for this locus.",Benign,ClinVar_Benign,-1,POSITION
VCV004084478,87864322,.,.,c.-148G>A,,intronic,Likely benign,0.9854,0.9127,0.0766,0,LIKELY_PATHOGENIC,,-1,,-1,,,false,NO_VEP,"Structural-only assessment (LSSIM=0.913, global SSIM=0.985). VEP not available for this locus.",Benign,ClinVar_Benign,-1,POSITION
VCV004084479,87864328,.,.,c.-142G>A,,intronic,Likely benign,0.9853,0.9126,0.0761,0,LIKELY_PATHOGENIC,,-1,,-1,,,false,NO_VEP,"Structural-only assessment (LSSIM=0.913, global SSIM=0.985). VEP not available for this locus.",Benign,ClinVar_Benign,-1,POSITION
VCV001264324,87864334,.,.,c.-136G>C,,intronic,Pathogenic,0.9852,0.9115,0.0764,0,LIKELY_PATHOGENIC,,-1,,-1,,,false,NO_VEP,"Structural-only assessment (LSSIM=0.911, global SSIM=0.985). VEP not available for this locus.",Pathogenic,ClinVar_Pathogenic,-1,POSITION
VCV004084480,87864343,.,.,c.-127G>A,,intronic,Likely benign,0.9857,0.9132,0.0752,0,LIKELY_PATHOGENIC,,-1,,-1,,,false,NO_VEP,"Structural-only assessment (LSSIM=0.913, global SSIM=0.986). VEP not available for this locus.",Benign,ClinVar_Benign,-1,POSITION
VCV004084481,87864346,.,.,c.-124G>A,,intronic,Likely benign,0.9853,0.9119,0.0763,0,LIKELY_PATHOGENIC,,-1,,-1,,,false,NO_VEP,"Structural-only assessment (LSSIM=0.912, global SSIM=0.985). VEP not available for this locus.",Benign,ClinVar_Benign,-1,POSITION
VCV000301420,87864349,.,.,c.-121A>G,,intronic,Conflicting classifications of pathogenicity,0.9855,0.9121,0.0754,0,LIKELY_PATHOGENIC,,-1,,-1,,,false,NO_VEP,"Structural-only assessment (LSSIM=0.912, global SSIM=0.986). VEP not available for this locus.",Pathogenic,ClinVar_Pathogenic,-1,POSITION
VCV000301421,87864359,.,.,c.-111G>T,,intronic,Conflicting classifications of pathogenicity,0.9854,0.9135,0.0764,0,LIKELY_PATHOGENIC,,-1,,-1,,,false,NO_VEP,"Structural-only assessment (LSSIM=0.913, global SSIM=0.985). VEP not available for this locus.",Pathogenic,ClinVar_Pathogenic,-1,POSITION
VCV001692635,87864398,.,.,c.-72C>T,,intronic,Conflicting classifications of pathogenicity,0.9856,0.9137,0.0755,0,LIKELY_PATHOGENIC,,-1,,-1,,,false,NO_VEP,"Structural-only assessment (LSSIM=0.914, global SSIM=0.986). VEP not available for this locus.",Pathogenic,ClinVar_Pathogenic,-1,POSITION
VCV000492308,87864456,.,.,c.-14A>C,,intronic,Conflicting classifications of pathogenicity,0.9851,0.9116,0.0765,0,LIKELY_PATHOGENIC,,-1,,-1,,,false,NO_VEP,"Structural-only assessment (LSSIM=0.912, global SSIM=0.985). VEP not available for this locus.",Pathogenic,ClinVar_Pathogenic,-1,POSITION
VCV000381346,87864458,.,.,c.-12A>T,,intronic,Likely benign,0.9852,0.912,0.0764,0,LIKELY_PATHOGENIC,,-1,,-1,,,false,NO_VEP,"Structural-only assessment (LSSIM=0.912, global SSIM=0.985). VEP not available for this locus.",Benign,ClinVar_Benign,-1,POSITION
VCV000628046,87864460,.,.,c.-10G>A,,intronic,Likely benign,0.9855,0.9131,0.0758,0,LIKELY_PATHOGENIC,,-1,,-1,,,false,NO_VEP,"Structural-only assessment (LSSIM=0.913, global SSIM=0.986). VEP not available for this locus.",Benign,ClinVar_Benign,-1,POSITION
VCV000092808,87864461,.,.,c.-9C>G,,intronic,Benign,0.9856,0.913,0.0752,0,LIKELY_PATHOGENIC,,-1,,-1,,,false,NO_VEP,"Structural-only assessment (LSSIM=0.913, global SSIM=0.986). VEP not available for this locus.",Benign,ClinVar_Benign,-1,POSITION
VCV003340277,87864470,.,.,c.1A>C,p.Met1Leu,missense,Pathogenic,0.9858,0.9132,0.0746,0,LIKELY_PATHOGENIC,,-1,,-1,,,false,NO_VEP,"Structural-only assessment (LSSIM=0.913, global SSIM=0.986). VEP not available for this locus.",Pathogenic,ClinVar_Pathogenic,-1,POSITION
VCV003148533,87864470,.,.,c.1A>T,p.Met1Leu,missense,Likely pathogenic,0.9858,0.9132,0.0746,0,LIKELY_PATHOGENIC,,-1,,-1,,,false,NO_VEP,"Structural-only assessment (LSSIM=0.913, global SSIM=0.986). VEP not available for this locus.",Pathogenic,ClinVar_Pathogenic,-1,POSITION
VCV000484600,87864470,.,.,c.1A>G,p.Met1Val,missense,Pathogenic,0.9858,0.9132,0.0746,0,LIKELY_PATHOGENIC,,-1,,-1,,,false,NO_VEP,"Structural-only assessment (LSSIM=0.913, global SSIM=0.986). VEP not available for this locus.",Pathogenic,ClinVar_Pathogenic,-1,POSITION
VCV002674279,87864471,.,.,c.2T>G,p.Met1Arg,missense,Pathogenic/Likely pathogenic,0.9858,0.9138,0.0751,0,LIKELY_PATHOGENIC,,-1,,-1,,,false,NO_VEP,"Structural-only assessment (LSSIM=0.914, global SSIM=0.986). VEP not available for this locus.",Pathogenic,ClinVar_Pathogenic,-1,POSITION
VCV001686106,87864471,.,.,c.2T>C,p.Met1Thr,missense,Pathogenic,0.9858,0.9138,0.0751,0,LIKELY_PATHOGENIC,,-1,,-1,,,false,NO_VEP,"Structural-only assessment (LSSIM=0.914, global SSIM=0.986). VEP not available for this locus.",Pathogenic,ClinVar_Pathogenic,-1,POSITION
VCV001457954,87864472,.,.,c.3G>A,p.Met1Ile,missense,Pathogenic,0.9855,0.9126,0.0756,0,LIKELY_PATHOGENIC,,-1,,-1,,,false,NO_VEP,"Structural-only assessment (LSSIM=0.913, global SSIM=0.985). VEP not available for this locus.",Pathogenic,ClinVar_Pathogenic,-1,POSITION
VCV003231168,87864475,.,.,c.6A>T,p.Thr2=,synonymous,Likely benign,0.9857,0.914,0.0754,0,LIKELY_PATHOGENIC,,-1,,-1,,,false,NO_VEP,"Structural-only assessment (LSSIM=0.914, global SSIM=0.986). VEP not available for this locus.",Benign,ClinVar_Benign,-1,POSITION
VCV002827381,87864475,.,.,c.6A>G,p.Thr2=,synonymous,Likely benign,0.9857,0.914,0.0754,0,LIKELY_PATHOGENIC,,-1,,-1,,,false,NO_VEP,"Structural-only assessment (LSSIM=0.914, global SSIM=0.986). VEP not available for this locus.",Benign,ClinVar_Benign,-1,POSITION
VCV000536573,87864475,.,.,c.6A>C,p.Thr2=,synonymous,Benign/Likely benign,0.9857,0.914,0.0754,0,LIKELY_PATHOGENIC,,-1,,-1,,,false,NO_VEP,"Structural-only assessment (LSSIM=0.914, global SSIM=0.986). VEP not available for this locus.",Benign,ClinVar_Benign,-1,POSITION
VCV003311263,87864478,.,.,c.9C>G,p.Ala3=,synonymous,Benign/Likely benign,0.9855,0.9131,0.0756,0,LIKELY_PATHOGENIC,,-1,,-1,,,false,NO_VEP,"Structural-only assessment (LSSIM=0.913, global SSIM=0.986). VEP not available for this locus.",Benign,ClinVar_Benign,-1,POSITION
VCV001768914,87864478,.,.,c.9C>A,p.Ala3=,synonymous,Likely benign,0.9855,0.9131,0.0756,0,LIKELY_PATHOGENIC,,-1,,-1,,,false,NO_VEP,"Structural-only assessment (LSSIM=0.913, global SSIM=0.986). VEP not available for this locus.",Benign,ClinVar_Benign,-1,POSITION
VCV000492351,87864478,.,.,c.9C>T,p.Ala3=,synonymous,Likely benign,0.9855,0.9131,0.0756,0,LIKELY_PATHOGENIC,,-1,,-1,,,false,NO_VEP,"Structural-only assessment (LSSIM=0.913, global SSIM=0.986). VEP not available for this locus.",Benign,ClinVar_Benign,-1,POSITION
VCV003940107,87864481,.,.,c.12C>A,p.Ile4=,synonymous,Likely benign,0.9852,0.9115,0.0759,0,LIKELY_PATHOGENIC,,-1,,-1,,,false,NO_VEP,"Structural-only assessment (LSSIM=0.912, global SSIM=0.985). VEP not available for this locus.",Benign,ClinVar_Benign,-1,POSITION
VCV001108328,87864481,.,.,c.12C>T,p.Ile4=,synonymous,Likely benign,0.9852,0.9115,0.0759,0,LIKELY_PATHOGENIC,,-1,,-1,,,false,NO_VEP,"Structural-only assessment (LSSIM=0.912, global SSIM=0.985). VEP not available for this locus.",Benign,ClinVar_Benign,-1,POSITION
VCV003254879,87864483,.,.,c.14T>C,p.Ile5Thr,missense,Likely pathogenic,0.9856,0.9133,0.0753,0,LIKELY_PATHOGENIC,,-1,,-1,,,false,NO_VEP,"Structural-only assessment (LSSIM=0.913, global SSIM=0.986). VEP not available for this locus.",Pathogenic,ClinVar_Pathogenic,-1,POSITION
VCV002817616,87864484,.,.,c.15C>T,p.Ile5=,synonymous,Benign/Likely benign,0.9855,0.9133,0.0757,0,LIKELY_PATHOGENIC,,-1,,-1,,,false,NO_VEP,"Structural-only assessment (LSSIM=0.913, global SSIM=0.985). VEP not available for this locus.",Benign,ClinVar_Benign,-1,POSITION
VCV000644390,87864485,.,.,c.16A>G,p.Lys6Glu,missense,Pathogenic,0.9855,0.913,0.0756,0,LIKELY_PATHOGENIC,,-1,,-1,,,false,NO_VEP,"Structural-only assessment (LSSIM=0.913, global SSIM=0.985). VEP not available for this locus.",Pathogenic,ClinVar_Pathogenic,-1,POSITION
VCV003903209,87864486,.,.,c.17A>T,p.Lys6Ile,missense,Likely pathogenic,0.9852,0.9109,0.0761,0,LIKELY_PATHOGENIC,,-1,,-1,,,false,NO_VEP,"Structural-only assessment (LSSIM=0.911, global SSIM=0.985). VEP not available for this locus.",Pathogenic,ClinVar_Pathogenic,-1,POSITION
VCV000233415,87864487,.,.,c.18A>G,p.Lys6=,synonymous,Likely benign,0.9855,0.913,0.0758,0,LIKELY_PATHOGENIC,,-1,,-1,,,false,NO_VEP,"Structural-only assessment (LSSIM=0.913, global SSIM=0.985). VEP not available for this locus.",Benign,ClinVar_Benign,-1,POSITION
VCV000493079,87864488,.,.,c.19G>T,p.Glu7Ter,nonsense,Pathogenic,0.9853,0.9112,0.0757,0,LIKELY_PATHOGENIC,,-1,,-1,,,false,NO_VEP,"Structural-only assessment (LSSIM=0.911, global SSIM=0.985). VEP not available for this locus.",Pathogenic,ClinVar_Pathogenic,-1,POSITION
VCV003940086,87864490,.,.,c.21G>A,p.Glu7=,synonymous,Likely benign,0.9857,0.9147,0.0758,0,LIKELY_PATHOGENIC,,-1,,-1,,,false,NO_VEP,"Structural-only assessment (LSSIM=0.915, global SSIM=0.986). VEP not available for this locus.",Benign,ClinVar_Benign,-1,POSITION
VCV001792202,87864493,.,.,c.24C>A,p.Ile8=,synonymous,Likely benign,0.9855,0.9128,0.0759,0,LIKELY_PATHOGENIC,,-1,,-1,,,false,NO_VEP,"Structural-only assessment (LSSIM=0.913, global SSIM=0.985). VEP not available for this locus.",Benign,ClinVar_Benign,-1,POSITION
VCV000821392,87864493,.,.,c.24C>T,p.Ile8=,synonymous,Benign/Likely benign,0.9855,0.9128,0.0759,0,LIKELY_PATHOGENIC,,-1,,-1,,,false,NO_VEP,"Structural-only assessment (LSSIM=0.913, global SSIM=0.985). VEP not available for this locus.",Benign,ClinVar_Benign,-1,POSITION
VCV002812725,87864499,.,.,c.30C>T,p.Ser10=,synonymous,Likely benign,0.9854,0.9127,0.076,0,LIKELY_PATHOGENIC,,-1,,-1,,,false,NO_VEP,"Structural-only assessment (LSSIM=0.913, global SSIM=0.985). VEP not available for this locus.",Benign,ClinVar_Benign,-1,POSITION
VCV002674322,87864500,.,.,c.31A>T,p.Arg11Ter,nonsense,Pathogenic,0.9857,0.9138,0.0753,0,LIKELY_PATHOGENIC,,-1,,-1,,,false,NO_VEP,"Structural-only assessment (LSSIM=0.914, global SSIM=0.986). VEP not available for this locus.",Pathogenic,ClinVar_Pathogenic,-1,POSITION
VCV001642626,87864500,.,.,c.31A>C,p.Arg11=,synonymous,Likely benign,0.9857,0.9138,0.0753,0,LIKELY_PATHOGENIC,,-1,,-1,,,false,NO_VEP,"Structural-only assessment (LSSIM=0.914, global SSIM=0.986). VEP not available for this locus.",Benign,ClinVar_Benign,-1,POSITION
VCV000631411,87864502,.,.,c.33A>G,p.Arg11=,synonymous,Benign/Likely benign,0.9855,0.913,0.0754,0,LIKELY_PATHOGENIC,,-1,,-1,,,false,NO_VEP,"Structural-only assessment (LSSIM=0.913, global SSIM=0.986). VEP not available for this locus.",Benign,ClinVar_Benign,-1,POSITION
VCV000944445,87864504,.,.,c.35A>T,p.Asn12Ile,missense,Likely pathogenic,0.9853,0.9118,0.0763,0,LIKELY_PATHOGENIC,,-1,,-1,,,false,NO_VEP,"Structural-only assessment (LSSIM=0.912, global SSIM=0.985). VEP not available for this locus.",Pathogenic,ClinVar_Pathogenic,-1,POSITION
VCV000427586,87864504,.,.,c.35A>C,p.Asn12Thr,missense,Pathogenic,0.9853,0.9118,0.0763,0,LIKELY_PATHOGENIC,,-1,,-1,,,false,NO_VEP,"Structural-only assessment (LSSIM=0.912, global SSIM=0.985). VEP not available for this locus.",Pathogenic,ClinVar_Pathogenic,-1,POSITION
VCV003903820,87864505,.,.,c.36C>T,p.Asn12=,synonymous,Benign,0.9853,0.9117,0.0762,0,LIKELY_PATHOGENIC,,-1,,-1,,,false,NO_VEP,"Structural-only assessment (LSSIM=0.912, global SSIM=0.985). VEP not available for this locus.",Benign,ClinVar_Benign,-1,POSITION
VCV000988004,87864506,.,.,c.37A>G,p.Lys13Glu,missense,Pathogenic/Likely pathogenic,0.9855,0.9129,0.0756,0,LIKELY_PATHOGENIC,,-1,,-1,,,false,NO_VEP,"Structural-only assessment (LSSIM=0.913, global SSIM=0.985). VEP not available for this locus.",Pathogenic,ClinVar_Pathogenic,-1,POSITION
VCV000846550,87864506,.,.,c.37A>C,p.Lys13Gln,missense,Likely pathogenic,0.9855,0.9129,0.0756,0,LIKELY_PATHOGENIC,,-1,,-1,,,false,NO_VEP,"Structural-only assessment (LSSIM=0.913, global SSIM=0.985). VEP not available for this locus.",Pathogenic,ClinVar_Pathogenic,-1,POSITION
VCV000468682,87864506,.,.,c.37A>T,p.Lys13Ter,nonsense,Pathogenic,0.9855,0.9129,0.0756,0,LIKELY_PATHOGENIC,,-1,,-1,,,false,NO_VEP,"Structural-only assessment (LSSIM=0.913, global SSIM=0.985). VEP not available for this locus.",Pathogenic,ClinVar_Pathogenic,-1,POSITION
VCV001137796,87864508,.,.,c.39A>G,p.Lys13=,synonymous,Likely benign,0.9855,0.9134,0.0755,0,LIKELY_PATHOGENIC,,-1,,-1,,,false,NO_VEP,"Structural-only assessment (LSSIM=0.913, global SSIM=0.985). VEP not available for this locus.",Benign,ClinVar_Benign,-1,POSITION
VCV001422662,87864512,.,.,c.43A>T,p.Arg15Ter,nonsense,Pathogenic,0.9856,0.9131,0.0752,0,LIKELY_PATHOGENIC,,-1,,-1,,,false,NO_VEP,"Structural-only assessment (LSSIM=0.913, global SSIM=0.986). VEP not available for this locus.",Pathogenic,ClinVar_Pathogenic,-1,POSITION
VCV003903847,87864512,.,.,c.43A>C,p.Arg15=,synonymous,Benign,0.9856,0.9131,0.0752,0,LIKELY_PATHOGENIC,,-1,,-1,,,false,NO_VEP,"Structural-only assessment (LSSIM=0.913, global SSIM=0.986). VEP not available for this locus.",Benign,ClinVar_Benign,-1,POSITION
VCV004530405,87864513,.,.,c.44G>T,p.Arg15Ile,missense,Likely pathogenic,0.9854,0.9121,0.0759,0,LIKELY_PATHOGENIC,,-1,,-1,,,false,NO_VEP,"Structural-only assessment (LSSIM=0.912, global SSIM=0.985). VEP not available for this locus.",Pathogenic,ClinVar_Pathogenic,-1,POSITION
VCV000428243,87864513,.,.,c.44G>C,p.Arg15Thr,missense,Likely pathogenic,0.9854,0.9121,0.0759,0,LIKELY_PATHOGENIC,,-1,,-1,,,false,NO_VEP,"Structural-only assessment (LSSIM=0.912, global SSIM=0.985). VEP not available for this locus.",Pathogenic,ClinVar_Pathogenic,-1,POSITION
VCV000404147,87864513,.,.,c.44G>A,p.Arg15Lys,missense,Likely pathogenic,0.9854,0.9121,0.0759,0,LIKELY_PATHOGENIC,,-1,,-1,,,false,NO_VEP,"Structural-only assessment (LSSIM=0.912, global SSIM=0.985). VEP not available for this locus.",Pathogenic,ClinVar_Pathogenic,-1,POSITION
VCV000428194,87864514,.,.,c.45A>C,p.Arg15Ser,missense,Pathogenic/Likely pathogenic,0.9851,0.9107,0.0768,0,LIKELY_PATHOGENIC,,-1,,-1,,,false,NO_VEP,"Structural-only assessment (LSSIM=0.911, global SSIM=0.985). VEP not available for this locus.",Pathogenic,ClinVar_Pathogenic,-1,POSITION
VCV000419769,87864514,.,.,c.45A>T,p.Arg15Ser,missense,Pathogenic,0.9851,0.9107,0.0768,0,LIKELY_PATHOGENIC,,-1,,-1,,,false,NO_VEP,"Structural-only assessment (LSSIM=0.911, global SSIM=0.985). VEP not available for this locus.",Pathogenic,ClinVar_Pathogenic,-1,POSITION
VCV000764606,87864514,.,.,c.45A>G,p.Arg15=,synonymous,Benign/Likely benign,0.9851,0.9107,0.0768,0,LIKELY_PATHOGENIC,,-1,,-1,,,false,NO_VEP,"Structural-only assessment (LSSIM=0.911, global SSIM=0.985). VEP not available for this locus.",Benign,ClinVar_Benign,-1,POSITION
VCV000422899,87864515,.,.,c.46T>G,p.Tyr16Asp,missense,Pathogenic/Likely pathogenic,0.9855,0.9127,0.0756,0,LIKELY_PATHOGENIC,,-1,,-1,,,false,NO_VEP,"Structural-only assessment (LSSIM=0.913, global SSIM=0.986). VEP not available for this locus.",Pathogenic,ClinVar_Pathogenic,-1,POSITION
VCV000536556,87864517,.,.,c.48T>G,p.Tyr16Ter,nonsense,Pathogenic,0.9855,0.9124,0.0755,0,LIKELY_PATHOGENIC,,-1,,-1,,,false,NO_VEP,"Structural-only assessment (LSSIM=0.912, global SSIM=0.985). VEP not available for this locus.",Pathogenic,ClinVar_Pathogenic,-1,POSITION
VCV000142027,87864517,.,.,c.48T>A,p.Tyr16Ter,nonsense,Pathogenic,0.9855,0.9124,0.0755,0,LIKELY_PATHOGENIC,,-1,,-1,,,false,NO_VEP,"Structural-only assessment (LSSIM=0.912, global SSIM=0.985). VEP not available for this locus.",Pathogenic,ClinVar_Pathogenic,-1,POSITION
VCV000215732,87864517,.,.,c.48T>C,p.Tyr16=,synonymous,Benign/Likely benign,0.9855,0.9124,0.0755,0,LIKELY_PATHOGENIC,,-1,,-1,,,false,NO_VEP,"Structural-only assessment (LSSIM=0.912, global SSIM=0.985). VEP not available for this locus.",Benign,ClinVar_Benign,-1,POSITION
VCV000189458,87864518,.,.,c.49C>T,p.Gln17Ter,nonsense,Pathogenic,0.9854,0.912,0.0759,0,LIKELY_PATHOGENIC,,-1,,-1,,,false,NO_VEP,"Structural-only assessment (LSSIM=0.912, global SSIM=0.985). VEP not available for this locus.",Pathogenic,ClinVar_Pathogenic,-1,POSITION
VCV003708407,87864520,.,.,c.51A>G,p.Gln17=,synonymous,Likely benign,0.9852,0.9109,0.0757,0,LIKELY_PATHOGENIC,,-1,,-1,,,false,NO_VEP,"Structural-only assessment (LSSIM=0.911, global SSIM=0.985). VEP not available for this locus.",Benign,ClinVar_Benign,-1,POSITION
VCV003650080,87864521,.,.,c.52G>T,p.Glu18Ter,nonsense,Pathogenic,0.9854,0.9122,0.0757,0,LIKELY_PATHOGENIC,,-1,,-1,,,false,NO_VEP,"Structural-only assessment (LSSIM=0.912, global SSIM=0.985). VEP not available for this locus.",Pathogenic,ClinVar_Pathogenic,-1,POSITION
VCV000468697,87864523,.,.,c.54G>A,p.Glu18=,synonymous,Benign/Likely benign,0.9856,0.9134,0.0754,0,LIKELY_PATHOGENIC,,-1,,-1,,,false,NO_VEP,"Structural-only assessment (LSSIM=0.913, global SSIM=0.986). VEP not available for this locus.",Benign,ClinVar_Benign,-1,POSITION
VCV002001733,87864525,.,.,c.56A>T,p.Asp19Val,missense,Pathogenic,0.9854,0.9118,0.0757,0,LIKELY_PATHOGENIC,,-1,,-1,,,false,NO_VEP,"Structural-only assessment (LSSIM=0.912, global SSIM=0.985). VEP not available for this locus.",Pathogenic,ClinVar_Pathogenic,-1,POSITION
VCV001595549,87864526,.,.,c.57T>C,p.Asp19=,synonymous,Benign/Likely benign,0.9856,0.9131,0.0753,0,LIKELY_PATHOGENIC,,-1,,-1,,,false,NO_VEP,"Structural-only assessment (LSSIM=0.913, global SSIM=0.986). VEP not available for this locus.",Benign,ClinVar_Benign,-1,POSITION
VCV000428266,87864528,.,.,c.59G>T,p.Gly20Val,missense,Likely pathogenic,0.9858,0.914,0.0746,0,LIKELY_PATHOGENIC,,-1,,-1,,,false,NO_VEP,"Structural-only assessment (LSSIM=0.914, global SSIM=0.986). VEP not available for this locus.",Pathogenic,ClinVar_Pathogenic,-1,POSITION
VCV003728776,87864529,.,.,c.60A>C,p.Gly20=,synonymous,Benign/Likely benign,0.9858,0.915,0.0755,0,LIKELY_PATHOGENIC,,-1,,-1,,,false,NO_VEP,"Structural-only assessment (LSSIM=0.915, global SSIM=0.986). VEP not available for this locus.",Benign,ClinVar_Benign,-1,POSITION
VCV002743879,87864529,.,.,c.60A>G,p.Gly20=,synonymous,Conflicting classifications of pathogenicity,0.9858,0.915,0.0755,0,LIKELY_PATHOGENIC,,-1,,-1,,,false,NO_VEP,"Structural-only assessment (LSSIM=0.915, global SSIM=0.986). VEP not available for this locus.",Pathogenic,ClinVar_Pathogenic,-1,POSITION
VCV002452969,87864529,.,.,c.60A>T,p.Gly20=,synonymous,Likely benign,0.9858,0.915,0.0755,0,LIKELY_PATHOGENIC,,-1,,-1,,,false,NO_VEP,"Structural-only assessment (LSSIM=0.915, global SSIM=0.986). VEP not available for this locus.",Benign,ClinVar_Benign,-1,POSITION
VCV003338761,87864531,.,.,c.62T>C,p.Phe21Ser,missense,Pathogenic,0.9852,0.9126,0.0767,0,LIKELY_PATHOGENIC,,-1,,-1,,,false,NO_VEP,"Structural-only assessment (LSSIM=0.913, global SSIM=0.985). VEP not available for this locus.",Pathogenic,ClinVar_Pathogenic,-1,POSITION
VCV000927285,87864532,.,.,c.63C>T,p.Phe21=,synonymous,Benign/Likely benign,0.9856,0.9132,0.0752,0,LIKELY_PATHOGENIC,,-1,,-1,,,false,NO_VEP,"Structural-only assessment (LSSIM=0.913, global SSIM=0.986). VEP not available for this locus.",Benign,ClinVar_Benign,-1,POSITION
VCV000468706,87864533,.,.,c.64G>T,p.Asp22Tyr,missense,Conflicting classifications of pathogenicity,0.9855,0.9133,0.076,0,LIKELY_PATHOGENIC,,-1,,-1,,,false,NO_VEP,"Structural-only assessment (LSSIM=0.913, global SSIM=0.985). VEP not available for this locus.",Pathogenic,ClinVar_Pathogenic,-1,POSITION
VCV000233456,87864533,.,.,c.64G>C,p.Asp22His,missense,Likely pathogenic,0.9855,0.9133,0.076,0,LIKELY_PATHOGENIC,,-1,,-1,,,false,NO_VEP,"Structural-only assessment (LSSIM=0.913, global SSIM=0.985). VEP not available for this locus.",Pathogenic,ClinVar_Pathogenic,-1,POSITION
VCV003231166,87864534,.,.,c.65A>T,p.Asp22Val,missense,Likely pathogenic,0.9853,0.9123,0.0762,0,LIKELY_PATHOGENIC,,-1,,-1,,,false,NO_VEP,"Structural-only assessment (LSSIM=0.912, global SSIM=0.985). VEP not available for this locus.",Pathogenic,ClinVar_Pathogenic,-1,POSITION
VCV000486221,87864534,.,.,c.65A>G,p.Asp22Gly,missense,Conflicting classifications of pathogenicity,0.9853,0.9123,0.0762,0,LIKELY_PATHOGENIC,,-1,,-1,,,false,NO_VEP,"Structural-only assessment (LSSIM=0.912, global SSIM=0.985). VEP not available for this locus.",Pathogenic,ClinVar_Pathogenic,-1,POSITION
VCV000184205,87864535,.,.,c.66C>T,p.Asp22=,synonymous,Likely benign,0.9857,0.9135,0.0752,0,LIKELY_PATHOGENIC,,-1,,-1,,,false,NO_VEP,"Structural-only assessment (LSSIM=0.913, global SSIM=0.986). VEP not available for this locus.",Benign,ClinVar_Benign,-1,POSITION
VCV000234830,87864536,.,.,c.67T>G,p.Leu23Val,missense,Likely pathogenic,0.9853,0.9122,0.0758,0,LIKELY_PATHOGENIC,,-1,,-1,,,false,NO_VEP,"Structural-only assessment (LSSIM=0.912, global SSIM=0.985). VEP not available for this locus.",Pathogenic,ClinVar_Pathogenic,-1,POSITION
VCV002692153,87864536,.,.,c.67T>C,p.Leu23=,synonymous,Likely benign,0.9853,0.9122,0.0758,0,LIKELY_PATHOGENIC,,-1,,-1,,,false,NO_VEP,"Structural-only assessment (LSSIM=0.912, global SSIM=0.985). VEP not available for this locus.",Benign,ClinVar_Benign,-1,POSITION
VCV002827098,87864537,.,.,c.68T>C,p.Leu23Ser,missense,Conflicting classifications of pathogenicity,0.9854,0.9129,0.0762,0,LIKELY_PATHOGENIC,,-1,,-1,,,false,NO_VEP,"Structural-only assessment (LSSIM=0.913, global SSIM=0.985). VEP not available for this locus.",Pathogenic,ClinVar_Pathogenic,-1,POSITION
VCV000826697,87864537,.,.,c.68T>G,p.Leu23Ter,nonsense,Pathogenic,0.9854,0.9129,0.0762,0,LIKELY_PATHOGENIC,,-1,,-1,,,false,NO_VEP,"Structural-only assessment (LSSIM=0.913, global SSIM=0.985). VEP not available for this locus.",Pathogenic,ClinVar_Pathogenic,-1,POSITION
VCV000189398,87864539,.,.,c.70G>T,p.Asp24Tyr,missense,Pathogenic,0.9854,0.9118,0.0758,0,LIKELY_PATHOGENIC,,-1,,-1,,,false,NO_VEP,"Structural-only assessment (LSSIM=0.912, global SSIM=0.985). VEP not available for this locus.",Pathogenic,ClinVar_Pathogenic,-1,POSITION
VCV000186005,87864539,.,.,c.70G>C,p.Asp24His,missense,Pathogenic,0.9854,0.9118,0.0758,0,LIKELY_PATHOGENIC,,-1,,-1,,,false,NO_VEP,"Structural-only assessment (LSSIM=0.912, global SSIM=0.985). VEP not available for this locus.",Pathogenic,ClinVar_Pathogenic,-1,POSITION
VCV000185200,87864539,.,.,c.70G>A,p.Asp24Asn,missense,Pathogenic,0.9854,0.9118,0.0758,0,LIKELY_PATHOGENIC,,-1,,-1,,,false,NO_VEP,"Structural-only assessment (LSSIM=0.912, global SSIM=0.985). VEP not available for this locus.",Pathogenic,ClinVar_Pathogenic,-1,POSITION
VCV001511392,87864540,.,.,c.71A>T,p.Asp24Val,missense,Pathogenic/Likely pathogenic,0.9855,0.9119,0.0761,0,LIKELY_PATHOGENIC,,-1,,-1,,,false,NO_VEP,"Structural-only assessment (LSSIM=0.912, global SSIM=0.986). VEP not available for this locus.",Pathogenic,ClinVar_Pathogenic,-1,POSITION
VCV000208723,87864540,.,.,c.71A>G,p.Asp24Gly,missense,Pathogenic/Likely pathogenic,0.9855,0.9119,0.0761,0,LIKELY_PATHOGENIC,,-1,,-1,,,false,NO_VEP,"Structural-only assessment (LSSIM=0.912, global SSIM=0.986). VEP not available for this locus.",Pathogenic,ClinVar_Pathogenic,-1,POSITION
VCV000468710,87864541,.,.,c.72C>T,p.Asp24=,synonymous,Benign/Likely benign,0.9854,0.9132,0.0761,0,LIKELY_PATHOGENIC,,-1,,-1,,,false,NO_VEP,"Structural-only assessment (LSSIM=0.913, global SSIM=0.985). VEP not available for this locus.",Benign,ClinVar_Benign,-1,POSITION
VCV000189460,87864543,.,.,c.74T>C,p.Leu25Ser,missense,Conflicting classifications of pathogenicity,0.9856,0.912,0.0745,0,LIKELY_PATHOGENIC,,-1,,-1,,,false,NO_VEP,"Structural-only assessment (LSSIM=0.912, global SSIM=0.986). VEP not available for this locus.",Pathogenic,ClinVar_Pathogenic,-1,POSITION
VCV001068214,87864544,.,.,c.75G>C,p.Leu25Phe,missense,Pathogenic,0.9854,0.9127,0.0758,0,LIKELY_PATHOGENIC,,-1,,-1,,,false,NO_VEP,"Structural-only assessment (LSSIM=0.913, global SSIM=0.985). VEP not available for this locus.",Pathogenic,ClinVar_Pathogenic,-1,POSITION
VCV000184505,87864544,.,.,c.75G>A,p.Leu25=,synonymous,Likely benign,0.9854,0.9127,0.0758,0,LIKELY_PATHOGENIC,,-1,,-1,,,false,NO_VEP,"Structural-only assessment (LSSIM=0.913, global SSIM=0.985). VEP not available for this locus.",Benign,ClinVar_Benign,-1,POSITION
VCV000234410,87864545,.,.,c.76A>C,p.Thr26Pro,missense,Pathogenic,0.9855,0.9121,0.0756,0,LIKELY_PATHOGENIC,,-1,,-1,,,false,NO_VEP,"Structural-only assessment (LSSIM=0.912, global SSIM=0.986). VEP not available for this locus.",Pathogenic,ClinVar_Pathogenic,-1,POSITION
VCV000949068,87864546,.,.,c.77C>A,p.Thr26Asn,missense,Likely pathogenic,0.9853,0.9127,0.076,0,LIKELY_PATHOGENIC,,-1,,-1,,,false,NO_VEP,"Structural-only assessment (LSSIM=0.913, global SSIM=0.985). VEP not available for this locus.",Pathogenic,ClinVar_Pathogenic,-1,POSITION
VCV000189399,87864546,.,.,c.77C>T,p.Thr26Ile,missense,Pathogenic/Likely pathogenic,0.9853,0.9127,0.076,0,LIKELY_PATHOGENIC,,-1,,-1,,,false,NO_VEP,"Structural-only assessment (LSSIM=0.913, global SSIM=0.985). VEP not available for this locus.",Pathogenic,ClinVar_Pathogenic,-1,POSITION
VCV000827320,87864547,.,.,c.78C>G,p.Thr26=,synonymous,Conflicting classifications of pathogenicity,0.9856,0.9137,0.0756,0,LIKELY_PATHOGENIC,,-1,,-1,,,false,NO_VEP,"Structural-only assessment (LSSIM=0.914, global SSIM=0.986). VEP not available for this locus.",Pathogenic,ClinVar_Pathogenic,-1,POSITION
VCV000468714,87864547,.,.,c.78C>A,p.Thr26=,synonymous,Conflicting classifications of pathogenicity,0.9856,0.9137,0.0756,0,LIKELY_PATHOGENIC,,-1,,-1,,,false,NO_VEP,"Structural-only assessment (LSSIM=0.914, global SSIM=0.986). VEP not available for this locus.",Pathogenic,ClinVar_Pathogenic,-1,POSITION
VCV002735432,87864548,.,.,c.79T>A,p.Tyr27Asn,missense,Likely pathogenic,0.9853,0.9126,0.0764,0,LIKELY_PATHOGENIC,,-1,,-1,,,false,NO_VEP,"Structural-only assessment (LSSIM=0.913, global SSIM=0.985). VEP not available for this locus.",Pathogenic,ClinVar_Pathogenic,-1,POSITION
VCV002106630,87864549,.,.,c.79+1G>A,,splice,Likely pathogenic,0.9857,0.9127,0.0754,0,LIKELY_PATHOGENIC,,-1,,-1,,,false,NO_VEP,"Structural-only assessment (LSSIM=0.913, global SSIM=0.986). VEP not available for this locus.",Pathogenic,ClinVar_Pathogenic,-1,POSITION
VCV001507218,87864549,.,.,c.79+1G>C,,splice,Likely pathogenic,0.9857,0.9127,0.0754,0,LIKELY_PATHOGENIC,,-1,,-1,,,false,NO_VEP,"Structural-only assessment (LSSIM=0.913, global SSIM=0.986). VEP not available for this locus.",Pathogenic,ClinVar_Pathogenic,-1,POSITION
VCV000127692,87864555,.,.,c.79+7A>G,,intronic,Likely benign,0.9854,0.9125,0.0757,0,LIKELY_PATHOGENIC,,-1,,-1,,,false,NO_VEP,"Structural-only assessment (LSSIM=0.913, global SSIM=0.985). VEP not available for this locus.",Benign,ClinVar_Benign,-1,POSITION
VCV001535115,87864557,.,.,c.79+9T>A,,intronic,Likely benign,0.9857,0.9136,0.0755,0,LIKELY_PATHOGENIC,,-1,,-1,,,false,NO_VEP,"Structural-only assessment (LSSIM=0.914, global SSIM=0.986). VEP not available for this locus.",Benign,ClinVar_Benign,-1,POSITION
VCV003658575,87864558,.,.,c.79+10T>G,,intronic,Likely benign,0.9855,0.9124,0.0757,0,LIKELY_PATHOGENIC,,-1,,-1,,,false,NO_VEP,"Structural-only assessment (LSSIM=0.912, global SSIM=0.985). VEP not available for this locus.",Benign,ClinVar_Benign,-1,POSITION
VCV000628163,87864559,.,.,c.79+11C>T,,intronic,Likely benign,0.9853,0.9114,0.0763,0,LIKELY_PATHOGENIC,,-1,,-1,,,false,NO_VEP,"Structural-only assessment (LSSIM=0.911, global SSIM=0.985). VEP not available for this locus.",Benign,ClinVar_Benign,-1,POSITION
VCV000926985,87864562,.,.,c.79+14C>T,,intronic,Likely benign,0.9853,0.9113,0.0756,0,LIKELY_PATHOGENIC,,-1,,-1,,,false,NO_VEP,"Structural-only assessment (LSSIM=0.911, global SSIM=0.985). VEP not available for this locus.",Benign,ClinVar_Benign,-1,POSITION
VCV003013989,87864563,.,.,c.79+15G>A,,intronic,Likely benign,0.9854,0.9118,0.0755,0,LIKELY_PATHOGENIC,,-1,,-1,,,false,NO_VEP,"Structural-only assessment (LSSIM=0.912, global SSIM=0.985). VEP not available for this locus.",Benign,ClinVar_Benign,-1,POSITION
VCV001556116,87864563,.,.,c.79+15G>T,,intronic,Likely benign,0.9854,0.9118,0.0755,0,LIKELY_PATHOGENIC,,-1,,-1,,,false,NO_VEP,"Structural-only assessment (LSSIM=0.912, global SSIM=0.985). VEP not available for this locus.",Benign,ClinVar_Benign,-1,POSITION
VCV001547985,87864563,.,.,c.79+15G>C,,intronic,Likely benign,0.9854,0.9118,0.0755,0,LIKELY_PATHOGENIC,,-1,,-1,,,false,NO_VEP,"Structural-only assessment (LSSIM=0.912, global SSIM=0.985). VEP not available for this locus.",Benign,ClinVar_Benign,-1,POSITION
VCV000492342,87864564,.,.,c.79+16G>C,,intronic,Likely benign,0.9856,0.9144,0.0754,0,LIKELY_PATHOGENIC,,-1,,-1,,,false,NO_VEP,"Structural-only assessment (LSSIM=0.914, global SSIM=0.986). VEP not available for this locus.",Benign,ClinVar_Benign,-1,POSITION
VCV002862986,87864566,.,.,c.79+18T>A,,intronic,Likely benign,0.9855,0.9127,0.0756,0,LIKELY_PATHOGENIC,,-1,,-1,,,false,NO_VEP,"Structural-only assessment (LSSIM=0.913, global SSIM=0.985). VEP not available for this locus.",Benign,ClinVar_Benign,-1,POSITION
VCV002843189,87864566,.,.,c.79+18T>C,,intronic,Likely benign,0.9855,0.9127,0.0756,0,LIKELY_PATHOGENIC,,-1,,-1,,,false,NO_VEP,"Structural-only assessment (LSSIM=0.913, global SSIM=0.985). VEP not available for this locus.",Benign,ClinVar_Benign,-1,POSITION
VCV002099744,87864567,.,.,c.79+19G>A,,intronic,Likely benign,0.9855,0.9129,0.076,0,LIKELY_PATHOGENIC,,-1,,-1,,,false,NO_VEP,"Structural-only assessment (LSSIM=0.913, global SSIM=0.986). VEP not available for this locus.",Benign,ClinVar_Benign,-1,POSITION
VCV002033387,87864567,.,.,c.79+19G>C,,intronic,Likely benign,0.9855,0.9129,0.076,0,LIKELY_PATHOGENIC,,-1,,-1,,,false,NO_VEP,"Structural-only assessment (LSSIM=0.913, global SSIM=0.986). VEP not available for this locus.",Benign,ClinVar_Benign,-1,POSITION
VCV004698747,87864568,.,.,c.79+20C>T,,intronic,Likely benign,0.9857,0.913,0.0752,0,LIKELY_PATHOGENIC,,-1,,-1,,,false,NO_VEP,"Structural-only assessment (LSSIM=0.913, global SSIM=0.986). VEP not available for this locus.",Benign,ClinVar_Benign,-1,POSITION
VCV001802782,87864578,.,.,c.79+30C>T,,intronic,Likely benign,0.9853,0.9129,0.0759,0,LIKELY_PATHOGENIC,,-1,,-1,,,false,NO_VEP,"Structural-only assessment (LSSIM=0.913, global SSIM=0.985). VEP not available for this locus.",Benign,ClinVar_Benign,-1,POSITION
VCV001802783,87864581,.,.,c.79+33T>A,,intronic,Likely benign,0.9858,0.9139,0.075,0,LIKELY_PATHOGENIC,,-1,,-1,,,false,NO_VEP,"Structural-only assessment (LSSIM=0.914, global SSIM=0.986). VEP not available for this locus.",Benign,ClinVar_Benign,-1,POSITION
VCV000092827,87864583,.,.,c.79+35C>T,,intronic,Benign,0.9855,0.9132,0.0759,0,LIKELY_PATHOGENIC,,-1,,-1,,,false,NO_VEP,"Structural-only assessment (LSSIM=0.913, global SSIM=0.985). VEP not available for this locus.",Benign,ClinVar_Benign,-1,POSITION
VCV000223984,87864917,.,.,c.79+369G>A,,intronic,Likely benign,0.9853,0.9115,0.0758,0,LIKELY_PATHOGENIC,,-1,,-1,,,false,NO_VEP,"Structural-only assessment (LSSIM=0.912, global SSIM=0.985). VEP not available for this locus.",Benign,ClinVar_Benign,-1,POSITION
VCV000223980,87864924,.,.,c.79+376T>A,,intronic,Likely benign,0.9857,0.9136,0.0753,0,LIKELY_PATHOGENIC,,-1,,-1,,,false,NO_VEP,"Structural-only assessment (LSSIM=0.914, global SSIM=0.986). VEP not available for this locus.",Benign,ClinVar_Benign,-1,POSITION
VCV000223974,87864984,.,.,c.79+436C>T,,intronic,Likely benign,0.9857,0.9137,0.0754,0,LIKELY_PATHOGENIC,,-1,,-1,,,false,NO_VEP,"Structural-only assessment (LSSIM=0.914, global SSIM=0.986). VEP not available for this locus.",Benign,ClinVar_Benign,-1,POSITION
VCV000223968,87865000,.,.,c.79+452C>T,,intronic,Likely benign,0.9854,0.9128,0.0754,0,LIKELY_PATHOGENIC,,-1,,-1,,,false,NO_VEP,"Structural-only assessment (LSSIM=0.913, global SSIM=0.985). VEP not available for this locus.",Benign,ClinVar_Benign,-1,POSITION
VCV004073515,87865326,.,.,c.79+778C>T,,intronic,Benign,0.989,0.9367,0.0685,0,VUS,,-1,,-1,,,false,NO_VEP,"Structural-only assessment (LSSIM=0.937, global SSIM=0.989). VEP not available for this locus.",Benign,ClinVar_Benign,-1,POSITION
VCV000223986,87865516,.,.,c.79+968A>G,,intronic,Likely benign,0.9895,0.938,0.0681,0,VUS,,-1,,-1,,,false,NO_VEP,"Structural-only assessment (LSSIM=0.938, global SSIM=0.989). VEP not available for this locus.",Benign,ClinVar_Benign,-1,POSITION
VCV000223959,87865957,.,.,c.79+1409T>C,,intronic,Likely benign,0.9896,0.9386,0.0675,0,VUS,,-1,,-1,,,false,NO_VEP,"Structural-only assessment (LSSIM=0.939, global SSIM=0.990). VEP not available for this locus.",Benign,ClinVar_Benign,-1,POSITION
VCV000223971,87866927,.,.,c.79+2379G>A,,intronic,Likely benign,0.994,0.9659,0.0552,0,LIKELY_BENIGN,,-1,,-1,,,false,NO_VEP,"Structural-only assessment (LSSIM=0.966, global SSIM=0.994). VEP not available for this locus.",Benign,ClinVar_Benign,-1,POSITION
VCV000223975,87867741,.,.,c.79+3193A>G,,intronic,Likely benign,0.9975,0.9855,0.0383,0,LIKELY_BENIGN,,-1,,-1,,,false,NO_VEP,"Structural-only assessment (LSSIM=0.985, global SSIM=0.997). VEP not available for this locus.",Benign,ClinVar_Benign,-1,POSITION
VCV000873423,87868777,.,.,c.79+4229A>T,,intronic,Benign,0.9989,0.9936,0.0264,0,BENIGN,,-1,,-1,,,false,NO_VEP,"Structural-only assessment (LSSIM=0.994, global SSIM=0.999). VEP not available for this locus.",Benign,ClinVar_Benign,-1,POSITION
VCV000223982,87868947,.,.,c.79+4399C>T,,intronic,Likely benign,0.999,0.9942,0.0257,0,BENIGN,,-1,,-1,,,false,NO_VEP,"Structural-only assessment (LSSIM=0.994, global SSIM=0.999). VEP not available for this locus.",Benign,ClinVar_Benign,-1,POSITION
VCV004085066,87869328,.,.,c.79+4780C>T,,intronic,Likely benign,0.9995,0.9968,0.0194,0,BENIGN,,-1,,-1,,,false,NO_VEP,"Structural-only assessment (LSSIM=0.997, global SSIM=0.999). VEP not available for this locus.",Benign,ClinVar_Benign,-1,POSITION
VCV000223967,87874310,.,.,c.79+9762G>A,,intronic,Likely benign,0.9996,0.9976,0.0142,0,BENIGN,,-1,,-1,,,false,NO_VEP,"Structural-only assessment (LSSIM=0.998, global SSIM=1.000). VEP not available for this locus.",Benign,ClinVar_Benign,-1,POSITION
VCV000223947,87875205,.,.,c.79+10657T>C,,intronic,Likely benign,0.9997,0.9978,0.0135,0,BENIGN,,-1,,-1,,,false,NO_VEP,"Structural-only assessment (LSSIM=0.998, global SSIM=1.000). VEP not available for this locus.",Benign,ClinVar_Benign,-1,POSITION
VCV000223950,87875319,.,.,c.79+10771G>T,,intronic,Likely benign,0.9995,0.9971,0.017,0,BENIGN,,-1,,-1,,,false,NO_VEP,"Structural-only assessment (LSSIM=0.997, global SSIM=1.000). VEP not available for this locus.",Benign,ClinVar_Benign,-1,POSITION
VCV000223945,87875320,.,.,c.79+10772A>G,,intronic,Likely benign,0.9995,0.9971,0.017,0,BENIGN,,-1,,-1,,,false,NO_VEP,"Structural-only assessment (LSSIM=0.997, global SSIM=1.000). VEP not available for this locus.",Benign,ClinVar_Benign,-1,POSITION
VCV000223944,87876096,.,.,c.79+11548A>G,,intronic,Likely benign,0.9995,0.9972,0.0167,0,BENIGN,,-1,,-1,,,false,NO_VEP,"Structural-only assessment (LSSIM=0.997, global SSIM=1.000). VEP not available for this locus.",Benign,ClinVar_Benign,-1,POSITION
VCV000223942,87876105,.,.,c.79+11557A>C,,intronic,Likely benign,0.9996,0.9974,0.0162,0,BENIGN,,-1,,-1,,,false,NO_VEP,"Structural-only assessment (LSSIM=0.997, global SSIM=1.000). VEP not available for this locus.",Benign,ClinVar_Benign,-1,POSITION
VCV000223953,87876421,.,.,c.79+11873T>C,,intronic,Likely benign,0.9994,0.9966,0.0191,0,BENIGN,,-1,,-1,,,false,NO_VEP,"Structural-only assessment (LSSIM=0.997, global SSIM=0.999). VEP not available for this locus.",Benign,ClinVar_Benign,-1,POSITION
VCV000223951,87876439,.,.,c.79+11891T>C,,intronic,Likely benign,0.9994,0.9963,0.0202,0,BENIGN,,-1,,-1,,,false,NO_VEP,"Structural-only assessment (LSSIM=0.996, global SSIM=0.999). VEP not available for this locus.",Benign,ClinVar_Benign,-1,POSITION
VCV000223949,87876767,.,.,c.79+12219A>G,,intronic,Likely benign,0.9993,0.9959,0.0207,0,BENIGN,,-1,,-1,,,false,NO_VEP,"Structural-only assessment (LSSIM=0.996, global SSIM=0.999). VEP not available for this locus.",Benign,ClinVar_Benign,-1,POSITION
VCV000223946,87877999,.,.,c.79+13451A>C,,intronic,Likely benign,0.9987,0.9928,0.0258,0,BENIGN,,-1,,-1,,,false,NO_VEP,"Structural-only assessment (LSSIM=0.993, global SSIM=0.999). VEP not available for this locus.",Benign,ClinVar_Benign,-1,POSITION
VCV000223973,87878960,.,.,c.79+14412A>G,,intronic,Likely benign,0.9968,0.9821,0.0353,0,LIKELY_BENIGN,,-1,,-1,,,false,NO_VEP,"Structural-only assessment (LSSIM=0.982, global SSIM=0.997). VEP not available for this locus.",Benign,ClinVar_Benign,-1,POSITION
VCV000223954,87879185,.,.,c.79+14637T>C,,intronic,Likely benign,0.9967,0.9814,0.0365,0,LIKELY_BENIGN,,-1,,-1,,,false,NO_VEP,"Structural-only assessment (LSSIM=0.981, global SSIM=0.997). VEP not available for this locus.",Benign,ClinVar_Benign,-1,POSITION
VCV000223966,87879967,.,.,c.80-14058G>C,,intronic,Likely benign,0.9948,0.9713,0.0423,0,LIKELY_BENIGN,,-1,,-1,,,false,NO_VEP,"Structural-only assessment (LSSIM=0.971, global SSIM=0.995). VEP not available for this locus.",Benign,ClinVar_Benign,-1,POSITION
VCV000223941,87881074,.,.,c.80-12951T>C,,intronic,Likely benign,0.9949,0.9719,0.0416,0,LIKELY_BENIGN,,-1,,-1,,,false,NO_VEP,"Structural-only assessment (LSSIM=0.972, global SSIM=0.995). VEP not available for this locus.",Benign,ClinVar_Benign,-1,POSITION
VCV000223977,87882266,.,.,c.80-11759G>A,,intronic,Likely benign,0.9968,0.9824,0.0363,0,LIKELY_BENIGN,,-1,,-1,,,false,NO_VEP,"Structural-only assessment (LSSIM=0.982, global SSIM=0.997). VEP not available for this locus.",Benign,ClinVar_Benign,-1,POSITION
VCV000223958,87882611,.,.,c.80-11414T>C,,intronic,Likely benign,0.9986,0.9921,0.0274,0,BENIGN,,-1,,-1,,,false,NO_VEP,"Structural-only assessment (LSSIM=0.992, global SSIM=0.999). VEP not available for this locus.",Benign,ClinVar_Benign,-1,POSITION
VCV000440219,87893929,.,.,c.80-96A>G,,intronic,Benign,0.9996,0.9939,0.0141,0,BENIGN,,-1,,-1,,,false,NO_VEP,"Structural-only assessment (LSSIM=0.994, global SSIM=1.000). VEP not available for this locus.",Benign,ClinVar_Benign,-1,POSITION
VCV001961980,87894005,.,.,c.80-20T>C,,intronic,Likely benign,0.9996,0.9943,0.0136,0,BENIGN,,-1,,-1,,,false,NO_VEP,"Structural-only assessment (LSSIM=0.994, global SSIM=1.000). VEP not available for this locus.",Benign,ClinVar_Benign,-1,POSITION
VCV000492347,87894006,.,.,c.80-19C>A,,intronic,Conflicting classifications of pathogenicity,0.9997,0.9953,0.0129,0,BENIGN,,-1,,-1,,,false,NO_VEP,"Structural-only assessment (LSSIM=0.995, global SSIM=1.000). VEP not available for this locus.",Pathogenic,ClinVar_Pathogenic,-1,POSITION
VCV000628945,87894007,.,.,c.80-18C>G,,intronic,Conflicting classifications of pathogenicity,0.9996,0.9939,0.0145,0,BENIGN,,-1,,-1,,,false,NO_VEP,"Structural-only assessment (LSSIM=0.994, global SSIM=1.000). VEP not available for this locus.",Pathogenic,ClinVar_Pathogenic,-1,POSITION
VCV001652090,87894008,.,.,c.80-17T>G,,intronic,Likely benign,0.9996,0.9939,0.0146,0,BENIGN,,-1,,-1,,,false,NO_VEP,"Structural-only assessment (LSSIM=0.994, global SSIM=1.000). VEP not available for this locus.",Benign,ClinVar_Benign,-1,POSITION
VCV001613303,87894009,.,.,c.80-16T>G,,intronic,Likely benign,0.9997,0.9952,0.0126,0,BENIGN,,-1,,-1,,,false,NO_VEP,"Structural-only assessment (LSSIM=0.995, global SSIM=1.000). VEP not available for this locus.",Benign,ClinVar_Benign,-1,POSITION
VCV001332364,87894010,.,.,c.80-15A>G,,intronic,Conflicting classifications of pathogenicity,0.9996,0.9944,0.014,0,BENIGN,,-1,,-1,,,false,NO_VEP,"Structural-only assessment (LSSIM=0.994, global SSIM=1.000). VEP not available for this locus.",Pathogenic,ClinVar_Pathogenic,-1,POSITION
VCV000492346,87894011,.,.,c.80-14A>T,,intronic,Likely benign,0.9996,0.9941,0.0141,0,BENIGN,,-1,,-1,,,false,NO_VEP,"Structural-only assessment (LSSIM=0.994, global SSIM=1.000). VEP not available for this locus.",Benign,ClinVar_Benign,-1,POSITION
VCV000384657,87894014,.,.,c.80-11A>G,,intronic,Benign/Likely benign,0.9996,0.994,0.0143,0,BENIGN,,-1,,-1,,,false,NO_VEP,"Structural-only assessment (LSSIM=0.994, global SSIM=1.000). VEP not available for this locus.",Benign,ClinVar_Benign,-1,POSITION
VCV001532739,87894015,.,.,c.80-10A>T,,intronic,Likely benign,0.9996,0.9942,0.0141,0,BENIGN,,-1,,-1,,,false,NO_VEP,"Structural-only assessment (LSSIM=0.994, global SSIM=1.000). VEP not available for this locus.",Benign,ClinVar_Benign,-1,POSITION
VCV000631118,87894017,.,.,c.80-8G>A,,intronic,Likely benign,0.9997,0.9954,0.013,0,BENIGN,,-1,,-1,,,false,NO_VEP,"Structural-only assessment (LSSIM=0.995, global SSIM=1.000). VEP not available for this locus.",Benign,ClinVar_Benign,-1,POSITION
VCV000536569,87894019,.,.,c.80-6A>G,,intronic,Likely benign,0.9996,0.9941,0.014,0,BENIGN,,-1,,-1,,,false,NO_VEP,"Structural-only assessment (LSSIM=0.994, global SSIM=1.000). VEP not available for this locus.",Benign,ClinVar_Benign,-1,POSITION
VCV001140735,87894021,.,.,c.80-4T>C,,intronic,Likely benign,0.9997,0.9947,0.0136,0,BENIGN,,-1,,-1,,,false,NO_VEP,"Structural-only assessment (LSSIM=0.995, global SSIM=1.000). VEP not available for this locus.",Benign,ClinVar_Benign,-1,POSITION
VCV001066605,87894023,.,.,c.80-2A>C,,splice,Likely pathogenic,0.9996,0.9939,0.0142,0,BENIGN,,-1,,-1,,,false,NO_VEP,"Structural-only assessment (LSSIM=0.994, global SSIM=1.000). VEP not available for this locus.",Pathogenic,ClinVar_Pathogenic,-1,POSITION
VCV004071798,87894024,.,.,c.80-1G>A,,splice,Pathogenic/Likely pathogenic,0.9997,0.9946,0.0134,0,BENIGN,,-1,,-1,,,false,NO_VEP,"Structural-only assessment (LSSIM=0.995, global SSIM=1.000). VEP not available for this locus.",Pathogenic,ClinVar_Pathogenic,-1,POSITION
VCV000189462,87894024,.,.,c.80-1G>C,,splice,Pathogenic,0.9997,0.9946,0.0134,0,BENIGN,,-1,,-1,,,false,NO_VEP,"Structural-only assessment (LSSIM=0.995, global SSIM=1.000). VEP not available for this locus.",Pathogenic,ClinVar_Pathogenic,-1,POSITION
VCV002663192,87894025,.,.,c.80A>T,p.Tyr27Phe,missense,Pathogenic,0.9996,0.9943,0.0141,0,BENIGN,,-1,,-1,,,false,NO_VEP,"Structural-only assessment (LSSIM=0.994, global SSIM=1.000). VEP not available for this locus.",Pathogenic,ClinVar_Pathogenic,-1,POSITION
VCV000404160,87894025,.,.,c.80A>G,p.Tyr27Cys,missense,Likely pathogenic,0.9996,0.9943,0.0141,0,BENIGN,,-1,,-1,,,false,NO_VEP,"Structural-only assessment (LSSIM=0.994, global SSIM=1.000). VEP not available for this locus.",Pathogenic,ClinVar_Pathogenic,-1,POSITION
VCV000280724,87894025,.,.,c.80A>C,p.Tyr27Ser,missense,Likely pathogenic,0.9996,0.9943,0.0141,0,BENIGN,,-1,,-1,,,false,NO_VEP,"Structural-only assessment (LSSIM=0.994, global SSIM=1.000). VEP not available for this locus.",Pathogenic,ClinVar_Pathogenic,-1,POSITION
VCV002674382,87894026,.,.,c.81T>A,p.Tyr27Ter,nonsense,Pathogenic,0.9996,0.9938,0.0145,0,BENIGN,,-1,,-1,,,false,NO_VEP,"Structural-only assessment (LSSIM=0.994, global SSIM=1.000). VEP not available for this locus.",Pathogenic,ClinVar_Pathogenic,-1,POSITION
VCV001192170,87894028,.,.,c.83T>C,p.Ile28Thr,missense,Conflicting classifications of pathogenicity,0.9997,0.995,0.0131,0,BENIGN,,-1,,-1,,,false,NO_VEP,"Structural-only assessment (LSSIM=0.995, global SSIM=1.000). VEP not available for this locus.",Pathogenic,ClinVar_Pathogenic,-1,POSITION
VCV001003503,87894028,.,.,c.83T>G,p.Ile28Ser,missense,Conflicting classifications of pathogenicity,0.9997,0.995,0.0131,0,BENIGN,,-1,,-1,,,false,NO_VEP,"Structural-only assessment (LSSIM=0.995, global SSIM=1.000). VEP not available for this locus.",Pathogenic,ClinVar_Pathogenic,-1,POSITION
VCV000536545,87894032,.,.,c.87T>A,p.Tyr29Ter,nonsense,Pathogenic,0.9996,0.994,0.0143,0,BENIGN,,-1,,-1,,,false,NO_VEP,"Structural-only assessment (LSSIM=0.994, global SSIM=1.000). VEP not available for this locus.",Pathogenic,ClinVar_Pathogenic,-1,POSITION
VCV001543965,87894032,.,.,c.87T>C,p.Tyr29=,synonymous,Benign/Likely benign,0.9996,0.994,0.0143,0,BENIGN,,-1,,-1,,,false,NO_VEP,"Structural-only assessment (LSSIM=0.994, global SSIM=1.000). VEP not available for this locus.",Benign,ClinVar_Benign,-1,POSITION
VCV003903666,87894035,.,.,c.90A>G,p.Pro30=,synonymous,Benign,0.9997,0.9946,0.014,0,BENIGN,,-1,,-1,,,false,NO_VEP,"Structural-only assessment (LSSIM=0.995, global SSIM=1.000). VEP not available for this locus.",Benign,ClinVar_Benign,-1,POSITION
VCV000943637,87894036,.,.,c.91A>G,p.Asn31Asp,missense,Likely pathogenic,0.9997,0.9946,0.0137,0,BENIGN,,-1,,-1,,,false,NO_VEP,"Structural-only assessment (LSSIM=0.995, global SSIM=1.000). VEP not available for this locus.",Pathogenic,ClinVar_Pathogenic,-1,POSITION
VCV000480859,87894038,.,.,c.93C>T,p.Asn31=,synonymous,Benign/Likely benign,0.9997,0.9945,0.0137,0,BENIGN,,-1,,-1,,,false,NO_VEP,"Structural-only assessment (LSSIM=0.995, global SSIM=1.000). VEP not available for this locus.",Benign,ClinVar_Benign,-1,POSITION
VCV004744225,87894040,.,.,c.95T>G,p.Ile32Ser,missense,Likely pathogenic,0.9997,0.9948,0.0135,0,BENIGN,,-1,,-1,,,false,NO_VEP,"Structural-only assessment (LSSIM=0.995, global SSIM=1.000). VEP not available for this locus.",Pathogenic,ClinVar_Pathogenic,-1,POSITION
VCV002132892,87894041,.,.,c.96T>C,p.Ile32=,synonymous,Benign/Likely benign,0.9996,0.9938,0.0146,0,BENIGN,,-1,,-1,,,false,NO_VEP,"Structural-only assessment (LSSIM=0.994, global SSIM=1.000). VEP not available for this locus.",Benign,ClinVar_Benign,-1,POSITION
VCV000184734,87894044,.,.,c.99T>C,p.Ile33=,synonymous,Likely benign,0.9997,0.9953,0.0129,0,BENIGN,,-1,,-1,,,false,NO_VEP,"Structural-only assessment (LSSIM=0.995, global SSIM=1.000). VEP not available for this locus.",Benign,ClinVar_Benign,-1,POSITION
VCV001719163,87894045,.,.,c.100G>A,p.Ala34Thr,missense,Conflicting classifications of pathogenicity,0.9997,0.995,0.013,0,BENIGN,,-1,,-1,,,false,NO_VEP,"Structural-only assessment (LSSIM=0.995, global SSIM=1.000). VEP not available for this locus.",Pathogenic,ClinVar_Pathogenic,-1,POSITION
VCV000822002,87894045,.,.,c.100G>C,p.Ala34Pro,missense,Pathogenic,0.9997,0.995,0.013,0,BENIGN,,-1,,-1,,,false,NO_VEP,"Structural-only assessment (LSSIM=0.995, global SSIM=1.000). VEP not available for this locus.",Pathogenic,ClinVar_Pathogenic,-1,POSITION
VCV001543951,87894047,.,.,c.102T>A,p.Ala34=,synonymous,Conflicting classifications of pathogenicity,0.9997,0.9947,0.0133,0,BENIGN,,-1,,-1,,,false,NO_VEP,"Structural-only assessment (LSSIM=0.995, global SSIM=1.000). VEP not available for this locus.",Pathogenic,ClinVar_Pathogenic,-1,POSITION
VCV000922380,87894047,.,.,c.102T>C,p.Ala34=,synonymous,Likely benign,0.9997,0.9947,0.0133,0,BENIGN,,-1,,-1,,,false,NO_VEP,"Structural-only assessment (LSSIM=0.995, global SSIM=1.000). VEP not available for this locus.",Benign,ClinVar_Benign,-1,POSITION
VCV000976722,87894048,.,.,c.103A>C,p.Met35Leu,missense,Likely pathogenic,0.9996,0.9943,0.0137,0,BENIGN,,-1,,-1,,,false,NO_VEP,"Structural-only assessment (LSSIM=0.994, global SSIM=1.000). VEP not available for this locus.",Pathogenic,ClinVar_Pathogenic,-1,POSITION
VCV000231916,87894048,.,.,c.103A>G,p.Met35Val,missense,Pathogenic,0.9996,0.9943,0.0137,0,BENIGN,,-1,,-1,,,false,NO_VEP,"Structural-only assessment (LSSIM=0.994, global SSIM=1.000). VEP not available for this locus.",Pathogenic,ClinVar_Pathogenic,-1,POSITION
VCV000428244,87894049,.,.,c.104T>C,p.Met35Thr,missense,Likely pathogenic,0.9997,0.9953,0.0126,0,BENIGN,,-1,,-1,,,false,NO_VEP,"Structural-only assessment (LSSIM=0.995, global SSIM=1.000). VEP not available for this locus.",Pathogenic,ClinVar_Pathogenic,-1,POSITION
VCV000007825,87894049,.,.,c.104T>G,p.Met35Arg,missense,Pathogenic,0.9997,0.9953,0.0126,0,BENIGN,,-1,,-1,,,false,NO_VEP,"Structural-only assessment (LSSIM=0.995, global SSIM=1.000). VEP not available for this locus.",Pathogenic,ClinVar_Pathogenic,-1,POSITION
VCV003663585,87894050,.,.,c.105G>T,p.Met35Ile,missense,Likely pathogenic,0.9996,0.9943,0.0141,0,BENIGN,,-1,,-1,,,false,NO_VEP,"Structural-only assessment (LSSIM=0.994, global SSIM=1.000). VEP not available for this locus.",Pathogenic,ClinVar_Pathogenic,-1,POSITION
VCV001456749,87894051,.,.,c.106G>T,p.Gly36Ter,nonsense,Pathogenic,0.9997,0.9951,0.0126,0,BENIGN,,-1,,-1,,,false,NO_VEP,"Structural-only assessment (LSSIM=0.995, global SSIM=1.000). VEP not available for this locus.",Pathogenic,ClinVar_Pathogenic,-1,POSITION
VCV001334551,87894051,.,.,c.106G>A,p.Gly36Arg,missense,Likely pathogenic,0.9997,0.9951,0.0126,0,BENIGN,,-1,,-1,,,false,NO_VEP,"Structural-only assessment (LSSIM=0.995, global SSIM=1.000). VEP not available for this locus.",Pathogenic,ClinVar_Pathogenic,-1,POSITION
VCV000189400,87894051,.,.,c.106G>C,p.Gly36Arg,missense,Likely pathogenic,0.9997,0.9951,0.0126,0,BENIGN,,-1,,-1,,,false,NO_VEP,"Structural-only assessment (LSSIM=0.995, global SSIM=1.000). VEP not available for this locus.",Pathogenic,ClinVar_Pathogenic,-1,POSITION
VCV000486972,87894052,.,.,c.107G>A,p.Gly36Glu,missense,Pathogenic,0.9996,0.9943,0.014,0,BENIGN,,-1,,-1,,,false,NO_VEP,"Structural-only assessment (LSSIM=0.994, global SSIM=1.000). VEP not available for this locus.",Pathogenic,ClinVar_Pathogenic,-1,POSITION
VCV004280319,87894053,.,.,c.108A>C,p.Gly36=,synonymous,Likely benign,0.9997,0.9943,0.0136,0,BENIGN,,-1,,-1,,,false,NO_VEP,"Structural-only assessment (LSSIM=0.994, global SSIM=1.000). VEP not available for this locus.",Benign,ClinVar_Benign,-1,POSITION
VCV001153033,87894053,.,.,c.108A>G,p.Gly36=,synonymous,Likely benign,0.9997,0.9943,0.0136,0,BENIGN,,-1,,-1,,,false,NO_VEP,"Structural-only assessment (LSSIM=0.994, global SSIM=1.000). VEP not available for this locus.",Benign,ClinVar_Benign,-1,POSITION
VCV000229912,87894057,.,.,c.112C>A,p.Pro38Thr,missense,Likely pathogenic,0.9997,0.9946,0.0137,0,BENIGN,,-1,,-1,,,false,NO_VEP,"Structural-only assessment (LSSIM=0.995, global SSIM=1.000). VEP not available for this locus.",Pathogenic,ClinVar_Pathogenic,-1,POSITION
VCV001012092,87894058,.,.,c.113C>A,p.Pro38His,missense,Conflicting classifications of pathogenicity,0.9996,0.994,0.0145,0,BENIGN,,-1,,-1,,,false,NO_VEP,"Structural-only assessment (LSSIM=0.994, global SSIM=1.000). VEP not available for this locus.",Pathogenic,ClinVar_Pathogenic,-1,POSITION
VCV000818421,87894058,.,.,c.113C>T,p.Pro38Leu,missense,Pathogenic,0.9996,0.994,0.0145,0,BENIGN,,-1,,-1,,,false,NO_VEP,"Structural-only assessment (LSSIM=0.994, global SSIM=1.000). VEP not available for this locus.",Pathogenic,ClinVar_Pathogenic,-1,POSITION
VCV000424262,87894058,.,.,c.113C>G,p.Pro38Arg,missense,Pathogenic,0.9996,0.994,0.0145,0,BENIGN,,-1,,-1,,,false,NO_VEP,"Structural-only assessment (LSSIM=0.994, global SSIM=1.000). VEP not available for this locus.",Pathogenic,ClinVar_Pathogenic,-1,POSITION
VCV000184068,87894059,.,.,c.114T>G,p.Pro38=,synonymous,Likely benign,0.9997,0.9946,0.0137,0,BENIGN,,-1,,-1,,,false,NO_VEP,"Structural-only assessment (LSSIM=0.995, global SSIM=1.000). VEP not available for this locus.",Benign,ClinVar_Benign,-1,POSITION
VCV001506231,87894060,.,.,c.115G>A,p.Ala39Thr,missense,Conflicting classifications of pathogenicity,0.9996,0.9944,0.0138,0,BENIGN,,-1,,-1,,,false,NO_VEP,"Structural-only assessment (LSSIM=0.994, global SSIM=1.000). VEP not available for this locus.",Pathogenic,ClinVar_Pathogenic,-1,POSITION
VCV002022313,87894061,.,.,c.116C>T,p.Ala39Val,missense,Conflicting classifications of pathogenicity,0.9996,0.9944,0.014,0,BENIGN,,-1,,-1,,,false,NO_VEP,"Structural-only assessment (LSSIM=0.994, global SSIM=1.000). VEP not available for this locus.",Pathogenic,ClinVar_Pathogenic,-1,POSITION
VCV001741672,87894062,.,.,c.117A>G,p.Ala39=,synonymous,Benign/Likely benign,0.9996,0.9943,0.014,0,BENIGN,,-1,,-1,,,false,NO_VEP,"Structural-only assessment (LSSIM=0.994, global SSIM=1.000). VEP not available for this locus.",Benign,ClinVar_Benign,-1,POSITION
VCV000762195,87894062,.,.,c.117A>C,p.Ala39=,synonymous,Likely benign,0.9996,0.9943,0.014,0,BENIGN,,-1,,-1,,,false,NO_VEP,"Structural-only assessment (LSSIM=0.994, global SSIM=1.000). VEP not available for this locus.",Benign,ClinVar_Benign,-1,POSITION
VCV000224545,87894063,.,.,c.118G>T,p.Glu40Ter,nonsense,Pathogenic,0.9996,0.9943,0.0138,0,BENIGN,,-1,,-1,,,false,NO_VEP,"Structural-only assessment (LSSIM=0.994, global SSIM=1.000). VEP not available for this locus.",Pathogenic,ClinVar_Pathogenic,-1,POSITION
VCV002607952,87894065,.,.,c.120A>G,p.Glu40=,synonymous,Benign/Likely benign,0.9997,0.995,0.0133,0,BENIGN,,-1,,-1,,,false,NO_VEP,"Structural-only assessment (LSSIM=0.995, global SSIM=1.000). VEP not available for this locus.",Benign,ClinVar_Benign,-1,POSITION
VCV002674372,87894066,.,.,c.121A>T,p.Arg41Ter,nonsense,Pathogenic,0.9997,0.9945,0.0135,0,BENIGN,,-1,,-1,,,false,NO_VEP,"Structural-only assessment (LSSIM=0.995, global SSIM=1.000). VEP not available for this locus.",Pathogenic,ClinVar_Pathogenic,-1,POSITION
VCV000927311,87894068,.,.,c.123A>G,p.Arg41=,synonymous,Likely benign,0.9997,0.9949,0.0132,0,BENIGN,,-1,,-1,,,false,NO_VEP,"Structural-only assessment (LSSIM=0.995, global SSIM=1.000). VEP not available for this locus.",Benign,ClinVar_Benign,-1,POSITION
VCV000486228,87894072,.,.,c.127G>T,p.Glu43Ter,nonsense,Pathogenic,0.9997,0.9948,0.0136,0,BENIGN,,-1,,-1,,,false,NO_VEP,"Structural-only assessment (LSSIM=0.995, global SSIM=1.000). VEP not available for this locus.",Pathogenic,ClinVar_Pathogenic,-1,POSITION
VCV000486222,87894072,.,.,c.127G>A,p.Glu43Lys,missense,Conflicting classifications of pathogenicity,0.9997,0.9948,0.0136,0,BENIGN,,-1,,-1,,,false,NO_VEP,"Structural-only assessment (LSSIM=0.995, global SSIM=1.000). VEP not available for this locus.",Pathogenic,ClinVar_Pathogenic,-1,POSITION
VCV000760399,87894074,.,.,c.129A>G,p.Glu43=,synonymous,Benign/Likely benign,0.9997,0.9946,0.0133,0,BENIGN,,-1,,-1,,,false,NO_VEP,"Structural-only assessment (LSSIM=0.995, global SSIM=1.000). VEP not available for this locus.",Benign,ClinVar_Benign,-1,POSITION
VCV000427582,87894076,.,.,c.131G>A,p.Gly44Asp,missense,Pathogenic/Likely pathogenic,0.9997,0.9948,0.0134,0,BENIGN,,-1,,-1,,,false,NO_VEP,"Structural-only assessment (LSSIM=0.995, global SSIM=1.000). VEP not available for this locus.",Pathogenic,ClinVar_Pathogenic,-1,POSITION
VCV000092813,87894077,.,.,c.132C>T,p.Gly44=,synonymous,Likely benign,0.9996,0.9943,0.014,0,BENIGN,,-1,,-1,,,false,NO_VEP,"Structural-only assessment (LSSIM=0.994, global SSIM=1.000). VEP not available for this locus.",Benign,ClinVar_Benign,-1,POSITION
VCV003903664,87894077,.,.,c.132C>G,p.Gly44=,synonymous,Benign,0.9996,0.9943,0.014,0,BENIGN,,-1,,-1,,,false,NO_VEP,"Structural-only assessment (LSSIM=0.994, global SSIM=1.000). VEP not available for this locus.",Benign,ClinVar_Benign,-1,POSITION
VCV000759715,87894077,.,.,c.132C>A,p.Gly44=,synonymous,Benign/Likely benign,0.9996,0.9943,0.014,0,BENIGN,,-1,,-1,,,false,NO_VEP,"Structural-only assessment (LSSIM=0.994, global SSIM=1.000). VEP not available for this locus.",Benign,ClinVar_Benign,-1,POSITION
VCV001053430,87894078,.,.,c.133G>A,p.Val45Ile,missense,Conflicting classifications of pathogenicity,0.9996,0.9938,0.0141,0,BENIGN,,-1,,-1,,,false,NO_VEP,"Structural-only assessment (LSSIM=0.994, global SSIM=1.000). VEP not available for this locus.",Pathogenic,ClinVar_Pathogenic,-1,POSITION
VCV000759189,87894080,.,.,c.135A>G,p.Val45=,synonymous,Benign/Likely benign,0.9997,0.9952,0.013,0,BENIGN,,-1,,-1,,,false,NO_VEP,"Structural-only assessment (LSSIM=0.995, global SSIM=1.000). VEP not available for this locus.",Benign,ClinVar_Benign,-1,POSITION
VCV004075814,87894081,.,.,c.136T>A,p.Tyr46Asn,missense,Likely pathogenic,0.9997,0.9952,0.0127,0,BENIGN,,-1,,-1,,,false,NO_VEP,"Structural-only assessment (LSSIM=0.995, global SSIM=1.000). VEP not available for this locus.",Pathogenic,ClinVar_Pathogenic,-1,POSITION
VCV001701143,87894081,.,.,c.136T>C,p.Tyr46His,missense,Likely pathogenic,0.9997,0.9952,0.0127,0,BENIGN,,-1,,-1,,,false,NO_VEP,"Structural-only assessment (LSSIM=0.995, global SSIM=1.000). VEP not available for this locus.",Pathogenic,ClinVar_Pathogenic,-1,POSITION
VCV000418614,87894081,.,.,c.136T>G,p.Tyr46Asp,missense,Conflicting classifications of pathogenicity,0.9997,0.9952,0.0127,0,BENIGN,,-1,,-1,,,false,NO_VEP,"Structural-only assessment (LSSIM=0.995, global SSIM=1.000). VEP not available for this locus.",Pathogenic,ClinVar_Pathogenic,-1,POSITION
VCV002562404,87894083,.,.,c.138C>G,p.Tyr46Ter,nonsense,Pathogenic,0.9997,0.9949,0.0135,0,BENIGN,,-1,,-1,,,false,NO_VEP,"Structural-only assessment (LSSIM=0.995, global SSIM=1.000). VEP not available for this locus.",Pathogenic,ClinVar_Pathogenic,-1,POSITION
VCV000428261,87894083,.,.,c.138C>A,p.Tyr46Ter,nonsense,Pathogenic,0.9997,0.9949,0.0135,0,BENIGN,,-1,,-1,,,false,NO_VEP,"Structural-only assessment (LSSIM=0.995, global SSIM=1.000). VEP not available for this locus.",Pathogenic,ClinVar_Pathogenic,-1,POSITION
VCV000189401,87894084,.,.,c.139A>G,p.Arg47Gly,missense,Pathogenic,0.9997,0.9951,0.0129,0,BENIGN,,-1,,-1,,,false,NO_VEP,"Structural-only assessment (LSSIM=0.995, global SSIM=1.000). VEP not available for this locus.",Pathogenic,ClinVar_Pathogenic,-1,POSITION
VCV000373446,87894085,.,.,c.140G>A,p.Arg47Lys,missense,Likely pathogenic,0.9996,0.9944,0.0138,0,BENIGN,,-1,,-1,,,false,NO_VEP,"Structural-only assessment (LSSIM=0.994, global SSIM=1.000). VEP not available for this locus.",Pathogenic,ClinVar_Pathogenic,-1,POSITION
VCV001379224,87894088,.,.,c.143A>G,p.Asn48Ser,missense,Pathogenic,0.9997,0.9945,0.0135,0,BENIGN,,-1,,-1,,,false,NO_VEP,"Structural-only assessment (LSSIM=0.995, global SSIM=1.000). VEP not available for this locus.",Pathogenic,ClinVar_Pathogenic,-1,POSITION
VCV000580731,87894089,.,.,c.144C>A,p.Asn48Lys,missense,Pathogenic/Likely pathogenic,0.9997,0.9948,0.013,0,BENIGN,,-1,,-1,,,false,NO_VEP,"Structural-only assessment (LSSIM=0.995, global SSIM=1.000). VEP not available for this locus.",Pathogenic,ClinVar_Pathogenic,-1,POSITION
VCV000231771,87894089,.,.,c.144C>G,p.Asn48Lys,missense,Pathogenic/Likely pathogenic,0.9997,0.9948,0.013,0,BENIGN,,-1,,-1,,,false,NO_VEP,"Structural-only assessment (LSSIM=0.995, global SSIM=1.000). VEP not available for this locus.",Pathogenic,ClinVar_Pathogenic,-1,POSITION
VCV000481024,87894089,.,.,c.144C>T,p.Asn48=,synonymous,Benign/Likely benign,0.9997,0.9948,0.013,0,BENIGN,,-1,,-1,,,false,NO_VEP,"Structural-only assessment (LSSIM=0.995, global SSIM=1.000). VEP not available for this locus.",Benign,ClinVar_Benign,-1,POSITION
VCV000492727,87894094,.,.,c.149T>C,p.Ile50Thr,missense,Pathogenic,0.9996,0.9938,0.0143,0,BENIGN,,-1,,-1,,,false,NO_VEP,"Structural-only assessment (LSSIM=0.994, global SSIM=1.000). VEP not available for this locus.",Pathogenic,ClinVar_Pathogenic,-1,POSITION
VCV002576516,87894095,.,.,c.150T>C,p.Ile50=,synonymous,Likely benign,0.9997,0.9955,0.0122,0,BENIGN,,-1,,-1,,,false,NO_VEP,"Structural-only assessment (LSSIM=0.995, global SSIM=1.000). VEP not available for this locus.",Benign,ClinVar_Benign,-1,POSITION
VCV002880317,87894098,.,.,c.153T>C,p.Asp51=,synonymous,Benign/Likely benign,0.9997,0.9949,0.0133,0,BENIGN,,-1,,-1,,,false,NO_VEP,"Structural-only assessment (LSSIM=0.995, global SSIM=1.000). VEP not available for this locus.",Benign,ClinVar_Benign,-1,POSITION
VCV000819569,87894101,.,.,c.156T>C,p.Asp52=,synonymous,Likely benign,0.9997,0.995,0.0131,0,BENIGN,,-1,,-1,,,false,NO_VEP,"Structural-only assessment (LSSIM=0.995, global SSIM=1.000). VEP not available for this locus.",Benign,ClinVar_Benign,-1,POSITION
VCV002136907,87894102,.,.,c.157G>A,p.Val53Ile,missense,Conflicting classifications of pathogenicity,0.9997,0.9951,0.0134,0,BENIGN,,-1,,-1,,,false,NO_VEP,"Structural-only assessment (LSSIM=0.995, global SSIM=1.000). VEP not available for this locus.",Pathogenic,ClinVar_Pathogenic,-1,POSITION
VCV000916219,87894103,.,.,c.158T>C,p.Val53Ala,missense,Likely pathogenic,0.9997,0.9946,0.0138,0,BENIGN,,-1,,-1,,,false,NO_VEP,"Structural-only assessment (LSSIM=0.995, global SSIM=1.000). VEP not available for this locus.",Pathogenic,ClinVar_Pathogenic,-1,POSITION
VCV002562402,87894104,.,.,c.159A>T,p.Val53=,synonymous,Likely benign,0.9997,0.9945,0.0138,0,BENIGN,,-1,,-1,,,false,NO_VEP,"Structural-only assessment (LSSIM=0.995, global SSIM=1.000). VEP not available for this locus.",Benign,ClinVar_Benign,-1,POSITION
VCV000184020,87894104,.,.,c.159A>G,p.Val53=,synonymous,Likely benign,0.9997,0.9945,0.0138,0,BENIGN,,-1,,-1,,,false,NO_VEP,"Structural-only assessment (LSSIM=0.995, global SSIM=1.000). VEP not available for this locus.",Benign,ClinVar_Benign,-1,POSITION
VCV000189464,87894105,.,.,c.160G>A,p.Val54Ile,missense,Conflicting classifications of pathogenicity,0.9996,0.9941,0.014,0,BENIGN,,-1,,-1,,,false,NO_VEP,"Structural-only assessment (LSSIM=0.994, global SSIM=1.000). VEP not available for this locus.",Pathogenic,ClinVar_Pathogenic,-1,POSITION
VCV001776778,87894107,.,.,c.162A>G,p.Val54=,synonymous,Benign/Likely benign,0.9997,0.9952,0.0129,0,BENIGN,,-1,,-1,,,false,NO_VEP,"Structural-only assessment (LSSIM=0.995, global SSIM=1.000). VEP not available for this locus.",Benign,ClinVar_Benign,-1,POSITION
VCV000933378,87894110,.,.,c.164+1G>A,,splice,Pathogenic,0.9997,0.9951,0.0129,0,BENIGN,,-1,,-1,,,false,NO_VEP,"Structural-only assessment (LSSIM=0.995, global SSIM=1.000). VEP not available for this locus.",Pathogenic,ClinVar_Pathogenic,-1,POSITION
VCV000427583,87894110,.,.,c.164+1G>C,,splice,Pathogenic,0.9997,0.9951,0.0129,0,BENIGN,,-1,,-1,,,false,NO_VEP,"Structural-only assessment (LSSIM=0.995, global SSIM=1.000). VEP not available for this locus.",Pathogenic,ClinVar_Pathogenic,-1,POSITION
VCV000381529,87894110,.,.,c.164+1G>T,,splice,Pathogenic,0.9997,0.9951,0.0129,0,BENIGN,,-1,,-1,,,false,NO_VEP,"Structural-only assessment (LSSIM=0.995, global SSIM=1.000). VEP not available for this locus.",Pathogenic,ClinVar_Pathogenic,-1,POSITION
VCV002674316,87894111,.,.,c.164+2T>A,,splice,Pathogenic,0.9996,0.9939,0.0141,0,BENIGN,,-1,,-1,,,false,NO_VEP,"Structural-only assessment (LSSIM=0.994, global SSIM=1.000). VEP not available for this locus.",Pathogenic,ClinVar_Pathogenic,-1,POSITION
VCV000860189,87894111,.,.,c.164+2T>G,,splice,Pathogenic,0.9996,0.9939,0.0141,0,BENIGN,,-1,,-1,,,false,NO_VEP,"Structural-only assessment (LSSIM=0.994, global SSIM=1.000). VEP not available for this locus.",Pathogenic,ClinVar_Pathogenic,-1,POSITION
VCV000492318,87894113,.,.,c.164+4A>G,,intronic,Conflicting classifications of pathogenicity,0.9996,0.9937,0.0145,0,BENIGN,,-1,,-1,,,false,NO_VEP,"Structural-only assessment (LSSIM=0.994, global SSIM=1.000). VEP not available for this locus.",Pathogenic,ClinVar_Pathogenic,-1,POSITION
VCV000697304,87894116,.,.,c.164+7A>G,,intronic,Likely benign,0.9996,0.9944,0.0138,0,BENIGN,,-1,,-1,,,false,NO_VEP,"Structural-only assessment (LSSIM=0.994, global SSIM=1.000). VEP not available for this locus.",Benign,ClinVar_Benign,-1,POSITION
VCV002015807,87894118,.,.,c.164+9G>T,,intronic,Likely benign,0.9997,0.9945,0.0138,0,BENIGN,,-1,,-1,,,false,NO_VEP,"Structural-only assessment (LSSIM=0.995, global SSIM=1.000). VEP not available for this locus.",Benign,ClinVar_Benign,-1,POSITION
VCV001126632,87894119,.,.,c.164+10C>T,,intronic,Likely benign,0.9997,0.9943,0.0136,0,BENIGN,,-1,,-1,,,false,NO_VEP,"Structural-only assessment (LSSIM=0.994, global SSIM=1.000). VEP not available for this locus.",Benign,ClinVar_Benign,-1,POSITION
VCV001040098,87894119,.,.,c.164+10C>G,,intronic,Likely benign,0.9997,0.9943,0.0136,0,BENIGN,,-1,,-1,,,false,NO_VEP,"Structural-only assessment (LSSIM=0.994, global SSIM=1.000). VEP not available for this locus.",Benign,ClinVar_Benign,-1,POSITION
VCV000383529,87894121,.,.,c.164+12T>C,,intronic,Likely benign,0.9997,0.9946,0.0137,0,BENIGN,,-1,,-1,,,false,NO_VEP,"Structural-only assessment (LSSIM=0.995, global SSIM=1.000). VEP not available for this locus.",Benign,ClinVar_Benign,-1,POSITION
VCV003668490,87894122,.,.,c.164+13T>C,,intronic,Likely benign,0.9997,0.9958,0.0121,0,BENIGN,,-1,,-1,,,false,NO_VEP,"Structural-only assessment (LSSIM=0.996, global SSIM=1.000). VEP not available for this locus.",Benign,ClinVar_Benign,-1,POSITION
VCV001589600,87894129,.,.,c.164+20C>G,,intronic,Likely benign,0.9997,0.9947,0.0134,0,BENIGN,,-1,,-1,,,false,NO_VEP,"Structural-only assessment (LSSIM=0.995, global SSIM=1.000). VEP not available for this locus.",Benign,ClinVar_Benign,-1,POSITION
VCV001697362,87894137,.,.,c.164+28A>G,,intronic,Likely benign,0.9997,0.9959,0.0119,0,BENIGN,,-1,,-1,,,false,NO_VEP,"Structural-only assessment (LSSIM=0.996, global SSIM=1.000). VEP not available for this locus.",Benign,ClinVar_Benign,-1,POSITION
VCV000223981,87894433,.,.,c.164+324G>A,,intronic,Likely benign,0.9997,0.9945,0.0138,0,BENIGN,,-1,,-1,,,false,NO_VEP,"Structural-only assessment (LSSIM=0.994, global SSIM=1.000). VEP not available for this locus.",Benign,ClinVar_Benign,-1,POSITION
VCV003906093,87909491,.,.,c.164+15382C>T,,intronic,Likely benign,0.9997,0.9922,0.0126,0,BENIGN,,-1,,-1,,,false,NO_VEP,"Structural-only assessment (LSSIM=0.992, global SSIM=1.000). VEP not available for this locus.",Benign,ClinVar_Benign,-1,POSITION
VCV003905719,87909515,.,.,c.164+15406T>C,,intronic,Likely benign,0.9997,0.9911,0.013,0,BENIGN,,-1,,-1,,,false,NO_VEP,"Structural-only assessment (LSSIM=0.991, global SSIM=1.000). VEP not available for this locus.",Benign,ClinVar_Benign,-1,POSITION
VCV003905720,87909569,.,.,c.164+15460T>C,,intronic,Likely benign,0.9996,0.9899,0.014,0,LIKELY_BENIGN,,-1,,-1,,,false,NO_VEP,"Structural-only assessment (LSSIM=0.990, global SSIM=1.000). VEP not available for this locus.",Benign,ClinVar_Benign,-1,POSITION
VCV000223956,87915279,.,.,c.165-10234C>T,,intronic,Likely benign,0.9996,0.9889,0.0143,0,LIKELY_BENIGN,,-1,,-1,,,false,NO_VEP,"Structural-only assessment (LSSIM=0.989, global SSIM=1.000). VEP not available for this locus.",Benign,ClinVar_Benign,-1,POSITION
VCV000223960,87915280,.,.,c.165-10233G>A,,intronic,Likely benign,0.9997,0.99,0.014,0,LIKELY_BENIGN,,-1,,-1,,,false,NO_VEP,"Structural-only assessment (LSSIM=0.990, global SSIM=1.000). VEP not available for this locus.",Benign,ClinVar_Benign,-1,POSITION
VCV000223964,87916228,.,.,c.165-9285G>A,,intronic,Likely benign,0.9996,0.9895,0.014,0,LIKELY_BENIGN,,-1,,-1,,,false,NO_VEP,"Structural-only assessment (LSSIM=0.990, global SSIM=1.000). VEP not available for this locus.",Benign,ClinVar_Benign,-1,POSITION
VCV000223963,87916233,.,.,c.165-9280G>A,,intronic,Likely benign,0.9997,0.9903,0.0138,0,BENIGN,,-1,,-1,,,false,NO_VEP,"Structural-only assessment (LSSIM=0.990, global SSIM=1.000). VEP not available for this locus.",Benign,ClinVar_Benign,-1,POSITION
VCV003427428,87925479,.,.,c.165-34A>G,,intronic,Likely pathogenic,0.9997,0.9935,0.0134,0,BENIGN,,-1,,-1,,,false,NO_VEP,"Structural-only assessment (LSSIM=0.994, global SSIM=1.000). VEP not available for this locus.",Pathogenic,ClinVar_Pathogenic,-1,POSITION
VCV000921791,87925493,.,.,c.165-20T>C,,intronic,Likely benign,0.9997,0.994,0.0139,0,BENIGN,,-1,,-1,,,false,NO_VEP,"Structural-only assessment (LSSIM=0.994, global SSIM=1.000). VEP not available for this locus.",Benign,ClinVar_Benign,-1,POSITION
VCV003903451,87925495,.,.,c.165-18T>C,,intronic,Likely benign,0.9997,0.9941,0.013,0,BENIGN,,-1,,-1,,,false,NO_VEP,"Structural-only assessment (LSSIM=0.994, global SSIM=1.000). VEP not available for this locus.",Benign,ClinVar_Benign,-1,POSITION
VCV002850582,87925496,.,.,c.165-17G>A,,intronic,Likely benign,0.9997,0.994,0.0134,0,BENIGN,,-1,,-1,,,false,NO_VEP,"Structural-only assessment (LSSIM=0.994, global SSIM=1.000). VEP not available for this locus.",Benign,ClinVar_Benign,-1,POSITION
VCV001626085,87925496,.,.,c.165-17G>T,,intronic,Likely benign,0.9997,0.994,0.0134,0,BENIGN,,-1,,-1,,,false,NO_VEP,"Structural-only assessment (LSSIM=0.994, global SSIM=1.000). VEP not available for this locus.",Benign,ClinVar_Benign,-1,POSITION
VCV000388560,87925496,.,.,c.165-17G>C,,intronic,Likely benign,0.9997,0.994,0.0134,0,BENIGN,,-1,,-1,,,false,NO_VEP,"Structural-only assessment (LSSIM=0.994, global SSIM=1.000). VEP not available for this locus.",Benign,ClinVar_Benign,-1,POSITION
VCV003904773,87925497,.,.,c.165-16T>C,,intronic,Likely benign,0.9996,0.993,0.0147,0,BENIGN,,-1,,-1,,,false,NO_VEP,"Structural-only assessment (LSSIM=0.993, global SSIM=1.000). VEP not available for this locus.",Benign,ClinVar_Benign,-1,POSITION
VCV003903826,87925499,.,.,c.165-14T>C,,intronic,Likely benign,0.9996,0.993,0.0143,0,BENIGN,,-1,,-1,,,false,NO_VEP,"Structural-only assessment (LSSIM=0.993, global SSIM=1.000). VEP not available for this locus.",Benign,ClinVar_Benign,-1,POSITION
VCV003904151,87925500,.,.,c.165-13G>C,,intronic,Likely benign,0.9997,0.9936,0.0135,0,BENIGN,,-1,,-1,,,false,NO_VEP,"Structural-only assessment (LSSIM=0.994, global SSIM=1.000). VEP not available for this locus.",Benign,ClinVar_Benign,-1,POSITION
VCV002765306,87925502,.,.,c.165-11T>A,,intronic,Likely benign,0.9997,0.9937,0.0136,0,BENIGN,,-1,,-1,,,false,NO_VEP,"Structural-only assessment (LSSIM=0.994, global SSIM=1.000). VEP not available for this locus.",Benign,ClinVar_Benign,-1,POSITION
VCV001393794,87925504,.,.,c.165-9T>A,,intronic,Likely pathogenic,0.9997,0.9937,0.0136,0,BENIGN,,-1,,-1,,,false,NO_VEP,"Structural-only assessment (LSSIM=0.994, global SSIM=1.000). VEP not available for this locus.",Pathogenic,ClinVar_Pathogenic,-1,POSITION
VCV000237641,87925504,.,.,c.165-9T>G,,intronic,Likely benign,0.9997,0.9937,0.0136,0,BENIGN,,-1,,-1,,,false,NO_VEP,"Structural-only assessment (LSSIM=0.994, global SSIM=1.000). VEP not available for this locus.",Benign,ClinVar_Benign,-1,POSITION
VCV001115301,87925505,.,.,c.165-8G>A,,intronic,Likely benign,0.9997,0.9945,0.0126,0,BENIGN,,-1,,-1,,,false,NO_VEP,"Structural-only assessment (LSSIM=0.994, global SSIM=1.000). VEP not available for this locus.",Benign,ClinVar_Benign,-1,POSITION
VCV000412808,87925506,.,.,c.165-7T>C,,intronic,Likely benign,0.9997,0.9941,0.0131,0,BENIGN,,-1,,-1,,,false,NO_VEP,"Structural-only assessment (LSSIM=0.994, global SSIM=1.000). VEP not available for this locus.",Benign,ClinVar_Benign,-1,POSITION
VCV000819752,87925508,.,.,c.165-5T>C,,intronic,Benign/Likely benign,0.9997,0.9938,0.0134,0,BENIGN,,-1,,-1,,,false,NO_VEP,"Structural-only assessment (LSSIM=0.994, global SSIM=1.000). VEP not available for this locus.",Benign,ClinVar_Benign,-1,POSITION
VCV001777347,87925508,.,.,c.165-5T>G,,intronic,Conflicting classifications of pathogenicity,0.9997,0.9938,0.0134,0,BENIGN,,-1,,-1,,,false,NO_VEP,"Structural-only assessment (LSSIM=0.994, global SSIM=1.000). VEP not available for this locus.",Pathogenic,ClinVar_Pathogenic,-1,POSITION
VCV000844592,87925509,.,.,c.165-4T>G,,intronic,Likely benign,0.9997,0.9945,0.0125,0,BENIGN,,-1,,-1,,,false,NO_VEP,"Structural-only assessment (LSSIM=0.994, global SSIM=1.000). VEP not available for this locus.",Benign,ClinVar_Benign,-1,POSITION
VCV000492319,87925509,.,.,c.165-4T>C,,intronic,Likely benign,0.9997,0.9945,0.0125,0,BENIGN,,-1,,-1,,,false,NO_VEP,"Structural-only assessment (LSSIM=0.994, global SSIM=1.000). VEP not available for this locus.",Benign,ClinVar_Benign,-1,POSITION
VCV003345950,87925510,.,.,c.165-3A>C,,intronic,Likely benign,0.9996,0.9925,0.0144,0,BENIGN,,-1,,-1,,,false,NO_VEP,"Structural-only assessment (LSSIM=0.993, global SSIM=1.000). VEP not available for this locus.",Benign,ClinVar_Benign,-1,POSITION
VCV002767402,87925511,.,.,c.165-2A>C,,splice,Pathogenic,0.9997,0.9944,0.0132,0,BENIGN,,-1,,-1,,,false,NO_VEP,"Structural-only assessment (LSSIM=0.994, global SSIM=1.000). VEP not available for this locus.",Pathogenic,ClinVar_Pathogenic,-1,POSITION
VCV001777276,87925511,.,.,c.165-2A>T,,splice,Pathogenic,0.9997,0.9944,0.0132,0,BENIGN,,-1,,-1,,,false,NO_VEP,"Structural-only assessment (LSSIM=0.994, global SSIM=1.000). VEP not available for this locus.",Pathogenic,ClinVar_Pathogenic,-1,POSITION
VCV000427584,87925511,.,.,c.165-2A>G,,splice,Pathogenic,0.9997,0.9944,0.0132,0,BENIGN,,-1,,-1,,,false,NO_VEP,"Structural-only assessment (LSSIM=0.994, global SSIM=1.000). VEP not available for this locus.",Pathogenic,ClinVar_Pathogenic,-1,POSITION
VCV000427613,87925512,.,.,c.165-1G>C,,splice,Pathogenic,0.9997,0.9947,0.0127,0,BENIGN,,-1,,-1,,,false,NO_VEP,"Structural-only assessment (LSSIM=0.995, global SSIM=1.000). VEP not available for this locus.",Pathogenic,ClinVar_Pathogenic,-1,POSITION
VCV000187590,87925512,.,.,c.165-1G>A,,splice,Likely pathogenic,0.9997,0.9947,0.0127,0,BENIGN,,-1,,-1,,,false,NO_VEP,"Structural-only assessment (LSSIM=0.995, global SSIM=1.000). VEP not available for this locus.",Pathogenic,ClinVar_Pathogenic,-1,POSITION
VCV001777889,87925515,.,.,c.167T>C,p.Phe56Ser,missense,Likely pathogenic,0.9997,0.994,0.0136,0,BENIGN,,-1,,-1,,,false,NO_VEP,"Structural-only assessment (LSSIM=0.994, global SSIM=1.000). VEP not available for this locus.",Pathogenic,ClinVar_Pathogenic,-1,POSITION
VCV003903443,87925517,.,.,c.169T>C,p.Leu57=,synonymous,Benign,0.9996,0.9925,0.0147,0,BENIGN,,-1,,-1,,,false,NO_VEP,"Structural-only assessment (LSSIM=0.992, global SSIM=1.000). VEP not available for this locus.",Benign,ClinVar_Benign,-1,POSITION
VCV001778538,87925518,.,.,c.170T>C,p.Leu57Ser,missense,Conflicting classifications of pathogenicity,0.9997,0.9941,0.013,0,BENIGN,,-1,,-1,,,false,NO_VEP,"Structural-only assessment (LSSIM=0.994, global SSIM=1.000). VEP not available for this locus.",Pathogenic,ClinVar_Pathogenic,-1,POSITION
VCV000651305,87925518,.,.,c.170T>A,p.Leu57Ter,nonsense,Pathogenic,0.9997,0.9941,0.013,0,BENIGN,,-1,,-1,,,false,NO_VEP,"Structural-only assessment (LSSIM=0.994, global SSIM=1.000). VEP not available for this locus.",Pathogenic,ClinVar_Pathogenic,-1,POSITION
VCV000185713,87925518,.,.,c.170T>G,p.Leu57Trp,missense,Likely pathogenic,0.9997,0.9941,0.013,0,BENIGN,,-1,,-1,,,false,NO_VEP,"Structural-only assessment (LSSIM=0.994, global SSIM=1.000). VEP not available for this locus.",Pathogenic,ClinVar_Pathogenic,-1,POSITION
VCV000215730,87925522,.,.,c.174T>C,p.Asp58=,synonymous,Conflicting classifications of pathogenicity,0.9996,0.9927,0.0142,0,BENIGN,,-1,,-1,,,false,NO_VEP,"Structural-only assessment (LSSIM=0.993, global SSIM=1.000). VEP not available for this locus.",Pathogenic,ClinVar_Pathogenic,-1,POSITION
VCV000404153,87925523,.,.,c.175T>C,p.Ser59Pro,missense,Conflicting classifications of pathogenicity,0.9997,0.9939,0.0135,0,BENIGN,,-1,,-1,,,false,NO_VEP,"Structural-only assessment (LSSIM=0.994, global SSIM=1.000). VEP not available for this locus.",Pathogenic,ClinVar_Pathogenic,-1,POSITION
VCV000847797,87925524,.,.,c.176C>A,p.Ser59Ter,nonsense,Pathogenic,0.9996,0.9928,0.0142,0,BENIGN,,-1,,-1,,,false,NO_VEP,"Structural-only assessment (LSSIM=0.993, global SSIM=1.000). VEP not available for this locus.",Pathogenic,ClinVar_Pathogenic,-1,POSITION
VCV000404151,87925524,.,.,c.176C>G,p.Ser59Ter,nonsense,Pathogenic,0.9996,0.9928,0.0142,0,BENIGN,,-1,,-1,,,false,NO_VEP,"Structural-only assessment (LSSIM=0.993, global SSIM=1.000). VEP not available for this locus.",Pathogenic,ClinVar_Pathogenic,-1,POSITION
VCV000237642,87925525,.,.,c.177A>G,p.Ser59=,synonymous,Benign/Likely benign,0.9997,0.9937,0.0135,0,BENIGN,,-1,,-1,,,false,NO_VEP,"Structural-only assessment (LSSIM=0.994, global SSIM=1.000). VEP not available for this locus.",Benign,ClinVar_Benign,-1,POSITION
VCV001339947,87925526,.,.,c.178A>T,p.Lys60Ter,nonsense,Pathogenic,0.9997,0.9949,0.0123,0,BENIGN,,-1,,-1,,,false,NO_VEP,"Structural-only assessment (LSSIM=0.995, global SSIM=1.000). VEP not available for this locus.",Pathogenic,ClinVar_Pathogenic,-1,POSITION
VCV000482075,87925528,.,.,c.180G>A,p.Lys60=,synonymous,Benign/Likely benign,0.9996,0.9935,0.014,0,BENIGN,,-1,,-1,,,false,NO_VEP,"Structural-only assessment (LSSIM=0.993, global SSIM=1.000). VEP not available for this locus.",Benign,ClinVar_Benign,-1,POSITION
VCV001780734,87925529,.,.,c.181C>A,p.His61Asn,missense,Conflicting classifications of pathogenicity,0.9996,0.9936,0.0142,0,BENIGN,,-1,,-1,,,false,NO_VEP,"Structural-only assessment (LSSIM=0.994, global SSIM=1.000). VEP not available for this locus.",Pathogenic,ClinVar_Pathogenic,-1,POSITION
VCV000007841,87925529,.,.,c.181C>G,p.His61Asp,missense,Likely pathogenic,0.9996,0.9936,0.0142,0,BENIGN,,-1,,-1,,,false,NO_VEP,"Structural-only assessment (LSSIM=0.994, global SSIM=1.000). VEP not available for this locus.",Pathogenic,ClinVar_Pathogenic,-1,POSITION
VCV003231146,87925530,.,.,c.182A>C,p.His61Pro,missense,Likely pathogenic,0.9997,0.9942,0.0133,0,BENIGN,,-1,,-1,,,false,NO_VEP,"Structural-only assessment (LSSIM=0.994, global SSIM=1.000). VEP not available for this locus.",Pathogenic,ClinVar_Pathogenic,-1,POSITION
VCV000189402,87925530,.,.,c.182A>G,p.His61Arg,missense,Likely pathogenic,0.9997,0.9942,0.0133,0,BENIGN,,-1,,-1,,,false,NO_VEP,"Structural-only assessment (LSSIM=0.994, global SSIM=1.000). VEP not available for this locus.",Pathogenic,ClinVar_Pathogenic,-1,POSITION
VCV000232768,87925531,.,.,c.183T>C,p.His61=,synonymous,Benign/Likely benign,0.9997,0.9938,0.0132,0,BENIGN,,-1,,-1,,,false,NO_VEP,"Structural-only assessment (LSSIM=0.994, global SSIM=1.000). VEP not available for this locus.",Benign,ClinVar_Benign,-1,POSITION
VCV001069915,87925532,.,.,c.184A>T,p.Lys62Ter,nonsense,Pathogenic,0.9996,0.9932,0.0139,0,BENIGN,,-1,,-1,,,false,NO_VEP,"Structural-only assessment (LSSIM=0.993, global SSIM=1.000). VEP not available for this locus.",Pathogenic,ClinVar_Pathogenic,-1,POSITION
VCV001566336,87925537,.,.,c.189C>T,p.Asn63=,synonymous,Likely benign,0.9997,0.9938,0.0133,0,BENIGN,,-1,,-1,,,false,NO_VEP,"Structural-only assessment (LSSIM=0.994, global SSIM=1.000). VEP not available for this locus.",Benign,ClinVar_Benign,-1,POSITION
VCV002574362,87925539,.,.,c.191A>C,p.His64Pro,missense,Pathogenic/Likely pathogenic,0.9997,0.9941,0.0133,0,BENIGN,,-1,,-1,,,false,NO_VEP,"Structural-only assessment (LSSIM=0.994, global SSIM=1.000). VEP not available for this locus.",Pathogenic,ClinVar_Pathogenic,-1,POSITION
VCV003337498,87925541,.,.,c.193T>G,p.Tyr65Asp,missense,Conflicting classifications of pathogenicity,0.9997,0.9933,0.0136,0,BENIGN,,-1,,-1,,,false,NO_VEP,"Structural-only assessment (LSSIM=0.993, global SSIM=1.000). VEP not available for this locus.",Pathogenic,ClinVar_Pathogenic,-1,POSITION
VCV000428269,87925543,.,.,c.195C>A,p.Tyr65Ter,nonsense,Pathogenic,0.9996,0.9935,0.0139,0,BENIGN,,-1,,-1,,,false,NO_VEP,"Structural-only assessment (LSSIM=0.993, global SSIM=1.000). VEP not available for this locus.",Pathogenic,ClinVar_Pathogenic,-1,POSITION
VCV000237643,87925543,.,.,c.195C>G,p.Tyr65Ter,nonsense,Pathogenic,0.9996,0.9935,0.0139,0,BENIGN,,-1,,-1,,,false,NO_VEP,"Structural-only assessment (LSSIM=0.993, global SSIM=1.000). VEP not available for this locus.",Pathogenic,ClinVar_Pathogenic,-1,POSITION
VCV000480384,87925543,.,.,c.195C>T,p.Tyr65=,synonymous,Benign/Likely benign,0.9996,0.9935,0.0139,0,BENIGN,,-1,,-1,,,false,NO_VEP,"Structural-only assessment (LSSIM=0.993, global SSIM=1.000). VEP not available for this locus.",Benign,ClinVar_Benign,-1,POSITION
VCV002499958,87925544,.,.,c.196A>G,p.Lys66Glu,missense,Likely pathogenic,0.9997,0.9941,0.0132,0,BENIGN,,-1,,-1,,,false,NO_VEP,"Structural-only assessment (LSSIM=0.994, global SSIM=1.000). VEP not available for this locus.",Pathogenic,ClinVar_Pathogenic,-1,POSITION
VCV000437440,87925544,.,.,c.196A>T,p.Lys66Ter,nonsense,Pathogenic/Likely pathogenic,0.9997,0.9941,0.0132,0,BENIGN,,-1,,-1,,,false,NO_VEP,"Structural-only assessment (LSSIM=0.994, global SSIM=1.000). VEP not available for this locus.",Pathogenic,ClinVar_Pathogenic,-1,POSITION
VCV001691744,87925546,.,.,c.198G>T,p.Lys66Asn,missense,Likely pathogenic,0.9996,0.9922,0.0148,0,BENIGN,,-1,,-1,,,false,NO_VEP,"Structural-only assessment (LSSIM=0.992, global SSIM=1.000). VEP not available for this locus.",Pathogenic,ClinVar_Pathogenic,-1,POSITION
VCV003427436,87925546,.,.,c.198G>A,p.Lys66=,synonymous,Benign/Likely benign,0.9996,0.9922,0.0148,0,BENIGN,,-1,,-1,,,false,NO_VEP,"Structural-only assessment (LSSIM=0.992, global SSIM=1.000). VEP not available for this locus.",Benign,ClinVar_Benign,-1,POSITION
VCV002429351,87925548,.,.,c.200T>G,p.Ile67Arg,missense,Likely pathogenic,0.9997,0.9947,0.0126,0,BENIGN,,-1,,-1,,,false,NO_VEP,"Structural-only assessment (LSSIM=0.995, global SSIM=1.000). VEP not available for this locus.",Pathogenic,ClinVar_Pathogenic,-1,POSITION
VCV001129736,87925549,.,.,c.201A>T,p.Ile67=,synonymous,Likely benign,0.9996,0.9935,0.0141,0,BENIGN,,-1,,-1,,,false,NO_VEP,"Structural-only assessment (LSSIM=0.993, global SSIM=1.000). VEP not available for this locus.",Benign,ClinVar_Benign,-1,POSITION
VCV000536540,87925550,.,.,c.202T>G,p.Tyr68Asp,missense,Pathogenic/Likely pathogenic,0.9997,0.9936,0.0136,0,BENIGN,,-1,,-1,,,false,NO_VEP,"Structural-only assessment (LSSIM=0.994, global SSIM=1.000). VEP not available for this locus.",Pathogenic,ClinVar_Pathogenic,-1,POSITION
VCV000189474,87925550,.,.,c.202T>C,p.Tyr68His,missense,Pathogenic/Likely pathogenic,0.9997,0.9936,0.0136,0,BENIGN,,-1,,-1,,,false,NO_VEP,"Structural-only assessment (LSSIM=0.994, global SSIM=1.000). VEP not available for this locus.",Pathogenic,ClinVar_Pathogenic,-1,POSITION
VCV000092815,87925550,.,.,c.202T>A,p.Tyr68Asn,missense,Conflicting classifications of pathogenicity,0.9997,0.9936,0.0136,0,BENIGN,,-1,,-1,,,false,NO_VEP,"Structural-only assessment (LSSIM=0.994, global SSIM=1.000). VEP not available for this locus.",Pathogenic,ClinVar_Pathogenic,-1,POSITION
VCV000481032,87925551,.,.,c.203A>C,p.Tyr68Ser,missense,Conflicting classifications of pathogenicity,0.9997,0.9936,0.0133,0,BENIGN,,-1,,-1,,,false,NO_VEP,"Structural-only assessment (LSSIM=0.994, global SSIM=1.000). VEP not available for this locus.",Pathogenic,ClinVar_Pathogenic,-1,POSITION
VCV000233777,87925551,.,.,c.203A>G,p.Tyr68Cys,missense,Pathogenic/Likely pathogenic,0.9997,0.9936,0.0133,0,BENIGN,,-1,,-1,,,false,NO_VEP,"Structural-only assessment (LSSIM=0.994, global SSIM=1.000). VEP not available for this locus.",Pathogenic,ClinVar_Pathogenic,-1,POSITION
VCV001195871,87925552,.,.,c.204C>A,p.Tyr68Ter,nonsense,Pathogenic,0.9996,0.9932,0.0144,0,BENIGN,,-1,,-1,,,false,NO_VEP,"Structural-only assessment (LSSIM=0.993, global SSIM=1.000). VEP not available for this locus.",Pathogenic,ClinVar_Pathogenic,-1,POSITION
VCV000468673,87925552,.,.,c.204C>G,p.Tyr68Ter,nonsense,Pathogenic,0.9996,0.9932,0.0144,0,BENIGN,,-1,,-1,,,false,NO_VEP,"Structural-only assessment (LSSIM=0.993, global SSIM=1.000). VEP not available for this locus.",Pathogenic,ClinVar_Pathogenic,-1,POSITION
VCV000186386,87925552,.,.,c.204C>T,p.Tyr68=,synonymous,Benign/Likely benign,0.9996,0.9932,0.0144,0,BENIGN,,-1,,-1,,,false,NO_VEP,"Structural-only assessment (LSSIM=0.993, global SSIM=1.000). VEP not available for this locus.",Benign,ClinVar_Benign,-1,POSITION
VCV000928126,87925553,.,.,c.205A>C,p.Asn69His,missense,Conflicting classifications of pathogenicity,0.9997,0.9936,0.0136,0,BENIGN,,-1,,-1,,,false,NO_VEP,"Structural-only assessment (LSSIM=0.994, global SSIM=1.000). VEP not available for this locus.",Pathogenic,ClinVar_Pathogenic,-1,POSITION
VCV000189476,87925554,.,.,c.206A>G,p.Asn69Ser,missense,Conflicting classifications of pathogenicity,0.9996,0.9933,0.0141,0,BENIGN,,-1,,-1,,,false,NO_VEP,"Structural-only assessment (LSSIM=0.993, global SSIM=1.000). VEP not available for this locus.",Pathogenic,ClinVar_Pathogenic,-1,POSITION
VCV002488657,87925555,.,.,c.207T>C,p.Asn69=,synonymous,Likely benign,0.9996,0.993,0.0141,0,BENIGN,,-1,,-1,,,false,NO_VEP,"Structural-only assessment (LSSIM=0.993, global SSIM=1.000). VEP not available for this locus.",Benign,ClinVar_Benign,-1,POSITION
VCV001785871,87925557,.,.,c.209T>G,p.Leu70Arg,missense,Conflicting classifications of pathogenicity,0.9996,0.9931,0.0143,0,BENIGN,,-1,,-1,,,false,NO_VEP,"Structural-only assessment (LSSIM=0.993, global SSIM=1.000). VEP not available for this locus.",Pathogenic,ClinVar_Pathogenic,-1,POSITION
VCV000007826,87925557,.,.,c.209T>C,p.Leu70Pro,missense,Likely pathogenic,0.9996,0.9931,0.0143,0,BENIGN,,-1,,-1,,,false,NO_VEP,"Structural-only assessment (LSSIM=0.993, global SSIM=1.000). VEP not available for this locus.",Pathogenic,ClinVar_Pathogenic,-1,POSITION
VCV002136908,87925558,.,.,c.209+1G>C,,splice,Pathogenic,0.9997,0.9939,0.0133,0,BENIGN,,-1,,-1,,,false,NO_VEP,"Structural-only assessment (LSSIM=0.994, global SSIM=1.000). VEP not available for this locus.",Pathogenic,ClinVar_Pathogenic,-1,POSITION
VCV000418434,87925558,.,.,c.209+1G>A,,splice,Pathogenic/Likely pathogenic,0.9997,0.9939,0.0133,0,BENIGN,,-1,,-1,,,false,NO_VEP,"Structural-only assessment (LSSIM=0.994, global SSIM=1.000). VEP not available for this locus.",Pathogenic,ClinVar_Pathogenic,-1,POSITION
VCV000229705,87925558,.,.,c.209+1G>T,,splice,Pathogenic/Likely pathogenic,0.9997,0.9939,0.0133,0,BENIGN,,-1,,-1,,,false,NO_VEP,"Structural-only assessment (LSSIM=0.994, global SSIM=1.000). VEP not available for this locus.",Pathogenic,ClinVar_Pathogenic,-1,POSITION
VCV000820695,87925559,.,.,c.209+2T>G,,splice,Likely pathogenic,0.9997,0.9944,0.0132,0,BENIGN,,-1,,-1,,,false,NO_VEP,"Structural-only assessment (LSSIM=0.994, global SSIM=1.000). VEP not available for this locus.",Pathogenic,ClinVar_Pathogenic,-1,POSITION
VCV000584751,87925559,.,.,c.209+2T>C,,splice,Pathogenic/Likely pathogenic,0.9997,0.9944,0.0132,0,BENIGN,,-1,,-1,,,false,NO_VEP,"Structural-only assessment (LSSIM=0.994, global SSIM=1.000). VEP not available for this locus.",Pathogenic,ClinVar_Pathogenic,-1,POSITION
VCV000237644,87925559,.,.,c.209+2T>A,,splice,Pathogenic,0.9997,0.9944,0.0132,0,BENIGN,,-1,,-1,,,false,NO_VEP,"Structural-only assessment (LSSIM=0.994, global SSIM=1.000). VEP not available for this locus.",Pathogenic,ClinVar_Pathogenic,-1,POSITION
VCV000486229,87925560,.,.,c.209+3A>G,,intronic,Conflicting classifications of pathogenicity,0.9997,0.9937,0.0136,0,BENIGN,,-1,,-1,,,false,NO_VEP,"Structural-only assessment (LSSIM=0.994, global SSIM=1.000). VEP not available for this locus.",Pathogenic,ClinVar_Pathogenic,-1,POSITION
VCV003637460,87925561,.,.,c.209+4A>C,,intronic,Pathogenic,0.9996,0.9932,0.0139,0,BENIGN,,-1,,-1,,,false,NO_VEP,"Structural-only assessment (LSSIM=0.993, global SSIM=1.000). VEP not available for this locus.",Pathogenic,ClinVar_Pathogenic,-1,POSITION
VCV001182096,87925561,.,.,c.209+4A>G,,intronic,Pathogenic,0.9996,0.9932,0.0139,0,BENIGN,,-1,,-1,,,false,NO_VEP,"Structural-only assessment (LSSIM=0.993, global SSIM=1.000). VEP not available for this locus.",Pathogenic,ClinVar_Pathogenic,-1,POSITION
VCV001320862,87925562,.,.,c.209+5G>T,,intronic,Likely pathogenic,0.9997,0.9941,0.0133,0,BENIGN,,-1,,-1,,,false,NO_VEP,"Structural-only assessment (LSSIM=0.994, global SSIM=1.000). VEP not available for this locus.",Pathogenic,ClinVar_Pathogenic,-1,POSITION
VCV001042020,87925562,.,.,c.209+5G>C,,intronic,Conflicting classifications of pathogenicity,0.9997,0.9941,0.0133,0,BENIGN,,-1,,-1,,,false,NO_VEP,"Structural-only assessment (LSSIM=0.994, global SSIM=1.000). VEP not available for this locus.",Pathogenic,ClinVar_Pathogenic,-1,POSITION
VCV000427614,87925562,.,.,c.209+5G>A,,intronic,Pathogenic,0.9997,0.9941,0.0133,0,BENIGN,,-1,,-1,,,false,NO_VEP,"Structural-only assessment (LSSIM=0.994, global SSIM=1.000). VEP not available for this locus.",Pathogenic,ClinVar_Pathogenic,-1,POSITION
VCV002109004,87925563,.,.,c.209+6T>A,,intronic,Pathogenic,0.9997,0.9942,0.0133,0,BENIGN,,-1,,-1,,,false,NO_VEP,"Structural-only assessment (LSSIM=0.994, global SSIM=1.000). VEP not available for this locus.",Pathogenic,ClinVar_Pathogenic,-1,POSITION
VCV000468674,87925563,.,.,c.209+6T>G,,intronic,Pathogenic,0.9997,0.9942,0.0133,0,BENIGN,,-1,,-1,,,false,NO_VEP,"Structural-only assessment (LSSIM=0.994, global SSIM=1.000). VEP not available for this locus.",Pathogenic,ClinVar_Pathogenic,-1,POSITION
VCV004731791,87925564,.,.,c.209+7A>C,,intronic,Likely benign,0.9997,0.9941,0.0133,0,BENIGN,,-1,,-1,,,false,NO_VEP,"Structural-only assessment (LSSIM=0.994, global SSIM=1.000). VEP not available for this locus.",Benign,ClinVar_Benign,-1,POSITION
VCV000492728,87925564,.,.,c.209+7A>G,,intronic,Likely benign,0.9997,0.9941,0.0133,0,BENIGN,,-1,,-1,,,false,NO_VEP,"Structural-only assessment (LSSIM=0.994, global SSIM=1.000). VEP not available for this locus.",Benign,ClinVar_Benign,-1,POSITION
VCV000492321,87925564,.,.,c.209+7A>T,,intronic,Likely benign,0.9997,0.9941,0.0133,0,BENIGN,,-1,,-1,,,false,NO_VEP,"Structural-only assessment (LSSIM=0.994, global SSIM=1.000). VEP not available for this locus.",Benign,ClinVar_Benign,-1,POSITION
VCV003904671,87925565,.,.,c.209+8T>G,,intronic,Likely benign,0.9997,0.995,0.0122,0,BENIGN,,-1,,-1,,,false,NO_VEP,"Structural-only assessment (LSSIM=0.995, global SSIM=1.000). VEP not available for this locus.",Benign,ClinVar_Benign,-1,POSITION
VCV002875398,87925566,.,.,c.209+9G>A,,intronic,Likely benign,0.9997,0.9949,0.0124,0,BENIGN,,-1,,-1,,,false,NO_VEP,"Structural-only assessment (LSSIM=0.995, global SSIM=1.000). VEP not available for this locus.",Benign,ClinVar_Benign,-1,POSITION
VCV000536566,87925567,.,.,c.209+10T>C,,intronic,Conflicting classifications of pathogenicity,0.9997,0.9941,0.0136,0,BENIGN,,-1,,-1,,,false,NO_VEP,"Structural-only assessment (LSSIM=0.994, global SSIM=1.000). VEP not available for this locus.",Pathogenic,ClinVar_Pathogenic,-1,POSITION
VCV003695555,87925568,.,.,c.209+11T>G,,intronic,Likely benign,0.9997,0.9937,0.0141,0,BENIGN,,-1,,-1,,,false,NO_VEP,"Structural-only assessment (LSSIM=0.994, global SSIM=1.000). VEP not available for this locus.",Benign,ClinVar_Benign,-1,POSITION
VCV002826609,87925569,.,.,c.209+12T>G,,intronic,Likely benign,0.9997,0.994,0.0132,0,BENIGN,,-1,,-1,,,false,NO_VEP,"Structural-only assessment (LSSIM=0.994, global SSIM=1.000). VEP not available for this locus.",Benign,ClinVar_Benign,-1,POSITION
VCV004748906,87925571,.,.,c.209+14C>G,,intronic,Likely benign,0.9997,0.994,0.0136,0,BENIGN,,-1,,-1,,,false,NO_VEP,"Structural-only assessment (LSSIM=0.994, global SSIM=1.000). VEP not available for this locus.",Benign,ClinVar_Benign,-1,POSITION
VCV003675214,87925571,.,.,c.209+14C>T,,intronic,Likely benign,0.9997,0.994,0.0136,0,BENIGN,,-1,,-1,,,false,NO_VEP,"Structural-only assessment (LSSIM=0.994, global SSIM=1.000). VEP not available for this locus.",Benign,ClinVar_Benign,-1,POSITION
VCV002875887,87925572,.,.,c.209+15T>G,,intronic,Likely benign,0.9997,0.9945,0.0128,0,BENIGN,,-1,,-1,,,false,NO_VEP,"Structural-only assessment (LSSIM=0.995, global SSIM=1.000). VEP not available for this locus.",Benign,ClinVar_Benign,-1,POSITION
VCV002138705,87925572,.,.,c.209+15T>A,,intronic,Likely benign,0.9997,0.9945,0.0128,0,BENIGN,,-1,,-1,,,false,NO_VEP,"Structural-only assessment (LSSIM=0.995, global SSIM=1.000). VEP not available for this locus.",Benign,ClinVar_Benign,-1,POSITION
VCV000379201,87925574,.,.,c.209+17A>G,,intronic,Likely benign,0.9997,0.9946,0.0126,0,BENIGN,,-1,,-1,,,false,NO_VEP,"Structural-only assessment (LSSIM=0.995, global SSIM=1.000). VEP not available for this locus.",Benign,ClinVar_Benign,-1,POSITION
VCV001262710,87925633,.,.,c.209+76A>C,,intronic,Benign,0.9997,0.9948,0.0124,0,BENIGN,,-1,,-1,,,false,NO_VEP,"Structural-only assessment (LSSIM=0.995, global SSIM=1.000). VEP not available for this locus.",Benign,ClinVar_Benign,-1,POSITION
VCV000802603,87925641,.,.,c.209+84G>A,,intronic,Benign/Likely benign,0.9997,0.9941,0.0133,0,BENIGN,,-1,,-1,,,false,NO_VEP,"Structural-only assessment (LSSIM=0.994, global SSIM=1.000). VEP not available for this locus.",Benign,ClinVar_Benign,-1,POSITION
VCV000993646,87925654,.,.,c.209+97T>C,,intronic,Likely benign,0.9997,0.9934,0.0136,0,BENIGN,,-1,,-1,,,false,NO_VEP,"Structural-only assessment (LSSIM=0.993, global SSIM=1.000). VEP not available for this locus.",Benign,ClinVar_Benign,-1,POSITION
VCV000223962,87925796,.,.,c.209+239A>G,,intronic,Likely benign,0.9997,0.9943,0.013,0,BENIGN,,-1,,-1,,,false,NO_VEP,"Structural-only assessment (LSSIM=0.994, global SSIM=1.000). VEP not available for this locus.",Benign,ClinVar_Benign,-1,POSITION
VCV000223978,87926293,.,.,c.209+736A>G,,intronic,Likely benign,0.9997,0.9945,0.0131,0,BENIGN,,-1,,-1,,,false,NO_VEP,"Structural-only assessment (LSSIM=0.994, global SSIM=1.000). VEP not available for this locus.",Benign,ClinVar_Benign,-1,POSITION
VCV000223955,87926326,.,.,c.209+769T>C,,intronic,Likely benign,0.9997,0.9943,0.0133,0,BENIGN,,-1,,-1,,,false,NO_VEP,"Structural-only assessment (LSSIM=0.994, global SSIM=1.000). VEP not available for this locus.",Benign,ClinVar_Benign,-1,POSITION
VCV000223948,87927603,.,.,c.209+2046C>T,,intronic,Likely benign,0.9997,0.9938,0.0136,0,BENIGN,,-1,,-1,,,false,NO_VEP,"Structural-only assessment (LSSIM=0.994, global SSIM=1.000). VEP not available for this locus.",Benign,ClinVar_Benign,-1,POSITION
VCV001785727,87927604,.,.,c.209+2047A>G,,intronic,Likely pathogenic,0.9997,0.9947,0.013,0,BENIGN,,-1,,-1,,,false,NO_VEP,"Structural-only assessment (LSSIM=0.995, global SSIM=1.000). VEP not available for this locus.",Pathogenic,ClinVar_Pathogenic,-1,POSITION
VCV000223943,87928430,.,.,c.210-2616C>T,,intronic,Likely benign,0.9997,0.9944,0.0135,0,BENIGN,,-1,,-1,,,false,NO_VEP,"Structural-only assessment (LSSIM=0.994, global SSIM=1.000). VEP not available for this locus.",Benign,ClinVar_Benign,-1,POSITION
VCV000439288,87930999,.,.,c.210-47C>T,,intronic,Likely benign,0.9997,0.995,0.0132,0,BENIGN,,-1,,-1,,,false,NO_VEP,"Structural-only assessment (LSSIM=0.995, global SSIM=1.000). VEP not available for this locus.",Benign,ClinVar_Benign,-1,POSITION
VCV003256501,87931004,.,.,c.210-42T>C,,intronic,Likely benign,0.9996,0.993,0.0146,0,BENIGN,,-1,,-1,,,false,NO_VEP,"Structural-only assessment (LSSIM=0.993, global SSIM=1.000). VEP not available for this locus.",Benign,ClinVar_Benign,-1,POSITION
VCV000923125,87931006,.,.,c.210-40C>T,,intronic,Likely benign,0.9996,0.9942,0.0139,0,BENIGN,,-1,,-1,,,false,NO_VEP,"Structural-only assessment (LSSIM=0.994, global SSIM=1.000). VEP not available for this locus.",Benign,ClinVar_Benign,-1,POSITION
VCV000255812,87931007,.,.,c.210-39A>G,,intronic,Benign,0.9997,0.9948,0.0127,0,BENIGN,,-1,,-1,,,false,NO_VEP,"Structural-only assessment (LSSIM=0.995, global SSIM=1.000). VEP not available for this locus.",Benign,ClinVar_Benign,-1,POSITION
VCV000372041,87931020,.,.,c.210-26A>T,,intronic,Likely benign,0.9996,0.9937,0.0143,0,BENIGN,,-1,,-1,,,false,NO_VEP,"Structural-only assessment (LSSIM=0.994, global SSIM=1.000). VEP not available for this locus.",Benign,ClinVar_Benign,-1,POSITION
VCV000372033,87931020,.,.,c.210-26A>G,,intronic,Likely benign,0.9996,0.9937,0.0143,0,BENIGN,,-1,,-1,,,false,NO_VEP,"Structural-only assessment (LSSIM=0.994, global SSIM=1.000). VEP not available for this locus.",Benign,ClinVar_Benign,-1,POSITION
VCV003903909,87931026,.,.,c.210-20C>T,,intronic,Likely benign,0.9997,0.9948,0.0131,0,BENIGN,,-1,,-1,,,false,NO_VEP,"Structural-only assessment (LSSIM=0.995, global SSIM=1.000). VEP not available for this locus.",Benign,ClinVar_Benign,-1,POSITION
VCV001653852,87931029,.,.,c.210-17T>A,,intronic,Likely benign,0.9996,0.9937,0.014,0,BENIGN,,-1,,-1,,,false,NO_VEP,"Structural-only assessment (LSSIM=0.994, global SSIM=1.000). VEP not available for this locus.",Benign,ClinVar_Benign,-1,POSITION
VCV001579335,87931029,.,.,c.210-17T>G,,intronic,Likely benign,0.9996,0.9937,0.014,0,BENIGN,,-1,,-1,,,false,NO_VEP,"Structural-only assessment (LSSIM=0.994, global SSIM=1.000). VEP not available for this locus.",Benign,ClinVar_Benign,-1,POSITION
VCV000371877,87931029,.,.,c.210-17T>C,,intronic,Likely benign,0.9996,0.9937,0.014,0,BENIGN,,-1,,-1,,,false,NO_VEP,"Structural-only assessment (LSSIM=0.994, global SSIM=1.000). VEP not available for this locus.",Benign,ClinVar_Benign,-1,POSITION
VCV001647641,87931033,.,.,c.210-13A>G,,intronic,Likely benign,0.9996,0.994,0.0137,0,BENIGN,,-1,,-1,,,false,NO_VEP,"Structural-only assessment (LSSIM=0.994, global SSIM=1.000). VEP not available for this locus.",Benign,ClinVar_Benign,-1,POSITION
VCV001785916,87931034,.,.,c.210-12C>G,,intronic,Likely pathogenic,0.9996,0.9937,0.014,0,BENIGN,,-1,,-1,,,false,NO_VEP,"Structural-only assessment (LSSIM=0.994, global SSIM=1.000). VEP not available for this locus.",Pathogenic,ClinVar_Pathogenic,-1,POSITION
VCV000922853,87931034,.,.,c.210-12C>A,,intronic,Likely benign,0.9996,0.9937,0.014,0,BENIGN,,-1,,-1,,,false,NO_VEP,"Structural-only assessment (LSSIM=0.994, global SSIM=1.000). VEP not available for this locus.",Benign,ClinVar_Benign,-1,POSITION
VCV000548913,87931034,.,.,c.210-12C>T,,intronic,Likely benign,0.9996,0.9937,0.014,0,BENIGN,,-1,,-1,,,false,NO_VEP,"Structural-only assessment (LSSIM=0.994, global SSIM=1.000). VEP not available for this locus.",Benign,ClinVar_Benign,-1,POSITION
VCV002039879,87931035,.,.,c.210-11T>A,,intronic,Conflicting classifications of pathogenicity,0.9997,0.994,0.0137,0,BENIGN,,-1,,-1,,,false,NO_VEP,"Structural-only assessment (LSSIM=0.994, global SSIM=1.000). VEP not available for this locus.",Pathogenic,ClinVar_Pathogenic,-1,POSITION
VCV001138458,87931036,.,.,c.210-10T>C,,intronic,Likely benign,0.9998,0.9958,0.012,0,BENIGN,,-1,,-1,,,false,NO_VEP,"Structural-only assessment (LSSIM=0.996, global SSIM=1.000). VEP not available for this locus.",Benign,ClinVar_Benign,-1,POSITION
VCV000379793,87931037,.,.,c.210-9T>C,,intronic,Conflicting classifications of pathogenicity,0.9997,0.9946,0.013,0,BENIGN,,-1,,-1,,,false,NO_VEP,"Structural-only assessment (LSSIM=0.995, global SSIM=1.000). VEP not available for this locus.",Pathogenic,ClinVar_Pathogenic,-1,POSITION
VCV002708133,87931038,.,.,c.210-8T>G,,intronic,Likely benign,0.9997,0.9948,0.0131,0,BENIGN,,-1,,-1,,,false,NO_VEP,"Structural-only assessment (LSSIM=0.995, global SSIM=1.000). VEP not available for this locus.",Benign,ClinVar_Benign,-1,POSITION
VCV001137872,87931038,.,.,c.210-8T>C,,intronic,Likely benign,0.9997,0.9948,0.0131,0,BENIGN,,-1,,-1,,,false,NO_VEP,"Structural-only assessment (LSSIM=0.995, global SSIM=1.000). VEP not available for this locus.",Benign,ClinVar_Benign,-1,POSITION
VCV002849895,87931039,.,.,c.210-7C>G,,intronic,Likely benign,0.9997,0.9942,0.0138,0,BENIGN,,-1,,-1,,,false,NO_VEP,"Structural-only assessment (LSSIM=0.994, global SSIM=1.000). VEP not available for this locus.",Benign,ClinVar_Benign,-1,POSITION
VCV002796533,87931039,.,.,c.210-7C>T,,intronic,Likely benign,0.9997,0.9942,0.0138,0,BENIGN,,-1,,-1,,,false,NO_VEP,"Structural-only assessment (LSSIM=0.994, global SSIM=1.000). VEP not available for this locus.",Benign,ClinVar_Benign,-1,POSITION
VCV002702156,87931039,.,.,c.210-7C>A,,intronic,Likely benign,0.9997,0.9942,0.0138,0,BENIGN,,-1,,-1,,,false,NO_VEP,"Structural-only assessment (LSSIM=0.994, global SSIM=1.000). VEP not available for this locus.",Benign,ClinVar_Benign,-1,POSITION
VCV000381929,87931040,.,.,c.210-6T>C,,intronic,Likely benign,0.9997,0.9947,0.0132,0,BENIGN,,-1,,-1,,,false,NO_VEP,"Structural-only assessment (LSSIM=0.995, global SSIM=1.000). VEP not available for this locus.",Benign,ClinVar_Benign,-1,POSITION
VCV000215731,87931041,.,.,c.210-5T>C,,intronic,Likely benign,0.9997,0.9941,0.014,0,BENIGN,,-1,,-1,,,false,NO_VEP,"Structural-only assessment (LSSIM=0.994, global SSIM=1.000). VEP not available for this locus.",Benign,ClinVar_Benign,-1,POSITION
VCV000754704,87931042,.,.,c.210-4T>C,,intronic,Conflicting classifications of pathogenicity,0.9996,0.9928,0.0152,0,BENIGN,,-1,,-1,,,false,NO_VEP,"Structural-only assessment (LSSIM=0.993, global SSIM=1.000). VEP not available for this locus.",Pathogenic,ClinVar_Pathogenic,-1,POSITION
VCV002858163,87931044,.,.,c.210-2A>T,,splice,Pathogenic,0.9997,0.9944,0.0134,0,BENIGN,,-1,,-1,,,false,NO_VEP,"Structural-only assessment (LSSIM=0.994, global SSIM=1.000). VEP not available for this locus.",Pathogenic,ClinVar_Pathogenic,-1,POSITION
VCV000820721,87931044,.,.,c.210-2A>C,,splice,Pathogenic/Likely pathogenic,0.9997,0.9944,0.0134,0,BENIGN,,-1,,-1,,,false,NO_VEP,"Structural-only assessment (LSSIM=0.994, global SSIM=1.000). VEP not available for this locus.",Pathogenic,ClinVar_Pathogenic,-1,POSITION
VCV000576440,87931044,.,.,c.210-2A>G,,splice,Pathogenic/Likely pathogenic,0.9997,0.9944,0.0134,0,BENIGN,,-1,,-1,,,false,NO_VEP,"Structural-only assessment (LSSIM=0.994, global SSIM=1.000). VEP not available for this locus.",Pathogenic,ClinVar_Pathogenic,-1,POSITION
VCV000428278,87931045,.,.,c.210-1G>T,,splice,Likely pathogenic,0.9997,0.9943,0.0135,0,BENIGN,,-1,,-1,,,false,NO_VEP,"Structural-only assessment (LSSIM=0.994, global SSIM=1.000). VEP not available for this locus.",Pathogenic,ClinVar_Pathogenic,-1,POSITION
VCV000428260,87931045,.,.,c.210-1G>C,,splice,Likely pathogenic,0.9997,0.9943,0.0135,0,BENIGN,,-1,,-1,,,false,NO_VEP,"Structural-only assessment (LSSIM=0.994, global SSIM=1.000). VEP not available for this locus.",Pathogenic,ClinVar_Pathogenic,-1,POSITION
VCV000427616,87931045,.,.,c.210-1G>A,,splice,Pathogenic,0.9997,0.9943,0.0135,0,BENIGN,,-1,,-1,,,false,NO_VEP,"Structural-only assessment (LSSIM=0.994, global SSIM=1.000). VEP not available for this locus.",Pathogenic,ClinVar_Pathogenic,-1,POSITION
VCV000936561,87931048,.,.,c.212G>A,p.Cys71Tyr,missense,Pathogenic,0.9997,0.9942,0.0135,0,BENIGN,,-1,,-1,,,false,NO_VEP,"Structural-only assessment (LSSIM=0.994, global SSIM=1.000). VEP not available for this locus.",Pathogenic,ClinVar_Pathogenic,-1,POSITION
VCV000468675,87931048,.,.,c.212G>T,p.Cys71Phe,missense,Conflicting classifications of pathogenicity,0.9997,0.9942,0.0135,0,BENIGN,,-1,,-1,,,false,NO_VEP,"Structural-only assessment (LSSIM=0.994, global SSIM=1.000). VEP not available for this locus.",Pathogenic,ClinVar_Pathogenic,-1,POSITION
VCV000820795,87931049,.,.,c.213T>G,p.Cys71Trp,missense,Conflicting classifications of pathogenicity,0.9997,0.9942,0.0136,0,BENIGN,,-1,,-1,,,false,NO_VEP,"Structural-only assessment (LSSIM=0.994, global SSIM=1.000). VEP not available for this locus.",Pathogenic,ClinVar_Pathogenic,-1,POSITION
VCV000630692,87931049,.,.,c.213T>C,p.Cys71=,synonymous,Likely benign,0.9997,0.9942,0.0136,0,BENIGN,,-1,,-1,,,false,NO_VEP,"Structural-only assessment (LSSIM=0.994, global SSIM=1.000). VEP not available for this locus.",Benign,ClinVar_Benign,-1,POSITION
VCV000380564,87931052,.,.,c.216T>C,p.Ala72=,synonymous,Benign/Likely benign,0.9997,0.9955,0.0124,0,BENIGN,,-1,,-1,,,false,NO_VEP,"Structural-only assessment (LSSIM=0.996, global SSIM=1.000). VEP not available for this locus.",Benign,ClinVar_Benign,-1,POSITION
VCV000484618,87931056,.,.,c.220A>T,p.Arg74Ter,nonsense,Pathogenic,0.9996,0.994,0.0136,0,BENIGN,,-1,,-1,,,false,NO_VEP,"Structural-only assessment (LSSIM=0.994, global SSIM=1.000). VEP not available for this locus.",Pathogenic,ClinVar_Pathogenic,-1,POSITION
VCV000379087,87931058,.,.,c.222A>G,p.Arg74=,synonymous,Benign/Likely benign,0.9997,0.994,0.014,0,BENIGN,,-1,,-1,,,false,NO_VEP,"Structural-only assessment (LSSIM=0.994, global SSIM=1.000). VEP not available for this locus.",Benign,ClinVar_Benign,-1,POSITION
VCV001722926,87931064,.,.,c.228T>A,p.Tyr76Ter,nonsense,Pathogenic,0.9996,0.9935,0.0142,0,BENIGN,,-1,,-1,,,false,NO_VEP,"Structural-only assessment (LSSIM=0.993, global SSIM=1.000). VEP not available for this locus.",Pathogenic,ClinVar_Pathogenic,-1,POSITION
VCV000546013,87931064,.,.,c.228T>G,p.Tyr76Ter,nonsense,Pathogenic,0.9996,0.9935,0.0142,0,BENIGN,,-1,,-1,,,false,NO_VEP,"Structural-only assessment (LSSIM=0.993, global SSIM=1.000). VEP not available for this locus.",Pathogenic,ClinVar_Pathogenic,-1,POSITION
VCV000512586,87931064,.,.,c.228T>C,p.Tyr76=,synonymous,Conflicting classifications of pathogenicity,0.9996,0.9935,0.0142,0,BENIGN,,-1,,-1,,,false,NO_VEP,"Structural-only assessment (LSSIM=0.993, global SSIM=1.000). VEP not available for this locus.",Pathogenic,ClinVar_Pathogenic,-1,POSITION
VCV000480379,87931067,.,.,c.231C>T,p.Asp77=,synonymous,Benign/Likely benign,0.9996,0.9937,0.0144,0,BENIGN,,-1,,-1,,,false,NO_VEP,"Structural-only assessment (LSSIM=0.994, global SSIM=1.000). VEP not available for this locus.",Benign,ClinVar_Benign,-1,POSITION
VCV000127691,87931070,.,.,c.234C>T,p.Thr78=,synonymous,Benign/Likely benign,0.9997,0.9951,0.0128,0,BENIGN,,-1,,-1,,,false,NO_VEP,"Structural-only assessment (LSSIM=0.995, global SSIM=1.000). VEP not available for this locus.",Benign,ClinVar_Benign,-1,POSITION
VCV001660956,87931070,.,.,c.234C>G,p.Thr78=,synonymous,Likely benign,0.9997,0.9951,0.0128,0,BENIGN,,-1,,-1,,,false,NO_VEP,"Structural-only assessment (LSSIM=0.995, global SSIM=1.000). VEP not available for this locus.",Benign,ClinVar_Benign,-1,POSITION
VCV000380538,87931070,.,.,c.234C>A,p.Thr78=,synonymous,Benign/Likely benign,0.9997,0.9951,0.0128,0,BENIGN,,-1,,-1,,,false,NO_VEP,"Structural-only assessment (LSSIM=0.995, global SSIM=1.000). VEP not available for this locus.",Benign,ClinVar_Benign,-1,POSITION
VCV000404155,87931071,.,.,c.235G>T,p.Ala79Ser,missense,Conflicting classifications of pathogenicity,0.9997,0.9951,0.0127,0,BENIGN,,-1,,-1,,,false,NO_VEP,"Structural-only assessment (LSSIM=0.995, global SSIM=1.000). VEP not available for this locus.",Pathogenic,ClinVar_Pathogenic,-1,POSITION
VCV000041682,87931071,.,.,c.235G>A,p.Ala79Thr,missense,Likely benign,0.9997,0.9951,0.0127,0,BENIGN,,-1,,-1,,,false,NO_VEP,"Structural-only assessment (LSSIM=0.995, global SSIM=1.000). VEP not available for this locus.",Benign,ClinVar_Benign,-1,POSITION
VCV002975037,87931073,.,.,c.237C>G,p.Ala79=,synonymous,Likely benign,0.9997,0.9949,0.0126,0,BENIGN,,-1,,-1,,,false,NO_VEP,"Structural-only assessment (LSSIM=0.995, global SSIM=1.000). VEP not available for this locus.",Benign,ClinVar_Benign,-1,POSITION
VCV002849639,87931073,.,.,c.237C>T,p.Ala79=,synonymous,Likely benign,0.9997,0.9949,0.0126,0,BENIGN,,-1,,-1,,,false,NO_VEP,"Structural-only assessment (LSSIM=0.995, global SSIM=1.000). VEP not available for this locus.",Benign,ClinVar_Benign,-1,POSITION
VCV002587210,87931076,.,.,c.240A>G,p.Lys80=,synonymous,Likely benign,0.9997,0.9949,0.0131,0,BENIGN,,-1,,-1,,,false,NO_VEP,"Structural-only assessment (LSSIM=0.995, global SSIM=1.000). VEP not available for this locus.",Benign,ClinVar_Benign,-1,POSITION
VCV000234710,87931078,.,.,c.242T>G,p.Phe81Cys,missense,Likely pathogenic,0.9997,0.9942,0.0136,0,BENIGN,,-1,,-1,,,false,NO_VEP,"Structural-only assessment (LSSIM=0.994, global SSIM=1.000). VEP not available for this locus.",Pathogenic,ClinVar_Pathogenic,-1,POSITION
VCV001802604,87931079,.,.,c.243T>G,p.Phe81Leu,missense,Pathogenic,0.9997,0.9949,0.0129,0,BENIGN,,-1,,-1,,,false,NO_VEP,"Structural-only assessment (LSSIM=0.995, global SSIM=1.000). VEP not available for this locus.",Pathogenic,ClinVar_Pathogenic,-1,POSITION
VCV001087600,87931079,.,.,c.243T>C,p.Phe81=,synonymous,Likely benign,0.9997,0.9949,0.0129,0,BENIGN,,-1,,-1,,,false,NO_VEP,"Structural-only assessment (LSSIM=0.995, global SSIM=1.000). VEP not available for this locus.",Benign,ClinVar_Benign,-1,POSITION
VCV001152631,87931082,.,.,c.246T>C,p.Asn82=,synonymous,Likely benign,0.9997,0.995,0.0127,0,BENIGN,,-1,,-1,,,false,NO_VEP,"Structural-only assessment (LSSIM=0.995, global SSIM=1.000). VEP not available for this locus.",Benign,ClinVar_Benign,-1,POSITION
VCV000446475,87931085,.,.,c.249C>A,p.Cys83Ter,nonsense,Pathogenic,0.9996,0.9937,0.0141,0,BENIGN,,-1,,-1,,,false,NO_VEP,"Structural-only assessment (LSSIM=0.994, global SSIM=1.000). VEP not available for this locus.",Pathogenic,ClinVar_Pathogenic,-1,POSITION
VCV000928281,87931085,.,.,c.249C>T,p.Cys83=,synonymous,Likely benign,0.9996,0.9937,0.0141,0,BENIGN,,-1,,-1,,,false,NO_VEP,"Structural-only assessment (LSSIM=0.994, global SSIM=1.000). VEP not available for this locus.",Benign,ClinVar_Benign,-1,POSITION
VCV001075939,87931086,.,.,c.250A>T,p.Arg84Ter,nonsense,Pathogenic,0.9997,0.9943,0.0135,0,BENIGN,,-1,,-1,,,false,NO_VEP,"Structural-only assessment (LSSIM=0.994, global SSIM=1.000). VEP not available for this locus.",Pathogenic,ClinVar_Pathogenic,-1,POSITION
VCV000427585,87931090,.,.,c.253+1G>C,,splice,Pathogenic,0.9997,0.9944,0.0136,0,BENIGN,,-1,,-1,,,false,NO_VEP,"Structural-only assessment (LSSIM=0.994, global SSIM=1.000). VEP not available for this locus.",Pathogenic,ClinVar_Pathogenic,-1,POSITION
VCV000189475,87931090,.,.,c.253+1G>T,,splice,Pathogenic,0.9997,0.9944,0.0136,0,BENIGN,,-1,,-1,,,false,NO_VEP,"Structural-only assessment (LSSIM=0.994, global SSIM=1.000). VEP not available for this locus.",Pathogenic,ClinVar_Pathogenic,-1,POSITION
VCV000007820,87931090,.,.,c.253+1G>A,,splice,Pathogenic,0.9997,0.9944,0.0136,0,BENIGN,,-1,,-1,,,false,NO_VEP,"Structural-only assessment (LSSIM=0.994, global SSIM=1.000). VEP not available for this locus.",Pathogenic,ClinVar_Pathogenic,-1,POSITION
VCV000468676,87931091,.,.,c.253+2T>A,,splice,Pathogenic,0.9997,0.9952,0.0126,0,BENIGN,,-1,,-1,,,false,NO_VEP,"Structural-only assessment (LSSIM=0.995, global SSIM=1.000). VEP not available for this locus.",Pathogenic,ClinVar_Pathogenic,-1,POSITION
VCV000968699,87931094,.,.,c.253+5G>C,,intronic,Likely pathogenic,0.9997,0.994,0.0137,0,BENIGN,,-1,,-1,,,false,NO_VEP,"Structural-only assessment (LSSIM=0.994, global SSIM=1.000). VEP not available for this locus.",Pathogenic,ClinVar_Pathogenic,-1,POSITION
VCV000427618,87931094,.,.,c.253+5G>A,,intronic,Likely pathogenic,0.9997,0.994,0.0137,0,BENIGN,,-1,,-1,,,false,NO_VEP,"Structural-only assessment (LSSIM=0.994, global SSIM=1.000). VEP not available for this locus.",Pathogenic,ClinVar_Pathogenic,-1,POSITION
VCV000427617,87931094,.,.,c.253+5G>T,,intronic,Pathogenic/Likely pathogenic,0.9997,0.994,0.0137,0,BENIGN,,-1,,-1,,,false,NO_VEP,"Structural-only assessment (LSSIM=0.994, global SSIM=1.000). VEP not available for this locus.",Pathogenic,ClinVar_Pathogenic,-1,POSITION
VCV001134280,87931096,.,.,c.253+7A>G,,intronic,Conflicting classifications of pathogenicity,0.9997,0.9942,0.0137,0,BENIGN,,-1,,-1,,,false,NO_VEP,"Structural-only assessment (LSSIM=0.994, global SSIM=1.000). VEP not available for this locus.",Pathogenic,ClinVar_Pathogenic,-1,POSITION
VCV002770199,87931098,.,.,c.253+9G>A,,intronic,Likely benign,0.9997,0.9943,0.0133,0,BENIGN,,-1,,-1,,,false,NO_VEP,"Structural-only assessment (LSSIM=0.994, global SSIM=1.000). VEP not available for this locus.",Benign,ClinVar_Benign,-1,POSITION
VCV003723709,87931099,.,.,c.253+10A>G,,intronic,Likely benign,0.9997,0.9952,0.0127,0,BENIGN,,-1,,-1,,,false,NO_VEP,"Structural-only assessment (LSSIM=0.995, global SSIM=1.000). VEP not available for this locus.",Benign,ClinVar_Benign,-1,POSITION
VCV002900423,87931100,.,.,c.253+11A>C,,intronic,Likely benign,0.9997,0.9943,0.0137,0,BENIGN,,-1,,-1,,,false,NO_VEP,"Structural-only assessment (LSSIM=0.994, global SSIM=1.000). VEP not available for this locus.",Benign,ClinVar_Benign,-1,POSITION
VCV002084233,87931100,.,.,c.253+11A>T,,intronic,Likely benign,0.9997,0.9943,0.0137,0,BENIGN,,-1,,-1,,,false,NO_VEP,"Structural-only assessment (LSSIM=0.994, global SSIM=1.000). VEP not available for this locus.",Benign,ClinVar_Benign,-1,POSITION
VCV004701091,87931102,.,.,c.253+13G>A,,intronic,Likely benign,0.9997,0.9953,0.0127,0,BENIGN,,-1,,-1,,,false,NO_VEP,"Structural-only assessment (LSSIM=0.995, global SSIM=1.000). VEP not available for this locus.",Benign,ClinVar_Benign,-1,POSITION
VCV000379538,87931103,.,.,c.253+14T>A,,intronic,Likely benign,0.9997,0.9944,0.0135,0,BENIGN,,-1,,-1,,,false,NO_VEP,"Structural-only assessment (LSSIM=0.994, global SSIM=1.000). VEP not available for this locus.",Benign,ClinVar_Benign,-1,POSITION
VCV001545375,87931106,.,.,c.253+17T>G,,intronic,Likely benign,0.9996,0.994,0.0139,0,BENIGN,,-1,,-1,,,false,NO_VEP,"Structural-only assessment (LSSIM=0.994, global SSIM=1.000). VEP not available for this locus.",Benign,ClinVar_Benign,-1,POSITION
VCV003660396,87931107,.,.,c.253+18G>C,,intronic,Likely benign,0.9996,0.9938,0.0139,0,BENIGN,,-1,,-1,,,false,NO_VEP,"Structural-only assessment (LSSIM=0.994, global SSIM=1.000). VEP not available for this locus.",Benign,ClinVar_Benign,-1,POSITION
VCV002736849,87931107,.,.,c.253+18G>A,,intronic,Likely benign,0.9996,0.9938,0.0139,0,BENIGN,,-1,,-1,,,false,NO_VEP,"Structural-only assessment (LSSIM=0.994, global SSIM=1.000). VEP not available for this locus.",Benign,ClinVar_Benign,-1,POSITION
VCV004539267,87931132,.,.,c.253+43G>A,,intronic,Likely benign,0.9997,0.9946,0.0135,0,BENIGN,,-1,,-1,,,false,NO_VEP,"Structural-only assessment (LSSIM=0.995, global SSIM=1.000). VEP not available for this locus.",Benign,ClinVar_Benign,-1,POSITION
VCV000440222,87931155,.,.,c.253+66A>G,,intronic,Benign,0.9997,0.9946,0.0129,0,BENIGN,,-1,,-1,,,false,NO_VEP,"Structural-only assessment (LSSIM=0.995, global SSIM=1.000). VEP not available for this locus.",Benign,ClinVar_Benign,-1,POSITION
VCV003940106,87931206,.,.,c.253+117T>C,,intronic,Likely benign,0.9997,0.9939,0.0137,0,BENIGN,,-1,,-1,,,false,NO_VEP,"Structural-only assessment (LSSIM=0.994, global SSIM=1.000). VEP not available for this locus.",Benign,ClinVar_Benign,-1,POSITION
VCV000679770,87932697,.,.,c.254-316T>C,,intronic,Benign,0.9996,0.9931,0.0149,0,BENIGN,,-1,,-1,,,false,NO_VEP,"Structural-only assessment (LSSIM=0.993, global SSIM=1.000). VEP not available for this locus.",Benign,ClinVar_Benign,-1,POSITION
VCV000811210,87932951,.,.,c.254-62A>C,,intronic,Likely benign,0.9997,0.994,0.014,0,BENIGN,,-1,,-1,,,false,NO_VEP,"Structural-only assessment (LSSIM=0.994, global SSIM=1.000). VEP not available for this locus.",Benign,ClinVar_Benign,-1,POSITION
VCV000492323,87932973,.,.,c.254-40A>G,,intronic,Likely benign,0.9997,0.9947,0.0131,0,BENIGN,,-1,,-1,,,false,NO_VEP,"Structural-only assessment (LSSIM=0.995, global SSIM=1.000). VEP not available for this locus.",Benign,ClinVar_Benign,-1,POSITION
VCV000627837,87932974,.,.,c.254-39G>A,,intronic,Likely benign,0.9997,0.9953,0.0122,0,BENIGN,,-1,,-1,,,false,NO_VEP,"Structural-only assessment (LSSIM=0.995, global SSIM=1.000). VEP not available for this locus.",Benign,ClinVar_Benign,-1,POSITION
VCV000092818,87932974,.,.,c.254-39G>T,,intronic,Likely benign,0.9997,0.9953,0.0122,0,BENIGN,,-1,,-1,,,false,NO_VEP,"Structural-only assessment (LSSIM=0.995, global SSIM=1.000). VEP not available for this locus.",Benign,ClinVar_Benign,-1,POSITION
VCV001260306,87932976,.,.,c.254-37T>C,,intronic,Benign,0.9996,0.9936,0.0142,0,BENIGN,,-1,,-1,,,false,NO_VEP,"Structural-only assessment (LSSIM=0.994, global SSIM=1.000). VEP not available for this locus.",Benign,ClinVar_Benign,-1,POSITION
VCV000802604,87932979,.,.,c.254-34T>G,,intronic,Benign/Likely benign,0.9996,0.9941,0.0137,0,BENIGN,,-1,,-1,,,false,NO_VEP,"Structural-only assessment (LSSIM=0.994, global SSIM=1.000). VEP not available for this locus.",Benign,ClinVar_Benign,-1,POSITION
VCV000802605,87932984,.,.,c.254-29C>T,,intronic,Benign,0.9997,0.9948,0.0131,0,BENIGN,,-1,,-1,,,false,NO_VEP,"Structural-only assessment (LSSIM=0.995, global SSIM=1.000). VEP not available for this locus.",Benign,ClinVar_Benign,-1,POSITION
VCV000802606,87932987,.,.,c.254-26A>T,,intronic,Conflicting classifications of pathogenicity,0.9997,0.9945,0.0133,0,BENIGN,,-1,,-1,,,false,NO_VEP,"Structural-only assessment (LSSIM=0.995, global SSIM=1.000). VEP not available for this locus.",Pathogenic,ClinVar_Pathogenic,-1,POSITION
VCV000802607,87932990,.,.,c.254-23C>T,,intronic,Benign,0.9997,0.9944,0.0135,0,BENIGN,,-1,,-1,,,false,NO_VEP,"Structural-only assessment (LSSIM=0.994, global SSIM=1.000). VEP not available for this locus.",Benign,ClinVar_Benign,-1,POSITION
VCV000873326,87932992,.,.,c.254-21G>C,,intronic,Likely pathogenic,0.9997,0.9951,0.0128,0,BENIGN,,-1,,-1,,,false,NO_VEP,"Structural-only assessment (LSSIM=0.995, global SSIM=1.000). VEP not available for this locus.",Pathogenic,ClinVar_Pathogenic,-1,POSITION
VCV003677718,87932993,.,.,c.254-20A>T,,intronic,Likely benign,0.9997,0.9945,0.0133,0,BENIGN,,-1,,-1,,,false,NO_VEP,"Structural-only assessment (LSSIM=0.994, global SSIM=1.000). VEP not available for this locus.",Benign,ClinVar_Benign,-1,POSITION
VCV002577891,87932993,.,.,c.254-20A>G,,intronic,Conflicting classifications of pathogenicity,0.9997,0.9945,0.0133,0,BENIGN,,-1,,-1,,,false,NO_VEP,"Structural-only assessment (LSSIM=0.994, global SSIM=1.000). VEP not available for this locus.",Pathogenic,ClinVar_Pathogenic,-1,POSITION
VCV002050752,87932993,.,.,c.254-20A>C,,intronic,Likely benign,0.9997,0.9945,0.0133,0,BENIGN,,-1,,-1,,,false,NO_VEP,"Structural-only assessment (LSSIM=0.994, global SSIM=1.000). VEP not available for this locus.",Benign,ClinVar_Benign,-1,POSITION
VCV003904174,87932994,.,.,c.254-19G>C,,intronic,Likely benign,0.9997,0.9941,0.014,0,BENIGN,,-1,,-1,,,false,NO_VEP,"Structural-only assessment (LSSIM=0.994, global SSIM=1.000). VEP not available for this locus.",Benign,ClinVar_Benign,-1,POSITION
VCV002873711,87932995,.,.,c.254-18G>T,,intronic,Conflicting classifications of pathogenicity,0.9996,0.9932,0.0148,0,BENIGN,,-1,,-1,,,false,NO_VEP,"Structural-only assessment (LSSIM=0.993, global SSIM=1.000). VEP not available for this locus.",Pathogenic,ClinVar_Pathogenic,-1,POSITION
VCV003903772,87932996,.,.,c.254-17T>C,,intronic,Likely benign,0.9996,0.9934,0.0144,0,BENIGN,,-1,,-1,,,false,NO_VEP,"Structural-only assessment (LSSIM=0.993, global SSIM=1.000). VEP not available for this locus.",Benign,ClinVar_Benign,-1,POSITION
VCV000380307,87932996,.,.,c.254-17T>G,,intronic,Likely benign,0.9996,0.9934,0.0144,0,BENIGN,,-1,,-1,,,false,NO_VEP,"Structural-only assessment (LSSIM=0.993, global SSIM=1.000). VEP not available for this locus.",Benign,ClinVar_Benign,-1,POSITION
VCV002018365,87932998,.,.,c.254-15A>G,,intronic,Likely benign,0.9996,0.9939,0.0139,0,BENIGN,,-1,,-1,,,false,NO_VEP,"Structural-only assessment (LSSIM=0.994, global SSIM=1.000). VEP not available for this locus.",Benign,ClinVar_Benign,-1,POSITION
VCV001595940,87933001,.,.,c.254-12T>G,,intronic,Likely benign,0.9996,0.9934,0.0146,0,BENIGN,,-1,,-1,,,false,NO_VEP,"Structural-only assessment (LSSIM=0.993, global SSIM=1.000). VEP not available for this locus.",Benign,ClinVar_Benign,-1,POSITION
VCV001556355,87933002,.,.,c.254-11T>C,,intronic,Likely benign,0.9997,0.9945,0.0135,0,BENIGN,,-1,,-1,,,false,NO_VEP,"Structural-only assessment (LSSIM=0.994, global SSIM=1.000). VEP not available for this locus.",Benign,ClinVar_Benign,-1,POSITION
VCV000468677,87933003,.,.,c.254-10T>C,,intronic,Likely benign,0.9997,0.9945,0.0135,0,BENIGN,,-1,,-1,,,false,NO_VEP,"Structural-only assessment (LSSIM=0.994, global SSIM=1.000). VEP not available for this locus.",Benign,ClinVar_Benign,-1,POSITION
VCV001119572,87933006,.,.,c.254-7A>G,,intronic,Likely benign,0.9997,0.9941,0.0138,0,BENIGN,,-1,,-1,,,false,NO_VEP,"Structural-only assessment (LSSIM=0.994, global SSIM=1.000). VEP not available for this locus.",Benign,ClinVar_Benign,-1,POSITION
VCV002663545,87933007,.,.,c.254-6C>G,,intronic,Conflicting classifications of pathogenicity,0.9996,0.9935,0.0142,0,BENIGN,,-1,,-1,,,false,NO_VEP,"Structural-only assessment (LSSIM=0.994, global SSIM=1.000). VEP not available for this locus.",Pathogenic,ClinVar_Pathogenic,-1,POSITION
VCV000379202,87933007,.,.,c.254-6C>T,,intronic,Conflicting classifications of pathogenicity,0.9996,0.9935,0.0142,0,BENIGN,,-1,,-1,,,false,NO_VEP,"Structural-only assessment (LSSIM=0.994, global SSIM=1.000). VEP not available for this locus.",Pathogenic,ClinVar_Pathogenic,-1,POSITION
VCV000821448,87933008,.,.,c.254-5C>T,,intronic,Conflicting classifications of pathogenicity,0.9997,0.995,0.0131,0,BENIGN,,-1,,-1,,,false,NO_VEP,"Structural-only assessment (LSSIM=0.995, global SSIM=1.000). VEP not available for this locus.",Pathogenic,ClinVar_Pathogenic,-1,POSITION
VCV001912465,87933009,.,.,c.254-4A>G,,intronic,Likely benign,0.9997,0.9946,0.0132,0,BENIGN,,-1,,-1,,,false,NO_VEP,"Structural-only assessment (LSSIM=0.995, global SSIM=1.000). VEP not available for this locus.",Benign,ClinVar_Benign,-1,POSITION
VCV000377376,87933012,.,.,c.254-1G>A,,splice,Pathogenic/Likely pathogenic,0.9996,0.9933,0.015,0,BENIGN,,-1,,-1,,,false,NO_VEP,"Structural-only assessment (LSSIM=0.993, global SSIM=1.000). VEP not available for this locus.",Pathogenic,ClinVar_Pathogenic,-1,POSITION
VCV000821476,87933014,.,.,c.255T>C,p.Val85=,synonymous,Conflicting classifications of pathogenicity,0.9997,0.9945,0.0133,0,BENIGN,,-1,,-1,,,false,NO_VEP,"Structural-only assessment (LSSIM=0.994, global SSIM=1.000). VEP not available for this locus.",Pathogenic,ClinVar_Pathogenic,-1,POSITION
VCV000135909,87933017,.,.,c.258A>G,p.Ala86=,synonymous,Conflicting classifications of pathogenicity,0.9997,0.9948,0.0133,0,BENIGN,,-1,,-1,,,false,NO_VEP,"Structural-only assessment (LSSIM=0.995, global SSIM=1.000). VEP not available for this locus.",Pathogenic,ClinVar_Pathogenic,-1,POSITION
VCV000468678,87933018,.,.,c.259C>T,p.Gln87Ter,nonsense,Pathogenic/Likely pathogenic,0.9996,0.9935,0.0142,0,BENIGN,,-1,,-1,,,false,NO_VEP,"Structural-only assessment (LSSIM=0.994, global SSIM=1.000). VEP not available for this locus.",Pathogenic,ClinVar_Pathogenic,-1,POSITION
VCV000187128,87933020,.,.,c.261A>G,p.Gln87=,synonymous,Conflicting classifications of pathogenicity,0.9997,0.9946,0.0133,0,BENIGN,,-1,,-1,,,false,NO_VEP,"Structural-only assessment (LSSIM=0.995, global SSIM=1.000). VEP not available for this locus.",Pathogenic,ClinVar_Pathogenic,-1,POSITION
VCV002674308,87933023,.,.,c.264T>G,p.Tyr88Ter,nonsense,Pathogenic,0.9996,0.9938,0.014,0,BENIGN,,-1,,-1,,,false,NO_VEP,"Structural-only assessment (LSSIM=0.994, global SSIM=1.000). VEP not available for this locus.",Pathogenic,ClinVar_Pathogenic,-1,POSITION
VCV000545958,87933023,.,.,c.264T>A,p.Tyr88Ter,nonsense,Pathogenic,0.9996,0.9938,0.014,0,BENIGN,,-1,,-1,,,false,NO_VEP,"Structural-only assessment (LSSIM=0.994, global SSIM=1.000). VEP not available for this locus.",Pathogenic,ClinVar_Pathogenic,-1,POSITION
VCV000484615,87933023,.,.,c.264T>C,p.Tyr88=,synonymous,Benign/Likely benign,0.9996,0.9938,0.014,0,BENIGN,,-1,,-1,,,false,NO_VEP,"Structural-only assessment (LSSIM=0.994, global SSIM=1.000). VEP not available for this locus.",Benign,ClinVar_Benign,-1,POSITION
VCV003726472,87933026,.,.,c.267T>G,p.Pro89=,synonymous,Likely benign,0.9996,0.994,0.0138,0,BENIGN,,-1,,-1,,,false,NO_VEP,"Structural-only assessment (LSSIM=0.994, global SSIM=1.000). VEP not available for this locus.",Benign,ClinVar_Benign,-1,POSITION
VCV000976246,87933028,.,.,c.269T>C,p.Phe90Ser,missense,Pathogenic/Likely pathogenic,0.9997,0.9945,0.0135,0,BENIGN,,-1,,-1,,,false,NO_VEP,"Structural-only assessment (LSSIM=0.994, global SSIM=1.000). VEP not available for this locus.",Pathogenic,ClinVar_Pathogenic,-1,POSITION
VCV002674312,87933030,.,.,c.271G>T,p.Glu91Ter,nonsense,Pathogenic,0.9997,0.9953,0.0127,0,BENIGN,,-1,,-1,,,false,NO_VEP,"Structural-only assessment (LSSIM=0.995, global SSIM=1.000). VEP not available for this locus.",Pathogenic,ClinVar_Pathogenic,-1,POSITION
VCV001110738,87933032,.,.,c.273A>G,p.Glu91=,synonymous,Benign/Likely benign,0.9997,0.9948,0.0127,0,BENIGN,,-1,,-1,,,false,NO_VEP,"Structural-only assessment (LSSIM=0.995, global SSIM=1.000). VEP not available for this locus.",Benign,ClinVar_Benign,-1,POSITION
VCV004527406,87933033,.,.,c.274G>A,p.Asp92Asn,missense,Likely pathogenic,0.9996,0.993,0.0152,0,BENIGN,,-1,,-1,,,false,NO_VEP,"Structural-only assessment (LSSIM=0.993, global SSIM=1.000). VEP not available for this locus.",Pathogenic,ClinVar_Pathogenic,-1,POSITION
VCV000468679,87933033,.,.,c.274G>T,p.Asp92Tyr,missense,Pathogenic/Likely pathogenic,0.9996,0.993,0.0152,0,BENIGN,,-1,,-1,,,false,NO_VEP,"Structural-only assessment (LSSIM=0.993, global SSIM=1.000). VEP not available for this locus.",Pathogenic,ClinVar_Pathogenic,-1,POSITION
VCV001795656,87933034,.,.,c.275A>T,p.Asp92Val,missense,Pathogenic,0.9997,0.9947,0.0131,0,BENIGN,,-1,,-1,,,false,NO_VEP,"Structural-only assessment (LSSIM=0.995, global SSIM=1.000). VEP not available for this locus.",Pathogenic,ClinVar_Pathogenic,-1,POSITION
VCV000565960,87933034,.,.,c.275A>G,p.Asp92Gly,missense,Pathogenic/Likely pathogenic,0.9997,0.9947,0.0131,0,BENIGN,,-1,,-1,,,false,NO_VEP,"Structural-only assessment (LSSIM=0.995, global SSIM=1.000). VEP not available for this locus.",Pathogenic,ClinVar_Pathogenic,-1,POSITION
VCV000428196,87933034,.,.,c.275A>C,p.Asp92Ala,missense,Pathogenic/Likely pathogenic,0.9997,0.9947,0.0131,0,BENIGN,,-1,,-1,,,false,NO_VEP,"Structural-only assessment (LSSIM=0.995, global SSIM=1.000). VEP not available for this locus.",Pathogenic,ClinVar_Pathogenic,-1,POSITION
VCV001043062,87933035,.,.,c.276C>G,p.Asp92Glu,missense,Conflicting classifications of pathogenicity,0.9996,0.9936,0.0145,0,BENIGN,,-1,,-1,,,false,NO_VEP,"Structural-only assessment (LSSIM=0.994, global SSIM=1.000). VEP not available for this locus.",Pathogenic,ClinVar_Pathogenic,-1,POSITION
VCV003903434,87933035,.,.,c.276C>T,p.Asp92=,synonymous,Benign,0.9996,0.9936,0.0145,0,BENIGN,,-1,,-1,,,false,NO_VEP,"Structural-only assessment (LSSIM=0.994, global SSIM=1.000). VEP not available for this locus.",Benign,ClinVar_Benign,-1,POSITION
VCV000646993,87933036,.,.,c.277C>T,p.His93Tyr,missense,Pathogenic/Likely pathogenic,0.9997,0.9953,0.0124,0,BENIGN,,-1,,-1,,,false,NO_VEP,"Structural-only assessment (LSSIM=0.995, global SSIM=1.000). VEP not available for this locus.",Pathogenic,ClinVar_Pathogenic,-1,POSITION
VCV000523356,87933036,.,.,c.277C>A,p.His93Asn,missense,Likely pathogenic,0.9997,0.9953,0.0124,0,BENIGN,,-1,,-1,,,false,NO_VEP,"Structural-only assessment (LSSIM=0.995, global SSIM=1.000). VEP not available for this locus.",Pathogenic,ClinVar_Pathogenic,-1,POSITION
VCV000189482,87933036,.,.,c.277C>G,p.His93Asp,missense,Likely pathogenic,0.9997,0.9953,0.0124,0,BENIGN,,-1,,-1,,,false,NO_VEP,"Structural-only assessment (LSSIM=0.995, global SSIM=1.000). VEP not available for this locus.",Pathogenic,ClinVar_Pathogenic,-1,POSITION
VCV000468680,87933037,.,.,c.278A>C,p.His93Pro,missense,Likely pathogenic,0.9996,0.9936,0.0138,0,BENIGN,,-1,,-1,,,false,NO_VEP,"Structural-only assessment (LSSIM=0.994, global SSIM=1.000). VEP not available for this locus.",Pathogenic,ClinVar_Pathogenic,-1,POSITION
VCV000007848,87933037,.,.,c.278A>G,p.His93Arg,missense,Pathogenic,0.9996,0.9936,0.0138,0,BENIGN,,-1,,-1,,,false,NO_VEP,"Structural-only assessment (LSSIM=0.994, global SSIM=1.000). VEP not available for this locus.",Pathogenic,ClinVar_Pathogenic,-1,POSITION
VCV001559299,87933038,.,.,c.279T>C,p.His93=,synonymous,Benign/Likely benign,0.9997,0.9941,0.0136,0,BENIGN,,-1,,-1,,,false,NO_VEP,"Structural-only assessment (LSSIM=0.994, global SSIM=1.000). VEP not available for this locus.",Benign,ClinVar_Benign,-1,POSITION
VCV000718232,87933041,.,.,c.282C>T,p.Asn94=,synonymous,Likely benign,0.9997,0.9947,0.0131,0,BENIGN,,-1,,-1,,,false,NO_VEP,"Structural-only assessment (LSSIM=0.995, global SSIM=1.000). VEP not available for this locus.",Benign,ClinVar_Benign,-1,POSITION
VCV001796695,87933042,.,.,c.283C>G,p.Pro95Ala,missense,Conflicting classifications of pathogenicity,0.9997,0.9945,0.0134,0,BENIGN,,-1,,-1,,,false,NO_VEP,"Structural-only assessment (LSSIM=0.995, global SSIM=1.000). VEP not available for this locus.",Pathogenic,ClinVar_Pathogenic,-1,POSITION
VCV001381124,87933042,.,.,c.283C>T,p.Pro95Ser,missense,Conflicting classifications of pathogenicity,0.9997,0.9945,0.0134,0,BENIGN,,-1,,-1,,,false,NO_VEP,"Structural-only assessment (LSSIM=0.995, global SSIM=1.000). VEP not available for this locus.",Pathogenic,ClinVar_Pathogenic,-1,POSITION
VCV000189403,87933043,.,.,c.284C>T,p.Pro95Leu,missense,Pathogenic,0.9997,0.9951,0.0128,0,BENIGN,,-1,,-1,,,false,NO_VEP,"Structural-only assessment (LSSIM=0.995, global SSIM=1.000). VEP not available for this locus.",Pathogenic,ClinVar_Pathogenic,-1,POSITION
VCV000280630,87933045,.,.,c.286C>G,p.Pro96Ala,missense,Conflicting classifications of pathogenicity,0.9997,0.9945,0.0133,0,BENIGN,,-1,,-1,,,false,NO_VEP,"Structural-only assessment (LSSIM=0.994, global SSIM=1.000). VEP not available for this locus.",Pathogenic,ClinVar_Pathogenic,-1,POSITION
VCV000092819,87933045,.,.,c.286C>T,p.Pro96Ser,missense,Pathogenic,0.9997,0.9945,0.0133,0,BENIGN,,-1,,-1,,,false,NO_VEP,"Structural-only assessment (LSSIM=0.994, global SSIM=1.000). VEP not available for this locus.",Pathogenic,ClinVar_Pathogenic,-1,POSITION
VCV001457597,87933046,.,.,c.287C>A,p.Pro96Gln,missense,Pathogenic/Likely pathogenic,0.9997,0.9946,0.0132,0,BENIGN,,-1,,-1,,,false,NO_VEP,"Structural-only assessment (LSSIM=0.995, global SSIM=1.000). VEP not available for this locus.",Pathogenic,ClinVar_Pathogenic,-1,POSITION
VCV000492730,87933046,.,.,c.287C>G,p.Pro96Arg,missense,Pathogenic/Likely pathogenic,0.9997,0.9946,0.0132,0,BENIGN,,-1,,-1,,,false,NO_VEP,"Structural-only assessment (LSSIM=0.995, global SSIM=1.000). VEP not available for this locus.",Pathogenic,ClinVar_Pathogenic,-1,POSITION
VCV000449089,87933046,.,.,c.287C>T,p.Pro96Leu,missense,Likely pathogenic,0.9997,0.9946,0.0132,0,BENIGN,,-1,,-1,,,false,NO_VEP,"Structural-only assessment (LSSIM=0.995, global SSIM=1.000). VEP not available for this locus.",Pathogenic,ClinVar_Pathogenic,-1,POSITION
VCV003904193,87933047,.,.,c.288A>C,p.Pro96=,synonymous,Benign,0.9996,0.9935,0.0144,0,BENIGN,,-1,,-1,,,false,NO_VEP,"Structural-only assessment (LSSIM=0.993, global SSIM=1.000). VEP not available for this locus.",Benign,ClinVar_Benign,-1,POSITION
VCV000482070,87933047,.,.,c.288A>G,p.Pro96=,synonymous,Benign/Likely benign,0.9996,0.9935,0.0144,0,BENIGN,,-1,,-1,,,false,NO_VEP,"Structural-only assessment (LSSIM=0.993, global SSIM=1.000). VEP not available for this locus.",Benign,ClinVar_Benign,-1,POSITION
VCV000189483,87933048,.,.,c.289C>T,p.Gln97Ter,nonsense,Pathogenic,0.9996,0.9933,0.0147,0,BENIGN,,-1,,-1,,,false,NO_VEP,"Structural-only assessment (LSSIM=0.993, global SSIM=1.000). VEP not available for this locus.",Pathogenic,ClinVar_Pathogenic,-1,POSITION
VCV000627805,87933050,.,.,c.291G>A,p.Gln97=,synonymous,Benign/Likely benign,0.9997,0.9952,0.0125,0,BENIGN,,-1,,-1,,,false,NO_VEP,"Structural-only assessment (LSSIM=0.995, global SSIM=1.000). VEP not available for this locus.",Benign,ClinVar_Benign,-1,POSITION
VCV003311245,87933051,.,.,c.292C>T,p.Leu98=,synonymous,Likely benign,0.9997,0.9945,0.0136,0,BENIGN,,-1,,-1,,,false,NO_VEP,"Structural-only assessment (LSSIM=0.995, global SSIM=1.000). VEP not available for this locus.",Benign,ClinVar_Benign,-1,POSITION
VCV003767590,87933052,.,.,c.293T>C,p.Leu98Pro,missense,Pathogenic,0.9997,0.9941,0.014,0,BENIGN,,-1,,-1,,,false,NO_VEP,"Structural-only assessment (LSSIM=0.994, global SSIM=1.000). VEP not available for this locus.",Pathogenic,ClinVar_Pathogenic,-1,POSITION
VCV000404143,87933052,.,.,c.293T>G,p.Leu98Arg,missense,Pathogenic/Likely pathogenic,0.9997,0.9941,0.014,0,BENIGN,,-1,,-1,,,false,NO_VEP,"Structural-only assessment (LSSIM=0.994, global SSIM=1.000). VEP not available for this locus.",Pathogenic,ClinVar_Pathogenic,-1,POSITION
VCV000232812,87933053,.,.,c.294A>G,p.Leu98=,synonymous,Benign/Likely benign,0.9996,0.9932,0.0144,0,BENIGN,,-1,,-1,,,false,NO_VEP,"Structural-only assessment (LSSIM=0.993, global SSIM=1.000). VEP not available for this locus.",Benign,ClinVar_Benign,-1,POSITION
VCV003311246,87933056,.,.,c.297A>G,p.Glu99=,synonymous,Likely benign,0.9997,0.9949,0.0132,0,BENIGN,,-1,,-1,,,false,NO_VEP,"Structural-only assessment (LSSIM=0.995, global SSIM=1.000). VEP not available for this locus.",Benign,ClinVar_Benign,-1,POSITION
VCV001207213,87933057,.,.,c.298C>T,p.Leu100Phe,missense,Likely pathogenic,0.9996,0.994,0.0137,0,BENIGN,,-1,,-1,,,false,NO_VEP,"Structural-only assessment (LSSIM=0.994, global SSIM=1.000). VEP not available for this locus.",Pathogenic,ClinVar_Pathogenic,-1,POSITION
VCV003311253,87933059,.,.,c.300T>C,p.Leu100=,synonymous,Likely benign,0.9997,0.9944,0.0134,0,BENIGN,,-1,,-1,,,false,NO_VEP,"Structural-only assessment (LSSIM=0.994, global SSIM=1.000). VEP not available for this locus.",Benign,ClinVar_Benign,-1,POSITION
VCV000822660,87933061,.,.,c.302T>C,p.Ile101Thr,missense,Pathogenic/Likely pathogenic,0.9997,0.9942,0.0139,0,BENIGN,,-1,,-1,,,false,NO_VEP,"Structural-only assessment (LSSIM=0.994, global SSIM=1.000). VEP not available for this locus.",Pathogenic,ClinVar_Pathogenic,-1,POSITION
VCV000648578,87933061,.,.,c.302T>A,p.Ile101Asn,missense,Pathogenic/Likely pathogenic,0.9997,0.9942,0.0139,0,BENIGN,,-1,,-1,,,false,NO_VEP,"Structural-only assessment (LSSIM=0.994, global SSIM=1.000). VEP not available for this locus.",Pathogenic,ClinVar_Pathogenic,-1,POSITION
VCV003904323,87933062,.,.,c.303C>A,p.Ile101=,synonymous,Benign,0.9997,0.9947,0.0127,0,BENIGN,,-1,,-1,,,false,NO_VEP,"Structural-only assessment (LSSIM=0.995, global SSIM=1.000). VEP not available for this locus.",Benign,ClinVar_Benign,-1,POSITION
VCV001646116,87933062,.,.,c.303C>T,p.Ile101=,synonymous,Benign/Likely benign,0.9997,0.9947,0.0127,0,BENIGN,,-1,,-1,,,false,NO_VEP,"Structural-only assessment (LSSIM=0.995, global SSIM=1.000). VEP not available for this locus.",Benign,ClinVar_Benign,-1,POSITION
VCV001074078,87933063,.,.,c.304A>T,p.Lys102Ter,nonsense,Pathogenic,0.9997,0.9942,0.0138,0,BENIGN,,-1,,-1,,,false,NO_VEP,"Structural-only assessment (LSSIM=0.994, global SSIM=1.000). VEP not available for this locus.",Pathogenic,ClinVar_Pathogenic,-1,POSITION
VCV001727566,87933068,.,.,c.309C>T,p.Pro103=,synonymous,Likely benign,0.9996,0.9935,0.0144,0,BENIGN,,-1,,-1,,,false,NO_VEP,"Structural-only assessment (LSSIM=0.994, global SSIM=1.000). VEP not available for this locus.",Benign,ClinVar_Benign,-1,POSITION
VCV001591196,87933068,.,.,c.309C>G,p.Pro103=,synonymous,Likely benign,0.9996,0.9935,0.0144,0,BENIGN,,-1,,-1,,,false,NO_VEP,"Structural-only assessment (LSSIM=0.994, global SSIM=1.000). VEP not available for this locus.",Benign,ClinVar_Benign,-1,POSITION
VCV002091925,87933070,.,.,c.311T>C,p.Phe104Ser,missense,Conflicting classifications of pathogenicity,0.9997,0.9942,0.0137,0,BENIGN,,-1,,-1,,,false,NO_VEP,"Structural-only assessment (LSSIM=0.994, global SSIM=1.000). VEP not available for this locus.",Pathogenic,ClinVar_Pathogenic,-1,POSITION
VCV003231150,87933071,.,.,c.312T>C,p.Phe104=,synonymous,Likely benign,0.9997,0.9948,0.013,0,BENIGN,,-1,,-1,,,false,NO_VEP,"Structural-only assessment (LSSIM=0.995, global SSIM=1.000). VEP not available for this locus.",Benign,ClinVar_Benign,-1,POSITION
VCV002628372,87933072,.,.,c.313T>C,p.Cys105Arg,missense,Likely pathogenic,0.9997,0.994,0.0137,0,BENIGN,,-1,,-1,,,false,NO_VEP,"Structural-only assessment (LSSIM=0.994, global SSIM=1.000). VEP not available for this locus.",Pathogenic,ClinVar_Pathogenic,-1,POSITION
VCV001728081,87933072,.,.,c.313T>G,p.Cys105Gly,missense,Likely pathogenic,0.9997,0.994,0.0137,0,BENIGN,,-1,,-1,,,false,NO_VEP,"Structural-only assessment (LSSIM=0.994, global SSIM=1.000). VEP not available for this locus.",Pathogenic,ClinVar_Pathogenic,-1,POSITION
VCV003720944,87933073,.,.,c.314G>T,p.Cys105Phe,missense,Conflicting classifications of pathogenicity,0.9996,0.9926,0.0152,0,BENIGN,,-1,,-1,,,false,NO_VEP,"Structural-only assessment (LSSIM=0.993, global SSIM=1.000). VEP not available for this locus.",Pathogenic,ClinVar_Pathogenic,-1,POSITION
VCV000142261,87933073,.,.,c.314G>A,p.Cys105Tyr,missense,Pathogenic,0.9996,0.9926,0.0152,0,BENIGN,,-1,,-1,,,false,NO_VEP,"Structural-only assessment (LSSIM=0.993, global SSIM=1.000). VEP not available for this locus.",Pathogenic,ClinVar_Pathogenic,-1,POSITION
VCV000427579,87933075,.,.,c.316G>T,p.Glu106Ter,nonsense,Pathogenic,0.9996,0.9938,0.014,0,BENIGN,,-1,,-1,,,false,NO_VEP,"Structural-only assessment (LSSIM=0.994, global SSIM=1.000). VEP not available for this locus.",Pathogenic,ClinVar_Pathogenic,-1,POSITION
VCV000484614,87933078,.,.,c.319G>T,p.Asp107Tyr,missense,Pathogenic,0.9997,0.9941,0.0137,0,BENIGN,,-1,,-1,,,false,NO_VEP,"Structural-only assessment (LSSIM=0.994, global SSIM=1.000). VEP not available for this locus.",Pathogenic,ClinVar_Pathogenic,-1,POSITION
VCV001728902,87933079,.,.,c.320A>G,p.Asp107Gly,missense,Likely pathogenic,0.9997,0.9949,0.0128,0,BENIGN,,-1,,-1,,,false,NO_VEP,"Structural-only assessment (LSSIM=0.995, global SSIM=1.000). VEP not available for this locus.",Pathogenic,ClinVar_Pathogenic,-1,POSITION
VCV000372481,87933079,.,.,c.320A>T,p.Asp107Val,missense,Pathogenic,0.9997,0.9949,0.0128,0,BENIGN,,-1,,-1,,,false,NO_VEP,"Structural-only assessment (LSSIM=0.995, global SSIM=1.000). VEP not available for this locus.",Pathogenic,ClinVar_Pathogenic,-1,POSITION
VCV000184413,87933080,.,.,c.321T>C,p.Asp107=,synonymous,Benign/Likely benign,0.9997,0.9953,0.0123,0,BENIGN,,-1,,-1,,,false,NO_VEP,"Structural-only assessment (LSSIM=0.995, global SSIM=1.000). VEP not available for this locus.",Benign,ClinVar_Benign,-1,POSITION
VCV002562403,87933081,.,.,c.322C>T,p.Leu108Phe,missense,Likely pathogenic,0.9996,0.9937,0.0142,0,BENIGN,,-1,,-1,,,false,NO_VEP,"Structural-only assessment (LSSIM=0.994, global SSIM=1.000). VEP not available for this locus.",Pathogenic,ClinVar_Pathogenic,-1,POSITION
VCV002764628,87933082,.,.,c.323T>G,p.Leu108Arg,missense,Likely pathogenic,0.9997,0.994,0.0138,0,BENIGN,,-1,,-1,,,false,NO_VEP,"Structural-only assessment (LSSIM=0.994, global SSIM=1.000). VEP not available for this locus.",Pathogenic,ClinVar_Pathogenic,-1,POSITION
VCV000418436,87933082,.,.,c.323T>C,p.Leu108Pro,missense,Pathogenic/Likely pathogenic,0.9997,0.994,0.0138,0,BENIGN,,-1,,-1,,,false,NO_VEP,"Structural-only assessment (LSSIM=0.994, global SSIM=1.000). VEP not available for this locus.",Pathogenic,ClinVar_Pathogenic,-1,POSITION
VCV003903837,87933083,.,.,c.324T>A,p.Leu108=,synonymous,Benign,0.9997,0.9943,0.0137,0,BENIGN,,-1,,-1,,,false,NO_VEP,"Structural-only assessment (LSSIM=0.994, global SSIM=1.000). VEP not available for this locus.",Benign,ClinVar_Benign,-1,POSITION
VCV003708849,87933083,.,.,c.324T>C,p.Leu108=,synonymous,Benign/Likely benign,0.9997,0.9943,0.0137,0,BENIGN,,-1,,-1,,,false,NO_VEP,"Structural-only assessment (LSSIM=0.994, global SSIM=1.000). VEP not available for this locus.",Benign,ClinVar_Benign,-1,POSITION
VCV003231152,87933083,.,.,c.324T>G,p.Leu108=,synonymous,Likely benign,0.9997,0.9943,0.0137,0,BENIGN,,-1,,-1,,,false,NO_VEP,"Structural-only assessment (LSSIM=0.994, global SSIM=1.000). VEP not available for this locus.",Benign,ClinVar_Benign,-1,POSITION
VCV001729713,87933086,.,.,c.327C>T,p.Asp109=,synonymous,Likely benign,0.9997,0.9941,0.0139,0,BENIGN,,-1,,-1,,,false,NO_VEP,"Structural-only assessment (LSSIM=0.994, global SSIM=1.000). VEP not available for this locus.",Benign,ClinVar_Benign,-1,POSITION
VCV000428229,87933087,.,.,c.328C>G,p.Gln110Glu,missense,Conflicting classifications of pathogenicity,0.9997,0.9946,0.013,0,BENIGN,,-1,,-1,,,false,NO_VEP,"Structural-only assessment (LSSIM=0.995, global SSIM=1.000). VEP not available for this locus.",Pathogenic,ClinVar_Pathogenic,-1,POSITION
VCV000428203,87933087,.,.,c.328C>T,p.Gln110Ter,nonsense,Pathogenic,0.9997,0.9946,0.013,0,BENIGN,,-1,,-1,,,false,NO_VEP,"Structural-only assessment (LSSIM=0.995, global SSIM=1.000). VEP not available for this locus.",Pathogenic,ClinVar_Pathogenic,-1,POSITION
VCV000185102,87933089,.,.,c.330A>G,p.Gln110=,synonymous,Benign/Likely benign,0.9997,0.9943,0.0137,0,BENIGN,,-1,,-1,,,false,NO_VEP,"Structural-only assessment (LSSIM=0.994, global SSIM=1.000). VEP not available for this locus.",Benign,ClinVar_Benign,-1,POSITION
VCV000092820,87933090,.,.,c.331T>C,p.Trp111Arg,missense,Pathogenic,0.9997,0.9953,0.0127,0,BENIGN,,-1,,-1,,,false,NO_VEP,"Structural-only assessment (LSSIM=0.995, global SSIM=1.000). VEP not available for this locus.",Pathogenic,ClinVar_Pathogenic,-1,POSITION
VCV002447221,87933091,.,.,c.332G>A,p.Trp111Ter,nonsense,Pathogenic,0.9997,0.9948,0.0133,0,BENIGN,,-1,,-1,,,false,NO_VEP,"Structural-only assessment (LSSIM=0.995, global SSIM=1.000). VEP not available for this locus.",Pathogenic,ClinVar_Pathogenic,-1,POSITION
VCV003669092,87933092,.,.,c.333G>T,p.Trp111Cys,missense,Pathogenic,0.9997,0.9945,0.0131,0,BENIGN,,-1,,-1,,,false,NO_VEP,"Structural-only assessment (LSSIM=0.995, global SSIM=1.000). VEP not available for this locus.",Pathogenic,ClinVar_Pathogenic,-1,POSITION
VCV000484609,87933092,.,.,c.333G>A,p.Trp111Ter,nonsense,Pathogenic,0.9997,0.9945,0.0131,0,BENIGN,,-1,,-1,,,false,NO_VEP,"Structural-only assessment (LSSIM=0.995, global SSIM=1.000). VEP not available for this locus.",Pathogenic,ClinVar_Pathogenic,-1,POSITION
VCV001406308,87933093,.,.,c.334C>G,p.Leu112Val,missense,Likely pathogenic,0.9996,0.9939,0.0137,0,BENIGN,,-1,,-1,,,false,NO_VEP,"Structural-only assessment (LSSIM=0.994, global SSIM=1.000). VEP not available for this locus.",Pathogenic,ClinVar_Pathogenic,-1,POSITION
VCV003904419,87933093,.,.,c.334C>T,p.Leu112=,synonymous,Benign,0.9996,0.9939,0.0137,0,BENIGN,,-1,,-1,,,false,NO_VEP,"Structural-only assessment (LSSIM=0.994, global SSIM=1.000). VEP not available for this locus.",Benign,ClinVar_Benign,-1,POSITION
VCV002674303,87933094,.,.,c.335T>G,p.Leu112Arg,missense,Pathogenic,0.9997,0.9951,0.0128,0,BENIGN,,-1,,-1,,,false,NO_VEP,"Structural-only assessment (LSSIM=0.995, global SSIM=1.000). VEP not available for this locus.",Pathogenic,ClinVar_Pathogenic,-1,POSITION
VCV002567268,87933094,.,.,c.335T>A,p.Leu112Gln,missense,Conflicting classifications of pathogenicity,0.9997,0.9951,0.0128,0,BENIGN,,-1,,-1,,,false,NO_VEP,"Structural-only assessment (LSSIM=0.995, global SSIM=1.000). VEP not available for this locus.",Pathogenic,ClinVar_Pathogenic,-1,POSITION
VCV000007832,87933094,.,.,c.335T>C,p.Leu112Pro,missense,Pathogenic,0.9997,0.9951,0.0128,0,BENIGN,,-1,,-1,,,false,NO_VEP,"Structural-only assessment (LSSIM=0.995, global SSIM=1.000). VEP not available for this locus.",Pathogenic,ClinVar_Pathogenic,-1,POSITION
VCV003903466,87933095,.,.,c.336A>G,p.Leu112=,synonymous,Benign,0.9997,0.9945,0.0132,0,BENIGN,,-1,,-1,,,false,NO_VEP,"Structural-only assessment (LSSIM=0.995, global SSIM=1.000). VEP not available for this locus.",Benign,ClinVar_Benign,-1,POSITION
VCV002674336,87933099,.,.,c.340G>T,p.Glu114Ter,nonsense,Pathogenic,0.9996,0.994,0.014,0,BENIGN,,-1,,-1,,,false,NO_VEP,"Structural-only assessment (LSSIM=0.994, global SSIM=1.000). VEP not available for this locus.",Pathogenic,ClinVar_Pathogenic,-1,POSITION
VCV000682576,87933101,.,.,c.342A>G,p.Glu114=,synonymous,Benign/Likely benign,0.9997,0.9946,0.0134,0,BENIGN,,-1,,-1,,,false,NO_VEP,"Structural-only assessment (LSSIM=0.995, global SSIM=1.000). VEP not available for this locus.",Benign,ClinVar_Benign,-1,POSITION
VCV000849802,87933107,.,.,c.348C>A,p.Asp116Glu,missense,Conflicting classifications of pathogenicity,0.9997,0.994,0.0137,0,BENIGN,,-1,,-1,,,false,NO_VEP,"Structural-only assessment (LSSIM=0.994, global SSIM=1.000). VEP not available for this locus.",Pathogenic,ClinVar_Pathogenic,-1,POSITION
VCV000428227,87933107,.,.,c.348C>T,p.Asp116=,synonymous,Benign/Likely benign,0.9997,0.994,0.0137,0,BENIGN,,-1,,-1,,,false,NO_VEP,"Structural-only assessment (LSSIM=0.994, global SSIM=1.000). VEP not available for this locus.",Benign,ClinVar_Benign,-1,POSITION
VCV000185588,87933108,.,.,c.349A>C,p.Asn117His,missense,Conflicting classifications of pathogenicity,0.9997,0.9947,0.0133,0,BENIGN,,-1,,-1,,,false,NO_VEP,"Structural-only assessment (LSSIM=0.995, global SSIM=1.000). VEP not available for this locus.",Pathogenic,ClinVar_Pathogenic,-1,POSITION
VCV000216421,87933109,.,.,c.350A>G,p.Asn117Ser,missense,Conflicting classifications of pathogenicity,0.9996,0.994,0.0141,0,BENIGN,,-1,,-1,,,false,NO_VEP,"Structural-only assessment (LSSIM=0.994, global SSIM=1.000). VEP not available for this locus.",Pathogenic,ClinVar_Pathogenic,-1,POSITION
VCV001087247,87933110,.,.,c.351T>C,p.Asn117=,synonymous,Benign/Likely benign,0.9997,0.9943,0.0133,0,BENIGN,,-1,,-1,,,false,NO_VEP,"Structural-only assessment (LSSIM=0.994, global SSIM=1.000). VEP not available for this locus.",Benign,ClinVar_Benign,-1,POSITION
VCV000565348,87933111,.,.,c.352C>T,p.His118Tyr,missense,Conflicting classifications of pathogenicity,0.9997,0.9943,0.0136,0,BENIGN,,-1,,-1,,,false,NO_VEP,"Structural-only assessment (LSSIM=0.994, global SSIM=1.000). VEP not available for this locus.",Pathogenic,ClinVar_Pathogenic,-1,POSITION
VCV002624869,87933112,.,.,c.353A>C,p.His118Pro,missense,Likely pathogenic,0.9996,0.994,0.0139,0,BENIGN,,-1,,-1,,,false,NO_VEP,"Structural-only assessment (LSSIM=0.994, global SSIM=1.000). VEP not available for this locus.",Pathogenic,ClinVar_Pathogenic,-1,POSITION
VCV000798672,87933113,.,.,c.354T>C,p.His118=,synonymous,Benign/Likely benign,0.9997,0.9944,0.0135,0,BENIGN,,-1,,-1,,,false,NO_VEP,"Structural-only assessment (LSSIM=0.994, global SSIM=1.000). VEP not available for this locus.",Benign,ClinVar_Benign,-1,POSITION
VCV000428226,87933114,.,.,c.355G>C,p.Val119Leu,missense,Likely pathogenic,0.9996,0.9932,0.0146,0,BENIGN,,-1,,-1,,,false,NO_VEP,"Structural-only assessment (LSSIM=0.993, global SSIM=1.000). VEP not available for this locus.",Pathogenic,ClinVar_Pathogenic,-1,POSITION
VCV000428193,87933114,.,.,c.355G>T,p.Val119Phe,missense,Likely pathogenic,0.9996,0.9932,0.0146,0,BENIGN,,-1,,-1,,,false,NO_VEP,"Structural-only assessment (LSSIM=0.993, global SSIM=1.000). VEP not available for this locus.",Pathogenic,ClinVar_Pathogenic,-1,POSITION
VCV003256748,87933115,.,.,c.356T>C,p.Val119Ala,missense,Likely pathogenic,0.9996,0.9938,0.014,0,BENIGN,,-1,,-1,,,false,NO_VEP,"Structural-only assessment (LSSIM=0.994, global SSIM=1.000). VEP not available for this locus.",Pathogenic,ClinVar_Pathogenic,-1,POSITION
VCV000484619,87933115,.,.,c.356T>G,p.Val119Gly,missense,Likely pathogenic,0.9996,0.9938,0.014,0,BENIGN,,-1,,-1,,,false,NO_VEP,"Structural-only assessment (LSSIM=0.994, global SSIM=1.000). VEP not available for this locus.",Pathogenic,ClinVar_Pathogenic,-1,POSITION
VCV000481057,87933116,.,.,c.357T>G,p.Val119=,synonymous,Benign/Likely benign,0.9997,0.9944,0.0135,0,BENIGN,,-1,,-1,,,false,NO_VEP,"Structural-only assessment (LSSIM=0.994, global SSIM=1.000). VEP not available for this locus.",Benign,ClinVar_Benign,-1,POSITION
VCV000189485,87933117,.,.,c.358G>A,p.Ala120Thr,missense,Conflicting classifications of pathogenicity,0.9996,0.9937,0.0145,0,BENIGN,,-1,,-1,,,false,NO_VEP,"Structural-only assessment (LSSIM=0.994, global SSIM=1.000). VEP not available for this locus.",Pathogenic,ClinVar_Pathogenic,-1,POSITION
VCV001626637,87933119,.,.,c.360A>G,p.Ala120=,synonymous,Benign/Likely benign,0.9997,0.9956,0.012,0,BENIGN,,-1,,-1,,,false,NO_VEP,"Structural-only assessment (LSSIM=0.996, global SSIM=1.000). VEP not available for this locus.",Benign,ClinVar_Benign,-1,POSITION
VCV000189426,87933119,.,.,c.360A>C,p.Ala120=,synonymous,Likely benign,0.9997,0.9956,0.012,0,BENIGN,,-1,,-1,,,false,NO_VEP,"Structural-only assessment (LSSIM=0.996, global SSIM=1.000). VEP not available for this locus.",Benign,ClinVar_Benign,-1,POSITION
VCV004677133,87933120,.,.,c.361G>T,p.Ala121Ser,missense,Likely pathogenic,0.9996,0.9938,0.0139,0,BENIGN,,-1,,-1,,,false,NO_VEP,"Structural-only assessment (LSSIM=0.994, global SSIM=1.000). VEP not available for this locus.",Pathogenic,ClinVar_Pathogenic,-1,POSITION
VCV002687614,87933120,.,.,c.361G>C,p.Ala121Pro,missense,Likely pathogenic,0.9996,0.9938,0.0139,0,BENIGN,,-1,,-1,,,false,NO_VEP,"Structural-only assessment (LSSIM=0.994, global SSIM=1.000). VEP not available for this locus.",Pathogenic,ClinVar_Pathogenic,-1,POSITION
VCV002502558,87933120,.,.,c.361G>A,p.Ala121Thr,missense,Likely pathogenic,0.9996,0.9938,0.0139,0,BENIGN,,-1,,-1,,,false,NO_VEP,"Structural-only assessment (LSSIM=0.994, global SSIM=1.000). VEP not available for this locus.",Pathogenic,ClinVar_Pathogenic,-1,POSITION
VCV002674284,87933121,.,.,c.362C>A,p.Ala121Glu,missense,Likely pathogenic,0.9997,0.9942,0.0137,0,BENIGN,,-1,,-1,,,false,NO_VEP,"Structural-only assessment (LSSIM=0.994, global SSIM=1.000). VEP not available for this locus.",Pathogenic,ClinVar_Pathogenic,-1,POSITION
VCV000007842,87933121,.,.,c.362C>G,p.Ala121Gly,missense,Pathogenic,0.9997,0.9942,0.0137,0,BENIGN,,-1,,-1,,,false,NO_VEP,"Structural-only assessment (LSSIM=0.994, global SSIM=1.000). VEP not available for this locus.",Pathogenic,ClinVar_Pathogenic,-1,POSITION
VCV000824039,87933124,.,.,c.365T>G,p.Ile122Ser,missense,Conflicting classifications of pathogenicity,0.9996,0.9941,0.014,0,BENIGN,,-1,,-1,,,false,NO_VEP,"Structural-only assessment (LSSIM=0.994, global SSIM=1.000). VEP not available for this locus.",Pathogenic,ClinVar_Pathogenic,-1,POSITION
VCV000628202,87933125,.,.,c.366T>C,p.Ile122=,synonymous,Likely benign,0.9997,0.9953,0.0125,0,BENIGN,,-1,,-1,,,false,NO_VEP,"Structural-only assessment (LSSIM=0.995, global SSIM=1.000). VEP not available for this locus.",Benign,ClinVar_Benign,-1,POSITION
VCV003572467,87933126,.,.,c.367C>A,p.His123Asn,missense,Likely pathogenic,0.9997,0.9949,0.0126,0,BENIGN,,-1,,-1,,,false,NO_VEP,"Structural-only assessment (LSSIM=0.995, global SSIM=1.000). VEP not available for this locus.",Pathogenic,ClinVar_Pathogenic,-1,POSITION
VCV000428277,87933126,.,.,c.367C>G,p.His123Asp,missense,Pathogenic,0.9997,0.9949,0.0126,0,BENIGN,,-1,,-1,,,false,NO_VEP,"Structural-only assessment (LSSIM=0.995, global SSIM=1.000). VEP not available for this locus.",Pathogenic,ClinVar_Pathogenic,-1,POSITION
VCV000189486,87933126,.,.,c.367C>T,p.His123Tyr,missense,Pathogenic/Likely pathogenic,0.9997,0.9949,0.0126,0,BENIGN,,-1,,-1,,,false,NO_VEP,"Structural-only assessment (LSSIM=0.995, global SSIM=1.000). VEP not available for this locus.",Pathogenic,ClinVar_Pathogenic,-1,POSITION
VCV000007816,87933127,.,.,c.368A>G,p.His123Arg,missense,Pathogenic,0.9997,0.9942,0.0136,0,BENIGN,,-1,,-1,,,false,NO_VEP,"Structural-only assessment (LSSIM=0.994, global SSIM=1.000). VEP not available for this locus.",Pathogenic,ClinVar_Pathogenic,-1,POSITION
VCV000427587,87933128,.,.,c.369C>G,p.His123Gln,missense,Pathogenic/Likely pathogenic,0.9997,0.9945,0.0133,0,BENIGN,,-1,,-1,,,false,NO_VEP,"Structural-only assessment (LSSIM=0.994, global SSIM=1.000). VEP not available for this locus.",Pathogenic,ClinVar_Pathogenic,-1,POSITION
VCV000515681,87933128,.,.,c.369C>T,p.His123=,synonymous,Conflicting classifications of pathogenicity,0.9997,0.9945,0.0133,0,BENIGN,,-1,,-1,,,false,NO_VEP,"Structural-only assessment (LSSIM=0.994, global SSIM=1.000). VEP not available for this locus.",Pathogenic,ClinVar_Pathogenic,-1,POSITION
VCV000824108,87933129,.,.,c.370T>A,p.Cys124Ser,missense,Likely pathogenic,0.9996,0.9939,0.014,0,BENIGN,,-1,,-1,,,false,NO_VEP,"Structural-only assessment (LSSIM=0.994, global SSIM=1.000). VEP not available for this locus.",Pathogenic,ClinVar_Pathogenic,-1,POSITION
VCV000185817,87933129,.,.,c.370T>G,p.Cys124Gly,missense,Pathogenic,0.9996,0.9939,0.014,0,BENIGN,,-1,,-1,,,false,NO_VEP,"Structural-only assessment (LSSIM=0.994, global SSIM=1.000). VEP not available for this locus.",Pathogenic,ClinVar_Pathogenic,-1,POSITION
VCV000007817,87933129,.,.,c.370T>C,p.Cys124Arg,missense,Pathogenic,0.9996,0.9939,0.014,0,BENIGN,,-1,,-1,,,false,NO_VEP,"Structural-only assessment (LSSIM=0.994, global SSIM=1.000). VEP not available for this locus.",Pathogenic,ClinVar_Pathogenic,-1,POSITION
VCV002447220,87933130,.,.,c.371G>C,p.Cys124Ser,missense,Pathogenic/Likely pathogenic,0.9997,0.9942,0.0138,0,BENIGN,,-1,,-1,,,false,NO_VEP,"Structural-only assessment (LSSIM=0.994, global SSIM=1.000). VEP not available for this locus.",Pathogenic,ClinVar_Pathogenic,-1,POSITION
VCV000233631,87933130,.,.,c.371G>A,p.Cys124Tyr,missense,Pathogenic/Likely pathogenic,0.9997,0.9942,0.0138,0,BENIGN,,-1,,-1,,,false,NO_VEP,"Structural-only assessment (LSSIM=0.994, global SSIM=1.000). VEP not available for this locus.",Pathogenic,ClinVar_Pathogenic,-1,POSITION
VCV001734391,87933131,.,.,c.372T>G,p.Cys124Trp,missense,Pathogenic/Likely pathogenic,0.9997,0.9952,0.0125,0,BENIGN,,-1,,-1,,,false,NO_VEP,"Structural-only assessment (LSSIM=0.995, global SSIM=1.000). VEP not available for this locus.",Pathogenic,ClinVar_Pathogenic,-1,POSITION
VCV003654598,87933132,.,.,c.373A>T,p.Lys125Ter,nonsense,Pathogenic,0.9996,0.9937,0.0143,0,BENIGN,,-1,,-1,,,false,NO_VEP,"Structural-only assessment (LSSIM=0.994, global SSIM=1.000). VEP not available for this locus.",Pathogenic,ClinVar_Pathogenic,-1,POSITION
VCV001338262,87933132,.,.,c.373A>G,p.Lys125Glu,missense,Pathogenic,0.9996,0.9937,0.0143,0,BENIGN,,-1,,-1,,,false,NO_VEP,"Structural-only assessment (LSSIM=0.994, global SSIM=1.000). VEP not available for this locus.",Pathogenic,ClinVar_Pathogenic,-1,POSITION
VCV001803052,87933133,.,.,c.374A>G,p.Lys125Arg,missense,Likely pathogenic,0.9997,0.9946,0.0135,0,BENIGN,,-1,,-1,,,false,NO_VEP,"Structural-only assessment (LSSIM=0.995, global SSIM=1.000). VEP not available for this locus.",Pathogenic,ClinVar_Pathogenic,-1,POSITION
VCV003231154,87933134,.,.,c.375A>G,p.Lys125=,synonymous,Benign/Likely benign,0.9997,0.9951,0.0129,0,BENIGN,,-1,,-1,,,false,NO_VEP,"Structural-only assessment (LSSIM=0.995, global SSIM=1.000). VEP not available for this locus.",Benign,ClinVar_Benign,-1,POSITION
VCV001067089,87933135,.,.,c.376G>C,p.Ala126Pro,missense,Pathogenic,0.9997,0.9952,0.0128,0,BENIGN,,-1,,-1,,,false,NO_VEP,"Structural-only assessment (LSSIM=0.995, global SSIM=1.000). VEP not available for this locus.",Pathogenic,ClinVar_Pathogenic,-1,POSITION
VCV000468683,87933135,.,.,c.376G>A,p.Ala126Thr,missense,Likely pathogenic,0.9997,0.9952,0.0128,0,BENIGN,,-1,,-1,,,false,NO_VEP,"Structural-only assessment (LSSIM=0.995, global SSIM=1.000). VEP not available for this locus.",Pathogenic,ClinVar_Pathogenic,-1,POSITION
VCV002674280,87933136,.,.,c.377C>A,p.Ala126Asp,missense,Likely pathogenic,0.9997,0.9943,0.0134,0,BENIGN,,-1,,-1,,,false,NO_VEP,"Structural-only assessment (LSSIM=0.994, global SSIM=1.000). VEP not available for this locus.",Pathogenic,ClinVar_Pathogenic,-1,POSITION
VCV000428234,87933136,.,.,c.377C>T,p.Ala126Val,missense,Pathogenic/Likely pathogenic,0.9997,0.9943,0.0134,0,BENIGN,,-1,,-1,,,false,NO_VEP,"Structural-only assessment (LSSIM=0.994, global SSIM=1.000). VEP not available for this locus.",Pathogenic,ClinVar_Pathogenic,-1,POSITION
VCV002674283,87933138,.,.,c.379G>C,p.Gly127Arg,missense,Likely pathogenic,0.9997,0.994,0.014,0,BENIGN,,-1,,-1,,,false,NO_VEP,"Structural-only assessment (LSSIM=0.994, global SSIM=1.000). VEP not available for this locus.",Pathogenic,ClinVar_Pathogenic,-1,POSITION
VCV001195176,87933138,.,.,c.379G>T,p.Gly127Ter,nonsense,Pathogenic,0.9997,0.994,0.014,0,BENIGN,,-1,,-1,,,false,NO_VEP,"Structural-only assessment (LSSIM=0.994, global SSIM=1.000). VEP not available for this locus.",Pathogenic,ClinVar_Pathogenic,-1,POSITION
VCV000139568,87933138,.,.,c.379G>A,p.Gly127Arg,missense,Pathogenic/Likely pathogenic,0.9997,0.994,0.014,0,BENIGN,,-1,,-1,,,false,NO_VEP,"Structural-only assessment (LSSIM=0.994, global SSIM=1.000). VEP not available for this locus.",Pathogenic,ClinVar_Pathogenic,-1,POSITION
VCV001967574,87933139,.,.,c.380G>C,p.Gly127Ala,missense,Conflicting classifications of pathogenicity,0.9996,0.9939,0.0141,0,BENIGN,,-1,,-1,,,false,NO_VEP,"Structural-only assessment (LSSIM=0.994, global SSIM=1.000). VEP not available for this locus.",Pathogenic,ClinVar_Pathogenic,-1,POSITION
VCV000428225,87933139,.,.,c.380G>A,p.Gly127Glu,missense,Conflicting classifications of pathogenicity,0.9996,0.9939,0.0141,0,BENIGN,,-1,,-1,,,false,NO_VEP,"Structural-only assessment (LSSIM=0.994, global SSIM=1.000). VEP not available for this locus.",Pathogenic,ClinVar_Pathogenic,-1,POSITION
VCV001116891,87933140,.,.,c.381A>C,p.Gly127=,synonymous,Likely benign,0.9997,0.9949,0.013,0,BENIGN,,-1,,-1,,,false,NO_VEP,"Structural-only assessment (LSSIM=0.995, global SSIM=1.000). VEP not available for this locus.",Benign,ClinVar_Benign,-1,POSITION
VCV000958105,87933141,.,.,c.382A>G,p.Lys128Glu,missense,Likely pathogenic,0.9997,0.9944,0.0137,0,BENIGN,,-1,,-1,,,false,NO_VEP,"Structural-only assessment (LSSIM=0.994, global SSIM=1.000). VEP not available for this locus.",Pathogenic,ClinVar_Pathogenic,-1,POSITION
VCV000864223,87933142,.,.,c.383A>G,p.Lys128Arg,missense,Pathogenic/Likely pathogenic,0.9997,0.9954,0.0124,0,BENIGN,,-1,,-1,,,false,NO_VEP,"Structural-only assessment (LSSIM=0.995, global SSIM=1.000). VEP not available for this locus.",Pathogenic,ClinVar_Pathogenic,-1,POSITION
VCV000718233,87933143,.,.,c.384G>A,p.Lys128=,synonymous,Conflicting classifications of pathogenicity,0.9997,0.9942,0.0142,0,BENIGN,,-1,,-1,,,false,NO_VEP,"Structural-only assessment (LSSIM=0.994, global SSIM=1.000). VEP not available for this locus.",Pathogenic,ClinVar_Pathogenic,-1,POSITION
VCV000428220,87933143,.,.,c.384G>C,p.Lys128Asn,missense,Likely pathogenic,0.9997,0.9942,0.0142,0,BENIGN,,-1,,-1,,,false,NO_VEP,"Structural-only assessment (LSSIM=0.994, global SSIM=1.000). VEP not available for this locus.",Pathogenic,ClinVar_Pathogenic,-1,POSITION
VCV003726581,87933144,.,.,c.385G>T,p.Gly129Ter,nonsense,Pathogenic,0.9997,0.9943,0.0134,0,BENIGN,,-1,,-1,,,false,NO_VEP,"Structural-only assessment (LSSIM=0.994, global SSIM=1.000). VEP not available for this locus.",Pathogenic,ClinVar_Pathogenic,-1,POSITION
VCV000804339,87933144,.,.,c.385G>C,p.Gly129Arg,missense,Pathogenic,0.9997,0.9943,0.0134,0,BENIGN,,-1,,-1,,,false,NO_VEP,"Structural-only assessment (LSSIM=0.994, global SSIM=1.000). VEP not available for this locus.",Pathogenic,ClinVar_Pathogenic,-1,POSITION
VCV000189484,87933144,.,.,c.385G>A,p.Gly129Arg,missense,Pathogenic/Likely pathogenic,0.9997,0.9943,0.0134,0,BENIGN,,-1,,-1,,,false,NO_VEP,"Structural-only assessment (LSSIM=0.994, global SSIM=1.000). VEP not available for this locus.",Pathogenic,ClinVar_Pathogenic,-1,POSITION
VCV000856036,87933145,.,.,c.386G>T,p.Gly129Val,missense,Pathogenic/Likely pathogenic,0.9996,0.9937,0.0139,0,BENIGN,,-1,,-1,,,false,NO_VEP,"Structural-only assessment (LSSIM=0.994, global SSIM=1.000). VEP not available for this locus.",Pathogenic,ClinVar_Pathogenic,-1,POSITION
VCV000007812,87933145,.,.,c.386G>A,p.Gly129Glu,missense,Pathogenic/Likely pathogenic,0.9996,0.9937,0.0139,0,BENIGN,,-1,,-1,,,false,NO_VEP,"Structural-only assessment (LSSIM=0.994, global SSIM=1.000). VEP not available for this locus.",Pathogenic,ClinVar_Pathogenic,-1,POSITION
VCV001110431,87933146,.,.,c.387A>G,p.Gly129=,synonymous,Likely benign,0.9997,0.9948,0.0132,0,BENIGN,,-1,,-1,,,false,NO_VEP,"Structural-only assessment (LSSIM=0.995, global SSIM=1.000). VEP not available for this locus.",Benign,ClinVar_Benign,-1,POSITION
VCV000375958,87933147,.,.,c.388C>G,p.Arg130Gly,missense,Pathogenic,0.9997,0.9946,0.0134,0,BENIGN,,-1,,-1,,,false,NO_VEP,"Structural-only assessment (LSSIM=0.995, global SSIM=1.000). VEP not available for this locus.",Pathogenic,ClinVar_Pathogenic,-1,POSITION
VCV000007819,87933147,.,.,c.388C>T,p.Arg130Ter,nonsense,Pathogenic,0.9997,0.9946,0.0134,0,BENIGN,,-1,,-1,,,false,NO_VEP,"Structural-only assessment (LSSIM=0.995, global SSIM=1.000). VEP not available for this locus.",Pathogenic,ClinVar_Pathogenic,-1,POSITION
VCV001735874,87933147,.,.,c.388C>A,p.Arg130=,synonymous,Benign/Likely benign,0.9997,0.9946,0.0134,0,BENIGN,,-1,,-1,,,false,NO_VEP,"Structural-only assessment (LSSIM=0.995, global SSIM=1.000). VEP not available for this locus.",Benign,ClinVar_Benign,-1,POSITION
VCV000376509,87933148,.,.,c.389G>T,p.Arg130Leu,missense,Pathogenic/Likely pathogenic,0.9997,0.9948,0.0132,0,BENIGN,,-1,,-1,,,false,NO_VEP,"Structural-only assessment (LSSIM=0.995, global SSIM=1.000). VEP not available for this locus.",Pathogenic,ClinVar_Pathogenic,-1,POSITION
VCV000142018,87933148,.,.,c.389G>C,p.Arg130Pro,missense,Pathogenic,0.9997,0.9948,0.0132,0,BENIGN,,-1,,-1,,,false,NO_VEP,"Structural-only assessment (LSSIM=0.995, global SSIM=1.000). VEP not available for this locus.",Pathogenic,ClinVar_Pathogenic,-1,POSITION
VCV000007829,87933148,.,.,c.389G>A,p.Arg130Gln,missense,Pathogenic,0.9997,0.9948,0.0132,0,BENIGN,,-1,,-1,,,false,NO_VEP,"Structural-only assessment (LSSIM=0.995, global SSIM=1.000). VEP not available for this locus.",Pathogenic,ClinVar_Pathogenic,-1,POSITION
VCV003903832,87933149,.,.,c.390A>G,p.Arg130=,synonymous,Benign/Likely benign,0.9997,0.994,0.0139,0,BENIGN,,-1,,-1,,,false,NO_VEP,"Structural-only assessment (LSSIM=0.994, global SSIM=1.000). VEP not available for this locus.",Benign,ClinVar_Benign,-1,POSITION
VCV001648484,87933149,.,.,c.390A>T,p.Arg130=,synonymous,Likely benign,0.9997,0.994,0.0139,0,BENIGN,,-1,,-1,,,false,NO_VEP,"Structural-only assessment (LSSIM=0.994, global SSIM=1.000). VEP not available for this locus.",Benign,ClinVar_Benign,-1,POSITION
VCV000039669,87933151,.,.,c.392C>T,p.Thr131Ile,missense,Pathogenic,0.9997,0.9954,0.0125,0,BENIGN,,-1,,-1,,,false,NO_VEP,"Structural-only assessment (LSSIM=0.995, global SSIM=1.000). VEP not available for this locus.",Pathogenic,ClinVar_Pathogenic,-1,POSITION
VCV000856796,87933153,.,.,c.394G>A,p.Gly132Ser,missense,Pathogenic/Likely pathogenic,0.9997,0.9945,0.0133,0,BENIGN,,-1,,-1,,,false,NO_VEP,"Structural-only assessment (LSSIM=0.994, global SSIM=1.000). VEP not available for this locus.",Pathogenic,ClinVar_Pathogenic,-1,POSITION
VCV000092822,87933154,.,.,c.395G>A,p.Gly132Asp,missense,Pathogenic,0.9996,0.9939,0.0143,0,BENIGN,,-1,,-1,,,false,NO_VEP,"Structural-only assessment (LSSIM=0.994, global SSIM=1.000). VEP not available for this locus.",Pathogenic,ClinVar_Pathogenic,-1,POSITION
VCV000007852,87933154,.,.,c.395G>T,p.Gly132Val,missense,Pathogenic/Likely pathogenic,0.9996,0.9939,0.0143,0,BENIGN,,-1,,-1,,,false,NO_VEP,"Structural-only assessment (LSSIM=0.994, global SSIM=1.000). VEP not available for this locus.",Pathogenic,ClinVar_Pathogenic,-1,POSITION
VCV000758040,87933155,.,.,c.396T>C,p.Gly132=,synonymous,Benign/Likely benign,0.9997,0.9947,0.0132,0,BENIGN,,-1,,-1,,,false,NO_VEP,"Structural-only assessment (LSSIM=0.995, global SSIM=1.000). VEP not available for this locus.",Benign,ClinVar_Benign,-1,POSITION
VCV000971265,87933156,.,.,c.397G>A,p.Val133Ile,missense,Conflicting classifications of pathogenicity,0.9996,0.9939,0.0138,0,BENIGN,,-1,,-1,,,false,NO_VEP,"Structural-only assessment (LSSIM=0.994, global SSIM=1.000). VEP not available for this locus.",Pathogenic,ClinVar_Pathogenic,-1,POSITION
VCV004531608,87933157,.,.,c.398T>A,p.Val133Glu,missense,Conflicting classifications of pathogenicity,0.9996,0.9941,0.0139,0,BENIGN,,-1,,-1,,,false,NO_VEP,"Structural-only assessment (LSSIM=0.994, global SSIM=1.000). VEP not available for this locus.",Pathogenic,ClinVar_Pathogenic,-1,POSITION
VCV003231155,87933158,.,.,c.399A>G,p.Val133=,synonymous,Likely benign,0.9997,0.9943,0.0136,0,BENIGN,,-1,,-1,,,false,NO_VEP,"Structural-only assessment (LSSIM=0.994, global SSIM=1.000). VEP not available for this locus.",Benign,ClinVar_Benign,-1,POSITION
VCV002033861,87933159,.,.,c.400A>G,p.Met134Val,missense,Conflicting classifications of pathogenicity,0.9996,0.9934,0.0141,0,BENIGN,,-1,,-1,,,false,NO_VEP,"Structural-only assessment (LSSIM=0.993, global SSIM=1.000). VEP not available for this locus.",Pathogenic,ClinVar_Pathogenic,-1,POSITION
VCV000431829,87933160,.,.,c.401T>G,p.Met134Arg,missense,Likely pathogenic,0.9997,0.9948,0.0131,0,BENIGN,,-1,,-1,,,false,NO_VEP,"Structural-only assessment (LSSIM=0.995, global SSIM=1.000). VEP not available for this locus.",Pathogenic,ClinVar_Pathogenic,-1,POSITION
VCV000427588,87933160,.,.,c.401T>C,p.Met134Thr,missense,Pathogenic/Likely pathogenic,0.9997,0.9948,0.0131,0,BENIGN,,-1,,-1,,,false,NO_VEP,"Structural-only assessment (LSSIM=0.995, global SSIM=1.000). VEP not available for this locus.",Pathogenic,ClinVar_Pathogenic,-1,POSITION
VCV002028290,87933161,.,.,c.402G>A,p.Met134Ile,missense,Conflicting classifications of pathogenicity,0.9996,0.9938,0.0142,0,BENIGN,,-1,,-1,,,false,NO_VEP,"Structural-only assessment (LSSIM=0.994, global SSIM=1.000). VEP not available for this locus.",Pathogenic,ClinVar_Pathogenic,-1,POSITION
VCV000619908,87933161,.,.,c.402G>C,p.Met134Ile,missense,Likely pathogenic,0.9996,0.9938,0.0142,0,BENIGN,,-1,,-1,,,false,NO_VEP,"Structural-only assessment (LSSIM=0.994, global SSIM=1.000). VEP not available for this locus.",Pathogenic,ClinVar_Pathogenic,-1,POSITION
VCV000428267,87933161,.,.,c.402G>T,p.Met134Ile,missense,Likely pathogenic,0.9996,0.9938,0.0142,0,BENIGN,,-1,,-1,,,false,NO_VEP,"Structural-only assessment (LSSIM=0.994, global SSIM=1.000). VEP not available for this locus.",Pathogenic,ClinVar_Pathogenic,-1,POSITION
VCV000142287,87933162,.,.,c.403A>G,p.Ile135Val,missense,Pathogenic/Likely pathogenic,0.9997,0.9945,0.0136,0,BENIGN,,-1,,-1,,,false,NO_VEP,"Structural-only assessment (LSSIM=0.995, global SSIM=1.000). VEP not available for this locus.",Pathogenic,ClinVar_Pathogenic,-1,POSITION
VCV000428235,87933163,.,.,c.404T>A,p.Ile135Lys,missense,Pathogenic/Likely pathogenic,0.9997,0.9942,0.0136,0,BENIGN,,-1,,-1,,,false,NO_VEP,"Structural-only assessment (LSSIM=0.994, global SSIM=1.000). VEP not available for this locus.",Pathogenic,ClinVar_Pathogenic,-1,POSITION
VCV001737440,87933164,.,.,c.405A>G,p.Ile135Met,missense,Conflicting classifications of pathogenicity,0.9996,0.9937,0.0137,0,BENIGN,,-1,,-1,,,false,NO_VEP,"Structural-only assessment (LSSIM=0.994, global SSIM=1.000). VEP not available for this locus.",Pathogenic,ClinVar_Pathogenic,-1,POSITION
VCV001737444,87933164,.,.,c.405A>T,p.Ile135=,synonymous,Likely benign,0.9996,0.9937,0.0137,0,BENIGN,,-1,,-1,,,false,NO_VEP,"Structural-only assessment (LSSIM=0.994, global SSIM=1.000). VEP not available for this locus.",Benign,ClinVar_Benign,-1,POSITION
VCV000183726,87933165,.,.,c.406T>C,p.Cys136Arg,missense,Pathogenic/Likely pathogenic,0.9997,0.9948,0.0126,0,BENIGN,,-1,,-1,,,false,NO_VEP,"Structural-only assessment (LSSIM=0.995, global SSIM=1.000). VEP not available for this locus.",Pathogenic,ClinVar_Pathogenic,-1,POSITION
VCV001737618,87933166,.,.,c.407G>T,p.Cys136Phe,missense,Pathogenic/Likely pathogenic,0.9997,0.9941,0.0142,0,BENIGN,,-1,,-1,,,false,NO_VEP,"Structural-only assessment (LSSIM=0.994, global SSIM=1.000). VEP not available for this locus.",Pathogenic,ClinVar_Pathogenic,-1,POSITION
VCV000189406,87933166,.,.,c.407G>A,p.Cys136Tyr,missense,Pathogenic,0.9997,0.9941,0.0142,0,BENIGN,,-1,,-1,,,false,NO_VEP,"Structural-only assessment (LSSIM=0.994, global SSIM=1.000). VEP not available for this locus.",Pathogenic,ClinVar_Pathogenic,-1,POSITION
VCV000224543,87933167,.,.,c.408T>G,p.Cys136Trp,missense,Pathogenic,0.9997,0.9942,0.0138,0,BENIGN,,-1,,-1,,,false,NO_VEP,"Structural-only assessment (LSSIM=0.994, global SSIM=1.000). VEP not available for this locus.",Pathogenic,ClinVar_Pathogenic,-1,POSITION
VCV000628213,87933167,.,.,c.408T>C,p.Cys136=,synonymous,Benign/Likely benign,0.9997,0.9942,0.0138,0,BENIGN,,-1,,-1,,,false,NO_VEP,"Structural-only assessment (LSSIM=0.994, global SSIM=1.000). VEP not available for this locus.",Benign,ClinVar_Benign,-1,POSITION
VCV003340217,87933169,.,.,c.410C>A,p.Ala137Glu,missense,Likely pathogenic,0.9997,0.9949,0.0126,0,BENIGN,,-1,,-1,,,false,NO_VEP,"Structural-only assessment (LSSIM=0.995, global SSIM=1.000). VEP not available for this locus.",Pathogenic,ClinVar_Pathogenic,-1,POSITION
VCV000186082,87933170,.,.,c.411A>G,p.Ala137=,synonymous,Benign/Likely benign,0.9996,0.9938,0.0142,0,BENIGN,,-1,,-1,,,false,NO_VEP,"Structural-only assessment (LSSIM=0.994, global SSIM=1.000). VEP not available for this locus.",Benign,ClinVar_Benign,-1,POSITION
VCV000545959,87933173,.,.,c.414T>G,p.Tyr138Ter,nonsense,Pathogenic,0.9997,0.994,0.0137,0,BENIGN,,-1,,-1,,,false,NO_VEP,"Structural-only assessment (LSSIM=0.994, global SSIM=1.000). VEP not available for this locus.",Pathogenic,ClinVar_Pathogenic,-1,POSITION
VCV002790050,87933173,.,.,c.414T>C,p.Tyr138=,synonymous,Benign/Likely benign,0.9997,0.994,0.0137,0,BENIGN,,-1,,-1,,,false,NO_VEP,"Structural-only assessment (LSSIM=0.994, global SSIM=1.000). VEP not available for this locus.",Benign,ClinVar_Benign,-1,POSITION
VCV000427590,87933175,.,.,c.416T>G,p.Leu139Ter,nonsense,Pathogenic,0.9996,0.9936,0.0142,0,BENIGN,,-1,,-1,,,false,NO_VEP,"Structural-only assessment (LSSIM=0.994, global SSIM=1.000). VEP not available for this locus.",Pathogenic,ClinVar_Pathogenic,-1,POSITION
VCV000378918,87933176,.,.,c.417A>G,p.Leu139=,synonymous,Benign/Likely benign,0.9997,0.9942,0.0136,0,BENIGN,,-1,,-1,,,false,NO_VEP,"Structural-only assessment (LSSIM=0.994, global SSIM=1.000). VEP not available for this locus.",Benign,ClinVar_Benign,-1,POSITION
VCV002674368,87933178,.,.,c.419T>A,p.Leu140Ter,nonsense,Pathogenic,0.9997,0.9951,0.0125,0,BENIGN,,-1,,-1,,,false,NO_VEP,"Structural-only assessment (LSSIM=0.995, global SSIM=1.000). VEP not available for this locus.",Pathogenic,ClinVar_Pathogenic,-1,POSITION
VCV001594029,87933179,.,.,c.420A>G,p.Leu140=,synonymous,Likely benign,0.9997,0.9944,0.0134,0,BENIGN,,-1,,-1,,,false,NO_VEP,"Structural-only assessment (LSSIM=0.994, global SSIM=1.000). VEP not available for this locus.",Benign,ClinVar_Benign,-1,POSITION
VCV001708039,87933181,.,.,c.422A>T,p.His141Leu,missense,Likely pathogenic,0.9996,0.994,0.014,0,BENIGN,,-1,,-1,,,false,NO_VEP,"Structural-only assessment (LSSIM=0.994, global SSIM=1.000). VEP not available for this locus.",Pathogenic,ClinVar_Pathogenic,-1,POSITION
VCV000418438,87933181,.,.,c.422A>G,p.His141Arg,missense,Conflicting classifications of pathogenicity,0.9996,0.994,0.014,0,BENIGN,,-1,,-1,,,false,NO_VEP,"Structural-only assessment (LSSIM=0.994, global SSIM=1.000). VEP not available for this locus.",Pathogenic,ClinVar_Pathogenic,-1,POSITION
VCV000216422,87933181,.,.,c.422A>C,p.His141Pro,missense,Likely pathogenic,0.9996,0.994,0.014,0,BENIGN,,-1,,-1,,,false,NO_VEP,"Structural-only assessment (LSSIM=0.994, global SSIM=1.000). VEP not available for this locus.",Pathogenic,ClinVar_Pathogenic,-1,POSITION
VCV000750508,87933182,.,.,c.423T>C,p.His141=,synonymous,Benign/Likely benign,0.9996,0.9938,0.0139,0,BENIGN,,-1,,-1,,,false,NO_VEP,"Structural-only assessment (LSSIM=0.994, global SSIM=1.000). VEP not available for this locus.",Benign,ClinVar_Benign,-1,POSITION
VCV001213667,87933183,.,.,c.424C>A,p.Arg142=,synonymous,Conflicting classifications of pathogenicity,0.9997,0.995,0.0127,0,BENIGN,,-1,,-1,,,false,NO_VEP,"Structural-only assessment (LSSIM=0.995, global SSIM=1.000). VEP not available for this locus.",Pathogenic,ClinVar_Pathogenic,-1,POSITION
VCV000486225,87933184,.,.,c.425G>C,p.Arg142Pro,missense,Likely pathogenic,0.9997,0.9946,0.013,0,BENIGN,,-1,,-1,,,false,NO_VEP,"Structural-only assessment (LSSIM=0.995, global SSIM=1.000). VEP not available for this locus.",Pathogenic,ClinVar_Pathogenic,-1,POSITION
VCV000237646,87933184,.,.,c.425G>A,p.Arg142Gln,missense,Conflicting classifications of pathogenicity,0.9997,0.9946,0.013,0,BENIGN,,-1,,-1,,,false,NO_VEP,"Structural-only assessment (LSSIM=0.995, global SSIM=1.000). VEP not available for this locus.",Pathogenic,ClinVar_Pathogenic,-1,POSITION
VCV001530344,87933185,.,.,c.426G>A,p.Arg142=,synonymous,Benign/Likely benign,0.9997,0.9949,0.0127,0,BENIGN,,-1,,-1,,,false,NO_VEP,"Structural-only assessment (LSSIM=0.995, global SSIM=1.000). VEP not available for this locus.",Benign,ClinVar_Benign,-1,POSITION
VCV000237647,87933185,.,.,c.426G>C,p.Arg142=,synonymous,Benign/Likely benign,0.9997,0.9949,0.0127,0,BENIGN,,-1,,-1,,,false,NO_VEP,"Structural-only assessment (LSSIM=0.995, global SSIM=1.000). VEP not available for this locus.",Benign,ClinVar_Benign,-1,POSITION
VCV000824766,87933188,.,.,c.429C>T,p.Gly143=,synonymous,Benign/Likely benign,0.9996,0.9926,0.015,0,BENIGN,,-1,,-1,,,false,NO_VEP,"Structural-only assessment (LSSIM=0.993, global SSIM=1.000). VEP not available for this locus.",Benign,ClinVar_Benign,-1,POSITION
VCV000379501,87933189,.,.,c.430A>T,p.Lys144Ter,nonsense,Pathogenic/Likely pathogenic,0.9997,0.9943,0.0136,0,BENIGN,,-1,,-1,,,false,NO_VEP,"Structural-only assessment (LSSIM=0.994, global SSIM=1.000). VEP not available for this locus.",Pathogenic,ClinVar_Pathogenic,-1,POSITION
VCV001530345,87933191,.,.,c.432A>G,p.Lys144=,synonymous,Likely benign,0.9997,0.995,0.0133,0,BENIGN,,-1,,-1,,,false,NO_VEP,"Structural-only assessment (LSSIM=0.995, global SSIM=1.000). VEP not available for this locus.",Benign,ClinVar_Benign,-1,POSITION
VCV000216068,87933196,.,.,c.437T>G,p.Leu146Ter,nonsense,Pathogenic,0.9997,0.9942,0.0137,0,BENIGN,,-1,,-1,,,false,NO_VEP,"Structural-only assessment (LSSIM=0.994, global SSIM=1.000). VEP not available for this locus.",Pathogenic,ClinVar_Pathogenic,-1,POSITION
VCV000189488,87933196,.,.,c.437T>A,p.Leu146Ter,nonsense,Pathogenic,0.9997,0.9942,0.0137,0,BENIGN,,-1,,-1,,,false,NO_VEP,"Structural-only assessment (LSSIM=0.994, global SSIM=1.000). VEP not available for this locus.",Pathogenic,ClinVar_Pathogenic,-1,POSITION
VCV002687551,87933197,.,.,c.438A>G,p.Leu146=,synonymous,Likely benign,0.9997,0.9942,0.0139,0,BENIGN,,-1,,-1,,,false,NO_VEP,"Structural-only assessment (LSSIM=0.994, global SSIM=1.000). VEP not available for this locus.",Benign,ClinVar_Benign,-1,POSITION
VCV000490113,87933199,.,.,c.440A>G,p.Lys147Arg,missense,Conflicting classifications of pathogenicity,0.9997,0.9941,0.0138,0,BENIGN,,-1,,-1,,,false,NO_VEP,"Structural-only assessment (LSSIM=0.994, global SSIM=1.000). VEP not available for this locus.",Pathogenic,ClinVar_Pathogenic,-1,POSITION
VCV000630754,87933200,.,.,c.441G>A,p.Lys147=,synonymous,Benign/Likely benign,0.9997,0.9945,0.0135,0,BENIGN,,-1,,-1,,,false,NO_VEP,"Structural-only assessment (LSSIM=0.994, global SSIM=1.000). VEP not available for this locus.",Benign,ClinVar_Benign,-1,POSITION
VCV001573834,87933203,.,.,c.444A>T,p.Ala148=,synonymous,Likely benign,0.9997,0.9944,0.0136,0,BENIGN,,-1,,-1,,,false,NO_VEP,"Structural-only assessment (LSSIM=0.994, global SSIM=1.000). VEP not available for this locus.",Benign,ClinVar_Benign,-1,POSITION
VCV000923233,87933203,.,.,c.444A>G,p.Ala148=,synonymous,Benign/Likely benign,0.9997,0.9944,0.0136,0,BENIGN,,-1,,-1,,,false,NO_VEP,"Structural-only assessment (LSSIM=0.994, global SSIM=1.000). VEP not available for this locus.",Benign,ClinVar_Benign,-1,POSITION
VCV000378439,87933203,.,.,c.444A>C,p.Ala148=,synonymous,Benign/Likely benign,0.9997,0.9944,0.0136,0,BENIGN,,-1,,-1,,,false,NO_VEP,"Structural-only assessment (LSSIM=0.994, global SSIM=1.000). VEP not available for this locus.",Benign,ClinVar_Benign,-1,POSITION
VCV000404164,87933204,.,.,c.445C>T,p.Gln149Ter,nonsense,Pathogenic,0.9997,0.995,0.0127,0,BENIGN,,-1,,-1,,,false,NO_VEP,"Structural-only assessment (LSSIM=0.995, global SSIM=1.000). VEP not available for this locus.",Pathogenic,ClinVar_Pathogenic,-1,POSITION
VCV000233741,87933206,.,.,c.447A>G,p.Gln149=,synonymous,Benign/Likely benign,0.9996,0.9935,0.014,0,BENIGN,,-1,,-1,,,false,NO_VEP,"Structural-only assessment (LSSIM=0.994, global SSIM=1.000). VEP not available for this locus.",Benign,ClinVar_Benign,-1,POSITION
VCV000189489,87933207,.,.,c.448G>T,p.Glu150Ter,nonsense,Pathogenic,0.9997,0.9944,0.0134,0,BENIGN,,-1,,-1,,,false,NO_VEP,"Structural-only assessment (LSSIM=0.994, global SSIM=1.000). VEP not available for this locus.",Pathogenic,ClinVar_Pathogenic,-1,POSITION
VCV000468687,87933208,.,.,c.449A>G,p.Glu150Gly,missense,Conflicting classifications of pathogenicity,0.9996,0.9936,0.0144,0,BENIGN,,-1,,-1,,,false,NO_VEP,"Structural-only assessment (LSSIM=0.994, global SSIM=1.000). VEP not available for this locus.",Pathogenic,ClinVar_Pathogenic,-1,POSITION
VCV000925898,87933209,.,.,c.450G>A,p.Glu150=,synonymous,Benign/Likely benign,0.9996,0.9932,0.0146,0,BENIGN,,-1,,-1,,,false,NO_VEP,"Structural-only assessment (LSSIM=0.993, global SSIM=1.000). VEP not available for this locus.",Benign,ClinVar_Benign,-1,POSITION
VCV001078708,87933212,.,.,c.453C>T,p.Ala151=,synonymous,Likely benign,0.9996,0.9939,0.014,0,BENIGN,,-1,,-1,,,false,NO_VEP,"Structural-only assessment (LSSIM=0.994, global SSIM=1.000). VEP not available for this locus.",Benign,ClinVar_Benign,-1,POSITION
VCV000421922,87933213,.,.,c.454C>T,p.Leu152=,synonymous,Conflicting classifications of pathogenicity,0.9997,0.9944,0.0133,0,BENIGN,,-1,,-1,,,false,NO_VEP,"Structural-only assessment (LSSIM=0.994, global SSIM=1.000). VEP not available for this locus.",Pathogenic,ClinVar_Pathogenic,-1,POSITION
VCV000536551,87933214,.,.,c.455T>C,p.Leu152Pro,missense,Conflicting classifications of pathogenicity,0.9996,0.9938,0.0142,0,BENIGN,,-1,,-1,,,false,NO_VEP,"Structural-only assessment (LSSIM=0.994, global SSIM=1.000). VEP not available for this locus.",Pathogenic,ClinVar_Pathogenic,-1,POSITION
VCV001667442,87933215,.,.,c.456A>C,p.Leu152=,synonymous,Benign/Likely benign,0.9997,0.995,0.0128,0,BENIGN,,-1,,-1,,,false,NO_VEP,"Structural-only assessment (LSSIM=0.995, global SSIM=1.000). VEP not available for this locus.",Benign,ClinVar_Benign,-1,POSITION
VCV000185952,87933215,.,.,c.456A>G,p.Leu152=,synonymous,Benign/Likely benign,0.9997,0.995,0.0128,0,BENIGN,,-1,,-1,,,false,NO_VEP,"Structural-only assessment (LSSIM=0.995, global SSIM=1.000). VEP not available for this locus.",Benign,ClinVar_Benign,-1,POSITION
VCV001175130,87933220,.,.,c.461T>G,p.Phe154Cys,missense,Likely pathogenic,0.9997,0.9945,0.0133,0,BENIGN,,-1,,-1,,,false,NO_VEP,"Structural-only assessment (LSSIM=0.994, global SSIM=1.000). VEP not available for this locus.",Pathogenic,ClinVar_Pathogenic,-1,POSITION
VCV000918525,87933221,.,.,c.462C>T,p.Phe154=,synonymous,Benign/Likely benign,0.9997,0.9943,0.0139,0,BENIGN,,-1,,-1,,,false,NO_VEP,"Structural-only assessment (LSSIM=0.994, global SSIM=1.000). VEP not available for this locus.",Benign,ClinVar_Benign,-1,POSITION
VCV001742096,87933222,.,.,c.463T>A,p.Tyr155Asn,missense,Likely pathogenic,0.9996,0.9939,0.0141,0,BENIGN,,-1,,-1,,,false,NO_VEP,"Structural-only assessment (LSSIM=0.994, global SSIM=1.000). VEP not available for this locus.",Pathogenic,ClinVar_Pathogenic,-1,POSITION
VCV000428237,87933222,.,.,c.463T>C,p.Tyr155His,missense,Pathogenic/Likely pathogenic,0.9996,0.9939,0.0141,0,BENIGN,,-1,,-1,,,false,NO_VEP,"Structural-only assessment (LSSIM=0.994, global SSIM=1.000). VEP not available for this locus.",Pathogenic,ClinVar_Pathogenic,-1,POSITION
VCV000547759,87933223,.,.,c.464A>C,p.Tyr155Ser,missense,Pathogenic/Likely pathogenic,0.9997,0.9948,0.0132,0,BENIGN,,-1,,-1,,,false,NO_VEP,"Structural-only assessment (LSSIM=0.995, global SSIM=1.000). VEP not available for this locus.",Pathogenic,ClinVar_Pathogenic,-1,POSITION
VCV000404168,87933223,.,.,c.464A>G,p.Tyr155Cys,missense,Pathogenic,0.9997,0.9948,0.0132,0,BENIGN,,-1,,-1,,,false,NO_VEP,"Structural-only assessment (LSSIM=0.995, global SSIM=1.000). VEP not available for this locus.",Pathogenic,ClinVar_Pathogenic,-1,POSITION
VCV001388819,87933224,.,.,c.465T>G,p.Tyr155Ter,nonsense,Pathogenic,0.9997,0.995,0.0128,0,BENIGN,,-1,,-1,,,false,NO_VEP,"Structural-only assessment (LSSIM=0.995, global SSIM=1.000). VEP not available for this locus.",Pathogenic,ClinVar_Pathogenic,-1,POSITION
VCV000468686,87933224,.,.,c.465T>A,p.Tyr155Ter,nonsense,Pathogenic,0.9997,0.995,0.0128,0,BENIGN,,-1,,-1,,,false,NO_VEP,"Structural-only assessment (LSSIM=0.995, global SSIM=1.000). VEP not available for this locus.",Pathogenic,ClinVar_Pathogenic,-1,POSITION
VCV002701825,87933227,.,.,c.468G>A,p.Gly156=,synonymous,Likely benign,0.9996,0.9935,0.0145,0,BENIGN,,-1,,-1,,,false,NO_VEP,"Structural-only assessment (LSSIM=0.994, global SSIM=1.000). VEP not available for this locus.",Benign,ClinVar_Benign,-1,POSITION
VCV000007814,87933228,.,.,c.469G>T,p.Glu157Ter,nonsense,Pathogenic,0.9996,0.9936,0.0142,0,BENIGN,,-1,,-1,,,false,NO_VEP,"Structural-only assessment (LSSIM=0.994, global SSIM=1.000). VEP not available for this locus.",Pathogenic,ClinVar_Pathogenic,-1,POSITION
VCV000427593,87933229,.,.,c.470A>G,p.Glu157Gly,missense,Conflicting classifications of pathogenicity,0.9997,0.9941,0.0139,0,BENIGN,,-1,,-1,,,false,NO_VEP,"Structural-only assessment (LSSIM=0.994, global SSIM=1.000). VEP not available for this locus.",Pathogenic,ClinVar_Pathogenic,-1,POSITION
VCV001037500,87933231,.,.,c.472G>T,p.Val158Leu,missense,Conflicting classifications of pathogenicity,0.9996,0.9936,0.0145,0,BENIGN,,-1,,-1,,,false,NO_VEP,"Structural-only assessment (LSSIM=0.994, global SSIM=1.000). VEP not available for this locus.",Pathogenic,ClinVar_Pathogenic,-1,POSITION
VCV003667044,87933234,.,.,c.475A>T,p.Arg159Trp,missense,Pathogenic,0.9997,0.9944,0.0135,0,BENIGN,,-1,,-1,,,false,NO_VEP,"Structural-only assessment (LSSIM=0.994, global SSIM=1.000). VEP not available for this locus.",Pathogenic,ClinVar_Pathogenic,-1,POSITION
VCV000186094,87933234,.,.,c.475A>G,p.Arg159Gly,missense,Pathogenic/Likely pathogenic,0.9997,0.9944,0.0135,0,BENIGN,,-1,,-1,,,false,NO_VEP,"Structural-only assessment (LSSIM=0.994, global SSIM=1.000). VEP not available for this locus.",Pathogenic,ClinVar_Pathogenic,-1,POSITION
VCV000646006,87933235,.,.,c.476G>A,p.Arg159Lys,missense,Pathogenic,0.9997,0.9942,0.0136,0,BENIGN,,-1,,-1,,,false,NO_VEP,"Structural-only assessment (LSSIM=0.994, global SSIM=1.000). VEP not available for this locus.",Pathogenic,ClinVar_Pathogenic,-1,POSITION
VCV000428262,87933235,.,.,c.476G>T,p.Arg159Met,missense,Conflicting classifications of pathogenicity,0.9997,0.9942,0.0136,0,BENIGN,,-1,,-1,,,false,NO_VEP,"Structural-only assessment (LSSIM=0.994, global SSIM=1.000). VEP not available for this locus.",Pathogenic,ClinVar_Pathogenic,-1,POSITION
VCV000375959,87933236,.,.,c.477G>T,p.Arg159Ser,missense,Likely pathogenic,0.9996,0.9938,0.014,0,BENIGN,,-1,,-1,,,false,NO_VEP,"Structural-only assessment (LSSIM=0.994, global SSIM=1.000). VEP not available for this locus.",Pathogenic,ClinVar_Pathogenic,-1,POSITION
VCV002576378,87933236,.,.,c.477G>A,p.Arg159=,synonymous,Likely benign,0.9996,0.9938,0.014,0,BENIGN,,-1,,-1,,,false,NO_VEP,"Structural-only assessment (LSSIM=0.994, global SSIM=1.000). VEP not available for this locus.",Benign,ClinVar_Benign,-1,POSITION
VCV000404170,87933237,.,.,c.478A>C,p.Thr160Pro,missense,Conflicting classifications of pathogenicity,0.9997,0.9943,0.0138,0,BENIGN,,-1,,-1,,,false,NO_VEP,"Structural-only assessment (LSSIM=0.994, global SSIM=1.000). VEP not available for this locus.",Pathogenic,ClinVar_Pathogenic,-1,POSITION
VCV000431851,87933238,.,.,c.479C>T,p.Thr160Ile,missense,Likely pathogenic,0.9997,0.9942,0.0132,0,BENIGN,,-1,,-1,,,false,NO_VEP,"Structural-only assessment (LSSIM=0.994, global SSIM=1.000). VEP not available for this locus.",Pathogenic,ClinVar_Pathogenic,-1,POSITION
VCV001743248,87933239,.,.,c.480C>A,p.Thr160=,synonymous,Likely benign,0.9997,0.9949,0.013,0,BENIGN,,-1,,-1,,,false,NO_VEP,"Structural-only assessment (LSSIM=0.995, global SSIM=1.000). VEP not available for this locus.",Benign,ClinVar_Benign,-1,POSITION
VCV000756810,87933239,.,.,c.480C>T,p.Thr160=,synonymous,Benign/Likely benign,0.9997,0.9949,0.013,0,BENIGN,,-1,,-1,,,false,NO_VEP,"Structural-only assessment (LSSIM=0.995, global SSIM=1.000). VEP not available for this locus.",Benign,ClinVar_Benign,-1,POSITION
VCV002687552,87933240,.,.,c.481A>C,p.Arg161=,synonymous,Likely benign,0.9997,0.995,0.0131,0,BENIGN,,-1,,-1,,,false,NO_VEP,"Structural-only assessment (LSSIM=0.995, global SSIM=1.000). VEP not available for this locus.",Benign,ClinVar_Benign,-1,POSITION
VCV001672390,87933242,.,.,c.483A>G,p.Arg161=,synonymous,Likely benign,0.9997,0.9943,0.0133,0,BENIGN,,-1,,-1,,,false,NO_VEP,"Structural-only assessment (LSSIM=0.994, global SSIM=1.000). VEP not available for this locus.",Benign,ClinVar_Benign,-1,POSITION
VCV002707439,87933244,.,.,c.485A>T,p.Asp162Val,missense,Conflicting classifications of pathogenicity,0.9996,0.994,0.0139,0,BENIGN,,-1,,-1,,,false,NO_VEP,"Structural-only assessment (LSSIM=0.994, global SSIM=1.000). VEP not available for this locus.",Pathogenic,ClinVar_Pathogenic,-1,POSITION
VCV000224544,87933245,.,.,c.486C>G,p.Asp162Glu,missense,Likely pathogenic,0.9997,0.9949,0.0128,0,BENIGN,,-1,,-1,,,false,NO_VEP,"Structural-only assessment (LSSIM=0.995, global SSIM=1.000). VEP not available for this locus.",Pathogenic,ClinVar_Pathogenic,-1,POSITION
VCV000432049,87933246,.,.,c.487A>T,p.Lys163Ter,nonsense,Pathogenic/Likely pathogenic,0.9997,0.9946,0.0133,0,BENIGN,,-1,,-1,,,false,NO_VEP,"Structural-only assessment (LSSIM=0.995, global SSIM=1.000). VEP not available for this locus.",Pathogenic,ClinVar_Pathogenic,-1,POSITION
VCV003427438,87933248,.,.,c.489A>G,p.Lys163=,synonymous,Benign/Likely benign,0.9996,0.9937,0.0142,0,BENIGN,,-1,,-1,,,false,NO_VEP,"Structural-only assessment (LSSIM=0.994, global SSIM=1.000). VEP not available for this locus.",Benign,ClinVar_Benign,-1,POSITION
VCV002674347,87933249,.,.,c.490A>T,p.Lys164Ter,nonsense,Pathogenic,0.9996,0.9938,0.0141,0,BENIGN,,-1,,-1,,,false,NO_VEP,"Structural-only assessment (LSSIM=0.994, global SSIM=1.000). VEP not available for this locus.",Pathogenic,ClinVar_Pathogenic,-1,POSITION
VCV000421963,87933251,.,.,c.492G>A,p.Lys164=,synonymous,Conflicting classifications of pathogenicity,0.9996,0.9934,0.0142,0,BENIGN,,-1,,-1,,,false,NO_VEP,"Structural-only assessment (LSSIM=0.993, global SSIM=1.000). VEP not available for this locus.",Pathogenic,ClinVar_Pathogenic,-1,POSITION
VCV001212448,87933252,.,.,c.492+1G>A,,splice,Pathogenic/Likely pathogenic,0.9997,0.9943,0.0137,0,BENIGN,,-1,,-1,,,false,NO_VEP,"Structural-only assessment (LSSIM=0.994, global SSIM=1.000). VEP not available for this locus.",Pathogenic,ClinVar_Pathogenic,-1,POSITION
VCV001072198,87933252,.,.,c.492+1G>C,,splice,Pathogenic/Likely pathogenic,0.9997,0.9943,0.0137,0,BENIGN,,-1,,-1,,,false,NO_VEP,"Structural-only assessment (LSSIM=0.994, global SSIM=1.000). VEP not available for this locus.",Pathogenic,ClinVar_Pathogenic,-1,POSITION
VCV000427619,87933252,.,.,c.492+1G>T,,splice,Pathogenic,0.9997,0.9943,0.0137,0,BENIGN,,-1,,-1,,,false,NO_VEP,"Structural-only assessment (LSSIM=0.994, global SSIM=1.000). VEP not available for this locus.",Pathogenic,ClinVar_Pathogenic,-1,POSITION
VCV000234620,87933253,.,.,c.492+2T>C,,splice,Pathogenic,0.9997,0.9946,0.0133,0,BENIGN,,-1,,-1,,,false,NO_VEP,"Structural-only assessment (LSSIM=0.995, global SSIM=1.000). VEP not available for this locus.",Pathogenic,ClinVar_Pathogenic,-1,POSITION
VCV000007821,87933253,.,.,c.492+2T>G,,splice,Pathogenic,0.9997,0.9946,0.0133,0,BENIGN,,-1,,-1,,,false,NO_VEP,"Structural-only assessment (LSSIM=0.995, global SSIM=1.000). VEP not available for this locus.",Pathogenic,ClinVar_Pathogenic,-1,POSITION
VCV000797957,87933258,.,.,c.492+7T>C,,intronic,Likely benign,0.9996,0.9929,0.015,0,BENIGN,,-1,,-1,,,false,NO_VEP,"Structural-only assessment (LSSIM=0.993, global SSIM=1.000). VEP not available for this locus.",Benign,ClinVar_Benign,-1,POSITION
VCV000468691,87933258,.,.,c.492+7T>G,,intronic,Likely benign,0.9996,0.9929,0.015,0,BENIGN,,-1,,-1,,,false,NO_VEP,"Structural-only assessment (LSSIM=0.993, global SSIM=1.000). VEP not available for this locus.",Benign,ClinVar_Benign,-1,POSITION
VCV000921070,87933259,.,.,c.492+8A>G,,intronic,Likely benign,0.9997,0.9943,0.0136,0,BENIGN,,-1,,-1,,,false,NO_VEP,"Structural-only assessment (LSSIM=0.994, global SSIM=1.000). VEP not available for this locus.",Benign,ClinVar_Benign,-1,POSITION
VCV001552538,87933260,.,.,c.492+9T>A,,intronic,Likely benign,0.9997,0.9941,0.0138,0,BENIGN,,-1,,-1,,,false,NO_VEP,"Structural-only assessment (LSSIM=0.994, global SSIM=1.000). VEP not available for this locus.",Benign,ClinVar_Benign,-1,POSITION
VCV001159948,87933260,.,.,c.492+9T>C,,intronic,Likely benign,0.9997,0.9941,0.0138,0,BENIGN,,-1,,-1,,,false,NO_VEP,"Structural-only assessment (LSSIM=0.994, global SSIM=1.000). VEP not available for this locus.",Benign,ClinVar_Benign,-1,POSITION
VCV000921175,87933265,.,.,c.492+14T>C,,intronic,Conflicting classifications of pathogenicity,0.9996,0.9937,0.0141,0,BENIGN,,-1,,-1,,,false,NO_VEP,"Structural-only assessment (LSSIM=0.994, global SSIM=1.000). VEP not available for this locus.",Pathogenic,ClinVar_Pathogenic,-1,POSITION
VCV000388506,87933265,.,.,c.492+14T>A,,intronic,Likely benign,0.9996,0.9937,0.0141,0,BENIGN,,-1,,-1,,,false,NO_VEP,"Structural-only assessment (LSSIM=0.994, global SSIM=1.000). VEP not available for this locus.",Benign,ClinVar_Benign,-1,POSITION
VCV003646079,87933266,.,.,c.492+15G>C,,intronic,Likely benign,0.9996,0.9939,0.0139,0,BENIGN,,-1,,-1,,,false,NO_VEP,"Structural-only assessment (LSSIM=0.994, global SSIM=1.000). VEP not available for this locus.",Benign,ClinVar_Benign,-1,POSITION
VCV000921211,87933266,.,.,c.492+15G>T,,intronic,Likely benign,0.9996,0.9939,0.0139,0,BENIGN,,-1,,-1,,,false,NO_VEP,"Structural-only assessment (LSSIM=0.994, global SSIM=1.000). VEP not available for this locus.",Benign,ClinVar_Benign,-1,POSITION
VCV000384791,87933267,.,.,c.492+16A>G,,intronic,Likely benign,0.9997,0.9945,0.0135,0,BENIGN,,-1,,-1,,,false,NO_VEP,"Structural-only assessment (LSSIM=0.994, global SSIM=1.000). VEP not available for this locus.",Benign,ClinVar_Benign,-1,POSITION
VCV000802608,87933282,.,.,c.492+31T>C,,intronic,Likely benign,0.9997,0.9946,0.0135,0,BENIGN,,-1,,-1,,,false,NO_VEP,"Structural-only assessment (LSSIM=0.995, global SSIM=1.000). VEP not available for this locus.",Benign,ClinVar_Benign,-1,POSITION
VCV000223965,87933308,.,.,c.492+57A>G,,intronic,Likely benign,0.9997,0.9943,0.0135,0,BENIGN,,-1,,-1,,,false,NO_VEP,"Structural-only assessment (LSSIM=0.994, global SSIM=1.000). VEP not available for this locus.",Benign,ClinVar_Benign,-1,POSITION
VCV000677795,87933468,.,.,c.492+217C>T,,intronic,Benign,0.9996,0.9942,0.0138,0,BENIGN,,-1,,-1,,,false,NO_VEP,"Structural-only assessment (LSSIM=0.994, global SSIM=1.000). VEP not available for this locus.",Benign,ClinVar_Benign,-1,POSITION
VCV000679728,87933543,.,.,c.492+292T>C,,intronic,Benign,0.9997,0.9944,0.0135,0,BENIGN,,-1,,-1,,,false,NO_VEP,"Structural-only assessment (LSSIM=0.994, global SSIM=1.000). VEP not available for this locus.",Benign,ClinVar_Benign,-1,POSITION
VCV000223952,87939083,.,.,c.492+5832A>G,,intronic,Likely benign,0.9996,0.994,0.0137,0,BENIGN,,-1,,-1,,,false,NO_VEP,"Structural-only assessment (LSSIM=0.994, global SSIM=1.000). VEP not available for this locus.",Benign,ClinVar_Benign,-1,POSITION
VCV000223957,87939101,.,.,c.492+5850T>A,,intronic,Likely benign,0.9996,0.9935,0.0141,0,BENIGN,,-1,,-1,,,false,NO_VEP,"Structural-only assessment (LSSIM=0.994, global SSIM=1.000). VEP not available for this locus.",Benign,ClinVar_Benign,-1,POSITION
VCV000873422,87940665,.,.,c.492+7414A>G,,intronic,Benign,0.9996,0.9933,0.0144,0,BENIGN,,-1,,-1,,,false,NO_VEP,"Structural-only assessment (LSSIM=0.993, global SSIM=1.000). VEP not available for this locus.",Benign,ClinVar_Benign,-1,POSITION
VCV002587202,87942769,.,.,c.493-9349A>G,,intronic,Likely pathogenic,0.9996,0.993,0.0141,0,BENIGN,,-1,,-1,,,false,NO_VEP,"Structural-only assessment (LSSIM=0.993, global SSIM=1.000). VEP not available for this locus.",Pathogenic,ClinVar_Pathogenic,-1,POSITION
VCV000223985,87944629,.,.,c.493-7489A>G,,intronic,Likely benign,0.9996,0.9925,0.0168,0,BENIGN,,-1,,-1,,,false,NO_VEP,"Structural-only assessment (LSSIM=0.993, global SSIM=1.000). VEP not available for this locus.",Benign,ClinVar_Benign,-1,POSITION
VCV000223972,87949309,.,.,c.493-2809A>G,,intronic,Likely benign,0.9959,0.9213,0.0382,0,VUS,,-1,,-1,,,false,NO_VEP,"Structural-only assessment (LSSIM=0.921, global SSIM=0.996). VEP not available for this locus.",Benign,ClinVar_Benign,-1,POSITION
VCV000223976,87951229,.,.,c.493-889G>A,,intronic,Likely benign,0.9977,0.9571,0.0318,0,VUS,,-1,,-1,,,false,NO_VEP,"Structural-only assessment (LSSIM=0.957, global SSIM=0.998). VEP not available for this locus.",Benign,ClinVar_Benign,-1,POSITION
VCV001802784,87952072,.,.,c.493-46G>A,,intronic,Likely benign,0.999,0.9832,0.0238,0,LIKELY_BENIGN,,-1,,-1,,,false,NO_VEP,"Structural-only assessment (LSSIM=0.983, global SSIM=0.999). VEP not available for this locus.",Benign,ClinVar_Benign,-1,POSITION
VCV000811630,87952076,.,.,c.493-42A>G,,intronic,Benign,0.999,0.9826,0.0234,0,LIKELY_BENIGN,,-1,,-1,,,false,NO_VEP,"Structural-only assessment (LSSIM=0.983, global SSIM=0.999). VEP not available for this locus.",Benign,ClinVar_Benign,-1,POSITION
VCV000427631,87952087,.,.,c.493-31A>G,,intronic,Benign,0.999,0.9825,0.0241,0,LIKELY_BENIGN,,-1,,-1,,,false,NO_VEP,"Structural-only assessment (LSSIM=0.982, global SSIM=0.999). VEP not available for this locus.",Benign,ClinVar_Benign,-1,POSITION
VCV000802609,87952091,.,.,c.493-27G>T,,intronic,Likely benign,0.9989,0.9812,0.0249,0,LIKELY_BENIGN,,-1,,-1,,,false,NO_VEP,"Structural-only assessment (LSSIM=0.981, global SSIM=0.999). VEP not available for this locus.",Benign,ClinVar_Benign,-1,POSITION
VCV003904224,87952098,.,.,c.493-20C>T,,intronic,Likely benign,0.9989,0.9811,0.0251,0,LIKELY_BENIGN,,-1,,-1,,,false,NO_VEP,"Structural-only assessment (LSSIM=0.981, global SSIM=0.999). VEP not available for this locus.",Benign,ClinVar_Benign,-1,POSITION
VCV000512857,87952099,.,.,c.493-19T>C,,intronic,Likely benign,0.999,0.9835,0.0235,0,LIKELY_BENIGN,,-1,,-1,,,false,NO_VEP,"Structural-only assessment (LSSIM=0.983, global SSIM=0.999). VEP not available for this locus.",Benign,ClinVar_Benign,-1,POSITION
VCV002909973,87952100,.,.,c.493-18T>C,,intronic,Likely benign,0.999,0.983,0.0237,0,LIKELY_BENIGN,,-1,,-1,,,false,NO_VEP,"Structural-only assessment (LSSIM=0.983, global SSIM=0.999). VEP not available for this locus.",Benign,ClinVar_Benign,-1,POSITION
VCV004720334,87952102,.,.,c.493-16T>A,,intronic,Likely benign,0.9991,0.9837,0.0231,0,LIKELY_BENIGN,,-1,,-1,,,false,NO_VEP,"Structural-only assessment (LSSIM=0.984, global SSIM=0.999). VEP not available for this locus.",Benign,ClinVar_Benign,-1,POSITION
VCV003652625,87952102,.,.,c.493-16T>C,,intronic,Likely benign,0.9991,0.9837,0.0231,0,LIKELY_BENIGN,,-1,,-1,,,false,NO_VEP,"Structural-only assessment (LSSIM=0.984, global SSIM=0.999). VEP not available for this locus.",Benign,ClinVar_Benign,-1,POSITION
VCV002861979,87952103,.,.,c.493-15T>C,,intronic,Likely benign,0.9991,0.9837,0.0237,0,LIKELY_BENIGN,,-1,,-1,,,false,NO_VEP,"Structural-only assessment (LSSIM=0.984, global SSIM=0.999). VEP not available for this locus.",Benign,ClinVar_Benign,-1,POSITION
VCV000627851,87952104,.,.,c.493-14T>C,,intronic,Likely benign,0.9989,0.981,0.025,0,LIKELY_BENIGN,,-1,,-1,,,false,NO_VEP,"Structural-only assessment (LSSIM=0.981, global SSIM=0.999). VEP not available for this locus.",Benign,ClinVar_Benign,-1,POSITION
VCV000515054,87952105,.,.,c.493-13T>C,,intronic,Likely benign,0.999,0.9817,0.0247,0,LIKELY_BENIGN,,-1,,-1,,,false,NO_VEP,"Structural-only assessment (LSSIM=0.982, global SSIM=0.999). VEP not available for this locus.",Benign,ClinVar_Benign,-1,POSITION
VCV003903736,87952106,.,.,c.493-12T>C,,intronic,Likely benign,0.9989,0.9817,0.0247,0,LIKELY_BENIGN,,-1,,-1,,,false,NO_VEP,"Structural-only assessment (LSSIM=0.982, global SSIM=0.999). VEP not available for this locus.",Benign,ClinVar_Benign,-1,POSITION
VCV003903814,87952107,.,.,c.493-11C>T,,intronic,Likely benign,0.999,0.9821,0.0242,0,LIKELY_BENIGN,,-1,,-1,,,false,NO_VEP,"Structural-only assessment (LSSIM=0.982, global SSIM=0.999). VEP not available for this locus.",Benign,ClinVar_Benign,-1,POSITION
VCV002858087,87952108,.,.,c.493-10T>G,,intronic,Likely benign,0.9989,0.9813,0.0256,0,LIKELY_BENIGN,,-1,,-1,,,false,NO_VEP,"Structural-only assessment (LSSIM=0.981, global SSIM=0.999). VEP not available for this locus.",Benign,ClinVar_Benign,-1,POSITION
VCV003904012,87952109,.,.,c.493-9G>C,,intronic,Likely benign,0.999,0.9821,0.0246,0,LIKELY_BENIGN,,-1,,-1,,,false,NO_VEP,"Structural-only assessment (LSSIM=0.982, global SSIM=0.999). VEP not available for this locus.",Benign,ClinVar_Benign,-1,POSITION
VCV000926380,87952109,.,.,c.493-9G>A,,intronic,Likely benign,0.999,0.9821,0.0246,0,LIKELY_BENIGN,,-1,,-1,,,false,NO_VEP,"Structural-only assessment (LSSIM=0.982, global SSIM=0.999). VEP not available for this locus.",Benign,ClinVar_Benign,-1,POSITION
VCV000468693,87952109,.,.,c.493-9G>T,,intronic,Likely benign,0.999,0.9821,0.0246,0,LIKELY_BENIGN,,-1,,-1,,,false,NO_VEP,"Structural-only assessment (LSSIM=0.982, global SSIM=0.999). VEP not available for this locus.",Benign,ClinVar_Benign,-1,POSITION
VCV002031374,87952110,.,.,c.493-8T>C,,intronic,Likely benign,0.999,0.9824,0.0244,0,LIKELY_BENIGN,,-1,,-1,,,false,NO_VEP,"Structural-only assessment (LSSIM=0.982, global SSIM=0.999). VEP not available for this locus.",Benign,ClinVar_Benign,-1,POSITION
VCV002837724,87952111,.,.,c.493-7C>G,,intronic,Likely benign,0.9991,0.9836,0.0234,0,LIKELY_BENIGN,,-1,,-1,,,false,NO_VEP,"Structural-only assessment (LSSIM=0.984, global SSIM=0.999). VEP not available for this locus.",Benign,ClinVar_Benign,-1,POSITION
VCV001009027,87952112,.,.,c.493-6C>G,,intronic,Conflicting classifications of pathogenicity,0.999,0.983,0.0244,0,LIKELY_BENIGN,,-1,,-1,,,false,NO_VEP,"Structural-only assessment (LSSIM=0.983, global SSIM=0.999). VEP not available for this locus.",Pathogenic,ClinVar_Pathogenic,-1,POSITION
VCV000536562,87952112,.,.,c.493-6C>T,,intronic,Likely benign,0.999,0.983,0.0244,0,LIKELY_BENIGN,,-1,,-1,,,false,NO_VEP,"Structural-only assessment (LSSIM=0.983, global SSIM=0.999). VEP not available for this locus.",Benign,ClinVar_Benign,-1,POSITION
VCV003903509,87952113,.,.,c.493-5A>G,,intronic,Likely benign,0.999,0.9818,0.0249,0,LIKELY_BENIGN,,-1,,-1,,,false,NO_VEP,"Structural-only assessment (LSSIM=0.982, global SSIM=0.999). VEP not available for this locus.",Benign,ClinVar_Benign,-1,POSITION
VCV000386631,87952114,.,.,c.493-4C>T,,intronic,Likely benign,0.9991,0.9837,0.0233,0,LIKELY_BENIGN,,-1,,-1,,,false,NO_VEP,"Structural-only assessment (LSSIM=0.984, global SSIM=0.999). VEP not available for this locus.",Benign,ClinVar_Benign,-1,POSITION
VCV000484611,87952116,.,.,c.493-2A>T,,splice,Likely pathogenic,0.9991,0.9844,0.0226,0,LIKELY_BENIGN,,-1,,-1,,,false,NO_VEP,"Structural-only assessment (LSSIM=0.984, global SSIM=0.999). VEP not available for this locus.",Pathogenic,ClinVar_Pathogenic,-1,POSITION
VCV000468692,87952116,.,.,c.493-2A>C,,splice,Pathogenic,0.9991,0.9844,0.0226,0,LIKELY_BENIGN,,-1,,-1,,,false,NO_VEP,"Structural-only assessment (LSSIM=0.984, global SSIM=0.999). VEP not available for this locus.",Pathogenic,ClinVar_Pathogenic,-1,POSITION
VCV000141485,87952116,.,.,c.493-2A>G,,splice,Pathogenic,0.9991,0.9844,0.0226,0,LIKELY_BENIGN,,-1,,-1,,,false,NO_VEP,"Structural-only assessment (LSSIM=0.984, global SSIM=0.999). VEP not available for this locus.",Pathogenic,ClinVar_Pathogenic,-1,POSITION
VCV001333638,87952117,.,.,c.493-1G>T,,splice,Pathogenic/Likely pathogenic,0.999,0.982,0.0245,0,LIKELY_BENIGN,,-1,,-1,,,false,NO_VEP,"Structural-only assessment (LSSIM=0.982, global SSIM=0.999). VEP not available for this locus.",Pathogenic,ClinVar_Pathogenic,-1,POSITION
VCV000825303,87952117,.,.,c.493-1G>C,,splice,Pathogenic,0.999,0.982,0.0245,0,LIKELY_BENIGN,,-1,,-1,,,false,NO_VEP,"Structural-only assessment (LSSIM=0.982, global SSIM=0.999). VEP not available for this locus.",Pathogenic,ClinVar_Pathogenic,-1,POSITION
VCV000189409,87952117,.,.,c.493-1G>A,,splice,Pathogenic,0.999,0.982,0.0245,0,LIKELY_BENIGN,,-1,,-1,,,false,NO_VEP,"Structural-only assessment (LSSIM=0.982, global SSIM=0.999). VEP not available for this locus.",Pathogenic,ClinVar_Pathogenic,-1,POSITION
VCV001067498,87952118,.,.,c.493G>C,p.Gly165Arg,missense,Pathogenic/Likely pathogenic,0.999,0.9833,0.0237,0,LIKELY_BENIGN,,-1,,-1,,,false,NO_VEP,"Structural-only assessment (LSSIM=0.983, global SSIM=0.999). VEP not available for this locus.",Pathogenic,ClinVar_Pathogenic,-1,POSITION
VCV000428256,87952118,.,.,c.493G>A,p.Gly165Arg,missense,Pathogenic,0.999,0.9833,0.0237,0,LIKELY_BENIGN,,-1,,-1,,,false,NO_VEP,"Structural-only assessment (LSSIM=0.983, global SSIM=0.999). VEP not available for this locus.",Pathogenic,ClinVar_Pathogenic,-1,POSITION
VCV000142636,87952118,.,.,c.493G>T,p.Gly165Ter,nonsense,Pathogenic,0.999,0.9833,0.0237,0,LIKELY_BENIGN,,-1,,-1,,,false,NO_VEP,"Structural-only assessment (LSSIM=0.983, global SSIM=0.999). VEP not available for this locus.",Pathogenic,ClinVar_Pathogenic,-1,POSITION
VCV001341516,87952119,.,.,c.494G>T,p.Gly165Val,missense,Pathogenic/Likely pathogenic,0.9991,0.9839,0.0231,0,LIKELY_BENIGN,,-1,,-1,,,false,NO_VEP,"Structural-only assessment (LSSIM=0.984, global SSIM=0.999). VEP not available for this locus.",Pathogenic,ClinVar_Pathogenic,-1,POSITION
VCV000844343,87952119,.,.,c.494G>A,p.Gly165Glu,missense,Conflicting classifications of pathogenicity,0.9991,0.9839,0.0231,0,LIKELY_BENIGN,,-1,,-1,,,false,NO_VEP,"Structural-only assessment (LSSIM=0.984, global SSIM=0.999). VEP not available for this locus.",Pathogenic,ClinVar_Pathogenic,-1,POSITION
VCV003903510,87952120,.,.,c.495A>G,p.Gly165=,synonymous,Benign,0.9991,0.9833,0.0237,0,LIKELY_BENIGN,,-1,,-1,,,false,NO_VEP,"Structural-only assessment (LSSIM=0.983, global SSIM=0.999). VEP not available for this locus.",Benign,ClinVar_Benign,-1,POSITION
VCV000187015,87952121,.,.,c.496G>A,p.Val166Ile,missense,Conflicting classifications of pathogenicity,0.999,0.9824,0.0237,0,LIKELY_BENIGN,,-1,,-1,,,false,NO_VEP,"Structural-only assessment (LSSIM=0.982, global SSIM=0.999). VEP not available for this locus.",Pathogenic,ClinVar_Pathogenic,-1,POSITION
VCV000486974,87952122,.,.,c.497T>A,p.Val166Glu,missense,Likely pathogenic,0.9991,0.9836,0.0237,0,LIKELY_BENIGN,,-1,,-1,,,false,NO_VEP,"Structural-only assessment (LSSIM=0.984, global SSIM=0.999). VEP not available for this locus.",Pathogenic,ClinVar_Pathogenic,-1,POSITION
VCV002452968,87952123,.,.,c.498A>G,p.Val166=,synonymous,Benign/Likely benign,0.999,0.9829,0.0241,0,LIKELY_BENIGN,,-1,,-1,,,false,NO_VEP,"Structural-only assessment (LSSIM=0.983, global SSIM=0.999). VEP not available for this locus.",Benign,ClinVar_Benign,-1,POSITION
VCV001686107,87952124,.,.,c.499A>G,p.Thr167Ala,missense,Conflicting classifications of pathogenicity,0.999,0.9819,0.024,0,LIKELY_BENIGN,,-1,,-1,,,false,NO_VEP,"Structural-only assessment (LSSIM=0.982, global SSIM=0.999). VEP not available for this locus.",Pathogenic,ClinVar_Pathogenic,-1,POSITION
VCV000039668,87952125,.,.,c.500C>A,p.Thr167Asn,missense,Likely pathogenic,0.9989,0.9807,0.0254,0,LIKELY_BENIGN,,-1,,-1,,,false,NO_VEP,"Structural-only assessment (LSSIM=0.981, global SSIM=0.999). VEP not available for this locus.",Pathogenic,ClinVar_Pathogenic,-1,POSITION
VCV001101588,87952126,.,.,c.501T>C,p.Thr167=,synonymous,Benign/Likely benign,0.9989,0.981,0.0247,0,LIKELY_BENIGN,,-1,,-1,,,false,NO_VEP,"Structural-only assessment (LSSIM=0.981, global SSIM=0.999). VEP not available for this locus.",Benign,ClinVar_Benign,-1,POSITION
VCV000468694,87952128,.,.,c.503T>C,p.Ile168Thr,missense,Conflicting classifications of pathogenicity,0.999,0.9828,0.024,0,LIKELY_BENIGN,,-1,,-1,,,false,NO_VEP,"Structural-only assessment (LSSIM=0.983, global SSIM=0.999). VEP not available for this locus.",Pathogenic,ClinVar_Pathogenic,-1,POSITION
VCV000825402,87952129,.,.,c.504T>A,p.Ile168=,synonymous,Benign/Likely benign,0.9991,0.984,0.0235,0,LIKELY_BENIGN,,-1,,-1,,,false,NO_VEP,"Structural-only assessment (LSSIM=0.984, global SSIM=0.999). VEP not available for this locus.",Benign,ClinVar_Benign,-1,POSITION
VCV000569301,87952133,.,.,c.508A>C,p.Ser170Arg,missense,Pathogenic,0.9989,0.9811,0.0251,0,LIKELY_BENIGN,,-1,,-1,,,false,NO_VEP,"Structural-only assessment (LSSIM=0.981, global SSIM=0.999). VEP not available for this locus.",Pathogenic,ClinVar_Pathogenic,-1,POSITION
VCV000951765,87952134,.,.,c.509G>A,p.Ser170Asn,missense,Likely pathogenic,0.999,0.9818,0.0247,0,LIKELY_BENIGN,,-1,,-1,,,false,NO_VEP,"Structural-only assessment (LSSIM=0.982, global SSIM=0.999). VEP not available for this locus.",Pathogenic,ClinVar_Pathogenic,-1,POSITION
VCV000233590,87952134,.,.,c.509G>T,p.Ser170Ile,missense,Pathogenic,0.999,0.9818,0.0247,0,LIKELY_BENIGN,,-1,,-1,,,false,NO_VEP,"Structural-only assessment (LSSIM=0.982, global SSIM=0.999). VEP not available for this locus.",Pathogenic,ClinVar_Pathogenic,-1,POSITION
VCV000825458,87952135,.,.,c.510T>G,p.Ser170Arg,missense,Pathogenic,0.9989,0.9809,0.0252,0,LIKELY_BENIGN,,-1,,-1,,,false,NO_VEP,"Structural-only assessment (LSSIM=0.981, global SSIM=0.999). VEP not available for this locus.",Pathogenic,ClinVar_Pathogenic,-1,POSITION
VCV000007815,87952135,.,.,c.510T>A,p.Ser170Arg,missense,Pathogenic,0.9989,0.9809,0.0252,0,LIKELY_BENIGN,,-1,,-1,,,false,NO_VEP,"Structural-only assessment (LSSIM=0.981, global SSIM=0.999). VEP not available for this locus.",Pathogenic,ClinVar_Pathogenic,-1,POSITION
VCV003903638,87952135,.,.,c.510T>C,p.Ser170=,synonymous,Benign,0.9989,0.9809,0.0252,0,LIKELY_BENIGN,,-1,,-1,,,false,NO_VEP,"Structural-only assessment (LSSIM=0.981, global SSIM=0.999). VEP not available for this locus.",Benign,ClinVar_Benign,-1,POSITION
VCV001198486,87952136,.,.,c.511C>A,p.Gln171Lys,missense,Pathogenic,0.999,0.9833,0.0241,0,LIKELY_BENIGN,,-1,,-1,,,false,NO_VEP,"Structural-only assessment (LSSIM=0.983, global SSIM=0.999). VEP not available for this locus.",Pathogenic,ClinVar_Pathogenic,-1,POSITION
VCV000844941,87952136,.,.,c.511C>G,p.Gln171Glu,missense,Likely pathogenic,0.999,0.9833,0.0241,0,LIKELY_BENIGN,,-1,,-1,,,false,NO_VEP,"Structural-only assessment (LSSIM=0.983, global SSIM=0.999). VEP not available for this locus.",Pathogenic,ClinVar_Pathogenic,-1,POSITION
VCV000189411,87952136,.,.,c.511C>T,p.Gln171Ter,nonsense,Pathogenic,0.999,0.9833,0.0241,0,LIKELY_BENIGN,,-1,,-1,,,false,NO_VEP,"Structural-only assessment (LSSIM=0.983, global SSIM=0.999). VEP not available for this locus.",Pathogenic,ClinVar_Pathogenic,-1,POSITION
VCV000573168,87952137,.,.,c.512A>C,p.Gln171Pro,missense,Conflicting classifications of pathogenicity,0.9991,0.9841,0.0237,0,LIKELY_BENIGN,,-1,,-1,,,false,NO_VEP,"Structural-only assessment (LSSIM=0.984, global SSIM=0.999). VEP not available for this locus.",Pathogenic,ClinVar_Pathogenic,-1,POSITION
VCV000189412,87952137,.,.,c.512A>G,p.Gln171Arg,missense,Likely pathogenic,0.9991,0.9841,0.0237,0,LIKELY_BENIGN,,-1,,-1,,,false,NO_VEP,"Structural-only assessment (LSSIM=0.984, global SSIM=0.999). VEP not available for this locus.",Pathogenic,ClinVar_Pathogenic,-1,POSITION
VCV003707469,87952138,.,.,c.513G>T,p.Gln171His,missense,Conflicting classifications of pathogenicity,0.9989,0.9812,0.0256,0,LIKELY_BENIGN,,-1,,-1,,,false,NO_VEP,"Structural-only assessment (LSSIM=0.981, global SSIM=0.999). VEP not available for this locus.",Pathogenic,ClinVar_Pathogenic,-1,POSITION
VCV000506559,87952138,.,.,c.513G>A,p.Gln171=,synonymous,Likely benign,0.9989,0.9812,0.0256,0,LIKELY_BENIGN,,-1,,-1,,,false,NO_VEP,"Structural-only assessment (LSSIM=0.981, global SSIM=0.999). VEP not available for this locus.",Benign,ClinVar_Benign,-1,POSITION
VCV002452974,87952141,.,.,c.516G>A,p.Arg172=,synonymous,Likely benign,0.9989,0.9818,0.0249,0,LIKELY_BENIGN,,-1,,-1,,,false,NO_VEP,"Structural-only assessment (LSSIM=0.982, global SSIM=0.999). VEP not available for this locus.",Benign,ClinVar_Benign,-1,POSITION
VCV001176553,87952142,.,.,c.517C>G,p.Arg173Gly,missense,Pathogenic,0.9989,0.9819,0.0248,0,LIKELY_BENIGN,,-1,,-1,,,false,NO_VEP,"Structural-only assessment (LSSIM=0.982, global SSIM=0.999). VEP not available for this locus.",Pathogenic,ClinVar_Pathogenic,-1,POSITION
VCV000404142,87952142,.,.,c.517C>A,p.Arg173Ser,missense,Conflicting classifications of pathogenicity,0.9989,0.9819,0.0248,0,LIKELY_BENIGN,,-1,,-1,,,false,NO_VEP,"Structural-only assessment (LSSIM=0.982, global SSIM=0.999). VEP not available for this locus.",Pathogenic,ClinVar_Pathogenic,-1,POSITION
VCV000189500,87952142,.,.,c.517C>T,p.Arg173Cys,missense,Pathogenic,0.9989,0.9819,0.0248,0,LIKELY_BENIGN,,-1,,-1,,,false,NO_VEP,"Structural-only assessment (LSSIM=0.982, global SSIM=0.999). VEP not available for this locus.",Pathogenic,ClinVar_Pathogenic,-1,POSITION
VCV000428258,87952143,.,.,c.518G>T,p.Arg173Leu,missense,Likely pathogenic,0.999,0.9833,0.0236,0,LIKELY_BENIGN,,-1,,-1,,,false,NO_VEP,"Structural-only assessment (LSSIM=0.983, global SSIM=0.999). VEP not available for this locus.",Pathogenic,ClinVar_Pathogenic,-1,POSITION
VCV000376032,87952143,.,.,c.518G>A,p.Arg173His,missense,Pathogenic/Likely pathogenic,0.999,0.9833,0.0236,0,LIKELY_BENIGN,,-1,,-1,,,false,NO_VEP,"Structural-only assessment (LSSIM=0.983, global SSIM=0.999). VEP not available for this locus.",Pathogenic,ClinVar_Pathogenic,-1,POSITION
VCV000185195,87952143,.,.,c.518G>C,p.Arg173Pro,missense,Pathogenic,0.999,0.9833,0.0236,0,LIKELY_BENIGN,,-1,,-1,,,false,NO_VEP,"Structural-only assessment (LSSIM=0.983, global SSIM=0.999). VEP not available for this locus.",Pathogenic,ClinVar_Pathogenic,-1,POSITION
VCV002082767,87952144,.,.,c.519C>T,p.Arg173=,synonymous,Benign/Likely benign,0.999,0.9821,0.0243,0,LIKELY_BENIGN,,-1,,-1,,,false,NO_VEP,"Structural-only assessment (LSSIM=0.982, global SSIM=0.999). VEP not available for this locus.",Benign,ClinVar_Benign,-1,POSITION
VCV004538586,87952145,.,.,c.520T>G,p.Tyr174Asp,missense,Pathogenic,0.999,0.9819,0.0247,0,LIKELY_BENIGN,,-1,,-1,,,false,NO_VEP,"Structural-only assessment (LSSIM=0.982, global SSIM=0.999). VEP not available for this locus.",Pathogenic,ClinVar_Pathogenic,-1,POSITION
VCV003220859,87952145,.,.,c.520T>C,p.Tyr174His,missense,Conflicting classifications of pathogenicity,0.999,0.9819,0.0247,0,LIKELY_BENIGN,,-1,,-1,,,false,NO_VEP,"Structural-only assessment (LSSIM=0.982, global SSIM=0.999). VEP not available for this locus.",Pathogenic,ClinVar_Pathogenic,-1,POSITION
VCV000142220,87952145,.,.,c.520T>A,p.Tyr174Asn,missense,Likely pathogenic,0.999,0.9819,0.0247,0,LIKELY_BENIGN,,-1,,-1,,,false,NO_VEP,"Structural-only assessment (LSSIM=0.982, global SSIM=0.999). VEP not available for this locus.",Pathogenic,ClinVar_Pathogenic,-1,POSITION
VCV000220007,87952146,.,.,c.521A>G,p.Tyr174Cys,missense,Likely pathogenic,0.999,0.9817,0.0248,0,LIKELY_BENIGN,,-1,,-1,,,false,NO_VEP,"Structural-only assessment (LSSIM=0.982, global SSIM=0.999). VEP not available for this locus.",Pathogenic,ClinVar_Pathogenic,-1,POSITION
VCV000517520,87952147,.,.,c.522T>G,p.Tyr174Ter,nonsense,Pathogenic/Likely pathogenic,0.9991,0.9836,0.0231,0,LIKELY_BENIGN,,-1,,-1,,,false,NO_VEP,"Structural-only assessment (LSSIM=0.984, global SSIM=0.999). VEP not available for this locus.",Pathogenic,ClinVar_Pathogenic,-1,POSITION
VCV000486227,87952147,.,.,c.522T>A,p.Tyr174Ter,nonsense,Pathogenic,0.9991,0.9836,0.0231,0,LIKELY_BENIGN,,-1,,-1,,,false,NO_VEP,"Structural-only assessment (LSSIM=0.984, global SSIM=0.999). VEP not available for this locus.",Pathogenic,ClinVar_Pathogenic,-1,POSITION
VCV000185014,87952147,.,.,c.522T>C,p.Tyr174=,synonymous,Benign/Likely benign,0.9991,0.9836,0.0231,0,LIKELY_BENIGN,,-1,,-1,,,false,NO_VEP,"Structural-only assessment (LSSIM=0.984, global SSIM=0.999). VEP not available for this locus.",Benign,ClinVar_Benign,-1,POSITION
VCV001067224,87952148,.,.,c.523G>A,p.Val175Met,missense,Pathogenic,0.999,0.982,0.0245,0,LIKELY_BENIGN,,-1,,-1,,,false,NO_VEP,"Structural-only assessment (LSSIM=0.982, global SSIM=0.999). VEP not available for this locus.",Pathogenic,ClinVar_Pathogenic,-1,POSITION
VCV003904430,87952150,.,.,c.525G>A,p.Val175=,synonymous,Benign,0.999,0.9826,0.024,0,LIKELY_BENIGN,,-1,,-1,,,false,NO_VEP,"Structural-only assessment (LSSIM=0.983, global SSIM=0.999). VEP not available for this locus.",Benign,ClinVar_Benign,-1,POSITION
VCV002087485,87952150,.,.,c.525G>T,p.Val175=,synonymous,Benign/Likely benign,0.999,0.9826,0.024,0,LIKELY_BENIGN,,-1,,-1,,,false,NO_VEP,"Structural-only assessment (LSSIM=0.983, global SSIM=0.999). VEP not available for this locus.",Benign,ClinVar_Benign,-1,POSITION
VCV000468696,87952150,.,.,c.525G>C,p.Val175=,synonymous,Benign/Likely benign,0.999,0.9826,0.024,0,LIKELY_BENIGN,,-1,,-1,,,false,NO_VEP,"Structural-only assessment (LSSIM=0.983, global SSIM=0.999). VEP not available for this locus.",Benign,ClinVar_Benign,-1,POSITION
VCV000185585,87952152,.,.,c.527A>G,p.Tyr176Cys,missense,Conflicting classifications of pathogenicity,0.9991,0.9839,0.023,0,LIKELY_BENIGN,,-1,,-1,,,false,NO_VEP,"Structural-only assessment (LSSIM=0.984, global SSIM=0.999). VEP not available for this locus.",Pathogenic,ClinVar_Pathogenic,-1,POSITION
VCV000492732,87952153,.,.,c.528T>G,p.Tyr176Ter,nonsense,Likely pathogenic,0.999,0.9814,0.0244,0,LIKELY_BENIGN,,-1,,-1,,,false,NO_VEP,"Structural-only assessment (LSSIM=0.981, global SSIM=0.999). VEP not available for this locus.",Pathogenic,ClinVar_Pathogenic,-1,POSITION
VCV000385643,87952153,.,.,c.528T>C,p.Tyr176=,synonymous,Benign/Likely benign,0.999,0.9814,0.0244,0,LIKELY_BENIGN,,-1,,-1,,,false,NO_VEP,"Structural-only assessment (LSSIM=0.981, global SSIM=0.999). VEP not available for this locus.",Benign,ClinVar_Benign,-1,POSITION
VCV000988005,87952154,.,.,c.529T>G,p.Tyr177Asp,missense,Conflicting classifications of pathogenicity,0.999,0.9827,0.024,0,LIKELY_BENIGN,,-1,,-1,,,false,NO_VEP,"Structural-only assessment (LSSIM=0.983, global SSIM=0.999). VEP not available for this locus.",Pathogenic,ClinVar_Pathogenic,-1,POSITION
VCV000974864,87952154,.,.,c.529T>C,p.Tyr177His,missense,Likely pathogenic,0.999,0.9827,0.024,0,LIKELY_BENIGN,,-1,,-1,,,false,NO_VEP,"Structural-only assessment (LSSIM=0.983, global SSIM=0.999). VEP not available for this locus.",Pathogenic,ClinVar_Pathogenic,-1,POSITION
VCV000580948,87952155,.,.,c.530A>G,p.Tyr177Cys,missense,Likely pathogenic,0.999,0.9823,0.0246,0,LIKELY_BENIGN,,-1,,-1,,,false,NO_VEP,"Structural-only assessment (LSSIM=0.982, global SSIM=0.999). VEP not available for this locus.",Pathogenic,ClinVar_Pathogenic,-1,POSITION
VCV000235334,87952156,.,.,c.531T>G,p.Tyr177Ter,nonsense,Pathogenic,0.999,0.9819,0.0243,0,LIKELY_BENIGN,,-1,,-1,,,false,NO_VEP,"Structural-only assessment (LSSIM=0.982, global SSIM=0.999). VEP not available for this locus.",Pathogenic,ClinVar_Pathogenic,-1,POSITION
VCV003903645,87952156,.,.,c.531T>C,p.Tyr177=,synonymous,Benign,0.999,0.9819,0.0243,0,LIKELY_BENIGN,,-1,,-1,,,false,NO_VEP,"Structural-only assessment (LSSIM=0.982, global SSIM=0.999). VEP not available for this locus.",Benign,ClinVar_Benign,-1,POSITION
VCV000189413,87952158,.,.,c.533A>G,p.Tyr178Cys,missense,Conflicting classifications of pathogenicity,0.9991,0.9842,0.0234,0,LIKELY_BENIGN,,-1,,-1,,,false,NO_VEP,"Structural-only assessment (LSSIM=0.984, global SSIM=0.999). VEP not available for this locus.",Pathogenic,ClinVar_Pathogenic,-1,POSITION
VCV004056257,87952159,.,.,c.534T>G,p.Tyr178Ter,nonsense,Pathogenic,0.9991,0.9843,0.0232,0,LIKELY_BENIGN,,-1,,-1,,,false,NO_VEP,"Structural-only assessment (LSSIM=0.984, global SSIM=0.999). VEP not available for this locus.",Pathogenic,ClinVar_Pathogenic,-1,POSITION
VCV000231805,87952159,.,.,c.534T>C,p.Tyr178=,synonymous,Benign/Likely benign,0.9991,0.9843,0.0232,0,LIKELY_BENIGN,,-1,,-1,,,false,NO_VEP,"Structural-only assessment (LSSIM=0.984, global SSIM=0.999). VEP not available for this locus.",Benign,ClinVar_Benign,-1,POSITION
VCV002567271,87952162,.,.,c.537C>T,p.Ser179=,synonymous,Likely benign,0.9991,0.9841,0.023,0,LIKELY_BENIGN,,-1,,-1,,,false,NO_VEP,"Structural-only assessment (LSSIM=0.984, global SSIM=0.999). VEP not available for this locus.",Benign,ClinVar_Benign,-1,POSITION
VCV000481129,87952163,.,.,c.538T>C,p.Tyr180His,missense,Conflicting classifications of pathogenicity,0.999,0.983,0.0233,0,LIKELY_BENIGN,,-1,,-1,,,false,NO_VEP,"Structural-only assessment (LSSIM=0.983, global SSIM=0.999). VEP not available for this locus.",Pathogenic,ClinVar_Pathogenic,-1,POSITION
VCV002136910,87952165,.,.,c.540C>A,p.Tyr180Ter,nonsense,Pathogenic,0.9991,0.9835,0.0237,0,LIKELY_BENIGN,,-1,,-1,,,false,NO_VEP,"Structural-only assessment (LSSIM=0.984, global SSIM=0.999). VEP not available for this locus.",Pathogenic,ClinVar_Pathogenic,-1,POSITION
VCV000186153,87952165,.,.,c.540C>G,p.Tyr180Ter,nonsense,Pathogenic,0.9991,0.9835,0.0237,0,LIKELY_BENIGN,,-1,,-1,,,false,NO_VEP,"Structural-only assessment (LSSIM=0.984, global SSIM=0.999). VEP not available for this locus.",Pathogenic,ClinVar_Pathogenic,-1,POSITION
VCV001697363,87952165,.,.,c.540C>T,p.Tyr180=,synonymous,Likely benign,0.9991,0.9835,0.0237,0,LIKELY_BENIGN,,-1,,-1,,,false,NO_VEP,"Structural-only assessment (LSSIM=0.984, global SSIM=0.999). VEP not available for this locus.",Benign,ClinVar_Benign,-1,POSITION
VCV000825719,87952166,.,.,c.541C>T,p.Leu181=,synonymous,Likely benign,0.9989,0.9815,0.025,0,LIKELY_BENIGN,,-1,,-1,,,false,NO_VEP,"Structural-only assessment (LSSIM=0.981, global SSIM=0.999). VEP not available for this locus.",Benign,ClinVar_Benign,-1,POSITION
VCV000825730,87952167,.,.,c.542T>C,p.Leu181Pro,missense,Pathogenic,0.9989,0.9815,0.0244,0,LIKELY_BENIGN,,-1,,-1,,,false,NO_VEP,"Structural-only assessment (LSSIM=0.982, global SSIM=0.999). VEP not available for this locus.",Pathogenic,ClinVar_Pathogenic,-1,POSITION
VCV003903657,87952168,.,.,c.543G>A,p.Leu181=,synonymous,Benign,0.999,0.983,0.0236,0,LIKELY_BENIGN,,-1,,-1,,,false,NO_VEP,"Structural-only assessment (LSSIM=0.983, global SSIM=0.999). VEP not available for this locus.",Benign,ClinVar_Benign,-1,POSITION
VCV000758284,87952168,.,.,c.543G>C,p.Leu181=,synonymous,Likely benign,0.999,0.983,0.0236,0,LIKELY_BENIGN,,-1,,-1,,,false,NO_VEP,"Structural-only assessment (LSSIM=0.983, global SSIM=0.999). VEP not available for this locus.",Benign,ClinVar_Benign,-1,POSITION
VCV003698221,87952169,.,.,c.544T>C,p.Leu182=,synonymous,Benign/Likely benign,0.999,0.9828,0.0242,0,LIKELY_BENIGN,,-1,,-1,,,false,NO_VEP,"Structural-only assessment (LSSIM=0.983, global SSIM=0.999). VEP not available for this locus.",Benign,ClinVar_Benign,-1,POSITION
VCV000428241,87952170,.,.,c.545T>G,p.Leu182Ter,nonsense,Pathogenic,0.999,0.9818,0.0248,0,LIKELY_BENIGN,,-1,,-1,,,false,NO_VEP,"Structural-only assessment (LSSIM=0.982, global SSIM=0.999). VEP not available for this locus.",Pathogenic,ClinVar_Pathogenic,-1,POSITION
VCV000428232,87952170,.,.,c.545T>A,p.Leu182Ter,nonsense,Pathogenic,0.999,0.9818,0.0248,0,LIKELY_BENIGN,,-1,,-1,,,false,NO_VEP,"Structural-only assessment (LSSIM=0.982, global SSIM=0.999). VEP not available for this locus.",Pathogenic,ClinVar_Pathogenic,-1,POSITION
VCV002159982,87952174,.,.,c.549G>A,p.Lys183=,synonymous,Benign/Likely benign,0.999,0.9823,0.0239,0,LIKELY_BENIGN,,-1,,-1,,,false,NO_VEP,"Structural-only assessment (LSSIM=0.982, global SSIM=0.999). VEP not available for this locus.",Benign,ClinVar_Benign,-1,POSITION
VCV001748140,87952177,.,.,c.552T>C,p.Asn184=,synonymous,Likely benign,0.999,0.9825,0.0246,0,LIKELY_BENIGN,,-1,,-1,,,false,NO_VEP,"Structural-only assessment (LSSIM=0.983, global SSIM=0.999). VEP not available for this locus.",Benign,ClinVar_Benign,-1,POSITION
VCV000798997,87952180,.,.,c.555T>C,p.His185=,synonymous,Benign/Likely benign,0.999,0.9827,0.0244,0,LIKELY_BENIGN,,-1,,-1,,,false,NO_VEP,"Structural-only assessment (LSSIM=0.983, global SSIM=0.999). VEP not available for this locus.",Benign,ClinVar_Benign,-1,POSITION
VCV001093857,87952181,.,.,c.556C>T,p.Leu186=,synonymous,Likely benign,0.9989,0.9808,0.0249,0,LIKELY_BENIGN,,-1,,-1,,,false,NO_VEP,"Structural-only assessment (LSSIM=0.981, global SSIM=0.999). VEP not available for this locus.",Benign,ClinVar_Benign,-1,POSITION
VCV003231161,87952183,.,.,c.558G>A,p.Leu186=,synonymous,Likely benign,0.999,0.9819,0.024,0,LIKELY_BENIGN,,-1,,-1,,,false,NO_VEP,"Structural-only assessment (LSSIM=0.982, global SSIM=0.999). VEP not available for this locus.",Benign,ClinVar_Benign,-1,POSITION
VCV004712386,87952186,.,.,c.561T>C,p.Asp187=,synonymous,Likely benign,0.999,0.9822,0.0248,0,LIKELY_BENIGN,,-1,,-1,,,false,NO_VEP,"Structural-only assessment (LSSIM=0.982, global SSIM=0.999). VEP not available for this locus.",Benign,ClinVar_Benign,-1,POSITION
VCV001401407,87952187,.,.,c.562T>G,p.Tyr188Asp,missense,Conflicting classifications of pathogenicity,0.999,0.9827,0.0243,0,LIKELY_BENIGN,,-1,,-1,,,false,NO_VEP,"Structural-only assessment (LSSIM=0.983, global SSIM=0.999). VEP not available for this locus.",Pathogenic,ClinVar_Pathogenic,-1,POSITION
VCV001319460,87952188,.,.,c.563A>G,p.Tyr188Cys,missense,Conflicting classifications of pathogenicity,0.9991,0.9832,0.0232,0,LIKELY_BENIGN,,-1,,-1,,,false,NO_VEP,"Structural-only assessment (LSSIM=0.983, global SSIM=0.999). VEP not available for this locus.",Pathogenic,ClinVar_Pathogenic,-1,POSITION
VCV000825875,87952189,.,.,c.564T>G,p.Tyr188Ter,nonsense,Pathogenic,0.9991,0.9845,0.0227,0,LIKELY_BENIGN,,-1,,-1,,,false,NO_VEP,"Structural-only assessment (LSSIM=0.985, global SSIM=0.999). VEP not available for this locus.",Pathogenic,ClinVar_Pathogenic,-1,POSITION
VCV000007831,87952189,.,.,c.564T>A,p.Tyr188Ter,nonsense,Likely pathogenic,0.9991,0.9845,0.0227,0,LIKELY_BENIGN,,-1,,-1,,,false,NO_VEP,"Structural-only assessment (LSSIM=0.985, global SSIM=0.999). VEP not available for this locus.",Pathogenic,ClinVar_Pathogenic,-1,POSITION
VCV001613438,87952189,.,.,c.564T>C,p.Tyr188=,synonymous,Benign/Likely benign,0.9991,0.9845,0.0227,0,LIKELY_BENIGN,,-1,,-1,,,false,NO_VEP,"Structural-only assessment (LSSIM=0.985, global SSIM=0.999). VEP not available for this locus.",Benign,ClinVar_Benign,-1,POSITION
VCV000492733,87952190,.,.,c.565A>T,p.Arg189Ter,nonsense,Pathogenic,0.999,0.9816,0.0247,0,LIKELY_BENIGN,,-1,,-1,,,false,NO_VEP,"Structural-only assessment (LSSIM=0.982, global SSIM=0.999). VEP not available for this locus.",Pathogenic,ClinVar_Pathogenic,-1,POSITION
VCV003904054,87952190,.,.,c.565A>C,p.Arg189=,synonymous,Benign,0.999,0.9816,0.0247,0,LIKELY_BENIGN,,-1,,-1,,,false,NO_VEP,"Structural-only assessment (LSSIM=0.982, global SSIM=0.999). VEP not available for this locus.",Benign,ClinVar_Benign,-1,POSITION
VCV000798507,87952192,.,.,c.567A>G,p.Arg189=,synonymous,Benign/Likely benign,0.999,0.9814,0.025,0,LIKELY_BENIGN,,-1,,-1,,,false,NO_VEP,"Structural-only assessment (LSSIM=0.981, global SSIM=0.999). VEP not available for this locus.",Benign,ClinVar_Benign,-1,POSITION
VCV000482072,87952198,.,.,c.573G>A,p.Val191=,synonymous,Benign/Likely benign,0.999,0.9815,0.0248,0,LIKELY_BENIGN,,-1,,-1,,,false,NO_VEP,"Structural-only assessment (LSSIM=0.981, global SSIM=0.999). VEP not available for this locus.",Benign,ClinVar_Benign,-1,POSITION
VCV000536571,87952201,.,.,c.576A>G,p.Ala192=,synonymous,Benign/Likely benign,0.9991,0.9833,0.0237,0,LIKELY_BENIGN,,-1,,-1,,,false,NO_VEP,"Structural-only assessment (LSSIM=0.983, global SSIM=0.999). VEP not available for this locus.",Benign,ClinVar_Benign,-1,POSITION
VCV000481156,87952202,.,.,c.577C>T,p.Leu193=,synonymous,Likely benign,0.999,0.9826,0.0249,0,LIKELY_BENIGN,,-1,,-1,,,false,NO_VEP,"Structural-only assessment (LSSIM=0.983, global SSIM=0.999). VEP not available for this locus.",Benign,ClinVar_Benign,-1,POSITION
VCV000431875,87952203,.,.,c.578T>C,p.Leu193Pro,missense,Conflicting classifications of pathogenicity,0.999,0.9824,0.0243,0,LIKELY_BENIGN,,-1,,-1,,,false,NO_VEP,"Structural-only assessment (LSSIM=0.982, global SSIM=0.999). VEP not available for this locus.",Pathogenic,ClinVar_Pathogenic,-1,POSITION
VCV000492334,87952204,.,.,c.579G>C,p.Leu193=,synonymous,Benign/Likely benign,0.9989,0.9811,0.0252,0,LIKELY_BENIGN,,-1,,-1,,,false,NO_VEP,"Structural-only assessment (LSSIM=0.981, global SSIM=0.999). VEP not available for this locus.",Benign,ClinVar_Benign,-1,POSITION
VCV000468699,87952204,.,.,c.579G>T,p.Leu193=,synonymous,Benign/Likely benign,0.9989,0.9811,0.0252,0,LIKELY_BENIGN,,-1,,-1,,,false,NO_VEP,"Structural-only assessment (LSSIM=0.981, global SSIM=0.999). VEP not available for this locus.",Benign,ClinVar_Benign,-1,POSITION
VCV000135911,87952204,.,.,c.579G>A,p.Leu193=,synonymous,Likely benign,0.9989,0.9811,0.0252,0,LIKELY_BENIGN,,-1,,-1,,,false,NO_VEP,"Structural-only assessment (LSSIM=0.981, global SSIM=0.999). VEP not available for this locus.",Benign,ClinVar_Benign,-1,POSITION
VCV003427430,87952205,.,.,c.580T>C,p.Leu194=,synonymous,Likely benign,0.9991,0.9841,0.0233,0,LIKELY_BENIGN,,-1,,-1,,,false,NO_VEP,"Structural-only assessment (LSSIM=0.984, global SSIM=0.999). VEP not available for this locus.",Benign,ClinVar_Benign,-1,POSITION
VCV002884029,87952206,.,.,c.581T>A,p.Leu194Ter,nonsense,Pathogenic,0.999,0.9821,0.0238,0,LIKELY_BENIGN,,-1,,-1,,,false,NO_VEP,"Structural-only assessment (LSSIM=0.982, global SSIM=0.999). VEP not available for this locus.",Pathogenic,ClinVar_Pathogenic,-1,POSITION
VCV000993088,87952207,.,.,c.582G>A,p.Leu194=,synonymous,Conflicting classifications of pathogenicity,0.999,0.9829,0.0238,0,LIKELY_BENIGN,,-1,,-1,,,false,NO_VEP,"Structural-only assessment (LSSIM=0.983, global SSIM=0.999). VEP not available for this locus.",Pathogenic,ClinVar_Pathogenic,-1,POSITION
VCV001750073,87952209,.,.,c.584T>C,p.Phe195Ser,missense,Likely pathogenic,0.999,0.9822,0.0245,0,LIKELY_BENIGN,,-1,,-1,,,false,NO_VEP,"Structural-only assessment (LSSIM=0.982, global SSIM=0.999). VEP not available for this locus.",Pathogenic,ClinVar_Pathogenic,-1,POSITION
VCV000468700,87952210,.,.,c.585T>C,p.Phe195=,synonymous,Benign/Likely benign,0.999,0.9816,0.0249,0,LIKELY_BENIGN,,-1,,-1,,,false,NO_VEP,"Structural-only assessment (LSSIM=0.982, global SSIM=0.999). VEP not available for this locus.",Benign,ClinVar_Benign,-1,POSITION
VCV000919579,87952213,.,.,c.588C>T,p.His196=,synonymous,Likely benign,0.9991,0.984,0.0229,0,LIKELY_BENIGN,,-1,,-1,,,false,NO_VEP,"Structural-only assessment (LSSIM=0.984, global SSIM=0.999). VEP not available for this locus.",Benign,ClinVar_Benign,-1,POSITION
VCV002503327,87952214,.,.,c.589A>T,p.Lys197Ter,nonsense,Pathogenic,0.9989,0.9805,0.0254,0,LIKELY_BENIGN,,-1,,-1,,,false,NO_VEP,"Structural-only assessment (LSSIM=0.981, global SSIM=0.999). VEP not available for this locus.",Pathogenic,ClinVar_Pathogenic,-1,POSITION
VCV003231164,87952216,.,.,c.591G>A,p.Lys197=,synonymous,Likely benign,0.999,0.9824,0.0241,0,LIKELY_BENIGN,,-1,,-1,,,false,NO_VEP,"Structural-only assessment (LSSIM=0.982, global SSIM=0.999). VEP not available for this locus.",Benign,ClinVar_Benign,-1,POSITION
VCV000468702,87952218,.,.,c.593T>A,p.Met198Lys,missense,Likely pathogenic,0.999,0.9818,0.0246,0,LIKELY_BENIGN,,-1,,-1,,,false,NO_VEP,"Structural-only assessment (LSSIM=0.982, global SSIM=0.999). VEP not available for this locus.",Pathogenic,ClinVar_Pathogenic,-1,POSITION
VCV001750675,87952219,.,.,c.594G>A,p.Met198Ile,missense,Conflicting classifications of pathogenicity,0.999,0.9821,0.0248,0,LIKELY_BENIGN,,-1,,-1,,,false,NO_VEP,"Structural-only assessment (LSSIM=0.982, global SSIM=0.999). VEP not available for this locus.",Pathogenic,ClinVar_Pathogenic,-1,POSITION
VCV000919891,87952220,.,.,c.595A>T,p.Met199Leu,missense,Conflicting classifications of pathogenicity,0.999,0.9826,0.0242,0,LIKELY_BENIGN,,-1,,-1,,,false,NO_VEP,"Structural-only assessment (LSSIM=0.983, global SSIM=0.999). VEP not available for this locus.",Pathogenic,ClinVar_Pathogenic,-1,POSITION
VCV000629479,87952220,.,.,c.595A>G,p.Met199Val,missense,Conflicting classifications of pathogenicity,0.999,0.9826,0.0242,0,LIKELY_BENIGN,,-1,,-1,,,false,NO_VEP,"Structural-only assessment (LSSIM=0.983, global SSIM=0.999). VEP not available for this locus.",Pathogenic,ClinVar_Pathogenic,-1,POSITION
VCV000142452,87952223,.,.,c.598T>G,p.Phe200Val,missense,Likely pathogenic,0.9991,0.9843,0.023,0,LIKELY_BENIGN,,-1,,-1,,,false,NO_VEP,"Structural-only assessment (LSSIM=0.984, global SSIM=0.999). VEP not available for this locus.",Pathogenic,ClinVar_Pathogenic,-1,POSITION
VCV000189414,87952224,.,.,c.599T>C,p.Phe200Ser,missense,Likely pathogenic,0.9991,0.9842,0.0229,0,LIKELY_BENIGN,,-1,,-1,,,false,NO_VEP,"Structural-only assessment (LSSIM=0.984, global SSIM=0.999). VEP not available for this locus.",Pathogenic,ClinVar_Pathogenic,-1,POSITION
VCV001320461,87952226,.,.,c.601G>T,p.Glu201Ter,nonsense,Pathogenic,0.999,0.9815,0.0244,0,LIKELY_BENIGN,,-1,,-1,,,false,NO_VEP,"Structural-only assessment (LSSIM=0.981, global SSIM=0.999). VEP not available for this locus.",Pathogenic,ClinVar_Pathogenic,-1,POSITION
VCV000427595,87952230,.,.,c.605C>T,p.Thr202Ile,missense,Pathogenic,0.9991,0.9841,0.0228,0,LIKELY_BENIGN,,-1,,-1,,,false,NO_VEP,"Structural-only assessment (LSSIM=0.984, global SSIM=0.999). VEP not available for this locus.",Pathogenic,ClinVar_Pathogenic,-1,POSITION
VCV001751388,87952231,.,.,c.606T>A,p.Thr202=,synonymous,Likely benign,0.999,0.982,0.0243,0,LIKELY_BENIGN,,-1,,-1,,,false,NO_VEP,"Structural-only assessment (LSSIM=0.982, global SSIM=0.999). VEP not available for this locus.",Benign,ClinVar_Benign,-1,POSITION
VCV000928678,87952231,.,.,c.606T>C,p.Thr202=,synonymous,Benign/Likely benign,0.999,0.982,0.0243,0,LIKELY_BENIGN,,-1,,-1,,,false,NO_VEP,"Structural-only assessment (LSSIM=0.982, global SSIM=0.999). VEP not available for this locus.",Benign,ClinVar_Benign,-1,POSITION
VCV000578650,87952232,.,.,c.607A>G,p.Ile203Val,missense,Conflicting classifications of pathogenicity,0.9989,0.9813,0.0248,0,LIKELY_BENIGN,,-1,,-1,,,false,NO_VEP,"Structural-only assessment (LSSIM=0.981, global SSIM=0.999). VEP not available for this locus.",Pathogenic,ClinVar_Pathogenic,-1,POSITION
VCV000468704,87952235,.,.,c.610C>T,p.Pro204Ser,missense,Conflicting classifications of pathogenicity,0.9989,0.9806,0.0258,0,LIKELY_BENIGN,,-1,,-1,,,false,NO_VEP,"Structural-only assessment (LSSIM=0.981, global SSIM=0.999). VEP not available for this locus.",Pathogenic,ClinVar_Pathogenic,-1,POSITION
VCV000189415,87952235,.,.,c.610C>G,p.Pro204Ala,missense,Pathogenic,0.9989,0.9806,0.0258,0,LIKELY_BENIGN,,-1,,-1,,,false,NO_VEP,"Structural-only assessment (LSSIM=0.981, global SSIM=0.999). VEP not available for this locus.",Pathogenic,ClinVar_Pathogenic,-1,POSITION
VCV000760194,87952237,.,.,c.612A>G,p.Pro204=,synonymous,Conflicting classifications of pathogenicity,0.9989,0.981,0.0252,0,LIKELY_BENIGN,,-1,,-1,,,false,NO_VEP,"Structural-only assessment (LSSIM=0.981, global SSIM=0.999). VEP not available for this locus.",Pathogenic,ClinVar_Pathogenic,-1,POSITION
VCV000926445,87952237,.,.,c.612A>C,p.Pro204=,synonymous,Benign/Likely benign,0.9989,0.981,0.0252,0,LIKELY_BENIGN,,-1,,-1,,,false,NO_VEP,"Structural-only assessment (LSSIM=0.981, global SSIM=0.999). VEP not available for this locus.",Benign,ClinVar_Benign,-1,POSITION
VCV000480381,87952239,.,.,c.614T>C,p.Met205Thr,missense,Conflicting classifications of pathogenicity,0.999,0.983,0.0242,0,LIKELY_BENIGN,,-1,,-1,,,false,NO_VEP,"Structural-only assessment (LSSIM=0.983, global SSIM=0.999). VEP not available for this locus.",Pathogenic,ClinVar_Pathogenic,-1,POSITION
VCV000186205,87952243,.,.,c.618C>T,p.Phe206=,synonymous,Likely benign,0.999,0.983,0.0241,0,LIKELY_BENIGN,,-1,,-1,,,false,NO_VEP,"Structural-only assessment (LSSIM=0.983, global SSIM=0.999). VEP not available for this locus.",Benign,ClinVar_Benign,-1,POSITION
VCV002587209,87952246,.,.,c.621T>C,p.Ser207=,synonymous,Benign/Likely benign,0.999,0.9827,0.0242,0,LIKELY_BENIGN,,-1,,-1,,,false,NO_VEP,"Structural-only assessment (LSSIM=0.983, global SSIM=0.999). VEP not available for this locus.",Benign,ClinVar_Benign,-1,POSITION
VCV000492335,87952249,.,.,c.624C>T,p.Gly208=,synonymous,Benign/Likely benign,0.999,0.9828,0.0238,0,LIKELY_BENIGN,,-1,,-1,,,false,NO_VEP,"Structural-only assessment (LSSIM=0.983, global SSIM=0.999). VEP not available for this locus.",Benign,ClinVar_Benign,-1,POSITION
VCV000490114,87952250,.,.,c.625G>A,p.Gly209Arg,missense,Conflicting classifications of pathogenicity,0.999,0.9825,0.0241,0,LIKELY_BENIGN,,-1,,-1,,,false,NO_VEP,"Structural-only assessment (LSSIM=0.983, global SSIM=0.999). VEP not available for this locus.",Pathogenic,ClinVar_Pathogenic,-1,POSITION
VCV000468703,87952250,.,.,c.625G>T,p.Gly209Ter,nonsense,Pathogenic/Likely pathogenic,0.999,0.9825,0.0241,0,LIKELY_BENIGN,,-1,,-1,,,false,NO_VEP,"Structural-only assessment (LSSIM=0.983, global SSIM=0.999). VEP not available for this locus.",Pathogenic,ClinVar_Pathogenic,-1,POSITION
VCV003904160,87952252,.,.,c.627A>C,p.Gly209=,synonymous,Benign,0.999,0.9828,0.0241,0,LIKELY_BENIGN,,-1,,-1,,,false,NO_VEP,"Structural-only assessment (LSSIM=0.983, global SSIM=0.999). VEP not available for this locus.",Benign,ClinVar_Benign,-1,POSITION
VCV003903719,87952255,.,.,c.630T>G,p.Thr210=,synonymous,Benign,0.999,0.9823,0.0242,0,LIKELY_BENIGN,,-1,,-1,,,false,NO_VEP,"Structural-only assessment (LSSIM=0.982, global SSIM=0.999). VEP not available for this locus.",Benign,ClinVar_Benign,-1,POSITION
VCV002705136,87952255,.,.,c.630T>A,p.Thr210=,synonymous,Likely benign,0.999,0.9823,0.0242,0,LIKELY_BENIGN,,-1,,-1,,,false,NO_VEP,"Structural-only assessment (LSSIM=0.982, global SSIM=0.999). VEP not available for this locus.",Benign,ClinVar_Benign,-1,POSITION
VCV000279878,87952258,.,.,c.633C>G,p.Cys211Trp,missense,Pathogenic,0.999,0.9825,0.024,0,LIKELY_BENIGN,,-1,,-1,,,false,NO_VEP,"Structural-only assessment (LSSIM=0.982, global SSIM=0.999). VEP not available for this locus.",Pathogenic,ClinVar_Pathogenic,-1,POSITION
VCV000007836,87952258,.,.,c.633C>A,p.Cys211Ter,nonsense,Pathogenic,0.999,0.9825,0.024,0,LIKELY_BENIGN,,-1,,-1,,,false,NO_VEP,"Structural-only assessment (LSSIM=0.982, global SSIM=0.999). VEP not available for this locus.",Pathogenic,ClinVar_Pathogenic,-1,POSITION
VCV000918379,87952258,.,.,c.633C>T,p.Cys211=,synonymous,Conflicting classifications of pathogenicity,0.999,0.9825,0.024,0,LIKELY_BENIGN,,-1,,-1,,,false,NO_VEP,"Structural-only assessment (LSSIM=0.982, global SSIM=0.999). VEP not available for this locus.",Pathogenic,ClinVar_Pathogenic,-1,POSITION
VCV001317879,87952260,.,.,c.634+1G>T,,splice,Pathogenic,0.999,0.9831,0.0234,0,LIKELY_BENIGN,,-1,,-1,,,false,NO_VEP,"Structural-only assessment (LSSIM=0.983, global SSIM=0.999). VEP not available for this locus.",Pathogenic,ClinVar_Pathogenic,-1,POSITION
VCV000826335,87952260,.,.,c.634+1G>A,,splice,Pathogenic,0.999,0.9831,0.0234,0,LIKELY_BENIGN,,-1,,-1,,,false,NO_VEP,"Structural-only assessment (LSSIM=0.983, global SSIM=0.999). VEP not available for this locus.",Pathogenic,ClinVar_Pathogenic,-1,POSITION
VCV000427620,87952260,.,.,c.634+1G>C,,splice,Pathogenic,0.999,0.9831,0.0234,0,LIKELY_BENIGN,,-1,,-1,,,false,NO_VEP,"Structural-only assessment (LSSIM=0.983, global SSIM=0.999). VEP not available for this locus.",Pathogenic,ClinVar_Pathogenic,-1,POSITION
VCV001451649,87952261,.,.,c.634+2T>A,,splice,Pathogenic,0.999,0.9821,0.0246,0,LIKELY_BENIGN,,-1,,-1,,,false,NO_VEP,"Structural-only assessment (LSSIM=0.982, global SSIM=0.999). VEP not available for this locus.",Pathogenic,ClinVar_Pathogenic,-1,POSITION
VCV000427621,87952261,.,.,c.634+2T>C,,splice,Pathogenic,0.999,0.9821,0.0246,0,LIKELY_BENIGN,,-1,,-1,,,false,NO_VEP,"Structural-only assessment (LSSIM=0.982, global SSIM=0.999). VEP not available for this locus.",Pathogenic,ClinVar_Pathogenic,-1,POSITION
VCV000167550,87952261,.,.,c.634+2T>G,,splice,Pathogenic,0.999,0.9821,0.0246,0,LIKELY_BENIGN,,-1,,-1,,,false,NO_VEP,"Structural-only assessment (LSSIM=0.982, global SSIM=0.999). VEP not available for this locus.",Pathogenic,ClinVar_Pathogenic,-1,POSITION
VCV001505883,87952262,.,.,c.634+3A>C,,intronic,Conflicting classifications of pathogenicity,0.9991,0.9831,0.0237,0,LIKELY_BENIGN,,-1,,-1,,,false,NO_VEP,"Structural-only assessment (LSSIM=0.983, global SSIM=0.999). VEP not available for this locus.",Pathogenic,ClinVar_Pathogenic,-1,POSITION
VCV000427622,87952263,.,.,c.634+4A>T,,intronic,Pathogenic,0.999,0.9819,0.0247,0,LIKELY_BENIGN,,-1,,-1,,,false,NO_VEP,"Structural-only assessment (LSSIM=0.982, global SSIM=0.999). VEP not available for this locus.",Pathogenic,ClinVar_Pathogenic,-1,POSITION
VCV001338631,87952264,.,.,c.634+5G>T,,intronic,Likely pathogenic,0.999,0.9827,0.0243,0,LIKELY_BENIGN,,-1,,-1,,,false,NO_VEP,"Structural-only assessment (LSSIM=0.983, global SSIM=0.999). VEP not available for this locus.",Pathogenic,ClinVar_Pathogenic,-1,POSITION
VCV000427623,87952264,.,.,c.634+5G>C,,intronic,Pathogenic,0.999,0.9827,0.0243,0,LIKELY_BENIGN,,-1,,-1,,,false,NO_VEP,"Structural-only assessment (LSSIM=0.983, global SSIM=0.999). VEP not available for this locus.",Pathogenic,ClinVar_Pathogenic,-1,POSITION
VCV000280031,87952264,.,.,c.634+5G>A,,intronic,Pathogenic,0.999,0.9827,0.0243,0,LIKELY_BENIGN,,-1,,-1,,,false,NO_VEP,"Structural-only assessment (LSSIM=0.983, global SSIM=0.999). VEP not available for this locus.",Pathogenic,ClinVar_Pathogenic,-1,POSITION
VCV003670717,87952266,.,.,c.634+7G>T,,intronic,Likely benign,0.999,0.982,0.0242,0,LIKELY_BENIGN,,-1,,-1,,,false,NO_VEP,"Structural-only assessment (LSSIM=0.982, global SSIM=0.999). VEP not available for this locus.",Benign,ClinVar_Benign,-1,POSITION
VCV001802786,87952266,.,.,c.634+7G>A,,intronic,Likely benign,0.999,0.982,0.0242,0,LIKELY_BENIGN,,-1,,-1,,,false,NO_VEP,"Structural-only assessment (LSSIM=0.982, global SSIM=0.999). VEP not available for this locus.",Benign,ClinVar_Benign,-1,POSITION
VCV001576465,87952266,.,.,c.634+7G>C,,intronic,Likely benign,0.999,0.982,0.0242,0,LIKELY_BENIGN,,-1,,-1,,,false,NO_VEP,"Structural-only assessment (LSSIM=0.982, global SSIM=0.999). VEP not available for this locus.",Benign,ClinVar_Benign,-1,POSITION
VCV003904232,87952267,.,.,c.634+8C>T,,intronic,Likely benign,0.999,0.9825,0.0246,0,LIKELY_BENIGN,,-1,,-1,,,false,NO_VEP,"Structural-only assessment (LSSIM=0.983, global SSIM=0.999). VEP not available for this locus.",Benign,ClinVar_Benign,-1,POSITION
VCV003903894,87952267,.,.,c.634+8C>A,,intronic,Likely benign,0.999,0.9825,0.0246,0,LIKELY_BENIGN,,-1,,-1,,,false,NO_VEP,"Structural-only assessment (LSSIM=0.983, global SSIM=0.999). VEP not available for this locus.",Benign,ClinVar_Benign,-1,POSITION
VCV000737570,87952268,.,.,c.634+9T>C,,intronic,Likely benign,0.999,0.9829,0.0242,0,LIKELY_BENIGN,,-1,,-1,,,false,NO_VEP,"Structural-only assessment (LSSIM=0.983, global SSIM=0.999). VEP not available for this locus.",Benign,ClinVar_Benign,-1,POSITION
VCV003903728,87952269,.,.,c.634+10T>G,,intronic,Likely benign,0.999,0.9828,0.0237,0,LIKELY_BENIGN,,-1,,-1,,,false,NO_VEP,"Structural-only assessment (LSSIM=0.983, global SSIM=0.999). VEP not available for this locus.",Benign,ClinVar_Benign,-1,POSITION
VCV002814012,87952270,.,.,c.634+11G>C,,intronic,Likely benign,0.9991,0.9833,0.0238,0,LIKELY_BENIGN,,-1,,-1,,,false,NO_VEP,"Structural-only assessment (LSSIM=0.983, global SSIM=0.999). VEP not available for this locus.",Benign,ClinVar_Benign,-1,POSITION
VCV001551628,87952272,.,.,c.634+13A>T,,intronic,Likely benign,0.999,0.9822,0.0248,0,LIKELY_BENIGN,,-1,,-1,,,false,NO_VEP,"Structural-only assessment (LSSIM=0.982, global SSIM=0.999). VEP not available for this locus.",Benign,ClinVar_Benign,-1,POSITION
VCV000631352,87952273,.,.,c.634+14A>T,,intronic,Likely benign,0.999,0.9831,0.0238,0,LIKELY_BENIGN,,-1,,-1,,,false,NO_VEP,"Structural-only assessment (LSSIM=0.983, global SSIM=0.999). VEP not available for this locus.",Benign,ClinVar_Benign,-1,POSITION
VCV000386304,87952276,.,.,c.634+17C>T,,intronic,Likely benign,0.9991,0.9829,0.0237,0,LIKELY_BENIGN,,-1,,-1,,,false,NO_VEP,"Structural-only assessment (LSSIM=0.983, global SSIM=0.999). VEP not available for this locus.",Benign,ClinVar_Benign,-1,POSITION
VCV002057874,87952277,.,.,c.634+18T>G,,intronic,Likely benign,0.999,0.9824,0.0239,0,LIKELY_BENIGN,,-1,,-1,,,false,NO_VEP,"Structural-only assessment (LSSIM=0.982, global SSIM=0.999). VEP not available for this locus.",Benign,ClinVar_Benign,-1,POSITION
VCV001619452,87952278,.,.,c.634+19C>T,,intronic,Likely benign,0.9991,0.9836,0.0232,0,LIKELY_BENIGN,,-1,,-1,,,false,NO_VEP,"Structural-only assessment (LSSIM=0.984, global SSIM=0.999). VEP not available for this locus.",Benign,ClinVar_Benign,-1,POSITION
VCV003669466,87952279,.,.,c.634+20A>T,,intronic,Likely benign,0.9989,0.9815,0.0252,0,LIKELY_BENIGN,,-1,,-1,,,false,NO_VEP,"Structural-only assessment (LSSIM=0.982, global SSIM=0.999). VEP not available for this locus.",Benign,ClinVar_Benign,-1,POSITION
VCV001665694,87952279,.,.,c.634+20A>G,,intronic,Likely benign,0.9989,0.9815,0.0252,0,LIKELY_BENIGN,,-1,,-1,,,false,NO_VEP,"Structural-only assessment (LSSIM=0.982, global SSIM=0.999). VEP not available for this locus.",Benign,ClinVar_Benign,-1,POSITION
VCV001181945,87952395,.,.,c.634+136G>A,,intronic,Benign,0.9994,0.9896,0.0205,0,LIKELY_BENIGN,,-1,,-1,,,false,NO_VEP,"Structural-only assessment (LSSIM=0.990, global SSIM=0.999). VEP not available for this locus.",Benign,ClinVar_Benign,-1,POSITION
VCV000223983,87952904,.,.,c.634+645G>A,,intronic,Likely benign,0.9995,0.991,0.019,0,BENIGN,,-1,,-1,,,false,NO_VEP,"Structural-only assessment (LSSIM=0.991, global SSIM=0.999). VEP not available for this locus.",Benign,ClinVar_Benign,-1,POSITION
VCV000223987,87957157,.,.,c.635-696G>C,,intronic,Likely benign,0.9997,0.9947,0.0128,0,BENIGN,,-1,,-1,,,false,NO_VEP,"Structural-only assessment (LSSIM=0.995, global SSIM=1.000). VEP not available for this locus.",Benign,ClinVar_Benign,-1,POSITION
VCV002416106,87957833,.,.,c.635-20G>T,,intronic,Likely benign,0.9996,0.9939,0.0138,0,BENIGN,,-1,,-1,,,false,NO_VEP,"Structural-only assessment (LSSIM=0.994, global SSIM=1.000). VEP not available for this locus.",Benign,ClinVar_Benign,-1,POSITION
VCV001625957,87957833,.,.,c.635-20G>A,,intronic,Likely benign,0.9996,0.9939,0.0138,0,BENIGN,,-1,,-1,,,false,NO_VEP,"Structural-only assessment (LSSIM=0.994, global SSIM=1.000). VEP not available for this locus.",Benign,ClinVar_Benign,-1,POSITION
VCV000492336,87957834,.,.,c.635-19T>C,,intronic,Likely benign,0.9997,0.9947,0.0127,0,BENIGN,,-1,,-1,,,false,NO_VEP,"Structural-only assessment (LSSIM=0.995, global SSIM=1.000). VEP not available for this locus.",Benign,ClinVar_Benign,-1,POSITION
VCV000378970,87957835,.,.,c.635-18A>G,,intronic,Likely benign,0.9996,0.993,0.0148,0,BENIGN,,-1,,-1,,,false,NO_VEP,"Structural-only assessment (LSSIM=0.993, global SSIM=1.000). VEP not available for this locus.",Benign,ClinVar_Benign,-1,POSITION
VCV003667001,87957836,.,.,c.635-17T>C,,intronic,Likely benign,0.9996,0.9933,0.0147,0,BENIGN,,-1,,-1,,,false,NO_VEP,"Structural-only assessment (LSSIM=0.993, global SSIM=1.000). VEP not available for this locus.",Benign,ClinVar_Benign,-1,POSITION
VCV000548830,87957837,.,.,c.635-16G>A,,intronic,Benign/Likely benign,0.9997,0.9946,0.0131,0,BENIGN,,-1,,-1,,,false,NO_VEP,"Structural-only assessment (LSSIM=0.995, global SSIM=1.000). VEP not available for this locus.",Benign,ClinVar_Benign,-1,POSITION
VCV003903511,87957838,.,.,c.635-15T>C,,intronic,Likely benign,0.9996,0.9932,0.0145,0,BENIGN,,-1,,-1,,,false,NO_VEP,"Structural-only assessment (LSSIM=0.993, global SSIM=1.000). VEP not available for this locus.",Benign,ClinVar_Benign,-1,POSITION
VCV000378440,87957839,.,.,c.635-14A>G,,intronic,Likely benign,0.9996,0.9938,0.0141,0,BENIGN,,-1,,-1,,,false,NO_VEP,"Structural-only assessment (LSSIM=0.994, global SSIM=1.000). VEP not available for this locus.",Benign,ClinVar_Benign,-1,POSITION
VCV001596972,87957842,.,.,c.635-11T>G,,intronic,Likely benign,0.9996,0.9932,0.0144,0,BENIGN,,-1,,-1,,,false,NO_VEP,"Structural-only assessment (LSSIM=0.993, global SSIM=1.000). VEP not available for this locus.",Benign,ClinVar_Benign,-1,POSITION
VCV001332661,87957842,.,.,c.635-11T>C,,intronic,Likely benign,0.9996,0.9932,0.0144,0,BENIGN,,-1,,-1,,,false,NO_VEP,"Structural-only assessment (LSSIM=0.993, global SSIM=1.000). VEP not available for this locus.",Benign,ClinVar_Benign,-1,POSITION
VCV000733239,87957843,.,.,c.635-10A>G,,intronic,Likely benign,0.9996,0.9939,0.0135,0,BENIGN,,-1,,-1,,,false,NO_VEP,"Structural-only assessment (LSSIM=0.994, global SSIM=1.000). VEP not available for this locus.",Benign,ClinVar_Benign,-1,POSITION
VCV000928615,87957845,.,.,c.635-8C>A,,intronic,Conflicting classifications of pathogenicity,0.9997,0.9944,0.0135,0,BENIGN,,-1,,-1,,,false,NO_VEP,"Structural-only assessment (LSSIM=0.994, global SSIM=1.000). VEP not available for this locus.",Pathogenic,ClinVar_Pathogenic,-1,POSITION
VCV001140463,87957846,.,.,c.635-7C>T,,intronic,Likely benign,0.9996,0.9934,0.014,0,BENIGN,,-1,,-1,,,false,NO_VEP,"Structural-only assessment (LSSIM=0.993, global SSIM=1.000). VEP not available for this locus.",Benign,ClinVar_Benign,-1,POSITION
VCV000490115,87957846,.,.,c.635-7C>A,,intronic,Likely benign,0.9996,0.9934,0.014,0,BENIGN,,-1,,-1,,,false,NO_VEP,"Structural-only assessment (LSSIM=0.993, global SSIM=1.000). VEP not available for this locus.",Benign,ClinVar_Benign,-1,POSITION
VCV000379703,87957847,.,.,c.635-6A>G,,intronic,Likely benign,0.9996,0.9939,0.0139,0,BENIGN,,-1,,-1,,,false,NO_VEP,"Structural-only assessment (LSSIM=0.994, global SSIM=1.000). VEP not available for this locus.",Benign,ClinVar_Benign,-1,POSITION
VCV002851339,87957848,.,.,c.635-5T>C,,intronic,Likely benign,0.9996,0.9937,0.0143,0,BENIGN,,-1,,-1,,,false,NO_VEP,"Structural-only assessment (LSSIM=0.994, global SSIM=1.000). VEP not available for this locus.",Benign,ClinVar_Benign,-1,POSITION
VCV001999120,87957849,.,.,c.635-4G>A,,intronic,Likely benign,0.9997,0.9946,0.0129,0,BENIGN,,-1,,-1,,,false,NO_VEP,"Structural-only assessment (LSSIM=0.995, global SSIM=1.000). VEP not available for this locus.",Benign,ClinVar_Benign,-1,POSITION
VCV000427599,87957850,.,.,c.635-3C>G,,intronic,Likely pathogenic,0.9997,0.994,0.0134,0,BENIGN,,-1,,-1,,,false,NO_VEP,"Structural-only assessment (LSSIM=0.994, global SSIM=1.000). VEP not available for this locus.",Pathogenic,ClinVar_Pathogenic,-1,POSITION
VCV000635375,87957851,.,.,c.635-2A>C,,splice,Pathogenic,0.9996,0.9936,0.014,0,BENIGN,,-1,,-1,,,false,NO_VEP,"Structural-only assessment (LSSIM=0.994, global SSIM=1.000). VEP not available for this locus.",Pathogenic,ClinVar_Pathogenic,-1,POSITION
VCV000594139,87957851,.,.,c.635-2A>G,,splice,Pathogenic/Likely pathogenic,0.9996,0.9936,0.014,0,BENIGN,,-1,,-1,,,false,NO_VEP,"Structural-only assessment (LSSIM=0.994, global SSIM=1.000). VEP not available for this locus.",Pathogenic,ClinVar_Pathogenic,-1,POSITION
VCV000440223,87957852,.,.,c.635-1G>T,,splice,Pathogenic/Likely pathogenic,0.9996,0.994,0.0137,0,BENIGN,,-1,,-1,,,false,NO_VEP,"Structural-only assessment (LSSIM=0.994, global SSIM=1.000). VEP not available for this locus.",Pathogenic,ClinVar_Pathogenic,-1,POSITION
VCV000427598,87957852,.,.,c.635-1G>A,,splice,Pathogenic/Likely pathogenic,0.9996,0.994,0.0137,0,BENIGN,,-1,,-1,,,false,NO_VEP,"Structural-only assessment (LSSIM=0.994, global SSIM=1.000). VEP not available for this locus.",Pathogenic,ClinVar_Pathogenic,-1,POSITION
VCV000234446,87957852,.,.,c.635-1G>C,,splice,Pathogenic/Likely pathogenic,0.9996,0.994,0.0137,0,BENIGN,,-1,,-1,,,false,NO_VEP,"Structural-only assessment (LSSIM=0.994, global SSIM=1.000). VEP not available for this locus.",Pathogenic,ClinVar_Pathogenic,-1,POSITION
VCV001091264,87957854,.,.,c.636T>C,p.Asn212=,synonymous,Likely benign,0.9996,0.9933,0.0145,0,BENIGN,,-1,,-1,,,false,NO_VEP,"Structural-only assessment (LSSIM=0.993, global SSIM=1.000). VEP not available for this locus.",Benign,ClinVar_Benign,-1,POSITION
VCV000007827,87957858,.,.,c.640C>T,p.Gln214Ter,nonsense,Pathogenic,0.9997,0.9948,0.0131,0,BENIGN,,-1,,-1,,,false,NO_VEP,"Structural-only assessment (LSSIM=0.995, global SSIM=1.000). VEP not available for this locus.",Pathogenic,ClinVar_Pathogenic,-1,POSITION
VCV000826397,87957860,.,.,c.642G>A,p.Gln214=,synonymous,Likely benign,0.9997,0.9948,0.0128,0,BENIGN,,-1,,-1,,,false,NO_VEP,"Structural-only assessment (LSSIM=0.995, global SSIM=1.000). VEP not available for this locus.",Benign,ClinVar_Benign,-1,POSITION
VCV001753827,87957866,.,.,c.648G>T,p.Val216=,synonymous,Likely benign,0.9997,0.9943,0.0132,0,BENIGN,,-1,,-1,,,false,NO_VEP,"Structural-only assessment (LSSIM=0.994, global SSIM=1.000). VEP not available for this locus.",Benign,ClinVar_Benign,-1,POSITION
VCV000255814,87957869,.,.,c.651C>T,p.Val217=,synonymous,Likely benign,0.9997,0.9944,0.0132,0,BENIGN,,-1,,-1,,,false,NO_VEP,"Structural-only assessment (LSSIM=0.994, global SSIM=1.000). VEP not available for this locus.",Benign,ClinVar_Benign,-1,POSITION
VCV000631516,87957872,.,.,c.654C>A,p.Cys218Ter,nonsense,Pathogenic,0.9996,0.9938,0.0136,0,BENIGN,,-1,,-1,,,false,NO_VEP,"Structural-only assessment (LSSIM=0.994, global SSIM=1.000). VEP not available for this locus.",Pathogenic,ClinVar_Pathogenic,-1,POSITION
VCV002630888,87957873,.,.,c.655C>T,p.Gln219Ter,nonsense,Pathogenic,0.9996,0.9938,0.0137,0,BENIGN,,-1,,-1,,,false,NO_VEP,"Structural-only assessment (LSSIM=0.994, global SSIM=1.000). VEP not available for this locus.",Pathogenic,ClinVar_Pathogenic,-1,POSITION
VCV000449090,87957874,.,.,c.656A>C,p.Gln219Pro,missense,Conflicting classifications of pathogenicity,0.9996,0.9932,0.0141,0,BENIGN,,-1,,-1,,,false,NO_VEP,"Structural-only assessment (LSSIM=0.993, global SSIM=1.000). VEP not available for this locus.",Pathogenic,ClinVar_Pathogenic,-1,POSITION
VCV004758390,87957875,.,.,c.657G>A,p.Gln219=,synonymous,Likely benign,0.9996,0.9938,0.0139,0,BENIGN,,-1,,-1,,,false,NO_VEP,"Structural-only assessment (LSSIM=0.994, global SSIM=1.000). VEP not available for this locus.",Benign,ClinVar_Benign,-1,POSITION
VCV002002627,87957876,.,.,c.658C>T,p.Leu220=,synonymous,Likely benign,0.9997,0.9946,0.0132,0,BENIGN,,-1,,-1,,,false,NO_VEP,"Structural-only assessment (LSSIM=0.995, global SSIM=1.000). VEP not available for this locus.",Benign,ClinVar_Benign,-1,POSITION
VCV000928466,87957877,.,.,c.659T>C,p.Leu220Pro,missense,Conflicting classifications of pathogenicity,0.9997,0.9949,0.0129,0,BENIGN,,-1,,-1,,,false,NO_VEP,"Structural-only assessment (LSSIM=0.995, global SSIM=1.000). VEP not available for this locus.",Pathogenic,ClinVar_Pathogenic,-1,POSITION
VCV004147012,87957878,.,.,c.660A>G,p.Leu220=,synonymous,Likely benign,0.9996,0.9936,0.0138,0,BENIGN,,-1,,-1,,,false,NO_VEP,"Structural-only assessment (LSSIM=0.994, global SSIM=1.000). VEP not available for this locus.",Benign,ClinVar_Benign,-1,POSITION
VCV000468707,87957878,.,.,c.660A>C,p.Leu220=,synonymous,Benign/Likely benign,0.9996,0.9936,0.0138,0,BENIGN,,-1,,-1,,,false,NO_VEP,"Structural-only assessment (LSSIM=0.994, global SSIM=1.000). VEP not available for this locus.",Benign,ClinVar_Benign,-1,POSITION
VCV003026433,87957879,.,.,c.661A>G,p.Lys221Glu,missense,Likely pathogenic,0.9997,0.9943,0.0134,0,BENIGN,,-1,,-1,,,false,NO_VEP,"Structural-only assessment (LSSIM=0.994, global SSIM=1.000). VEP not available for this locus.",Pathogenic,ClinVar_Pathogenic,-1,POSITION
VCV002574568,87957879,.,.,c.661A>T,p.Lys221Ter,nonsense,Pathogenic,0.9997,0.9943,0.0134,0,BENIGN,,-1,,-1,,,false,NO_VEP,"Structural-only assessment (LSSIM=0.994, global SSIM=1.000). VEP not available for this locus.",Pathogenic,ClinVar_Pathogenic,-1,POSITION
VCV000427591,87957885,.,.,c.667A>T,p.Lys223Ter,nonsense,Pathogenic,0.9996,0.9933,0.0145,0,BENIGN,,-1,,-1,,,false,NO_VEP,"Structural-only assessment (LSSIM=0.993, global SSIM=1.000). VEP not available for this locus.",Pathogenic,ClinVar_Pathogenic,-1,POSITION
VCV003070345,87957890,.,.,c.672A>T,p.Ile224=,synonymous,Likely benign,0.9997,0.9941,0.0134,0,BENIGN,,-1,,-1,,,false,NO_VEP,"Structural-only assessment (LSSIM=0.994, global SSIM=1.000). VEP not available for this locus.",Benign,ClinVar_Benign,-1,POSITION
VCV000231899,87957891,.,.,c.673T>C,p.Tyr225His,missense,Conflicting classifications of pathogenicity,0.9997,0.9945,0.0132,0,BENIGN,,-1,,-1,,,false,NO_VEP,"Structural-only assessment (LSSIM=0.994, global SSIM=1.000). VEP not available for this locus.",Pathogenic,ClinVar_Pathogenic,-1,POSITION
VCV001755303,87957893,.,.,c.675T>A,p.Tyr225Ter,nonsense,Pathogenic,0.9997,0.9948,0.013,0,BENIGN,,-1,,-1,,,false,NO_VEP,"Structural-only assessment (LSSIM=0.995, global SSIM=1.000). VEP not available for this locus.",Pathogenic,ClinVar_Pathogenic,-1,POSITION
VCV000404162,87957893,.,.,c.675T>G,p.Tyr225Ter,nonsense,Pathogenic,0.9997,0.9948,0.013,0,BENIGN,,-1,,-1,,,false,NO_VEP,"Structural-only assessment (LSSIM=0.995, global SSIM=1.000). VEP not available for this locus.",Pathogenic,ClinVar_Pathogenic,-1,POSITION
VCV000380746,87957893,.,.,c.675T>C,p.Tyr225=,synonymous,Benign/Likely benign,0.9997,0.9948,0.013,0,BENIGN,,-1,,-1,,,false,NO_VEP,"Structural-only assessment (LSSIM=0.995, global SSIM=1.000). VEP not available for this locus.",Benign,ClinVar_Benign,-1,POSITION
VCV003903744,87957896,.,.,c.678C>T,p.Ser226=,synonymous,Benign,0.9997,0.9944,0.0132,0,BENIGN,,-1,,-1,,,false,NO_VEP,"Structural-only assessment (LSSIM=0.994, global SSIM=1.000). VEP not available for this locus.",Benign,ClinVar_Benign,-1,POSITION
VCV000794497,87957896,.,.,c.678C>G,p.Ser226=,synonymous,Benign/Likely benign,0.9997,0.9944,0.0132,0,BENIGN,,-1,,-1,,,false,NO_VEP,"Structural-only assessment (LSSIM=0.994, global SSIM=1.000). VEP not available for this locus.",Benign,ClinVar_Benign,-1,POSITION
VCV000536564,87957899,.,.,c.681C>T,p.Ser227=,synonymous,Conflicting classifications of pathogenicity,0.9996,0.9936,0.0142,0,BENIGN,,-1,,-1,,,false,NO_VEP,"Structural-only assessment (LSSIM=0.994, global SSIM=1.000). VEP not available for this locus.",Pathogenic,ClinVar_Pathogenic,-1,POSITION
VCV000404154,87957901,.,.,c.683A>G,p.Asn228Ser,missense,Conflicting classifications of pathogenicity,0.9996,0.9936,0.014,0,BENIGN,,-1,,-1,,,false,NO_VEP,"Structural-only assessment (LSSIM=0.994, global SSIM=1.000). VEP not available for this locus.",Pathogenic,ClinVar_Pathogenic,-1,POSITION
VCV001564721,87957902,.,.,c.684T>C,p.Asn228=,synonymous,Benign/Likely benign,0.9997,0.9942,0.0135,0,BENIGN,,-1,,-1,,,false,NO_VEP,"Structural-only assessment (LSSIM=0.994, global SSIM=1.000). VEP not available for this locus.",Benign,ClinVar_Benign,-1,POSITION
VCV000141771,87957903,.,.,c.685T>A,p.Ser229Thr,missense,Likely benign,0.9997,0.9943,0.0134,0,BENIGN,,-1,,-1,,,false,NO_VEP,"Structural-only assessment (LSSIM=0.994, global SSIM=1.000). VEP not available for this locus.",Benign,ClinVar_Benign,-1,POSITION
VCV002674361,87957904,.,.,c.686C>A,p.Ser229Ter,nonsense,Pathogenic,0.9997,0.995,0.0127,0,BENIGN,,-1,,-1,,,false,NO_VEP,"Structural-only assessment (LSSIM=0.995, global SSIM=1.000). VEP not available for this locus.",Pathogenic,ClinVar_Pathogenic,-1,POSITION
VCV000835735,87957904,.,.,c.686C>G,p.Ser229Ter,nonsense,Pathogenic,0.9997,0.995,0.0127,0,BENIGN,,-1,,-1,,,false,NO_VEP,"Structural-only assessment (LSSIM=0.995, global SSIM=1.000). VEP not available for this locus.",Pathogenic,ClinVar_Pathogenic,-1,POSITION
VCV000486223,87957905,.,.,c.687A>G,p.Ser229=,synonymous,Likely benign,0.9997,0.994,0.0139,0,BENIGN,,-1,,-1,,,false,NO_VEP,"Structural-only assessment (LSSIM=0.994, global SSIM=1.000). VEP not available for this locus.",Benign,ClinVar_Benign,-1,POSITION
VCV002131002,87957906,.,.,c.688G>T,p.Gly230Ter,nonsense,Pathogenic,0.9996,0.9933,0.0143,0,BENIGN,,-1,,-1,,,false,NO_VEP,"Structural-only assessment (LSSIM=0.993, global SSIM=1.000). VEP not available for this locus.",Pathogenic,ClinVar_Pathogenic,-1,POSITION
VCV000421730,87957911,.,.,c.693C>T,p.Pro231=,synonymous,Likely benign,0.9996,0.9936,0.0138,0,BENIGN,,-1,,-1,,,false,NO_VEP,"Structural-only assessment (LSSIM=0.994, global SSIM=1.000). VEP not available for this locus.",Benign,ClinVar_Benign,-1,POSITION
VCV002764816,87957911,.,.,c.693C>A,p.Pro231=,synonymous,Likely benign,0.9996,0.9936,0.0138,0,BENIGN,,-1,,-1,,,false,NO_VEP,"Structural-only assessment (LSSIM=0.994, global SSIM=1.000). VEP not available for this locus.",Benign,ClinVar_Benign,-1,POSITION
VCV003662212,87957914,.,.,c.696A>G,p.Thr232=,synonymous,Benign/Likely benign,0.9996,0.9936,0.0138,0,BENIGN,,-1,,-1,,,false,NO_VEP,"Structural-only assessment (LSSIM=0.994, global SSIM=1.000). VEP not available for this locus.",Benign,ClinVar_Benign,-1,POSITION
VCV000007813,87957915,.,.,c.697C>T,p.Arg233Ter,nonsense,Pathogenic/Likely pathogenic,0.9996,0.9933,0.0144,0,BENIGN,,-1,,-1,,,false,NO_VEP,"Structural-only assessment (LSSIM=0.993, global SSIM=1.000). VEP not available for this locus.",Pathogenic,ClinVar_Pathogenic,-1,POSITION
VCV000484602,87957915,.,.,c.697C>A,p.Arg233=,synonymous,Benign/Likely benign,0.9996,0.9933,0.0144,0,BENIGN,,-1,,-1,,,false,NO_VEP,"Structural-only assessment (LSSIM=0.993, global SSIM=1.000). VEP not available for this locus.",Benign,ClinVar_Benign,-1,POSITION
VCV000747424,87957917,.,.,c.699A>G,p.Arg233=,synonymous,Benign/Likely benign,0.9996,0.9941,0.0138,0,BENIGN,,-1,,-1,,,false,NO_VEP,"Structural-only assessment (LSSIM=0.994, global SSIM=1.000). VEP not available for this locus.",Benign,ClinVar_Benign,-1,POSITION
VCV003764883,87957921,.,.,c.703G>T,p.Glu235Ter,nonsense,Pathogenic,0.9996,0.9933,0.0145,0,BENIGN,,-1,,-1,,,false,NO_VEP,"Structural-only assessment (LSSIM=0.993, global SSIM=1.000). VEP not available for this locus.",Pathogenic,ClinVar_Pathogenic,-1,POSITION
VCV001756916,87957923,.,.,c.705A>G,p.Glu235=,synonymous,Likely benign,0.9997,0.9945,0.0136,0,BENIGN,,-1,,-1,,,false,NO_VEP,"Structural-only assessment (LSSIM=0.994, global SSIM=1.000). VEP not available for this locus.",Benign,ClinVar_Benign,-1,POSITION
VCV000760118,87957926,.,.,c.708C>T,p.Asp236=,synonymous,Benign/Likely benign,0.9996,0.994,0.014,0,BENIGN,,-1,,-1,,,false,NO_VEP,"Structural-only assessment (LSSIM=0.994, global SSIM=1.000). VEP not available for this locus.",Benign,ClinVar_Benign,-1,POSITION
VCV001692371,87957927,.,.,c.709A>T,p.Lys237Ter,nonsense,Pathogenic,0.9996,0.9936,0.0137,0,BENIGN,,-1,,-1,,,false,NO_VEP,"Structural-only assessment (LSSIM=0.994, global SSIM=1.000). VEP not available for this locus.",Pathogenic,ClinVar_Pathogenic,-1,POSITION
VCV000512488,87957929,.,.,c.711G>A,p.Lys237=,synonymous,Benign/Likely benign,0.9997,0.9943,0.0131,0,BENIGN,,-1,,-1,,,false,NO_VEP,"Structural-only assessment (LSSIM=0.994, global SSIM=1.000). VEP not available for this locus.",Benign,ClinVar_Benign,-1,POSITION
VCV001146931,87957932,.,.,c.714C>T,p.Phe238=,synonymous,Likely benign,0.9997,0.9941,0.0134,0,BENIGN,,-1,,-1,,,false,NO_VEP,"Structural-only assessment (LSSIM=0.994, global SSIM=1.000). VEP not available for this locus.",Benign,ClinVar_Benign,-1,POSITION
VCV000826884,87957934,.,.,c.716T>C,p.Met239Thr,missense,Conflicting classifications of pathogenicity,0.9996,0.9938,0.0138,0,BENIGN,,-1,,-1,,,false,NO_VEP,"Structural-only assessment (LSSIM=0.994, global SSIM=1.000). VEP not available for this locus.",Pathogenic,ClinVar_Pathogenic,-1,POSITION
VCV002674374,87957938,.,.,c.720C>A,p.Tyr240Ter,nonsense,Pathogenic,0.9997,0.9944,0.0134,0,BENIGN,,-1,,-1,,,false,NO_VEP,"Structural-only assessment (LSSIM=0.994, global SSIM=1.000). VEP not available for this locus.",Pathogenic,ClinVar_Pathogenic,-1,POSITION
VCV000572503,87957938,.,.,c.720C>G,p.Tyr240Ter,nonsense,Pathogenic/Likely pathogenic,0.9997,0.9944,0.0134,0,BENIGN,,-1,,-1,,,false,NO_VEP,"Structural-only assessment (LSSIM=0.994, global SSIM=1.000). VEP not available for this locus.",Pathogenic,ClinVar_Pathogenic,-1,POSITION
VCV000183876,87957938,.,.,c.720C>T,p.Tyr240=,synonymous,Likely benign,0.9997,0.9944,0.0134,0,BENIGN,,-1,,-1,,,false,NO_VEP,"Structural-only assessment (LSSIM=0.994, global SSIM=1.000). VEP not available for this locus.",Benign,ClinVar_Benign,-1,POSITION
VCV000440220,87957939,.,.,c.721T>C,p.Phe241Leu,missense,Likely pathogenic,0.9996,0.9938,0.0143,0,BENIGN,,-1,,-1,,,false,NO_VEP,"Structural-only assessment (LSSIM=0.994, global SSIM=1.000). VEP not available for this locus.",Pathogenic,ClinVar_Pathogenic,-1,POSITION
VCV000007850,87957940,.,.,c.722T>C,p.Phe241Ser,missense,Likely pathogenic,0.9996,0.9931,0.0146,0,BENIGN,,-1,,-1,,,false,NO_VEP,"Structural-only assessment (LSSIM=0.993, global SSIM=1.000). VEP not available for this locus.",Pathogenic,ClinVar_Pathogenic,-1,POSITION
VCV000428247,87957941,.,.,c.723T>G,p.Phe241Leu,missense,Conflicting classifications of pathogenicity,0.9997,0.9942,0.0138,0,BENIGN,,-1,,-1,,,false,NO_VEP,"Structural-only assessment (LSSIM=0.994, global SSIM=1.000). VEP not available for this locus.",Pathogenic,ClinVar_Pathogenic,-1,POSITION
VCV000215733,87957941,.,.,c.723T>C,p.Phe241=,synonymous,Benign/Likely benign,0.9997,0.9942,0.0138,0,BENIGN,,-1,,-1,,,false,NO_VEP,"Structural-only assessment (LSSIM=0.994, global SSIM=1.000). VEP not available for this locus.",Benign,ClinVar_Benign,-1,POSITION
VCV002674344,87957942,.,.,c.724G>T,p.Glu242Ter,nonsense,Pathogenic,0.9996,0.9937,0.014,0,BENIGN,,-1,,-1,,,false,NO_VEP,"Structural-only assessment (LSSIM=0.994, global SSIM=1.000). VEP not available for this locus.",Pathogenic,ClinVar_Pathogenic,-1,POSITION
VCV000492338,87957944,.,.,c.726G>A,p.Glu242=,synonymous,Benign/Likely benign,0.9997,0.9944,0.0133,0,BENIGN,,-1,,-1,,,false,NO_VEP,"Structural-only assessment (LSSIM=0.994, global SSIM=1.000). VEP not available for this locus.",Benign,ClinVar_Benign,-1,POSITION
VCV001758153,87957947,.,.,c.729C>T,p.Phe243=,synonymous,Benign/Likely benign,0.9997,0.9946,0.013,0,BENIGN,,-1,,-1,,,false,NO_VEP,"Structural-only assessment (LSSIM=0.995, global SSIM=1.000). VEP not available for this locus.",Benign,ClinVar_Benign,-1,POSITION
VCV001534984,87957950,.,.,c.732T>C,p.Pro244=,synonymous,Benign/Likely benign,0.9997,0.9953,0.0122,0,BENIGN,,-1,,-1,,,false,NO_VEP,"Structural-only assessment (LSSIM=0.995, global SSIM=1.000). VEP not available for this locus.",Benign,ClinVar_Benign,-1,POSITION
VCV000186396,87957951,.,.,c.733C>T,p.Gln245Ter,nonsense,Pathogenic,0.9997,0.994,0.0136,0,BENIGN,,-1,,-1,,,false,NO_VEP,"Structural-only assessment (LSSIM=0.994, global SSIM=1.000). VEP not available for this locus.",Pathogenic,ClinVar_Pathogenic,-1,POSITION
VCV000142269,87957955,.,.,c.737C>T,p.Pro246Leu,missense,Pathogenic,0.9997,0.9944,0.013,0,BENIGN,,-1,,-1,,,false,NO_VEP,"Structural-only assessment (LSSIM=0.994, global SSIM=1.000). VEP not available for this locus.",Pathogenic,ClinVar_Pathogenic,-1,POSITION
VCV004676410,87957956,.,.,c.738G>T,p.Pro246=,synonymous,Likely benign,0.9996,0.9939,0.0138,0,BENIGN,,-1,,-1,,,false,NO_VEP,"Structural-only assessment (LSSIM=0.994, global SSIM=1.000). VEP not available for this locus.",Benign,ClinVar_Benign,-1,POSITION
VCV003903898,87957956,.,.,c.738G>C,p.Pro246=,synonymous,Benign,0.9996,0.9939,0.0138,0,BENIGN,,-1,,-1,,,false,NO_VEP,"Structural-only assessment (LSSIM=0.994, global SSIM=1.000). VEP not available for this locus.",Benign,ClinVar_Benign,-1,POSITION
VCV000215734,87957956,.,.,c.738G>A,p.Pro246=,synonymous,Benign/Likely benign,0.9996,0.9939,0.0138,0,BENIGN,,-1,,-1,,,false,NO_VEP,"Structural-only assessment (LSSIM=0.994, global SSIM=1.000). VEP not available for this locus.",Benign,ClinVar_Benign,-1,POSITION
VCV000580498,87957958,.,.,c.740T>A,p.Leu247Ter,nonsense,Pathogenic,0.9996,0.9936,0.0141,0,BENIGN,,-1,,-1,,,false,NO_VEP,"Structural-only assessment (LSSIM=0.994, global SSIM=1.000). VEP not available for this locus.",Pathogenic,ClinVar_Pathogenic,-1,POSITION
VCV000428210,87957958,.,.,c.740T>G,p.Leu247Ter,nonsense,Pathogenic,0.9996,0.9936,0.0141,0,BENIGN,,-1,,-1,,,false,NO_VEP,"Structural-only assessment (LSSIM=0.994, global SSIM=1.000). VEP not available for this locus.",Pathogenic,ClinVar_Pathogenic,-1,POSITION
VCV000223142,87957958,.,.,c.740T>C,p.Leu247Ser,missense,Likely pathogenic,0.9996,0.9936,0.0141,0,BENIGN,,-1,,-1,,,false,NO_VEP,"Structural-only assessment (LSSIM=0.994, global SSIM=1.000). VEP not available for this locus.",Pathogenic,ClinVar_Pathogenic,-1,POSITION
VCV000536568,87957959,.,.,c.741A>G,p.Leu247=,synonymous,Likely benign,0.9996,0.9939,0.0139,0,BENIGN,,-1,,-1,,,false,NO_VEP,"Structural-only assessment (LSSIM=0.994, global SSIM=1.000). VEP not available for this locus.",Benign,ClinVar_Benign,-1,POSITION
VCV001332212,87957961,.,.,c.743C>G,p.Pro248Arg,missense,Conflicting classifications of pathogenicity,0.9997,0.9948,0.0126,0,BENIGN,,-1,,-1,,,false,NO_VEP,"Structural-only assessment (LSSIM=0.995, global SSIM=1.000). VEP not available for this locus.",Pathogenic,ClinVar_Pathogenic,-1,POSITION
VCV002774182,87957962,.,.,c.744T>G,p.Pro248=,synonymous,Likely benign,0.9996,0.994,0.0141,0,BENIGN,,-1,,-1,,,false,NO_VEP,"Structural-only assessment (LSSIM=0.994, global SSIM=1.000). VEP not available for this locus.",Benign,ClinVar_Benign,-1,POSITION
VCV000792662,87957962,.,.,c.744T>C,p.Pro248=,synonymous,Likely benign,0.9996,0.994,0.0141,0,BENIGN,,-1,,-1,,,false,NO_VEP,"Structural-only assessment (LSSIM=0.994, global SSIM=1.000). VEP not available for this locus.",Benign,ClinVar_Benign,-1,POSITION
VCV001525684,87957964,.,.,c.746T>A,p.Val249Glu,missense,Conflicting classifications of pathogenicity,0.9997,0.9942,0.0135,0,BENIGN,,-1,,-1,,,false,NO_VEP,"Structural-only assessment (LSSIM=0.994, global SSIM=1.000). VEP not available for this locus.",Pathogenic,ClinVar_Pathogenic,-1,POSITION
VCV001066565,87957964,.,.,c.746T>G,p.Val249Gly,missense,Likely pathogenic,0.9997,0.9942,0.0135,0,BENIGN,,-1,,-1,,,false,NO_VEP,"Structural-only assessment (LSSIM=0.994, global SSIM=1.000). VEP not available for this locus.",Pathogenic,ClinVar_Pathogenic,-1,POSITION
VCV003904296,87957965,.,.,c.747G>T,p.Val249=,synonymous,Benign,0.9997,0.9946,0.0131,0,BENIGN,,-1,,-1,,,false,NO_VEP,"Structural-only assessment (LSSIM=0.995, global SSIM=1.000). VEP not available for this locus.",Benign,ClinVar_Benign,-1,POSITION
VCV000412800,87957965,.,.,c.747G>A,p.Val249=,synonymous,Benign/Likely benign,0.9997,0.9946,0.0131,0,BENIGN,,-1,,-1,,,false,NO_VEP,"Structural-only assessment (LSSIM=0.995, global SSIM=1.000). VEP not available for this locus.",Benign,ClinVar_Benign,-1,POSITION
VCV000232528,87957968,.,.,c.750T>A,p.Cys250Ter,nonsense,Pathogenic,0.9996,0.9939,0.0138,0,BENIGN,,-1,,-1,,,false,NO_VEP,"Structural-only assessment (LSSIM=0.994, global SSIM=1.000). VEP not available for this locus.",Pathogenic,ClinVar_Pathogenic,-1,POSITION
VCV000184913,87957968,.,.,c.750T>C,p.Cys250=,synonymous,Benign/Likely benign,0.9996,0.9939,0.0138,0,BENIGN,,-1,,-1,,,false,NO_VEP,"Structural-only assessment (LSSIM=0.994, global SSIM=1.000). VEP not available for this locus.",Benign,ClinVar_Benign,-1,POSITION
VCV001064566,87957970,.,.,c.752G>A,p.Gly251Asp,missense,Conflicting classifications of pathogenicity,0.9996,0.9936,0.014,0,BENIGN,,-1,,-1,,,false,NO_VEP,"Structural-only assessment (LSSIM=0.994, global SSIM=1.000). VEP not available for this locus.",Pathogenic,ClinVar_Pathogenic,-1,POSITION
VCV000536548,87957970,.,.,c.752G>T,p.Gly251Val,missense,Likely pathogenic,0.9996,0.9936,0.014,0,BENIGN,,-1,,-1,,,false,NO_VEP,"Structural-only assessment (LSSIM=0.994, global SSIM=1.000). VEP not available for this locus.",Pathogenic,ClinVar_Pathogenic,-1,POSITION
VCV004722455,87957971,.,.,c.753T>G,p.Gly251=,synonymous,Likely benign,0.9996,0.9927,0.015,0,BENIGN,,-1,,-1,,,false,NO_VEP,"Structural-only assessment (LSSIM=0.993, global SSIM=1.000). VEP not available for this locus.",Benign,ClinVar_Benign,-1,POSITION
VCV000468712,87957971,.,.,c.753T>A,p.Gly251=,synonymous,Likely benign,0.9996,0.9927,0.015,0,BENIGN,,-1,,-1,,,false,NO_VEP,"Structural-only assessment (LSSIM=0.993, global SSIM=1.000). VEP not available for this locus.",Benign,ClinVar_Benign,-1,POSITION
VCV000575811,87957973,.,.,c.755A>T,p.Asp252Val,missense,Pathogenic/Likely pathogenic,0.9997,0.9947,0.013,0,BENIGN,,-1,,-1,,,false,NO_VEP,"Structural-only assessment (LSSIM=0.995, global SSIM=1.000). VEP not available for this locus.",Pathogenic,ClinVar_Pathogenic,-1,POSITION
VCV000007849,87957973,.,.,c.755A>G,p.Asp252Gly,missense,Pathogenic,0.9997,0.9947,0.013,0,BENIGN,,-1,,-1,,,false,NO_VEP,"Structural-only assessment (LSSIM=0.995, global SSIM=1.000). VEP not available for this locus.",Pathogenic,ClinVar_Pathogenic,-1,POSITION
VCV001528694,87957974,.,.,c.756T>C,p.Asp252=,synonymous,Likely benign,0.9997,0.9946,0.0132,0,BENIGN,,-1,,-1,,,false,NO_VEP,"Structural-only assessment (LSSIM=0.995, global SSIM=1.000). VEP not available for this locus.",Benign,ClinVar_Benign,-1,POSITION
VCV001478930,87957976,.,.,c.758T>G,p.Ile253Ser,missense,Conflicting classifications of pathogenicity,0.9996,0.994,0.0138,0,BENIGN,,-1,,-1,,,false,NO_VEP,"Structural-only assessment (LSSIM=0.994, global SSIM=1.000). VEP not available for this locus.",Pathogenic,ClinVar_Pathogenic,-1,POSITION
VCV000480942,87957976,.,.,c.758T>A,p.Ile253Asn,missense,Conflicting classifications of pathogenicity,0.9996,0.994,0.0138,0,BENIGN,,-1,,-1,,,false,NO_VEP,"Structural-only assessment (LSSIM=0.994, global SSIM=1.000). VEP not available for this locus.",Pathogenic,ClinVar_Pathogenic,-1,POSITION
VCV000412807,87957977,.,.,c.759C>T,p.Ile253=,synonymous,Conflicting classifications of pathogenicity,0.9997,0.9946,0.0131,0,BENIGN,,-1,,-1,,,false,NO_VEP,"Structural-only assessment (LSSIM=0.995, global SSIM=1.000). VEP not available for this locus.",Pathogenic,ClinVar_Pathogenic,-1,POSITION
VCV000237653,87957977,.,.,c.759C>A,p.Ile253=,synonymous,Likely benign,0.9997,0.9946,0.0131,0,BENIGN,,-1,,-1,,,false,NO_VEP,"Structural-only assessment (LSSIM=0.995, global SSIM=1.000). VEP not available for this locus.",Benign,ClinVar_Benign,-1,POSITION
VCV002624868,87957978,.,.,c.760A>T,p.Lys254Ter,nonsense,Pathogenic,0.9997,0.9942,0.0135,0,BENIGN,,-1,,-1,,,false,NO_VEP,"Structural-only assessment (LSSIM=0.994, global SSIM=1.000). VEP not available for this locus.",Pathogenic,ClinVar_Pathogenic,-1,POSITION
VCV000428207,87957979,.,.,c.761A>C,p.Lys254Thr,missense,Likely pathogenic,0.9996,0.9932,0.0146,0,BENIGN,,-1,,-1,,,false,NO_VEP,"Structural-only assessment (LSSIM=0.993, global SSIM=1.000). VEP not available for this locus.",Pathogenic,ClinVar_Pathogenic,-1,POSITION
VCV003381971,87957982,.,.,c.764T>G,p.Val255Gly,missense,Likely pathogenic,0.9997,0.9943,0.0135,0,BENIGN,,-1,,-1,,,false,NO_VEP,"Structural-only assessment (LSSIM=0.994, global SSIM=1.000). VEP not available for this locus.",Pathogenic,ClinVar_Pathogenic,-1,POSITION
VCV000623214,87957982,.,.,c.764T>A,p.Val255Glu,missense,Likely pathogenic,0.9997,0.9943,0.0135,0,BENIGN,,-1,,-1,,,false,NO_VEP,"Structural-only assessment (LSSIM=0.994, global SSIM=1.000). VEP not available for this locus.",Pathogenic,ClinVar_Pathogenic,-1,POSITION
VCV000760644,87957983,.,.,c.765A>G,p.Val255=,synonymous,Likely benign,0.9997,0.9953,0.0126,0,BENIGN,,-1,,-1,,,false,NO_VEP,"Structural-only assessment (LSSIM=0.995, global SSIM=1.000). VEP not available for this locus.",Benign,ClinVar_Benign,-1,POSITION
VCV000007828,87957984,.,.,c.766G>T,p.Glu256Ter,nonsense,Pathogenic,0.9997,0.995,0.0127,0,BENIGN,,-1,,-1,,,false,NO_VEP,"Structural-only assessment (LSSIM=0.995, global SSIM=1.000). VEP not available for this locus.",Pathogenic,ClinVar_Pathogenic,-1,POSITION
VCV000484621,87957986,.,.,c.768G>A,p.Glu256=,synonymous,Benign/Likely benign,0.9997,0.9943,0.013,0,BENIGN,,-1,,-1,,,false,NO_VEP,"Structural-only assessment (LSSIM=0.994, global SSIM=1.000). VEP not available for this locus.",Benign,ClinVar_Benign,-1,POSITION
VCV000536572,87957992,.,.,c.774C>T,p.Phe258=,synonymous,Conflicting classifications of pathogenicity,0.9996,0.9931,0.0143,0,BENIGN,,-1,,-1,,,false,NO_VEP,"Structural-only assessment (LSSIM=0.993, global SSIM=1.000). VEP not available for this locus.",Pathogenic,ClinVar_Pathogenic,-1,POSITION
VCV001673033,87957995,.,.,c.777C>T,p.His259=,synonymous,Likely benign,0.9996,0.9939,0.0139,0,BENIGN,,-1,,-1,,,false,NO_VEP,"Structural-only assessment (LSSIM=0.994, global SSIM=1.000). VEP not available for this locus.",Benign,ClinVar_Benign,-1,POSITION
VCV000404167,87957997,.,.,c.779A>G,p.Lys260Arg,missense,Conflicting classifications of pathogenicity,0.9996,0.9939,0.0139,0,BENIGN,,-1,,-1,,,false,NO_VEP,"Structural-only assessment (LSSIM=0.994, global SSIM=1.000). VEP not available for this locus.",Pathogenic,ClinVar_Pathogenic,-1,POSITION
VCV000230707,87957998,.,.,c.780A>G,p.Lys260=,synonymous,Benign/Likely benign,0.9997,0.9947,0.0128,0,BENIGN,,-1,,-1,,,false,NO_VEP,"Structural-only assessment (LSSIM=0.995, global SSIM=1.000). VEP not available for this locus.",Benign,ClinVar_Benign,-1,POSITION
VCV000183073,87957999,.,.,c.781C>T,p.Gln261Ter,nonsense,Pathogenic/Likely pathogenic,0.9997,0.9947,0.013,0,BENIGN,,-1,,-1,,,false,NO_VEP,"Structural-only assessment (LSSIM=0.995, global SSIM=1.000). VEP not available for this locus.",Pathogenic,ClinVar_Pathogenic,-1,POSITION
VCV000412804,87958001,.,.,c.783G>A,p.Gln261=,synonymous,Conflicting classifications of pathogenicity,0.9997,0.9944,0.0132,0,BENIGN,,-1,,-1,,,false,NO_VEP,"Structural-only assessment (LSSIM=0.994, global SSIM=1.000). VEP not available for this locus.",Pathogenic,ClinVar_Pathogenic,-1,POSITION
VCV001546262,87958004,.,.,c.786C>T,p.Asn262=,synonymous,Likely benign,0.9996,0.994,0.0138,0,BENIGN,,-1,,-1,,,false,NO_VEP,"Structural-only assessment (LSSIM=0.994, global SSIM=1.000). VEP not available for this locus.",Benign,ClinVar_Benign,-1,POSITION
VCV000536567,87958013,.,.,c.795A>C,p.Leu265=,synonymous,Benign/Likely benign,0.9997,0.9945,0.0132,0,BENIGN,,-1,,-1,,,false,NO_VEP,"Structural-only assessment (LSSIM=0.995, global SSIM=1.000). VEP not available for this locus.",Benign,ClinVar_Benign,-1,POSITION
VCV000492345,87958013,.,.,c.795A>G,p.Leu265=,synonymous,Likely benign,0.9997,0.9945,0.0132,0,BENIGN,,-1,,-1,,,false,NO_VEP,"Structural-only assessment (LSSIM=0.995, global SSIM=1.000). VEP not available for this locus.",Benign,ClinVar_Benign,-1,POSITION
VCV002010415,87958014,.,.,c.796A>G,p.Lys266Glu,missense,Conflicting classifications of pathogenicity,0.9996,0.9931,0.0149,0,BENIGN,,-1,,-1,,,false,NO_VEP,"Structural-only assessment (LSSIM=0.993, global SSIM=1.000). VEP not available for this locus.",Pathogenic,ClinVar_Pathogenic,-1,POSITION
VCV000647926,87958014,.,.,c.796A>T,p.Lys266Ter,nonsense,Pathogenic,0.9996,0.9931,0.0149,0,BENIGN,,-1,,-1,,,false,NO_VEP,"Structural-only assessment (LSSIM=0.993, global SSIM=1.000). VEP not available for this locus.",Pathogenic,ClinVar_Pathogenic,-1,POSITION
VCV001014805,87958019,.,.,c.801G>C,p.Lys267Asn,missense,Pathogenic,0.9997,0.9946,0.0132,0,BENIGN,,-1,,-1,,,false,NO_VEP,"Structural-only assessment (LSSIM=0.995, global SSIM=1.000). VEP not available for this locus.",Pathogenic,ClinVar_Pathogenic,-1,POSITION
VCV000536549,87958019,.,.,c.801G>T,p.Lys267Asn,missense,Pathogenic,0.9997,0.9946,0.0132,0,BENIGN,,-1,,-1,,,false,NO_VEP,"Structural-only assessment (LSSIM=0.995, global SSIM=1.000). VEP not available for this locus.",Pathogenic,ClinVar_Pathogenic,-1,POSITION
VCV000933785,87958020,.,.,c.801+1G>C,,splice,Pathogenic,0.9997,0.9941,0.0134,0,BENIGN,,-1,,-1,,,false,NO_VEP,"Structural-only assessment (LSSIM=0.994, global SSIM=1.000). VEP not available for this locus.",Pathogenic,ClinVar_Pathogenic,-1,POSITION
VCV000827393,87958020,.,.,c.801+1G>T,,splice,Pathogenic,0.9997,0.9941,0.0134,0,BENIGN,,-1,,-1,,,false,NO_VEP,"Structural-only assessment (LSSIM=0.994, global SSIM=1.000). VEP not available for this locus.",Pathogenic,ClinVar_Pathogenic,-1,POSITION
VCV000189420,87958020,.,.,c.801+1G>A,,splice,Pathogenic/Likely pathogenic,0.9997,0.9941,0.0134,0,BENIGN,,-1,,-1,,,false,NO_VEP,"Structural-only assessment (LSSIM=0.994, global SSIM=1.000). VEP not available for this locus.",Pathogenic,ClinVar_Pathogenic,-1,POSITION
VCV001393293,87958021,.,.,c.801+2T>C,,splice,Pathogenic,0.9997,0.9947,0.0129,0,BENIGN,,-1,,-1,,,false,NO_VEP,"Structural-only assessment (LSSIM=0.995, global SSIM=1.000). VEP not available for this locus.",Pathogenic,ClinVar_Pathogenic,-1,POSITION
VCV000428250,87958021,.,.,c.801+2T>A,,splice,Pathogenic,0.9997,0.9947,0.0129,0,BENIGN,,-1,,-1,,,false,NO_VEP,"Structural-only assessment (LSSIM=0.995, global SSIM=1.000). VEP not available for this locus.",Pathogenic,ClinVar_Pathogenic,-1,POSITION
VCV003904069,87958022,.,.,c.801+3T>A,,intronic,Likely benign,0.9997,0.9942,0.0134,0,BENIGN,,-1,,-1,,,false,NO_VEP,"Structural-only assessment (LSSIM=0.994, global SSIM=1.000). VEP not available for this locus.",Benign,ClinVar_Benign,-1,POSITION
VCV003903512,87958026,.,.,c.801+7A>C,,intronic,Likely benign,0.9997,0.9953,0.0123,0,BENIGN,,-1,,-1,,,false,NO_VEP,"Structural-only assessment (LSSIM=0.995, global SSIM=1.000). VEP not available for this locus.",Benign,ClinVar_Benign,-1,POSITION
VCV000536563,87958026,.,.,c.801+7A>T,,intronic,Likely benign,0.9997,0.9953,0.0123,0,BENIGN,,-1,,-1,,,false,NO_VEP,"Structural-only assessment (LSSIM=0.995, global SSIM=1.000). VEP not available for this locus.",Benign,ClinVar_Benign,-1,POSITION
VCV000372052,87958027,.,.,c.801+8C>G,,intronic,Likely benign,0.9997,0.9944,0.0132,0,BENIGN,,-1,,-1,,,false,NO_VEP,"Structural-only assessment (LSSIM=0.994, global SSIM=1.000). VEP not available for this locus.",Benign,ClinVar_Benign,-1,POSITION
VCV000412799,87958028,.,.,c.801+9T>C,,intronic,Conflicting classifications of pathogenicity,0.9997,0.995,0.0126,0,BENIGN,,-1,,-1,,,false,NO_VEP,"Structural-only assessment (LSSIM=0.995, global SSIM=1.000). VEP not available for this locus.",Pathogenic,ClinVar_Pathogenic,-1,POSITION
VCV002063842,87958030,.,.,c.801+11T>C,,intronic,Likely benign,0.9997,0.9944,0.0134,0,BENIGN,,-1,,-1,,,false,NO_VEP,"Structural-only assessment (LSSIM=0.994, global SSIM=1.000). VEP not available for this locus.",Benign,ClinVar_Benign,-1,POSITION
VCV003726097,87958032,.,.,c.801+13C>G,,intronic,Likely benign,0.9996,0.9933,0.0141,0,BENIGN,,-1,,-1,,,false,NO_VEP,"Structural-only assessment (LSSIM=0.993, global SSIM=1.000). VEP not available for this locus.",Benign,ClinVar_Benign,-1,POSITION
VCV002013115,87958032,.,.,c.801+13C>T,,intronic,Likely benign,0.9996,0.9933,0.0141,0,BENIGN,,-1,,-1,,,false,NO_VEP,"Structural-only assessment (LSSIM=0.993, global SSIM=1.000). VEP not available for this locus.",Benign,ClinVar_Benign,-1,POSITION
VCV000628466,87958033,.,.,c.801+14T>C,,intronic,Likely benign,0.9997,0.9943,0.0132,0,BENIGN,,-1,,-1,,,false,NO_VEP,"Structural-only assessment (LSSIM=0.994, global SSIM=1.000). VEP not available for this locus.",Benign,ClinVar_Benign,-1,POSITION
VCV000380344,87958034,.,.,c.801+15T>C,,intronic,Likely benign,0.9997,0.994,0.0134,0,BENIGN,,-1,,-1,,,false,NO_VEP,"Structural-only assessment (LSSIM=0.994, global SSIM=1.000). VEP not available for this locus.",Benign,ClinVar_Benign,-1,POSITION
VCV001638717,87958035,.,.,c.801+16T>C,,intronic,Likely benign,0.9997,0.9944,0.0134,0,BENIGN,,-1,,-1,,,false,NO_VEP,"Structural-only assessment (LSSIM=0.994, global SSIM=1.000). VEP not available for this locus.",Benign,ClinVar_Benign,-1,POSITION
VCV000631428,87958037,.,.,c.801+18A>T,,intronic,Benign/Likely benign,0.9997,0.9946,0.0129,0,BENIGN,,-1,,-1,,,false,NO_VEP,"Structural-only assessment (LSSIM=0.995, global SSIM=1.000). VEP not available for this locus.",Benign,ClinVar_Benign,-1,POSITION
VCV001575718,87958038,.,.,c.801+19T>C,,intronic,Likely benign,0.9997,0.9943,0.0135,0,BENIGN,,-1,,-1,,,false,NO_VEP,"Structural-only assessment (LSSIM=0.994, global SSIM=1.000). VEP not available for this locus.",Benign,ClinVar_Benign,-1,POSITION
VCV000920830,87958038,.,.,c.801+19T>A,,intronic,Likely benign,0.9997,0.9943,0.0135,0,BENIGN,,-1,,-1,,,false,NO_VEP,"Structural-only assessment (LSSIM=0.994, global SSIM=1.000). VEP not available for this locus.",Benign,ClinVar_Benign,-1,POSITION
VCV002861973,87958039,.,.,c.801+20T>G,,intronic,Likely benign,0.9996,0.9935,0.014,0,BENIGN,,-1,,-1,,,false,NO_VEP,"Structural-only assessment (LSSIM=0.994, global SSIM=1.000). VEP not available for this locus.",Benign,ClinVar_Benign,-1,POSITION
VCV002089135,87958039,.,.,c.801+20T>C,,intronic,Likely benign,0.9996,0.9935,0.014,0,BENIGN,,-1,,-1,,,false,NO_VEP,"Structural-only assessment (LSSIM=0.994, global SSIM=1.000). VEP not available for this locus.",Benign,ClinVar_Benign,-1,POSITION
VCV004539268,87958042,.,.,c.801+23G>T,,intronic,Likely benign,0.9997,0.9946,0.0134,0,BENIGN,,-1,,-1,,,false,NO_VEP,"Structural-only assessment (LSSIM=0.995, global SSIM=1.000). VEP not available for this locus.",Benign,ClinVar_Benign,-1,POSITION
VCV000092829,87958042,.,.,c.801+23G>A,,intronic,Likely benign,0.9997,0.9946,0.0134,0,BENIGN,,-1,,-1,,,false,NO_VEP,"Structural-only assessment (LSSIM=0.995, global SSIM=1.000). VEP not available for this locus.",Benign,ClinVar_Benign,-1,POSITION
VCV004280819,87958083,.,.,c.801+64A>G,,intronic,Likely benign,0.9997,0.9945,0.0136,0,BENIGN,,-1,,-1,,,false,NO_VEP,"Structural-only assessment (LSSIM=0.994, global SSIM=1.000). VEP not available for this locus.",Benign,ClinVar_Benign,-1,POSITION
VCV000223988,87958300,.,.,c.801+281A>G,,intronic,Likely benign,0.9997,0.9948,0.0131,0,BENIGN,,-1,,-1,,,false,NO_VEP,"Structural-only assessment (LSSIM=0.995, global SSIM=1.000). VEP not available for this locus.",Benign,ClinVar_Benign,-1,POSITION
VCV003905721,87958550,.,.,c.801+531A>T,,intronic,Likely benign,0.9997,0.9942,0.0135,0,BENIGN,,-1,,-1,,,false,NO_VEP,"Structural-only assessment (LSSIM=0.994, global SSIM=1.000). VEP not available for this locus.",Benign,ClinVar_Benign,-1,POSITION
VCV000223969,87959206,.,.,c.801+1187A>G,,intronic,Likely benign,0.9997,0.9941,0.014,0,BENIGN,,-1,,-1,,,false,NO_VEP,"Structural-only assessment (LSSIM=0.994, global SSIM=1.000). VEP not available for this locus.",Benign,ClinVar_Benign,-1,POSITION
VCV000223979,87960336,.,.,c.802-558T>C,,intronic,Likely benign,0.9997,0.9939,0.0139,0,BENIGN,,-1,,-1,,,false,NO_VEP,"Structural-only assessment (LSSIM=0.994, global SSIM=1.000). VEP not available for this locus.",Benign,ClinVar_Benign,-1,POSITION
VCV000677729,87960687,.,.,c.802-207T>C,,intronic,Benign,0.9997,0.9947,0.0131,0,BENIGN,,-1,,-1,,,false,NO_VEP,"Structural-only assessment (LSSIM=0.995, global SSIM=1.000). VEP not available for this locus.",Benign,ClinVar_Benign,-1,POSITION
VCV000802610,87960860,.,.,c.802-34C>A,,intronic,Likely benign,0.9997,0.9944,0.0135,0,BENIGN,,-1,,-1,,,false,NO_VEP,"Structural-only assessment (LSSIM=0.994, global SSIM=1.000). VEP not available for this locus.",Benign,ClinVar_Benign,-1,POSITION
VCV001802787,87960870,.,.,c.802-24T>C,,intronic,Likely benign,0.9996,0.9935,0.0146,0,BENIGN,,-1,,-1,,,false,NO_VEP,"Structural-only assessment (LSSIM=0.993, global SSIM=1.000). VEP not available for this locus.",Benign,ClinVar_Benign,-1,POSITION
VCV001220191,87960871,.,.,c.802-23C>T,,intronic,Likely benign,0.9996,0.9937,0.0139,0,BENIGN,,-1,,-1,,,false,NO_VEP,"Structural-only assessment (LSSIM=0.994, global SSIM=1.000). VEP not available for this locus.",Benign,ClinVar_Benign,-1,POSITION
VCV003903714,87960874,.,.,c.802-20T>C,,intronic,Likely benign,0.9997,0.9946,0.0132,0,BENIGN,,-1,,-1,,,false,NO_VEP,"Structural-only assessment (LSSIM=0.995, global SSIM=1.000). VEP not available for this locus.",Benign,ClinVar_Benign,-1,POSITION
VCV003903842,87960875,.,.,c.802-19T>C,,intronic,Likely benign,0.9997,0.9946,0.0132,0,BENIGN,,-1,,-1,,,false,NO_VEP,"Structural-only assessment (LSSIM=0.995, global SSIM=1.000). VEP not available for this locus.",Benign,ClinVar_Benign,-1,POSITION
VCV000092830,87960876,.,.,c.802-18C>T,,intronic,Benign/Likely benign,0.9997,0.9946,0.0127,0,BENIGN,,-1,,-1,,,false,NO_VEP,"Structural-only assessment (LSSIM=0.995, global SSIM=1.000). VEP not available for this locus.",Benign,ClinVar_Benign,-1,POSITION
VCV000378934,87960877,.,.,c.802-17T>C,,intronic,Likely benign,0.9997,0.9943,0.0134,0,BENIGN,,-1,,-1,,,false,NO_VEP,"Structural-only assessment (LSSIM=0.994, global SSIM=1.000). VEP not available for this locus.",Benign,ClinVar_Benign,-1,POSITION
VCV003903477,87960879,.,.,c.802-15T>C,,intronic,Likely benign,0.9997,0.9947,0.0133,0,BENIGN,,-1,,-1,,,false,NO_VEP,"Structural-only assessment (LSSIM=0.995, global SSIM=1.000). VEP not available for this locus.",Benign,ClinVar_Benign,-1,POSITION
VCV003904545,87960880,.,.,c.802-14T>C,,intronic,Likely benign,0.9997,0.9945,0.0132,0,BENIGN,,-1,,-1,,,false,NO_VEP,"Structural-only assessment (LSSIM=0.994, global SSIM=1.000). VEP not available for this locus.",Benign,ClinVar_Benign,-1,POSITION
VCV000928467,87960881,.,.,c.802-13T>C,,intronic,Likely benign,0.9997,0.9953,0.0128,0,BENIGN,,-1,,-1,,,false,NO_VEP,"Structural-only assessment (LSSIM=0.995, global SSIM=1.000). VEP not available for this locus.",Benign,ClinVar_Benign,-1,POSITION
VCV000138838,87960882,.,.,c.802-12T>C,,intronic,Benign/Likely benign,0.9997,0.9942,0.0135,0,BENIGN,,-1,,-1,,,false,NO_VEP,"Structural-only assessment (LSSIM=0.994, global SSIM=1.000). VEP not available for this locus.",Benign,ClinVar_Benign,-1,POSITION
VCV003904229,87960883,.,.,c.802-11T>C,,intronic,Likely benign,0.9997,0.9948,0.0129,0,BENIGN,,-1,,-1,,,false,NO_VEP,"Structural-only assessment (LSSIM=0.995, global SSIM=1.000). VEP not available for this locus.",Benign,ClinVar_Benign,-1,POSITION
VCV003664459,87960884,.,.,c.802-10T>G,,intronic,Likely benign,0.9996,0.9935,0.0145,0,BENIGN,,-1,,-1,,,false,NO_VEP,"Structural-only assessment (LSSIM=0.994, global SSIM=1.000). VEP not available for this locus.",Benign,ClinVar_Benign,-1,POSITION
VCV000765965,87960884,.,.,c.802-10T>C,,intronic,Likely benign,0.9996,0.9935,0.0145,0,BENIGN,,-1,,-1,,,false,NO_VEP,"Structural-only assessment (LSSIM=0.994, global SSIM=1.000). VEP not available for this locus.",Benign,ClinVar_Benign,-1,POSITION
VCV000378441,87960885,.,.,c.802-9T>G,,intronic,Likely benign,0.9996,0.9939,0.0137,0,BENIGN,,-1,,-1,,,false,NO_VEP,"Structural-only assessment (LSSIM=0.994, global SSIM=1.000). VEP not available for this locus.",Benign,ClinVar_Benign,-1,POSITION
VCV001652063,87960887,.,.,c.802-7T>G,,intronic,Likely benign,0.9996,0.9929,0.0145,0,BENIGN,,-1,,-1,,,false,NO_VEP,"Structural-only assessment (LSSIM=0.993, global SSIM=1.000). VEP not available for this locus.",Benign,ClinVar_Benign,-1,POSITION
VCV000385642,87960888,.,.,c.802-6T>G,,intronic,Likely benign,0.9996,0.9938,0.0137,0,BENIGN,,-1,,-1,,,false,NO_VEP,"Structural-only assessment (LSSIM=0.994, global SSIM=1.000). VEP not available for this locus.",Benign,ClinVar_Benign,-1,POSITION
VCV003616113,87960889,.,.,c.802-5T>C,,intronic,Likely benign,0.9997,0.9951,0.0122,0,BENIGN,,-1,,-1,,,false,NO_VEP,"Structural-only assessment (LSSIM=0.995, global SSIM=1.000). VEP not available for this locus.",Benign,ClinVar_Benign,-1,POSITION
VCV002573217,87960889,.,.,c.802-5T>G,,intronic,Benign,0.9997,0.9951,0.0122,0,BENIGN,,-1,,-1,,,false,NO_VEP,"Structural-only assessment (LSSIM=0.995, global SSIM=1.000). VEP not available for this locus.",Benign,ClinVar_Benign,-1,POSITION
VCV000707788,87960890,.,.,c.802-4T>C,,intronic,Likely benign,0.9997,0.9946,0.0134,0,BENIGN,,-1,,-1,,,false,NO_VEP,"Structural-only assessment (LSSIM=0.995, global SSIM=1.000). VEP not available for this locus.",Benign,ClinVar_Benign,-1,POSITION
VCV000135912,87960891,.,.,c.802-3T>A,,intronic,Likely benign,0.9996,0.9939,0.0138,0,BENIGN,,-1,,-1,,,false,NO_VEP,"Structural-only assessment (LSSIM=0.994, global SSIM=1.000). VEP not available for this locus.",Benign,ClinVar_Benign,-1,POSITION
VCV000189509,87960892,.,.,c.802-2A>G,,splice,Pathogenic,0.9997,0.9949,0.0128,0,BENIGN,,-1,,-1,,,false,NO_VEP,"Structural-only assessment (LSSIM=0.995, global SSIM=1.000). VEP not available for this locus.",Pathogenic,ClinVar_Pathogenic,-1,POSITION
VCV000142423,87960892,.,.,c.802-2A>T,,splice,Pathogenic,0.9997,0.9949,0.0128,0,BENIGN,,-1,,-1,,,false,NO_VEP,"Structural-only assessment (LSSIM=0.995, global SSIM=1.000). VEP not available for this locus.",Pathogenic,ClinVar_Pathogenic,-1,POSITION
VCV002673923,87960893,.,.,c.802-1G>C,,splice,Pathogenic,0.9997,0.9955,0.0123,0,BENIGN,,-1,,-1,,,false,NO_VEP,"Structural-only assessment (LSSIM=0.996, global SSIM=1.000). VEP not available for this locus.",Pathogenic,ClinVar_Pathogenic,-1,POSITION
VCV000827401,87960893,.,.,c.802-1G>T,,splice,Pathogenic,0.9997,0.9955,0.0123,0,BENIGN,,-1,,-1,,,false,NO_VEP,"Structural-only assessment (LSSIM=0.996, global SSIM=1.000). VEP not available for this locus.",Pathogenic,ClinVar_Pathogenic,-1,POSITION
VCV000689447,87960893,.,.,c.802-1G>A,,splice,Pathogenic/Likely pathogenic,0.9997,0.9955,0.0123,0,BENIGN,,-1,,-1,,,false,NO_VEP,"Structural-only assessment (LSSIM=0.996, global SSIM=1.000). VEP not available for this locus.",Pathogenic,ClinVar_Pathogenic,-1,POSITION
VCV001761795,87960896,.,.,c.804C>T,p.Asp268=,synonymous,Likely benign,0.9996,0.9937,0.0142,0,BENIGN,,-1,,-1,,,false,NO_VEP,"Structural-only assessment (LSSIM=0.994, global SSIM=1.000). VEP not available for this locus.",Benign,ClinVar_Benign,-1,POSITION
VCV000092834,87960896,.,.,c.804C>A,p.Asp268Glu,missense,Conflicting classifications of pathogenicity,0.9996,0.9937,0.0142,0,BENIGN,,-1,,-1,,,false,NO_VEP,"Structural-only assessment (LSSIM=0.994, global SSIM=1.000). VEP not available for this locus.",Pathogenic,ClinVar_Pathogenic,-1,POSITION
VCV003903439,87960899,.,.,c.807A>G,p.Lys269=,synonymous,Benign,0.9996,0.9938,0.0142,0,BENIGN,,-1,,-1,,,false,NO_VEP,"Structural-only assessment (LSSIM=0.994, global SSIM=1.000). VEP not available for this locus.",Benign,ClinVar_Benign,-1,POSITION
VCV000428223,87960907,.,.,c.815A>C,p.His272Pro,missense,Likely pathogenic,0.9997,0.9945,0.0134,0,BENIGN,,-1,,-1,,,false,NO_VEP,"Structural-only assessment (LSSIM=0.995, global SSIM=1.000). VEP not available for this locus.",Pathogenic,ClinVar_Pathogenic,-1,POSITION
VCV000232432,87960908,.,.,c.816C>T,p.His272=,synonymous,Benign/Likely benign,0.9997,0.9942,0.0132,0,BENIGN,,-1,,-1,,,false,NO_VEP,"Structural-only assessment (LSSIM=0.994, global SSIM=1.000). VEP not available for this locus.",Benign,ClinVar_Benign,-1,POSITION
VCV000230727,87960911,.,.,c.819T>C,p.Phe273=,synonymous,Benign/Likely benign,0.9997,0.9949,0.0131,0,BENIGN,,-1,,-1,,,false,NO_VEP,"Structural-only assessment (LSSIM=0.995, global SSIM=1.000). VEP not available for this locus.",Benign,ClinVar_Benign,-1,POSITION
VCV001762511,87960913,.,.,c.821G>A,p.Trp274Ter,nonsense,Pathogenic,0.9997,0.9944,0.0135,0,BENIGN,,-1,,-1,,,false,NO_VEP,"Structural-only assessment (LSSIM=0.994, global SSIM=1.000). VEP not available for this locus.",Pathogenic,ClinVar_Pathogenic,-1,POSITION
VCV000427600,87960913,.,.,c.821G>T,p.Trp274Leu,missense,Pathogenic/Likely pathogenic,0.9997,0.9944,0.0135,0,BENIGN,,-1,,-1,,,false,NO_VEP,"Structural-only assessment (LSSIM=0.994, global SSIM=1.000). VEP not available for this locus.",Pathogenic,ClinVar_Pathogenic,-1,POSITION
VCV000142640,87960914,.,.,c.822G>A,p.Trp274Ter,nonsense,Pathogenic,0.9997,0.9941,0.0137,0,BENIGN,,-1,,-1,,,false,NO_VEP,"Structural-only assessment (LSSIM=0.994, global SSIM=1.000). VEP not available for this locus.",Pathogenic,ClinVar_Pathogenic,-1,POSITION
VCV000627703,87960915,.,.,c.823G>A,p.Val275Ile,missense,Conflicting classifications of pathogenicity,0.9996,0.9937,0.0139,0,BENIGN,,-1,,-1,,,false,NO_VEP,"Structural-only assessment (LSSIM=0.994, global SSIM=1.000). VEP not available for this locus.",Pathogenic,ClinVar_Pathogenic,-1,POSITION
VCV000993121,87960917,.,.,c.825A>G,p.Val275=,synonymous,Conflicting classifications of pathogenicity,0.9996,0.9935,0.0147,0,BENIGN,,-1,,-1,,,false,NO_VEP,"Structural-only assessment (LSSIM=0.993, global SSIM=1.000). VEP not available for this locus.",Pathogenic,ClinVar_Pathogenic,-1,POSITION
VCV000653985,87960918,.,.,c.826A>G,p.Asn276Asp,missense,Conflicting classifications of pathogenicity,0.9996,0.9934,0.0145,0,BENIGN,,-1,,-1,,,false,NO_VEP,"Structural-only assessment (LSSIM=0.993, global SSIM=1.000). VEP not available for this locus.",Pathogenic,ClinVar_Pathogenic,-1,POSITION
VCV002502345,87960919,.,.,c.827A>G,p.Asn276Ser,missense,Pathogenic,0.9996,0.9938,0.0139,0,BENIGN,,-1,,-1,,,false,NO_VEP,"Structural-only assessment (LSSIM=0.994, global SSIM=1.000). VEP not available for this locus.",Pathogenic,ClinVar_Pathogenic,-1,POSITION
VCV000988006,87960919,.,.,c.827A>T,p.Asn276Ile,missense,Conflicting classifications of pathogenicity,0.9996,0.9938,0.0139,0,BENIGN,,-1,,-1,,,false,NO_VEP,"Structural-only assessment (LSSIM=0.994, global SSIM=1.000). VEP not available for this locus.",Pathogenic,ClinVar_Pathogenic,-1,POSITION
VCV000468718,87960920,.,.,c.828T>C,p.Asn276=,synonymous,Likely benign,0.9997,0.9949,0.013,0,BENIGN,,-1,,-1,,,false,NO_VEP,"Structural-only assessment (LSSIM=0.995, global SSIM=1.000). VEP not available for this locus.",Benign,ClinVar_Benign,-1,POSITION
VCV000571869,87960921,.,.,c.829A>G,p.Thr277Ala,missense,Pathogenic,0.9997,0.9951,0.0123,0,BENIGN,,-1,,-1,,,false,NO_VEP,"Structural-only assessment (LSSIM=0.995, global SSIM=1.000). VEP not available for this locus.",Pathogenic,ClinVar_Pathogenic,-1,POSITION
VCV000428268,87960922,.,.,c.830C>G,p.Thr277Arg,missense,Likely pathogenic,0.9996,0.9931,0.0149,0,BENIGN,,-1,,-1,,,false,NO_VEP,"Structural-only assessment (LSSIM=0.993, global SSIM=1.000). VEP not available for this locus.",Pathogenic,ClinVar_Pathogenic,-1,POSITION
VCV000184277,87960922,.,.,c.830C>T,p.Thr277Ile,missense,Pathogenic,0.9996,0.9931,0.0149,0,BENIGN,,-1,,-1,,,false,NO_VEP,"Structural-only assessment (LSSIM=0.993, global SSIM=1.000). VEP not available for this locus.",Pathogenic,ClinVar_Pathogenic,-1,POSITION
VCV000231929,87960923,.,.,c.831A>G,p.Thr277=,synonymous,Benign/Likely benign,0.9996,0.9938,0.014,0,BENIGN,,-1,,-1,,,false,NO_VEP,"Structural-only assessment (LSSIM=0.994, global SSIM=1.000). VEP not available for this locus.",Benign,ClinVar_Benign,-1,POSITION
VCV001077370,87960926,.,.,c.834C>T,p.Phe278=,synonymous,Likely benign,0.9997,0.9945,0.0132,0,BENIGN,,-1,,-1,,,false,NO_VEP,"Structural-only assessment (LSSIM=0.995, global SSIM=1.000). VEP not available for this locus.",Benign,ClinVar_Benign,-1,POSITION
VCV001112277,87960929,.,.,c.837C>T,p.Phe279=,synonymous,Benign/Likely benign,0.9996,0.994,0.0144,0,BENIGN,,-1,,-1,,,false,NO_VEP,"Structural-only assessment (LSSIM=0.994, global SSIM=1.000). VEP not available for this locus.",Benign,ClinVar_Benign,-1,POSITION
VCV003427441,87960935,.,.,c.843A>C,p.Pro281=,synonymous,Likely benign,0.9997,0.9941,0.0137,0,BENIGN,,-1,,-1,,,false,NO_VEP,"Structural-only assessment (LSSIM=0.994, global SSIM=1.000). VEP not available for this locus.",Benign,ClinVar_Benign,-1,POSITION
VCV000492349,87960935,.,.,c.843A>G,p.Pro281=,synonymous,Benign/Likely benign,0.9997,0.9941,0.0137,0,BENIGN,,-1,,-1,,,false,NO_VEP,"Structural-only assessment (LSSIM=0.994, global SSIM=1.000). VEP not available for this locus.",Benign,ClinVar_Benign,-1,POSITION
VCV003427429,87960941,.,.,c.849A>G,p.Pro283=,synonymous,Likely benign,0.9997,0.994,0.0136,0,BENIGN,,-1,,-1,,,false,NO_VEP,"Structural-only assessment (LSSIM=0.994, global SSIM=1.000). VEP not available for this locus.",Benign,ClinVar_Benign,-1,POSITION
VCV000186293,87960942,.,.,c.850G>T,p.Glu284Ter,nonsense,Pathogenic,0.9996,0.9936,0.0141,0,BENIGN,,-1,,-1,,,false,NO_VEP,"Structural-only assessment (LSSIM=0.994, global SSIM=1.000). VEP not available for this locus.",Pathogenic,ClinVar_Pathogenic,-1,POSITION
VCV001088256,87960944,.,.,c.852G>A,p.Glu284=,synonymous,Likely benign,0.9997,0.9953,0.0123,0,BENIGN,,-1,,-1,,,false,NO_VEP,"Structural-only assessment (LSSIM=0.995, global SSIM=1.000). VEP not available for this locus.",Benign,ClinVar_Benign,-1,POSITION
VCV002136911,87960945,.,.,c.853G>T,p.Glu285Ter,nonsense,Pathogenic,0.9996,0.9937,0.0142,0,BENIGN,,-1,,-1,,,false,NO_VEP,"Structural-only assessment (LSSIM=0.994, global SSIM=1.000). VEP not available for this locus.",Pathogenic,ClinVar_Pathogenic,-1,POSITION
VCV000183799,87960947,.,.,c.855A>G,p.Glu285=,synonymous,Benign/Likely benign,0.9997,0.9942,0.0136,0,BENIGN,,-1,,-1,,,false,NO_VEP,"Structural-only assessment (LSSIM=0.994, global SSIM=1.000). VEP not available for this locus.",Benign,ClinVar_Benign,-1,POSITION
VCV000796069,87960950,.,.,c.858C>T,p.Thr286=,synonymous,Benign/Likely benign,0.9997,0.9948,0.013,0,BENIGN,,-1,,-1,,,false,NO_VEP,"Structural-only assessment (LSSIM=0.995, global SSIM=1.000). VEP not available for this locus.",Benign,ClinVar_Benign,-1,POSITION
VCV000233492,87960950,.,.,c.858C>G,p.Thr286=,synonymous,Benign/Likely benign,0.9997,0.9948,0.013,0,BENIGN,,-1,,-1,,,false,NO_VEP,"Structural-only assessment (LSSIM=0.995, global SSIM=1.000). VEP not available for this locus.",Benign,ClinVar_Benign,-1,POSITION
VCV000428238,87960952,.,.,c.860C>A,p.Ser287Ter,nonsense,Pathogenic,0.9996,0.9936,0.014,0,BENIGN,,-1,,-1,,,false,NO_VEP,"Structural-only assessment (LSSIM=0.994, global SSIM=1.000). VEP not available for this locus.",Pathogenic,ClinVar_Pathogenic,-1,POSITION
VCV000216987,87960952,.,.,c.860C>G,p.Ser287Ter,nonsense,Pathogenic/Likely pathogenic,0.9996,0.9936,0.014,0,BENIGN,,-1,,-1,,,false,NO_VEP,"Structural-only assessment (LSSIM=0.994, global SSIM=1.000). VEP not available for this locus.",Pathogenic,ClinVar_Pathogenic,-1,POSITION
VCV000630077,87960953,.,.,c.861A>G,p.Ser287=,synonymous,Benign/Likely benign,0.9996,0.9934,0.0146,0,BENIGN,,-1,,-1,,,false,NO_VEP,"Structural-only assessment (LSSIM=0.993, global SSIM=1.000). VEP not available for this locus.",Benign,ClinVar_Benign,-1,POSITION
VCV004293030,87960954,.,.,c.862G>T,p.Glu288Ter,nonsense,Likely pathogenic,0.9997,0.9944,0.0131,0,BENIGN,,-1,,-1,,,false,NO_VEP,"Structural-only assessment (LSSIM=0.994, global SSIM=1.000). VEP not available for this locus.",Pathogenic,ClinVar_Pathogenic,-1,POSITION
VCV000428198,87960957,.,.,c.865A>T,p.Lys289Ter,nonsense,Pathogenic,0.9997,0.9942,0.0138,0,BENIGN,,-1,,-1,,,false,NO_VEP,"Structural-only assessment (LSSIM=0.994, global SSIM=1.000). VEP not available for this locus.",Pathogenic,ClinVar_Pathogenic,-1,POSITION
VCV001095875,87960959,.,.,c.867A>G,p.Lys289=,synonymous,Benign/Likely benign,0.9996,0.9936,0.0143,0,BENIGN,,-1,,-1,,,false,NO_VEP,"Structural-only assessment (LSSIM=0.994, global SSIM=1.000). VEP not available for this locus.",Benign,ClinVar_Benign,-1,POSITION
VCV000822663,87960960,.,.,c.868G>C,p.Val290Leu,missense,Conflicting classifications of pathogenicity,0.9996,0.9925,0.0152,0,BENIGN,,-1,,-1,,,false,NO_VEP,"Structural-only assessment (LSSIM=0.993, global SSIM=1.000). VEP not available for this locus.",Pathogenic,ClinVar_Pathogenic,-1,POSITION
VCV001126148,87960962,.,.,c.870A>C,p.Val290=,synonymous,Likely benign,0.9997,0.9947,0.0134,0,BENIGN,,-1,,-1,,,false,NO_VEP,"Structural-only assessment (LSSIM=0.995, global SSIM=1.000). VEP not available for this locus.",Benign,ClinVar_Benign,-1,POSITION
VCV000233644,87960962,.,.,c.870A>G,p.Val290=,synonymous,Benign/Likely benign,0.9997,0.9947,0.0134,0,BENIGN,,-1,,-1,,,false,NO_VEP,"Structural-only assessment (LSSIM=0.995, global SSIM=1.000). VEP not available for this locus.",Benign,ClinVar_Benign,-1,POSITION
VCV002673922,87960963,.,.,c.871G>T,p.Glu291Ter,nonsense,Pathogenic,0.9996,0.9931,0.0145,0,BENIGN,,-1,,-1,,,false,NO_VEP,"Structural-only assessment (LSSIM=0.993, global SSIM=1.000). VEP not available for this locus.",Pathogenic,ClinVar_Pathogenic,-1,POSITION
VCV000219453,87960968,.,.,c.876T>C,p.Asn292=,synonymous,Likely benign,0.9997,0.9952,0.0124,0,BENIGN,,-1,,-1,,,false,NO_VEP,"Structural-only assessment (LSSIM=0.995, global SSIM=1.000). VEP not available for this locus.",Benign,ClinVar_Benign,-1,POSITION
VCV000237654,87960969,.,.,c.877G>T,p.Gly293Ter,nonsense,Pathogenic,0.9997,0.9943,0.0138,0,BENIGN,,-1,,-1,,,false,NO_VEP,"Structural-only assessment (LSSIM=0.994, global SSIM=1.000). VEP not available for this locus.",Pathogenic,ClinVar_Pathogenic,-1,POSITION
VCV000798333,87960971,.,.,c.879A>G,p.Gly293=,synonymous,Likely benign,0.9997,0.994,0.0135,0,BENIGN,,-1,,-1,,,false,NO_VEP,"Structural-only assessment (LSSIM=0.994, global SSIM=1.000). VEP not available for this locus.",Benign,ClinVar_Benign,-1,POSITION
VCV000412803,87960971,.,.,c.879A>C,p.Gly293=,synonymous,Benign/Likely benign,0.9997,0.994,0.0135,0,BENIGN,,-1,,-1,,,false,NO_VEP,"Structural-only assessment (LSSIM=0.994, global SSIM=1.000). VEP not available for this locus.",Benign,ClinVar_Benign,-1,POSITION
VCV000484617,87960973,.,.,c.881G>A,p.Ser294Asn,missense,Conflicting classifications of pathogenicity,0.9996,0.9937,0.0141,0,BENIGN,,-1,,-1,,,false,NO_VEP,"Structural-only assessment (LSSIM=0.994, global SSIM=1.000). VEP not available for this locus.",Pathogenic,ClinVar_Pathogenic,-1,POSITION
VCV000127693,87960974,.,.,c.882T>G,p.Ser294Arg,missense,Likely benign,0.9996,0.9939,0.0141,0,BENIGN,,-1,,-1,,,false,NO_VEP,"Structural-only assessment (LSSIM=0.994, global SSIM=1.000). VEP not available for this locus.",Benign,ClinVar_Benign,-1,POSITION
VCV000628709,87960974,.,.,c.882T>C,p.Ser294=,synonymous,Likely benign,0.9996,0.9939,0.0141,0,BENIGN,,-1,,-1,,,false,NO_VEP,"Structural-only assessment (LSSIM=0.994, global SSIM=1.000). VEP not available for this locus.",Benign,ClinVar_Benign,-1,POSITION
VCV001605748,87960975,.,.,c.883C>T,p.Leu295=,synonymous,Likely benign,0.9996,0.9936,0.0142,0,BENIGN,,-1,,-1,,,false,NO_VEP,"Structural-only assessment (LSSIM=0.994, global SSIM=1.000). VEP not available for this locus.",Benign,ClinVar_Benign,-1,POSITION
VCV002035995,87960977,.,.,c.885A>T,p.Leu295=,synonymous,Likely benign,0.9997,0.9954,0.012,0,BENIGN,,-1,,-1,,,false,NO_VEP,"Structural-only assessment (LSSIM=0.995, global SSIM=1.000). VEP not available for this locus.",Benign,ClinVar_Benign,-1,POSITION
VCV001569208,87960977,.,.,c.885A>C,p.Leu295=,synonymous,Likely benign,0.9997,0.9954,0.012,0,BENIGN,,-1,,-1,,,false,NO_VEP,"Structural-only assessment (LSSIM=0.995, global SSIM=1.000). VEP not available for this locus.",Benign,ClinVar_Benign,-1,POSITION
VCV000135913,87960977,.,.,c.885A>G,p.Leu295=,synonymous,Benign/Likely benign,0.9997,0.9954,0.012,0,BENIGN,,-1,,-1,,,false,NO_VEP,"Structural-only assessment (LSSIM=0.995, global SSIM=1.000). VEP not available for this locus.",Benign,ClinVar_Benign,-1,POSITION
VCV000404163,87960979,.,.,c.887G>A,p.Cys296Tyr,missense,Conflicting classifications of pathogenicity,0.9996,0.9937,0.0142,0,BENIGN,,-1,,-1,,,false,NO_VEP,"Structural-only assessment (LSSIM=0.994, global SSIM=1.000). VEP not available for this locus.",Pathogenic,ClinVar_Pathogenic,-1,POSITION
VCV000917617,87960980,.,.,c.888T>A,p.Cys296Ter,nonsense,Pathogenic/Likely pathogenic,0.9997,0.9948,0.0129,0,BENIGN,,-1,,-1,,,false,NO_VEP,"Structural-only assessment (LSSIM=0.995, global SSIM=1.000). VEP not available for this locus.",Pathogenic,ClinVar_Pathogenic,-1,POSITION
VCV000187657,87960984,.,.,c.892C>T,p.Gln298Ter,nonsense,Pathogenic,0.9996,0.9939,0.0141,0,BENIGN,,-1,,-1,,,false,NO_VEP,"Structural-only assessment (LSSIM=0.994, global SSIM=1.000). VEP not available for this locus.",Pathogenic,ClinVar_Pathogenic,-1,POSITION
VCV000127695,87960984,.,.,c.892C>G,p.Gln298Glu,missense,Likely benign,0.9996,0.9939,0.0141,0,BENIGN,,-1,,-1,,,false,NO_VEP,"Structural-only assessment (LSSIM=0.994, global SSIM=1.000). VEP not available for this locus.",Benign,ClinVar_Benign,-1,POSITION
VCV001976699,87960986,.,.,c.894A>G,p.Gln298=,synonymous,Likely benign,0.9997,0.9945,0.0132,0,BENIGN,,-1,,-1,,,false,NO_VEP,"Structural-only assessment (LSSIM=0.995, global SSIM=1.000). VEP not available for this locus.",Benign,ClinVar_Benign,-1,POSITION
VCV000428263,87960987,.,.,c.895G>T,p.Glu299Ter,nonsense,Pathogenic,0.9996,0.9935,0.0145,0,BENIGN,,-1,,-1,,,false,NO_VEP,"Structural-only assessment (LSSIM=0.993, global SSIM=1.000). VEP not available for this locus.",Pathogenic,ClinVar_Pathogenic,-1,POSITION
VCV003894398,87960989,.,.,c.897A>G,p.Glu299=,synonymous,Likely benign,0.9997,0.9943,0.0133,0,BENIGN,,-1,,-1,,,false,NO_VEP,"Structural-only assessment (LSSIM=0.994, global SSIM=1.000). VEP not available for this locus.",Benign,ClinVar_Benign,-1,POSITION
VCV001632542,87960992,.,.,c.900C>A,p.Ile300=,synonymous,Benign/Likely benign,0.9997,0.9946,0.013,0,BENIGN,,-1,,-1,,,false,NO_VEP,"Structural-only assessment (LSSIM=0.995, global SSIM=1.000). VEP not available for this locus.",Benign,ClinVar_Benign,-1,POSITION
VCV000184295,87960992,.,.,c.900C>T,p.Ile300=,synonymous,Benign/Likely benign,0.9997,0.9946,0.013,0,BENIGN,,-1,,-1,,,false,NO_VEP,"Structural-only assessment (LSSIM=0.995, global SSIM=1.000). VEP not available for this locus.",Benign,ClinVar_Benign,-1,POSITION
VCV000233963,87960993,.,.,c.901G>A,p.Asp301Asn,missense,Conflicting classifications of pathogenicity,0.9997,0.995,0.0128,0,BENIGN,,-1,,-1,,,false,NO_VEP,"Structural-only assessment (LSSIM=0.995, global SSIM=1.000). VEP not available for this locus.",Pathogenic,ClinVar_Pathogenic,-1,POSITION
VCV001084665,87960995,.,.,c.903T>C,p.Asp301=,synonymous,Benign/Likely benign,0.9996,0.9938,0.0139,0,BENIGN,,-1,,-1,,,false,NO_VEP,"Structural-only assessment (LSSIM=0.994, global SSIM=1.000). VEP not available for this locus.",Benign,ClinVar_Benign,-1,POSITION
VCV001501773,87960996,.,.,c.904A>G,p.Ser302Gly,missense,Conflicting classifications of pathogenicity,0.9997,0.9943,0.0135,0,BENIGN,,-1,,-1,,,false,NO_VEP,"Structural-only assessment (LSSIM=0.994, global SSIM=1.000). VEP not available for this locus.",Pathogenic,ClinVar_Pathogenic,-1,POSITION
VCV000486226,87960997,.,.,c.905G>A,p.Ser302Asn,missense,Conflicting classifications of pathogenicity,0.9996,0.9936,0.0135,0,BENIGN,,-1,,-1,,,false,NO_VEP,"Structural-only assessment (LSSIM=0.994, global SSIM=1.000). VEP not available for this locus.",Pathogenic,ClinVar_Pathogenic,-1,POSITION
VCV003903546,87960998,.,.,c.906C>T,p.Ser302=,synonymous,Benign,0.9996,0.9935,0.0142,0,BENIGN,,-1,,-1,,,false,NO_VEP,"Structural-only assessment (LSSIM=0.994, global SSIM=1.000). VEP not available for this locus.",Benign,ClinVar_Benign,-1,POSITION
VCV000230633,87961000,.,.,c.908T>G,p.Ile303Ser,missense,Conflicting classifications of pathogenicity,0.9996,0.9929,0.015,0,BENIGN,,-1,,-1,,,false,NO_VEP,"Structural-only assessment (LSSIM=0.993, global SSIM=1.000). VEP not available for this locus.",Pathogenic,ClinVar_Pathogenic,-1,POSITION
VCV000237655,87961001,.,.,c.909T>A,p.Ile303=,synonymous,Benign/Likely benign,0.9997,0.9949,0.0129,0,BENIGN,,-1,,-1,,,false,NO_VEP,"Structural-only assessment (LSSIM=0.995, global SSIM=1.000). VEP not available for this locus.",Benign,ClinVar_Benign,-1,POSITION
VCV001700398,87961004,.,.,c.912C>A,p.Cys304Ter,nonsense,Pathogenic,0.9996,0.9935,0.0146,0,BENIGN,,-1,,-1,,,false,NO_VEP,"Structural-only assessment (LSSIM=0.993, global SSIM=1.000). VEP not available for this locus.",Pathogenic,ClinVar_Pathogenic,-1,POSITION
VCV001142042,87961004,.,.,c.912C>T,p.Cys304=,synonymous,Benign/Likely benign,0.9996,0.9935,0.0146,0,BENIGN,,-1,,-1,,,false,NO_VEP,"Structural-only assessment (LSSIM=0.993, global SSIM=1.000). VEP not available for this locus.",Benign,ClinVar_Benign,-1,POSITION
VCV000230819,87961005,.,.,c.913A>G,p.Ser305Gly,missense,Conflicting classifications of pathogenicity,0.9997,0.9941,0.0134,0,BENIGN,,-1,,-1,,,false,NO_VEP,"Structural-only assessment (LSSIM=0.994, global SSIM=1.000). VEP not available for this locus.",Pathogenic,ClinVar_Pathogenic,-1,POSITION
VCV003903535,87961007,.,.,c.915T>C,p.Ser305=,synonymous,Benign,0.9996,0.9938,0.0136,0,BENIGN,,-1,,-1,,,false,NO_VEP,"Structural-only assessment (LSSIM=0.994, global SSIM=1.000). VEP not available for this locus.",Benign,ClinVar_Benign,-1,POSITION
VCV000189423,87961011,.,.,c.919G>T,p.Glu307Ter,nonsense,Pathogenic,0.9997,0.9943,0.0133,0,BENIGN,,-1,,-1,,,false,NO_VEP,"Structural-only assessment (LSSIM=0.994, global SSIM=1.000). VEP not available for this locus.",Pathogenic,ClinVar_Pathogenic,-1,POSITION
VCV000185517,87961011,.,.,c.919G>C,p.Glu307Gln,missense,Conflicting classifications of pathogenicity,0.9997,0.9943,0.0133,0,BENIGN,,-1,,-1,,,false,NO_VEP,"Structural-only assessment (LSSIM=0.994, global SSIM=1.000). VEP not available for this locus.",Pathogenic,ClinVar_Pathogenic,-1,POSITION
VCV000926277,87961013,.,.,c.921G>A,p.Glu307=,synonymous,Benign/Likely benign,0.9996,0.9934,0.0148,0,BENIGN,,-1,,-1,,,false,NO_VEP,"Structural-only assessment (LSSIM=0.993, global SSIM=1.000). VEP not available for this locus.",Benign,ClinVar_Benign,-1,POSITION
VCV000420367,87961014,.,.,c.922C>T,p.Arg308Cys,missense,Conflicting classifications of pathogenicity,0.9997,0.9946,0.0129,0,BENIGN,,-1,,-1,,,false,NO_VEP,"Structural-only assessment (LSSIM=0.995, global SSIM=1.000). VEP not available for this locus.",Pathogenic,ClinVar_Pathogenic,-1,POSITION
VCV000184506,87961015,.,.,c.923G>A,p.Arg308His,missense,Conflicting classifications of pathogenicity,0.9996,0.9938,0.0141,0,BENIGN,,-1,,-1,,,false,NO_VEP,"Structural-only assessment (LSSIM=0.994, global SSIM=1.000). VEP not available for this locus.",Pathogenic,ClinVar_Pathogenic,-1,POSITION
VCV001766334,87961016,.,.,c.924T>G,p.Arg308=,synonymous,Likely benign,0.9996,0.9933,0.0143,0,BENIGN,,-1,,-1,,,false,NO_VEP,"Structural-only assessment (LSSIM=0.993, global SSIM=1.000). VEP not available for this locus.",Benign,ClinVar_Benign,-1,POSITION
VCV004723507,87961019,.,.,c.927A>C,p.Ala309=,synonymous,Likely benign,0.9996,0.9939,0.0137,0,BENIGN,,-1,,-1,,,false,NO_VEP,"Structural-only assessment (LSSIM=0.994, global SSIM=1.000). VEP not available for this locus.",Benign,ClinVar_Benign,-1,POSITION
VCV001766404,87961019,.,.,c.927A>G,p.Ala309=,synonymous,Benign/Likely benign,0.9996,0.9939,0.0137,0,BENIGN,,-1,,-1,,,false,NO_VEP,"Structural-only assessment (LSSIM=0.994, global SSIM=1.000). VEP not available for this locus.",Benign,ClinVar_Benign,-1,POSITION
VCV000566673,87961021,.,.,c.929A>G,p.Asp310Gly,missense,Pathogenic/Likely pathogenic,0.9996,0.9928,0.015,0,BENIGN,,-1,,-1,,,false,NO_VEP,"Structural-only assessment (LSSIM=0.993, global SSIM=1.000). VEP not available for this locus.",Pathogenic,ClinVar_Pathogenic,-1,POSITION
VCV001088177,87961025,.,.,c.933T>C,p.Asn311=,synonymous,Benign/Likely benign,0.9997,0.9944,0.0134,0,BENIGN,,-1,,-1,,,false,NO_VEP,"Structural-only assessment (LSSIM=0.994, global SSIM=1.000). VEP not available for this locus.",Benign,ClinVar_Benign,-1,POSITION
VCV000216423,87961027,.,.,c.935A>G,p.Asp312Gly,missense,Conflicting classifications of pathogenicity,0.9997,0.9953,0.0124,0,BENIGN,,-1,,-1,,,false,NO_VEP,"Structural-only assessment (LSSIM=0.995, global SSIM=1.000). VEP not available for this locus.",Pathogenic,ClinVar_Pathogenic,-1,POSITION
VCV004676953,87961028,.,.,c.936C>T,p.Asp312=,synonymous,Likely benign,0.9996,0.9937,0.0139,0,BENIGN,,-1,,-1,,,false,NO_VEP,"Structural-only assessment (LSSIM=0.994, global SSIM=1.000). VEP not available for this locus.",Benign,ClinVar_Benign,-1,POSITION
VCV000237657,87961031,.,.,c.939G>A,p.Lys313=,synonymous,Benign/Likely benign,0.9997,0.9943,0.0135,0,BENIGN,,-1,,-1,,,false,NO_VEP,"Structural-only assessment (LSSIM=0.994, global SSIM=1.000). VEP not available for this locus.",Benign,ClinVar_Benign,-1,POSITION
VCV000492350,87961032,.,.,c.940G>T,p.Glu314Ter,nonsense,Pathogenic,0.9996,0.9934,0.0144,0,BENIGN,,-1,,-1,,,false,NO_VEP,"Structural-only assessment (LSSIM=0.993, global SSIM=1.000). VEP not available for this locus.",Pathogenic,ClinVar_Pathogenic,-1,POSITION
VCV000452024,87961033,.,.,c.941A>C,p.Glu314Ala,missense,Conflicting classifications of pathogenicity,0.9997,0.9948,0.0128,0,BENIGN,,-1,,-1,,,false,NO_VEP,"Structural-only assessment (LSSIM=0.995, global SSIM=1.000). VEP not available for this locus.",Pathogenic,ClinVar_Pathogenic,-1,POSITION
VCV000823245,87961034,.,.,c.942A>G,p.Glu314=,synonymous,Benign/Likely benign,0.9997,0.9947,0.0137,0,BENIGN,,-1,,-1,,,false,NO_VEP,"Structural-only assessment (LSSIM=0.995, global SSIM=1.000). VEP not available for this locus.",Benign,ClinVar_Benign,-1,POSITION
VCV000404157,87961037,.,.,c.945T>G,p.Tyr315Ter,nonsense,Pathogenic,0.9997,0.9945,0.0133,0,BENIGN,,-1,,-1,,,false,NO_VEP,"Structural-only assessment (LSSIM=0.995, global SSIM=1.000). VEP not available for this locus.",Pathogenic,ClinVar_Pathogenic,-1,POSITION
VCV000234509,87961037,.,.,c.945T>A,p.Tyr315Ter,nonsense,Pathogenic,0.9997,0.9945,0.0133,0,BENIGN,,-1,,-1,,,false,NO_VEP,"Structural-only assessment (LSSIM=0.995, global SSIM=1.000). VEP not available for this locus.",Pathogenic,ClinVar_Pathogenic,-1,POSITION
VCV000918809,87961038,.,.,c.946C>T,p.Leu316=,synonymous,Benign/Likely benign,0.9997,0.9945,0.0129,0,BENIGN,,-1,,-1,,,false,NO_VEP,"Structural-only assessment (LSSIM=0.995, global SSIM=1.000). VEP not available for this locus.",Benign,ClinVar_Benign,-1,POSITION
VCV000418653,87961039,.,.,c.947T>C,p.Leu316Pro,missense,Likely pathogenic,0.9997,0.9942,0.0133,0,BENIGN,,-1,,-1,,,false,NO_VEP,"Structural-only assessment (LSSIM=0.994, global SSIM=1.000). VEP not available for this locus.",Pathogenic,ClinVar_Pathogenic,-1,POSITION
VCV000484628,87961040,.,.,c.948A>G,p.Leu316=,synonymous,Benign/Likely benign,0.9997,0.9941,0.0134,0,BENIGN,,-1,,-1,,,false,NO_VEP,"Structural-only assessment (LSSIM=0.994, global SSIM=1.000). VEP not available for this locus.",Benign,ClinVar_Benign,-1,POSITION
VCV003903886,87961043,.,.,c.951A>G,p.Val317=,synonymous,Benign,0.9997,0.9947,0.0129,0,BENIGN,,-1,,-1,,,false,NO_VEP,"Structural-only assessment (LSSIM=0.995, global SSIM=1.000). VEP not available for this locus.",Benign,ClinVar_Benign,-1,POSITION
VCV000232796,87961043,.,.,c.951A>C,p.Val317=,synonymous,Benign/Likely benign,0.9997,0.9947,0.0129,0,BENIGN,,-1,,-1,,,false,NO_VEP,"Structural-only assessment (LSSIM=0.995, global SSIM=1.000). VEP not available for this locus.",Benign,ClinVar_Benign,-1,POSITION
VCV003723710,87961046,.,.,c.954T>A,p.Leu318=,synonymous,Likely benign,0.9997,0.9948,0.0127,0,BENIGN,,-1,,-1,,,false,NO_VEP,"Structural-only assessment (LSSIM=0.995, global SSIM=1.000). VEP not available for this locus.",Benign,ClinVar_Benign,-1,POSITION
VCV001317087,87961048,.,.,c.956C>T,p.Thr319Ile,missense,Conflicting classifications of pathogenicity,0.9997,0.9944,0.0132,0,BENIGN,,-1,,-1,,,false,NO_VEP,"Structural-only assessment (LSSIM=0.994, global SSIM=1.000). VEP not available for this locus.",Pathogenic,ClinVar_Pathogenic,-1,POSITION
VCV001094776,87961049,.,.,c.957T>C,p.Thr319=,synonymous,Likely benign,0.9997,0.9954,0.0121,0,BENIGN,,-1,,-1,,,false,NO_VEP,"Structural-only assessment (LSSIM=0.995, global SSIM=1.000). VEP not available for this locus.",Benign,ClinVar_Benign,-1,POSITION
VCV001043063,87961051,.,.,c.959T>C,p.Leu320Ser,missense,Likely pathogenic,0.9997,0.9943,0.0136,0,BENIGN,,-1,,-1,,,false,NO_VEP,"Structural-only assessment (LSSIM=0.994, global SSIM=1.000). VEP not available for this locus.",Pathogenic,ClinVar_Pathogenic,-1,POSITION
VCV000575793,87961051,.,.,c.959T>A,p.Leu320Ter,nonsense,Pathogenic,0.9997,0.9943,0.0136,0,BENIGN,,-1,,-1,,,false,NO_VEP,"Structural-only assessment (LSSIM=0.994, global SSIM=1.000). VEP not available for this locus.",Pathogenic,ClinVar_Pathogenic,-1,POSITION
VCV000428253,87961051,.,.,c.959T>G,p.Leu320Ter,nonsense,Pathogenic,0.9997,0.9943,0.0136,0,BENIGN,,-1,,-1,,,false,NO_VEP,"Structural-only assessment (LSSIM=0.994, global SSIM=1.000). VEP not available for this locus.",Pathogenic,ClinVar_Pathogenic,-1,POSITION
VCV000255815,87961052,.,.,c.960A>G,p.Leu320=,synonymous,Benign,0.9997,0.9944,0.0136,0,BENIGN,,-1,,-1,,,false,NO_VEP,"Structural-only assessment (LSSIM=0.994, global SSIM=1.000). VEP not available for this locus.",Benign,ClinVar_Benign,-1,POSITION
VCV000185213,87961056,.,.,c.964A>T,p.Lys322Ter,nonsense,Likely pathogenic,0.9996,0.9927,0.0147,0,BENIGN,,-1,,-1,,,false,NO_VEP,"Structural-only assessment (LSSIM=0.993, global SSIM=1.000). VEP not available for this locus.",Pathogenic,ClinVar_Pathogenic,-1,POSITION
VCV000184304,87961058,.,.,c.966A>G,p.Lys322=,synonymous,Benign/Likely benign,0.9996,0.9936,0.0144,0,BENIGN,,-1,,-1,,,false,NO_VEP,"Structural-only assessment (LSSIM=0.994, global SSIM=1.000). VEP not available for this locus.",Benign,ClinVar_Benign,-1,POSITION
VCV004677068,87961061,.,.,c.969T>C,p.Asn323=,synonymous,Likely benign,0.9996,0.9937,0.0139,0,BENIGN,,-1,,-1,,,false,NO_VEP,"Structural-only assessment (LSSIM=0.994, global SSIM=1.000). VEP not available for this locus.",Benign,ClinVar_Benign,-1,POSITION
VCV003903751,87961064,.,.,c.972T>C,p.Asp324=,synonymous,Benign,0.9997,0.9943,0.0133,0,BENIGN,,-1,,-1,,,false,NO_VEP,"Structural-only assessment (LSSIM=0.994, global SSIM=1.000). VEP not available for this locus.",Benign,ClinVar_Benign,-1,POSITION
VCV000428251,87961066,.,.,c.974T>G,p.Leu325Arg,missense,Conflicting classifications of pathogenicity,0.9997,0.9948,0.013,0,BENIGN,,-1,,-1,,,false,NO_VEP,"Structural-only assessment (LSSIM=0.995, global SSIM=1.000). VEP not available for this locus.",Pathogenic,ClinVar_Pathogenic,-1,POSITION
VCV000428231,87961066,.,.,c.974T>C,p.Leu325Pro,missense,Conflicting classifications of pathogenicity,0.9997,0.9948,0.013,0,BENIGN,,-1,,-1,,,false,NO_VEP,"Structural-only assessment (LSSIM=0.995, global SSIM=1.000). VEP not available for this locus.",Pathogenic,ClinVar_Pathogenic,-1,POSITION
VCV001949070,87961067,.,.,c.975T>C,p.Leu325=,synonymous,Benign/Likely benign,0.9996,0.9939,0.0139,0,BENIGN,,-1,,-1,,,false,NO_VEP,"Structural-only assessment (LSSIM=0.994, global SSIM=1.000). VEP not available for this locus.",Benign,ClinVar_Benign,-1,POSITION
VCV002498032,87961068,.,.,c.976G>A,p.Asp326Asn,missense,Pathogenic,0.9996,0.9939,0.014,0,BENIGN,,-1,,-1,,,false,NO_VEP,"Structural-only assessment (LSSIM=0.994, global SSIM=1.000). VEP not available for this locus.",Pathogenic,ClinVar_Pathogenic,-1,POSITION
VCV000857109,87961069,.,.,c.977A>G,p.Asp326Gly,missense,Likely pathogenic,0.9997,0.9949,0.0125,0,BENIGN,,-1,,-1,,,false,NO_VEP,"Structural-only assessment (LSSIM=0.995, global SSIM=1.000). VEP not available for this locus.",Pathogenic,ClinVar_Pathogenic,-1,POSITION
VCV000412798,87961073,.,.,c.981A>G,p.Lys327=,synonymous,Benign/Likely benign,0.9997,0.9951,0.0126,0,BENIGN,,-1,,-1,,,false,NO_VEP,"Structural-only assessment (LSSIM=0.995, global SSIM=1.000). VEP not available for this locus.",Benign,ClinVar_Benign,-1,POSITION
VCV001768371,87961076,.,.,c.984A>C,p.Ala328=,synonymous,Likely benign,0.9996,0.9932,0.0143,0,BENIGN,,-1,,-1,,,false,NO_VEP,"Structural-only assessment (LSSIM=0.993, global SSIM=1.000). VEP not available for this locus.",Benign,ClinVar_Benign,-1,POSITION
VCV001120948,87961076,.,.,c.984A>G,p.Ala328=,synonymous,Likely benign,0.9996,0.9932,0.0143,0,BENIGN,,-1,,-1,,,false,NO_VEP,"Structural-only assessment (LSSIM=0.993, global SSIM=1.000). VEP not available for this locus.",Benign,ClinVar_Benign,-1,POSITION
VCV001528120,87961085,.,.,c.993C>T,p.Asp331=,synonymous,Likely benign,0.9997,0.9946,0.0129,0,BENIGN,,-1,,-1,,,false,NO_VEP,"Structural-only assessment (LSSIM=0.995, global SSIM=1.000). VEP not available for this locus.",Benign,ClinVar_Benign,-1,POSITION
VCV002452980,87961086,.,.,c.994A>T,p.Lys332Ter,nonsense,Pathogenic,0.9997,0.9948,0.0128,0,BENIGN,,-1,,-1,,,false,NO_VEP,"Structural-only assessment (LSSIM=0.995, global SSIM=1.000). VEP not available for this locus.",Pathogenic,ClinVar_Pathogenic,-1,POSITION
VCV001463027,87961091,.,.,c.999C>T,p.Ala333=,synonymous,Benign/Likely benign,0.9996,0.9941,0.0138,0,BENIGN,,-1,,-1,,,false,NO_VEP,"Structural-only assessment (LSSIM=0.994, global SSIM=1.000). VEP not available for this locus.",Benign,ClinVar_Benign,-1,POSITION
VCV000490110,87961093,.,.,c.1001A>G,p.Asn334Ser,missense,Conflicting classifications of pathogenicity,0.9997,0.9946,0.0135,0,BENIGN,,-1,,-1,,,false,NO_VEP,"Structural-only assessment (LSSIM=0.995, global SSIM=1.000). VEP not available for this locus.",Pathogenic,ClinVar_Pathogenic,-1,POSITION
VCV003700992,87961094,.,.,c.1002C>T,p.Asn334=,synonymous,Likely benign,0.9997,0.9953,0.0127,0,BENIGN,,-1,,-1,,,false,NO_VEP,"Structural-only assessment (LSSIM=0.995, global SSIM=1.000). VEP not available for this locus.",Benign,ClinVar_Benign,-1,POSITION
VCV000007833,87961095,.,.,c.1003C>T,p.Arg335Ter,nonsense,Pathogenic,0.9997,0.9948,0.013,0,BENIGN,,-1,,-1,,,false,NO_VEP,"Structural-only assessment (LSSIM=0.995, global SSIM=1.000). VEP not available for this locus.",Pathogenic,ClinVar_Pathogenic,-1,POSITION
VCV000762545,87961095,.,.,c.1003C>A,p.Arg335=,synonymous,Likely benign,0.9997,0.9948,0.013,0,BENIGN,,-1,,-1,,,false,NO_VEP,"Structural-only assessment (LSSIM=0.995, global SSIM=1.000). VEP not available for this locus.",Benign,ClinVar_Benign,-1,POSITION
VCV000480375,87961097,.,.,c.1005A>G,p.Arg335=,synonymous,Conflicting classifications of pathogenicity,0.9996,0.9931,0.0146,0,BENIGN,,-1,,-1,,,false,NO_VEP,"Structural-only assessment (LSSIM=0.993, global SSIM=1.000). VEP not available for this locus.",Pathogenic,ClinVar_Pathogenic,-1,POSITION
VCV000750929,87961097,.,.,c.1005A>T,p.Arg335=,synonymous,Benign/Likely benign,0.9996,0.9931,0.0146,0,BENIGN,,-1,,-1,,,false,NO_VEP,"Structural-only assessment (LSSIM=0.993, global SSIM=1.000). VEP not available for this locus.",Benign,ClinVar_Benign,-1,POSITION
VCV001790285,87961100,.,.,c.1008C>A,p.Tyr336Ter,nonsense,Pathogenic,0.9997,0.9941,0.0134,0,BENIGN,,-1,,-1,,,false,NO_VEP,"Structural-only assessment (LSSIM=0.994, global SSIM=1.000). VEP not available for this locus.",Pathogenic,ClinVar_Pathogenic,-1,POSITION
VCV000481172,87961100,.,.,c.1008C>G,p.Tyr336Ter,nonsense,Pathogenic,0.9997,0.9941,0.0134,0,BENIGN,,-1,,-1,,,false,NO_VEP,"Structural-only assessment (LSSIM=0.994, global SSIM=1.000). VEP not available for this locus.",Pathogenic,ClinVar_Pathogenic,-1,POSITION
VCV000184954,87961100,.,.,c.1008C>T,p.Tyr336=,synonymous,Benign/Likely benign,0.9997,0.9941,0.0134,0,BENIGN,,-1,,-1,,,false,NO_VEP,"Structural-only assessment (LSSIM=0.994, global SSIM=1.000). VEP not available for this locus.",Benign,ClinVar_Benign,-1,POSITION
VCV000232679,87961103,.,.,c.1011T>C,p.Phe337=,synonymous,Benign/Likely benign,0.9996,0.9933,0.0145,0,BENIGN,,-1,,-1,,,false,NO_VEP,"Structural-only assessment (LSSIM=0.993, global SSIM=1.000). VEP not available for this locus.",Benign,ClinVar_Benign,-1,POSITION
VCV001746704,87961109,.,.,c.1017A>C,p.Pro339=,synonymous,Likely benign,0.9996,0.9941,0.0139,0,BENIGN,,-1,,-1,,,false,NO_VEP,"Structural-only assessment (LSSIM=0.994, global SSIM=1.000). VEP not available for this locus.",Benign,ClinVar_Benign,-1,POSITION
VCV000482076,87961109,.,.,c.1017A>G,p.Pro339=,synonymous,Benign/Likely benign,0.9996,0.9941,0.0139,0,BENIGN,,-1,,-1,,,false,NO_VEP,"Structural-only assessment (LSSIM=0.994, global SSIM=1.000). VEP not available for this locus.",Benign,ClinVar_Benign,-1,POSITION
VCV000189510,87961110,.,.,c.1018A>C,p.Asn340His,missense,Conflicting classifications of pathogenicity,0.9996,0.9934,0.0145,0,BENIGN,,-1,,-1,,,false,NO_VEP,"Structural-only assessment (LSSIM=0.993, global SSIM=1.000). VEP not available for this locus.",Pathogenic,ClinVar_Pathogenic,-1,POSITION
VCV002673929,87961116,.,.,c.1024A>T,p.Lys342Ter,nonsense,Pathogenic,0.9997,0.994,0.0137,0,BENIGN,,-1,,-1,,,false,NO_VEP,"Structural-only assessment (LSSIM=0.994, global SSIM=1.000). VEP not available for this locus.",Pathogenic,ClinVar_Pathogenic,-1,POSITION
VCV001067478,87961118,.,.,c.1026G>T,p.Lys342Asn,missense,Likely pathogenic,0.9996,0.9935,0.0141,0,BENIGN,,-1,,-1,,,false,NO_VEP,"Structural-only assessment (LSSIM=0.994, global SSIM=1.000). VEP not available for this locus.",Pathogenic,ClinVar_Pathogenic,-1,POSITION
VCV000635377,87961119,.,.,c.1026+1G>T,,splice,Pathogenic/Likely pathogenic,0.9997,0.9939,0.014,0,BENIGN,,-1,,-1,,,false,NO_VEP,"Structural-only assessment (LSSIM=0.994, global SSIM=1.000). VEP not available for this locus.",Pathogenic,ClinVar_Pathogenic,-1,POSITION
VCV000189511,87961119,.,.,c.1026+1G>C,,splice,Pathogenic,0.9997,0.9939,0.014,0,BENIGN,,-1,,-1,,,false,NO_VEP,"Structural-only assessment (LSSIM=0.994, global SSIM=1.000). VEP not available for this locus.",Pathogenic,ClinVar_Pathogenic,-1,POSITION
VCV000183722,87961119,.,.,c.1026+1G>A,,splice,Pathogenic,0.9997,0.9939,0.014,0,BENIGN,,-1,,-1,,,false,NO_VEP,"Structural-only assessment (LSSIM=0.994, global SSIM=1.000). VEP not available for this locus.",Pathogenic,ClinVar_Pathogenic,-1,POSITION
VCV002673901,87961120,.,.,c.1026+2T>A,,splice,Likely pathogenic,0.9997,0.9945,0.0131,0,BENIGN,,-1,,-1,,,false,NO_VEP,"Structural-only assessment (LSSIM=0.995, global SSIM=1.000). VEP not available for this locus.",Pathogenic,ClinVar_Pathogenic,-1,POSITION
VCV002673893,87961120,.,.,c.1026+2T>C,,splice,Likely pathogenic,0.9997,0.9945,0.0131,0,BENIGN,,-1,,-1,,,false,NO_VEP,"Structural-only assessment (LSSIM=0.995, global SSIM=1.000). VEP not available for this locus.",Pathogenic,ClinVar_Pathogenic,-1,POSITION
VCV000428197,87961120,.,.,c.1026+2T>G,,splice,Pathogenic/Likely pathogenic,0.9997,0.9945,0.0131,0,BENIGN,,-1,,-1,,,false,NO_VEP,"Structural-only assessment (LSSIM=0.995, global SSIM=1.000). VEP not available for this locus.",Pathogenic,ClinVar_Pathogenic,-1,POSITION
VCV001460594,87961121,.,.,c.1026+3C>T,,intronic,Likely benign,0.9996,0.9936,0.0141,0,BENIGN,,-1,,-1,,,false,NO_VEP,"Structural-only assessment (LSSIM=0.994, global SSIM=1.000). VEP not available for this locus.",Benign,ClinVar_Benign,-1,POSITION
VCV000665362,87961124,.,.,c.1026+6T>A,,intronic,Conflicting classifications of pathogenicity,0.9996,0.9937,0.014,0,BENIGN,,-1,,-1,,,false,NO_VEP,"Structural-only assessment (LSSIM=0.994, global SSIM=1.000). VEP not available for this locus.",Pathogenic,ClinVar_Pathogenic,-1,POSITION
VCV000762169,87961125,.,.,c.1026+7T>A,,intronic,Likely benign,0.9997,0.9952,0.0125,0,BENIGN,,-1,,-1,,,false,NO_VEP,"Structural-only assessment (LSSIM=0.995, global SSIM=1.000). VEP not available for this locus.",Benign,ClinVar_Benign,-1,POSITION
VCV000468668,87961127,.,.,c.1026+9A>C,,intronic,Likely benign,0.9997,0.994,0.0137,0,BENIGN,,-1,,-1,,,false,NO_VEP,"Structural-only assessment (LSSIM=0.994, global SSIM=1.000). VEP not available for this locus.",Benign,ClinVar_Benign,-1,POSITION
VCV000468667,87961128,.,.,c.1026+10A>G,,intronic,Likely benign,0.9996,0.994,0.0141,0,BENIGN,,-1,,-1,,,false,NO_VEP,"Structural-only assessment (LSSIM=0.994, global SSIM=1.000). VEP not available for this locus.",Benign,ClinVar_Benign,-1,POSITION
VCV000492311,87961138,.,.,c.1026+20T>G,,intronic,Benign/Likely benign,0.9996,0.9939,0.0138,0,BENIGN,,-1,,-1,,,false,NO_VEP,"Structural-only assessment (LSSIM=0.994, global SSIM=1.000). VEP not available for this locus.",Benign,ClinVar_Benign,-1,POSITION
VCV002692154,87961146,.,.,c.1026+28G>C,,intronic,Likely benign,0.9997,0.9948,0.0128,0,BENIGN,,-1,,-1,,,false,NO_VEP,"Structural-only assessment (LSSIM=0.995, global SSIM=1.000). VEP not available for this locus.",Benign,ClinVar_Benign,-1,POSITION
VCV000092810,87961150,.,.,c.1026+32T>G,,intronic,Benign,0.9996,0.9936,0.0139,0,BENIGN,,-1,,-1,,,false,NO_VEP,"Structural-only assessment (LSSIM=0.994, global SSIM=1.000). VEP not available for this locus.",Benign,ClinVar_Benign,-1,POSITION
VCV004539269,87961151,.,.,c.1026+33T>G,,intronic,Likely benign,0.9997,0.9945,0.0136,0,BENIGN,,-1,,-1,,,false,NO_VEP,"Structural-only assessment (LSSIM=0.995, global SSIM=1.000). VEP not available for this locus.",Benign,ClinVar_Benign,-1,POSITION
VCV000223961,87961229,.,.,c.1026+111T>C,,intronic,Likely benign,0.9997,0.9941,0.0134,0,BENIGN,,-1,,-1,,,false,NO_VEP,"Structural-only assessment (LSSIM=0.994, global SSIM=1.000). VEP not available for this locus.",Benign,ClinVar_Benign,-1,POSITION
VCV000223970,87961239,.,.,c.1026+121C>T,,intronic,Benign/Likely benign,0.9997,0.995,0.0127,0,BENIGN,,-1,,-1,,,false,NO_VEP,"Structural-only assessment (LSSIM=0.995, global SSIM=1.000). VEP not available for this locus.",Benign,ClinVar_Benign,-1,POSITION
VCV001245322,87961337,.,.,c.1026+219C>T,,intronic,Benign,0.9997,0.9946,0.013,0,BENIGN,,-1,,-1,,,false,NO_VEP,"Structural-only assessment (LSSIM=0.995, global SSIM=1.000). VEP not available for this locus.",Benign,ClinVar_Benign,-1,POSITION
VCV002447222,87963435,.,.,c.1027-1852A>G,,intronic,Likely pathogenic,0.9997,0.9942,0.0134,0,BENIGN,,-1,,-1,,,false,NO_VEP,"Structural-only assessment (LSSIM=0.994, global SSIM=1.000). VEP not available for this locus.",Pathogenic,ClinVar_Pathogenic,-1,POSITION
VCV004539270,87965251,.,.,c.1027-36A>G,,intronic,Likely benign,0.9997,0.9943,0.0138,0,BENIGN,,-1,,-1,,,false,NO_VEP,"Structural-only assessment (LSSIM=0.994, global SSIM=1.000). VEP not available for this locus.",Benign,ClinVar_Benign,-1,POSITION
VCV001982967,87965268,.,.,c.1027-19T>C,,intronic,Likely benign,0.9997,0.9944,0.0137,0,BENIGN,,-1,,-1,,,false,NO_VEP,"Structural-only assessment (LSSIM=0.994, global SSIM=1.000). VEP not available for this locus.",Benign,ClinVar_Benign,-1,POSITION
VCV003903841,87965269,.,.,c.1027-18T>C,,intronic,Likely benign,0.9996,0.9941,0.0138,0,BENIGN,,-1,,-1,,,false,NO_VEP,"Structural-only assessment (LSSIM=0.994, global SSIM=1.000). VEP not available for this locus.",Benign,ClinVar_Benign,-1,POSITION
VCV003664891,87965269,.,.,c.1027-18T>A,,intronic,Likely benign,0.9996,0.9941,0.0138,0,BENIGN,,-1,,-1,,,false,NO_VEP,"Structural-only assessment (LSSIM=0.994, global SSIM=1.000). VEP not available for this locus.",Benign,ClinVar_Benign,-1,POSITION
VCV000378442,87965270,.,.,c.1027-17A>T,,intronic,Likely benign,0.9997,0.9945,0.0131,0,BENIGN,,-1,,-1,,,false,NO_VEP,"Structural-only assessment (LSSIM=0.995, global SSIM=1.000). VEP not available for this locus.",Benign,ClinVar_Benign,-1,POSITION
VCV003904307,87965272,.,.,c.1027-15A>T,,intronic,Likely benign,0.9997,0.9946,0.0136,0,BENIGN,,-1,,-1,,,false,NO_VEP,"Structural-only assessment (LSSIM=0.995, global SSIM=1.000). VEP not available for this locus.",Benign,ClinVar_Benign,-1,POSITION
VCV002779510,87965273,.,.,c.1027-14T>C,,intronic,Likely benign,0.9996,0.9935,0.0143,0,BENIGN,,-1,,-1,,,false,NO_VEP,"Structural-only assessment (LSSIM=0.994, global SSIM=1.000). VEP not available for this locus.",Benign,ClinVar_Benign,-1,POSITION
VCV004717081,87965275,.,.,c.1027-12T>C,,intronic,Likely benign,0.9997,0.9942,0.0138,0,BENIGN,,-1,,-1,,,false,NO_VEP,"Structural-only assessment (LSSIM=0.994, global SSIM=1.000). VEP not available for this locus.",Benign,ClinVar_Benign,-1,POSITION
VCV000383798,87965275,.,.,c.1027-12T>G,,intronic,Likely benign,0.9997,0.9942,0.0138,0,BENIGN,,-1,,-1,,,false,NO_VEP,"Structural-only assessment (LSSIM=0.994, global SSIM=1.000). VEP not available for this locus.",Benign,ClinVar_Benign,-1,POSITION
VCV004733965,87965277,.,.,c.1027-10C>G,,intronic,Likely benign,0.9996,0.9925,0.0152,0,BENIGN,,-1,,-1,,,false,NO_VEP,"Structural-only assessment (LSSIM=0.992, global SSIM=1.000). VEP not available for this locus.",Benign,ClinVar_Benign,-1,POSITION
VCV001093821,87965278,.,.,c.1027-9T>C,,intronic,Likely benign,0.9997,0.995,0.0129,0,BENIGN,,-1,,-1,,,false,NO_VEP,"Structural-only assessment (LSSIM=0.995, global SSIM=1.000). VEP not available for this locus.",Benign,ClinVar_Benign,-1,POSITION
VCV000928468,87965279,.,.,c.1027-8T>C,,intronic,Likely benign,0.9997,0.995,0.0128,0,BENIGN,,-1,,-1,,,false,NO_VEP,"Structural-only assessment (LSSIM=0.995, global SSIM=1.000). VEP not available for this locus.",Benign,ClinVar_Benign,-1,POSITION
VCV001117013,87965280,.,.,c.1027-7T>C,,intronic,Likely benign,0.9997,0.9945,0.0132,0,BENIGN,,-1,,-1,,,false,NO_VEP,"Structural-only assessment (LSSIM=0.995, global SSIM=1.000). VEP not available for this locus.",Benign,ClinVar_Benign,-1,POSITION
VCV000928375,87965281,.,.,c.1027-6C>A,,intronic,Conflicting classifications of pathogenicity,0.9996,0.9939,0.014,0,BENIGN,,-1,,-1,,,false,NO_VEP,"Structural-only assessment (LSSIM=0.994, global SSIM=1.000). VEP not available for this locus.",Pathogenic,ClinVar_Pathogenic,-1,POSITION
VCV000492312,87965281,.,.,c.1027-6C>T,,intronic,Likely benign,0.9996,0.9939,0.014,0,BENIGN,,-1,,-1,,,false,NO_VEP,"Structural-only assessment (LSSIM=0.994, global SSIM=1.000). VEP not available for this locus.",Benign,ClinVar_Benign,-1,POSITION
VCV003903985,87965283,.,.,c.1027-4C>T,,intronic,Likely benign,0.9996,0.9938,0.0139,0,BENIGN,,-1,,-1,,,false,NO_VEP,"Structural-only assessment (LSSIM=0.994, global SSIM=1.000). VEP not available for this locus.",Benign,ClinVar_Benign,-1,POSITION
VCV000635376,87965285,.,.,c.1027-2A>T,,splice,Pathogenic/Likely pathogenic,0.9996,0.994,0.014,0,BENIGN,,-1,,-1,,,false,NO_VEP,"Structural-only assessment (LSSIM=0.994, global SSIM=1.000). VEP not available for this locus.",Pathogenic,ClinVar_Pathogenic,-1,POSITION
VCV000427624,87965285,.,.,c.1027-2A>C,,splice,Pathogenic/Likely pathogenic,0.9996,0.994,0.014,0,BENIGN,,-1,,-1,,,false,NO_VEP,"Structural-only assessment (LSSIM=0.994, global SSIM=1.000). VEP not available for this locus.",Pathogenic,ClinVar_Pathogenic,-1,POSITION
VCV000427581,87965285,.,.,c.1027-2A>G,,splice,Pathogenic/Likely pathogenic,0.9996,0.994,0.014,0,BENIGN,,-1,,-1,,,false,NO_VEP,"Structural-only assessment (LSSIM=0.994, global SSIM=1.000). VEP not available for this locus.",Pathogenic,ClinVar_Pathogenic,-1,POSITION
VCV002673917,87965286,.,.,c.1027-1G>T,,splice,Likely pathogenic,0.9996,0.9938,0.0143,0,BENIGN,,-1,,-1,,,false,NO_VEP,"Structural-only assessment (LSSIM=0.994, global SSIM=1.000). VEP not available for this locus.",Pathogenic,ClinVar_Pathogenic,-1,POSITION
VCV000481153,87965286,.,.,c.1027-1G>C,,splice,Pathogenic/Likely pathogenic,0.9996,0.9938,0.0143,0,BENIGN,,-1,,-1,,,false,NO_VEP,"Structural-only assessment (LSSIM=0.994, global SSIM=1.000). VEP not available for this locus.",Pathogenic,ClinVar_Pathogenic,-1,POSITION
VCV000372482,87965286,.,.,c.1027-1G>A,,splice,Pathogenic,0.9996,0.9938,0.0143,0,BENIGN,,-1,,-1,,,false,NO_VEP,"Structural-only assessment (LSSIM=0.994, global SSIM=1.000). VEP not available for this locus.",Pathogenic,ClinVar_Pathogenic,-1,POSITION
VCV000492313,87965289,.,.,c.1029G>A,p.Val343=,synonymous,Benign/Likely benign,0.9997,0.9949,0.0127,0,BENIGN,,-1,,-1,,,false,NO_VEP,"Structural-only assessment (LSSIM=0.995, global SSIM=1.000). VEP not available for this locus.",Benign,ClinVar_Benign,-1,POSITION
VCV001770991,87965290,.,.,c.1030A>T,p.Lys344Ter,nonsense,Pathogenic,0.9997,0.9954,0.0123,0,BENIGN,,-1,,-1,,,false,NO_VEP,"Structural-only assessment (LSSIM=0.995, global SSIM=1.000). VEP not available for this locus.",Pathogenic,ClinVar_Pathogenic,-1,POSITION
VCV003660164,87965292,.,.,c.1032G>A,p.Lys344=,synonymous,Benign/Likely benign,0.9997,0.9944,0.0135,0,BENIGN,,-1,,-1,,,false,NO_VEP,"Structural-only assessment (LSSIM=0.994, global SSIM=1.000). VEP not available for this locus.",Benign,ClinVar_Benign,-1,POSITION
VCV000802613,87965294,.,.,c.1034T>G,p.Leu345Arg,missense,Conflicting classifications of pathogenicity,0.9997,0.9948,0.0134,0,BENIGN,,-1,,-1,,,false,NO_VEP,"Structural-only assessment (LSSIM=0.995, global SSIM=1.000). VEP not available for this locus.",Pathogenic,ClinVar_Pathogenic,-1,POSITION
VCV000484605,87965294,.,.,c.1034T>C,p.Leu345Pro,missense,Pathogenic,0.9997,0.9948,0.0134,0,BENIGN,,-1,,-1,,,false,NO_VEP,"Structural-only assessment (LSSIM=0.995, global SSIM=1.000). VEP not available for this locus.",Pathogenic,ClinVar_Pathogenic,-1,POSITION
VCV000628239,87965295,.,.,c.1035G>A,p.Leu345=,synonymous,Benign/Likely benign,0.9997,0.9943,0.0139,0,BENIGN,,-1,,-1,,,false,NO_VEP,"Structural-only assessment (LSSIM=0.994, global SSIM=1.000). VEP not available for this locus.",Benign,ClinVar_Benign,-1,POSITION
VCV003729632,87965298,.,.,c.1038C>G,p.Tyr346Ter,nonsense,Conflicting classifications of pathogenicity,0.9997,0.9941,0.0139,0,BENIGN,,-1,,-1,,,false,NO_VEP,"Structural-only assessment (LSSIM=0.994, global SSIM=1.000). VEP not available for this locus.",Pathogenic,ClinVar_Pathogenic,-1,POSITION
VCV001107976,87965298,.,.,c.1038C>T,p.Tyr346=,synonymous,Likely benign,0.9997,0.9941,0.0139,0,BENIGN,,-1,,-1,,,false,NO_VEP,"Structural-only assessment (LSSIM=0.994, global SSIM=1.000). VEP not available for this locus.",Benign,ClinVar_Benign,-1,POSITION
VCV000536565,87965301,.,.,c.1041C>T,p.Phe347=,synonymous,Benign/Likely benign,0.9997,0.9948,0.0128,0,BENIGN,,-1,,-1,,,false,NO_VEP,"Structural-only assessment (LSSIM=0.995, global SSIM=1.000). VEP not available for this locus.",Benign,ClinVar_Benign,-1,POSITION
VCV001085522,87965304,.,.,c.1044A>G,p.Thr348=,synonymous,Benign/Likely benign,0.9996,0.9934,0.0147,0,BENIGN,,-1,,-1,,,false,NO_VEP,"Structural-only assessment (LSSIM=0.993, global SSIM=1.000). VEP not available for this locus.",Benign,ClinVar_Benign,-1,POSITION
VCV000922502,87965307,.,.,c.1047A>G,p.Lys349=,synonymous,Likely benign,0.9997,0.9952,0.0125,0,BENIGN,,-1,,-1,,,false,NO_VEP,"Structural-only assessment (LSSIM=0.995, global SSIM=1.000). VEP not available for this locus.",Benign,ClinVar_Benign,-1,POSITION
VCV000412806,87965310,.,.,c.1050A>G,p.Thr350=,synonymous,Benign/Likely benign,0.9997,0.9948,0.013,0,BENIGN,,-1,,-1,,,false,NO_VEP,"Structural-only assessment (LSSIM=0.995, global SSIM=1.000). VEP not available for this locus.",Benign,ClinVar_Benign,-1,POSITION
VCV003387547,87965313,.,.,c.1053A>G,p.Val351=,synonymous,Likely benign,0.9997,0.9952,0.0127,0,BENIGN,,-1,,-1,,,false,NO_VEP,"Structural-only assessment (LSSIM=0.995, global SSIM=1.000). VEP not available for this locus.",Benign,ClinVar_Benign,-1,POSITION
VCV003387548,87965319,.,.,c.1059G>A,p.Glu353=,synonymous,Likely benign,0.9997,0.9943,0.0139,0,BENIGN,,-1,,-1,,,false,NO_VEP,"Structural-only assessment (LSSIM=0.994, global SSIM=1.000). VEP not available for this locus.",Benign,ClinVar_Benign,-1,POSITION
VCV004146996,87965320,.,.,c.1060C>T,p.Pro354Ser,missense,Likely benign,0.9997,0.9941,0.0134,0,BENIGN,,-1,,-1,,,false,NO_VEP,"Structural-only assessment (LSSIM=0.994, global SSIM=1.000). VEP not available for this locus.",Benign,ClinVar_Benign,-1,POSITION
VCV001780374,87965321,.,.,c.1061C>G,p.Pro354Arg,missense,Conflicting classifications of pathogenicity,0.9997,0.9949,0.0131,0,BENIGN,,-1,,-1,,,false,NO_VEP,"Structural-only assessment (LSSIM=0.995, global SSIM=1.000). VEP not available for this locus.",Pathogenic,ClinVar_Pathogenic,-1,POSITION
VCV000143020,87965321,.,.,c.1061C>A,p.Pro354Gln,missense,Likely benign,0.9997,0.9949,0.0131,0,BENIGN,,-1,,-1,,,false,NO_VEP,"Structural-only assessment (LSSIM=0.995, global SSIM=1.000). VEP not available for this locus.",Benign,ClinVar_Benign,-1,POSITION
VCV003427452,87965322,.,.,c.1062G>T,p.Pro354=,synonymous,Likely benign,0.9996,0.993,0.0151,0,BENIGN,,-1,,-1,,,false,NO_VEP,"Structural-only assessment (LSSIM=0.993, global SSIM=1.000). VEP not available for this locus.",Benign,ClinVar_Benign,-1,POSITION
VCV003311262,87965322,.,.,c.1062G>C,p.Pro354=,synonymous,Likely benign,0.9996,0.993,0.0151,0,BENIGN,,-1,,-1,,,false,NO_VEP,"Structural-only assessment (LSSIM=0.993, global SSIM=1.000). VEP not available for this locus.",Benign,ClinVar_Benign,-1,POSITION
VCV000186178,87965322,.,.,c.1062G>A,p.Pro354=,synonymous,Conflicting classifications of pathogenicity,0.9996,0.993,0.0151,0,BENIGN,,-1,,-1,,,false,NO_VEP,"Structural-only assessment (LSSIM=0.993, global SSIM=1.000). VEP not available for this locus.",Pathogenic,ClinVar_Pathogenic,-1,POSITION
VCV000142263,87965326,.,.,c.1066A>G,p.Asn356Asp,missense,Conflicting classifications of pathogenicity,0.9997,0.9953,0.0125,0,BENIGN,,-1,,-1,,,false,NO_VEP,"Structural-only assessment (LSSIM=0.995, global SSIM=1.000). VEP not available for this locus.",Pathogenic,ClinVar_Pathogenic,-1,POSITION
VCV000234861,87965329,.,.,c.1069C>A,p.Pro357Thr,missense,Conflicting classifications of pathogenicity,0.9997,0.9941,0.0138,0,BENIGN,,-1,,-1,,,false,NO_VEP,"Structural-only assessment (LSSIM=0.994, global SSIM=1.000). VEP not available for this locus.",Pathogenic,ClinVar_Pathogenic,-1,POSITION
VCV002059435,87965331,.,.,c.1071A>G,p.Pro357=,synonymous,Benign/Likely benign,0.9997,0.9945,0.0134,0,BENIGN,,-1,,-1,,,false,NO_VEP,"Structural-only assessment (LSSIM=0.995, global SSIM=1.000). VEP not available for this locus.",Benign,ClinVar_Benign,-1,POSITION
VCV000231962,87965334,.,.,c.1074G>C,p.Glu358Asp,missense,Conflicting classifications of pathogenicity,0.9996,0.9933,0.0146,0,BENIGN,,-1,,-1,,,false,NO_VEP,"Structural-only assessment (LSSIM=0.993, global SSIM=1.000). VEP not available for this locus.",Pathogenic,ClinVar_Pathogenic,-1,POSITION
VCV000927527,87965334,.,.,c.1074G>A,p.Glu358=,synonymous,Conflicting classifications of pathogenicity,0.9996,0.9933,0.0146,0,BENIGN,,-1,,-1,,,false,NO_VEP,"Structural-only assessment (LSSIM=0.993, global SSIM=1.000). VEP not available for this locus.",Pathogenic,ClinVar_Pathogenic,-1,POSITION
VCV000140777,87965338,.,.,c.1078A>G,p.Ser360Gly,missense,Likely benign,0.9996,0.9931,0.0149,0,BENIGN,,-1,,-1,,,false,NO_VEP,"Structural-only assessment (LSSIM=0.993, global SSIM=1.000). VEP not available for this locus.",Benign,ClinVar_Benign,-1,POSITION
VCV000492314,87965341,.,.,c.1081A>C,p.Ser361Arg,missense,Conflicting classifications of pathogenicity,0.9996,0.9939,0.014,0,BENIGN,,-1,,-1,,,false,NO_VEP,"Structural-only assessment (LSSIM=0.994, global SSIM=1.000). VEP not available for this locus.",Pathogenic,ClinVar_Pathogenic,-1,POSITION
VCV003940100,87965346,.,.,c.1086A>C,p.Ser362=,synonymous,Likely benign,0.9996,0.9939,0.014,0,BENIGN,,-1,,-1,,,false,NO_VEP,"Structural-only assessment (LSSIM=0.994, global SSIM=1.000). VEP not available for this locus.",Benign,ClinVar_Benign,-1,POSITION
VCV000822093,87965346,.,.,c.1086A>G,p.Ser362=,synonymous,Benign/Likely benign,0.9996,0.9939,0.014,0,BENIGN,,-1,,-1,,,false,NO_VEP,"Structural-only assessment (LSSIM=0.994, global SSIM=1.000). VEP not available for this locus.",Benign,ClinVar_Benign,-1,POSITION
VCV000484607,87965347,.,.,c.1087A>G,p.Thr363Ala,missense,Conflicting classifications of pathogenicity,0.9996,0.9938,0.014,0,BENIGN,,-1,,-1,,,false,NO_VEP,"Structural-only assessment (LSSIM=0.994, global SSIM=1.000). VEP not available for this locus.",Pathogenic,ClinVar_Pathogenic,-1,POSITION
VCV000818353,87965348,.,.,c.1088C>T,p.Thr363Ile,missense,Conflicting classifications of pathogenicity,0.9997,0.9952,0.0125,0,BENIGN,,-1,,-1,,,false,NO_VEP,"Structural-only assessment (LSSIM=0.995, global SSIM=1.000). VEP not available for this locus.",Pathogenic,ClinVar_Pathogenic,-1,POSITION
VCV000220902,87965349,.,.,c.1089T>C,p.Thr363=,synonymous,Benign/Likely benign,0.9996,0.9938,0.0139,0,BENIGN,,-1,,-1,,,false,NO_VEP,"Structural-only assessment (LSSIM=0.994, global SSIM=1.000). VEP not available for this locus.",Benign,ClinVar_Benign,-1,POSITION
VCV001022675,87965350,.,.,c.1090T>C,p.Ser364Pro,missense,Conflicting classifications of pathogenicity,0.9997,0.9943,0.0136,0,BENIGN,,-1,,-1,,,false,NO_VEP,"Structural-only assessment (LSSIM=0.994, global SSIM=1.000). VEP not available for this locus.",Pathogenic,ClinVar_Pathogenic,-1,POSITION
VCV000857491,87965351,.,.,c.1091C>G,p.Ser364Cys,missense,Conflicting classifications of pathogenicity,0.9996,0.9931,0.0149,0,BENIGN,,-1,,-1,,,false,NO_VEP,"Structural-only assessment (LSSIM=0.993, global SSIM=1.000). VEP not available for this locus.",Pathogenic,ClinVar_Pathogenic,-1,POSITION
VCV000536570,87965352,.,.,c.1092T>G,p.Ser364=,synonymous,Conflicting classifications of pathogenicity,0.9997,0.9944,0.0134,0,BENIGN,,-1,,-1,,,false,NO_VEP,"Structural-only assessment (LSSIM=0.994, global SSIM=1.000). VEP not available for this locus.",Pathogenic,ClinVar_Pathogenic,-1,POSITION
VCV000486224,87965352,.,.,c.1092T>C,p.Ser364=,synonymous,Benign/Likely benign,0.9997,0.9944,0.0134,0,BENIGN,,-1,,-1,,,false,NO_VEP,"Structural-only assessment (LSSIM=0.994, global SSIM=1.000). VEP not available for this locus.",Benign,ClinVar_Benign,-1,POSITION
VCV000822154,87965355,.,.,c.1095A>G,p.Val365=,synonymous,Benign/Likely benign,0.9997,0.9953,0.0124,0,BENIGN,,-1,,-1,,,false,NO_VEP,"Structural-only assessment (LSSIM=0.995, global SSIM=1.000). VEP not available for this locus.",Benign,ClinVar_Benign,-1,POSITION
VCV000492315,87965358,.,.,c.1098A>C,p.Thr366=,synonymous,Conflicting classifications of pathogenicity,0.9996,0.9939,0.0141,0,BENIGN,,-1,,-1,,,false,NO_VEP,"Structural-only assessment (LSSIM=0.994, global SSIM=1.000). VEP not available for this locus.",Pathogenic,ClinVar_Pathogenic,-1,POSITION
VCV001791167,87965358,.,.,c.1098A>G,p.Thr366=,synonymous,Likely benign,0.9996,0.9939,0.0141,0,BENIGN,,-1,,-1,,,false,NO_VEP,"Structural-only assessment (LSSIM=0.994, global SSIM=1.000). VEP not available for this locus.",Benign,ClinVar_Benign,-1,POSITION
VCV001792412,87965361,.,.,c.1101A>C,p.Pro367=,synonymous,Likely benign,0.9997,0.9944,0.0136,0,BENIGN,,-1,,-1,,,false,NO_VEP,"Structural-only assessment (LSSIM=0.994, global SSIM=1.000). VEP not available for this locus.",Benign,ClinVar_Benign,-1,POSITION
VCV001114109,87965361,.,.,c.1101A>G,p.Pro367=,synonymous,Likely benign,0.9997,0.9944,0.0136,0,BENIGN,,-1,,-1,,,false,NO_VEP,"Structural-only assessment (LSSIM=0.994, global SSIM=1.000). VEP not available for this locus.",Benign,ClinVar_Benign,-1,POSITION
VCV000138835,87965364,.,.,c.1104T>C,p.Asp368=,synonymous,Likely benign,0.9997,0.995,0.0127,0,BENIGN,,-1,,-1,,,false,NO_VEP,"Structural-only assessment (LSSIM=0.995, global SSIM=1.000). VEP not available for this locus.",Benign,ClinVar_Benign,-1,POSITION
VCV000468669,87965367,.,.,c.1107T>C,p.Val369=,synonymous,Conflicting classifications of pathogenicity,0.9997,0.9944,0.0134,0,BENIGN,,-1,,-1,,,false,NO_VEP,"Structural-only assessment (LSSIM=0.994, global SSIM=1.000). VEP not available for this locus.",Pathogenic,ClinVar_Pathogenic,-1,POSITION
VCV000468670,87965375,.,.,c.1115A>G,p.Asn372Ser,missense,Conflicting classifications of pathogenicity,0.9997,0.9954,0.0123,0,BENIGN,,-1,,-1,,,false,NO_VEP,"Structural-only assessment (LSSIM=0.995, global SSIM=1.000). VEP not available for this locus.",Pathogenic,ClinVar_Pathogenic,-1,POSITION
VCV000412809,87965376,.,.,c.1116T>C,p.Asn372=,synonymous,Likely benign,0.9997,0.994,0.0136,0,BENIGN,,-1,,-1,,,false,NO_VEP,"Structural-only assessment (LSSIM=0.994, global SSIM=1.000). VEP not available for this locus.",Benign,ClinVar_Benign,-1,POSITION
VCV001796964,87965379,.,.,c.1119A>G,p.Glu373=,synonymous,Likely benign,0.9997,0.9946,0.013,0,BENIGN,,-1,,-1,,,false,NO_VEP,"Structural-only assessment (LSSIM=0.995, global SSIM=1.000). VEP not available for this locus.",Benign,ClinVar_Benign,-1,POSITION
VCV000392623,87965385,.,.,c.1125T>C,p.Asp375=,synonymous,Benign/Likely benign,0.9997,0.9941,0.0135,0,BENIGN,,-1,,-1,,,false,NO_VEP,"Structural-only assessment (LSSIM=0.994, global SSIM=1.000). VEP not available for this locus.",Benign,ClinVar_Benign,-1,POSITION
VCV000186450,87965390,.,.,c.1130A>T,p.Tyr377Phe,missense,Conflicting classifications of pathogenicity,0.9997,0.9941,0.0137,0,BENIGN,,-1,,-1,,,false,NO_VEP,"Structural-only assessment (LSSIM=0.994, global SSIM=1.000). VEP not available for this locus.",Pathogenic,ClinVar_Pathogenic,-1,POSITION
VCV000480385,87965391,.,.,c.1131T>C,p.Tyr377=,synonymous,Benign/Likely benign,0.9997,0.9948,0.0131,0,BENIGN,,-1,,-1,,,false,NO_VEP,"Structural-only assessment (LSSIM=0.995, global SSIM=1.000). VEP not available for this locus.",Benign,ClinVar_Benign,-1,POSITION
VCV000492316,87965394,.,.,c.1134A>G,p.Arg378=,synonymous,Likely benign,0.9997,0.9942,0.0141,0,BENIGN,,-1,,-1,,,false,NO_VEP,"Structural-only assessment (LSSIM=0.994, global SSIM=1.000). VEP not available for this locus.",Benign,ClinVar_Benign,-1,POSITION
VCV000818395,87965397,.,.,c.1137T>G,p.Tyr379Ter,nonsense,Likely pathogenic,0.9996,0.9937,0.0139,0,BENIGN,,-1,,-1,,,false,NO_VEP,"Structural-only assessment (LSSIM=0.994, global SSIM=1.000). VEP not available for this locus.",Pathogenic,ClinVar_Pathogenic,-1,POSITION
VCV000492317,87965397,.,.,c.1137T>C,p.Tyr379=,synonymous,Benign/Likely benign,0.9996,0.9937,0.0139,0,BENIGN,,-1,,-1,,,false,NO_VEP,"Structural-only assessment (LSSIM=0.994, global SSIM=1.000). VEP not available for this locus.",Benign,ClinVar_Benign,-1,POSITION
VCV003903878,87965400,.,.,c.1140T>C,p.Ser380=,synonymous,Benign,0.9997,0.9947,0.0134,0,BENIGN,,-1,,-1,,,false,NO_VEP,"Structural-only assessment (LSSIM=0.995, global SSIM=1.000). VEP not available for this locus.",Benign,ClinVar_Benign,-1,POSITION
VCV001118243,87965403,.,.,c.1143C>T,p.Asp381=,synonymous,Benign/Likely benign,0.9996,0.994,0.0139,0,BENIGN,,-1,,-1,,,false,NO_VEP,"Structural-only assessment (LSSIM=0.994, global SSIM=1.000). VEP not available for this locus.",Benign,ClinVar_Benign,-1,POSITION
VCV003784754,87965409,.,.,c.1149T>A,p.Thr383=,synonymous,Likely benign,0.9996,0.9932,0.0146,0,BENIGN,,-1,,-1,,,false,NO_VEP,"Structural-only assessment (LSSIM=0.993, global SSIM=1.000). VEP not available for this locus.",Benign,ClinVar_Benign,-1,POSITION
VCV001670585,87965412,.,.,c.1152C>T,p.Asp384=,synonymous,Benign/Likely benign,0.9997,0.9945,0.0137,0,BENIGN,,-1,,-1,,,false,NO_VEP,"Structural-only assessment (LSSIM=0.995, global SSIM=1.000). VEP not available for this locus.",Benign,ClinVar_Benign,-1,POSITION
VCV001087392,87965415,.,.,c.1155T>C,p.Ser385=,synonymous,Benign/Likely benign,0.9997,0.9948,0.0129,0,BENIGN,,-1,,-1,,,false,NO_VEP,"Structural-only assessment (LSSIM=0.995, global SSIM=1.000). VEP not available for this locus.",Benign,ClinVar_Benign,-1,POSITION
VCV001736760,87965421,.,.,c.1161A>C,p.Pro387=,synonymous,Benign/Likely benign,0.9997,0.9941,0.0137,0,BENIGN,,-1,,-1,,,false,NO_VEP,"Structural-only assessment (LSSIM=0.994, global SSIM=1.000). VEP not available for this locus.",Benign,ClinVar_Benign,-1,POSITION
VCV000391121,87965421,.,.,c.1161A>G,p.Pro387=,synonymous,Conflicting classifications of pathogenicity,0.9997,0.9941,0.0137,0,BENIGN,,-1,,-1,,,false,NO_VEP,"Structural-only assessment (LSSIM=0.994, global SSIM=1.000). VEP not available for this locus.",Pathogenic,ClinVar_Pathogenic,-1,POSITION
VCV001066560,87965428,.,.,c.1168G>T,p.Glu390Ter,nonsense,Conflicting classifications of pathogenicity,0.9996,0.9929,0.015,0,BENIGN,,-1,,-1,,,false,NO_VEP,"Structural-only assessment (LSSIM=0.993, global SSIM=1.000). VEP not available for this locus.",Pathogenic,ClinVar_Pathogenic,-1,POSITION
VCV000391233,87965430,.,.,c.1170A>G,p.Glu390=,synonymous,Benign/Likely benign,0.9996,0.994,0.0141,0,BENIGN,,-1,,-1,,,false,NO_VEP,"Structural-only assessment (LSSIM=0.994, global SSIM=1.000). VEP not available for this locus.",Benign,ClinVar_Benign,-1,POSITION
VCV000490112,87965432,.,.,c.1172C>T,p.Pro391Leu,missense,Conflicting classifications of pathogenicity,0.9997,0.995,0.013,0,BENIGN,,-1,,-1,,,false,NO_VEP,"Structural-only assessment (LSSIM=0.995, global SSIM=1.000). VEP not available for this locus.",Pathogenic,ClinVar_Pathogenic,-1,POSITION
VCV002029226,87965433,.,.,c.1173T>C,p.Pro391=,synonymous,Benign/Likely benign,0.9996,0.9935,0.0145,0,BENIGN,,-1,,-1,,,false,NO_VEP,"Structural-only assessment (LSSIM=0.994, global SSIM=1.000). VEP not available for this locus.",Benign,ClinVar_Benign,-1,POSITION
VCV000484612,87965433,.,.,c.1173T>G,p.Pro391=,synonymous,Benign/Likely benign,0.9996,0.9935,0.0145,0,BENIGN,,-1,,-1,,,false,NO_VEP,"Structural-only assessment (LSSIM=0.994, global SSIM=1.000). VEP not available for this locus.",Benign,ClinVar_Benign,-1,POSITION
VCV003903690,87965442,.,.,c.1182A>G,p.Glu394=,synonymous,Benign,0.9997,0.9941,0.0139,0,BENIGN,,-1,,-1,,,false,NO_VEP,"Structural-only assessment (LSSIM=0.994, global SSIM=1.000). VEP not available for this locus.",Benign,ClinVar_Benign,-1,POSITION
VCV003727242,87965445,.,.,c.1185T>C,p.Asp395=,synonymous,Benign/Likely benign,0.9996,0.9937,0.0139,0,BENIGN,,-1,,-1,,,false,NO_VEP,"Structural-only assessment (LSSIM=0.994, global SSIM=1.000). VEP not available for this locus.",Benign,ClinVar_Benign,-1,POSITION
VCV000185293,87965448,.,.,c.1188G>A,p.Gln396=,synonymous,Benign/Likely benign,0.9997,0.9943,0.0133,0,BENIGN,,-1,,-1,,,false,NO_VEP,"Structural-only assessment (LSSIM=0.994, global SSIM=1.000). VEP not available for this locus.",Benign,ClinVar_Benign,-1,POSITION
VCV003427417,87965451,.,.,c.1191T>C,p.His397=,synonymous,Likely benign,0.9996,0.9936,0.0144,0,BENIGN,,-1,,-1,,,false,NO_VEP,"Structural-only assessment (LSSIM=0.994, global SSIM=1.000). VEP not available for this locus.",Benign,ClinVar_Benign,-1,POSITION
VCV003903969,87965454,.,.,c.1194A>G,p.Thr398=,synonymous,Benign,0.9996,0.9933,0.0146,0,BENIGN,,-1,,-1,,,false,NO_VEP,"Structural-only assessment (LSSIM=0.993, global SSIM=1.000). VEP not available for this locus.",Benign,ClinVar_Benign,-1,POSITION
VCV000185739,87965457,.,.,c.1197A>G,p.Gln399=,synonymous,Benign/Likely benign,0.9997,0.9951,0.0127,0,BENIGN,,-1,,-1,,,false,NO_VEP,"Structural-only assessment (LSSIM=0.995, global SSIM=1.000). VEP not available for this locus.",Benign,ClinVar_Benign,-1,POSITION
VCV001747507,87965460,.,.,c.1200T>A,p.Ile400=,synonymous,Likely benign,0.9996,0.9931,0.0147,0,BENIGN,,-1,,-1,,,false,NO_VEP,"Structural-only assessment (LSSIM=0.993, global SSIM=1.000). VEP not available for this locus.",Benign,ClinVar_Benign,-1,POSITION
VCV000231341,87965463,.,.,c.1203A>G,p.Thr401=,synonymous,Benign/Likely benign,0.9997,0.9943,0.0136,0,BENIGN,,-1,,-1,,,false,NO_VEP,"Structural-only assessment (LSSIM=0.994, global SSIM=1.000). VEP not available for this locus.",Benign,ClinVar_Benign,-1,POSITION
VCV000422815,87965466,.,.,c.1206A>C,p.Lys402Asn,missense,Conflicting classifications of pathogenicity,0.9997,0.9946,0.0133,0,BENIGN,,-1,,-1,,,false,NO_VEP,"Structural-only assessment (LSSIM=0.995, global SSIM=1.000). VEP not available for this locus.",Pathogenic,ClinVar_Pathogenic,-1,POSITION
VCV003903756,87965466,.,.,c.1206A>G,p.Lys402=,synonymous,Benign,0.9997,0.9946,0.0133,0,BENIGN,,-1,,-1,,,false,NO_VEP,"Structural-only assessment (LSSIM=0.995, global SSIM=1.000). VEP not available for this locus.",Benign,ClinVar_Benign,-1,POSITION
VCV001097596,87965469,.,.,c.1209C>G,p.Val403=,synonymous,Likely benign,0.9997,0.9946,0.0131,0,BENIGN,,-1,,-1,,,false,NO_VEP,"Structural-only assessment (LSSIM=0.995, global SSIM=1.000). VEP not available for this locus.",Benign,ClinVar_Benign,-1,POSITION
VCV000927719,87965469,.,.,c.1209C>T,p.Val403=,synonymous,Likely benign,0.9997,0.9946,0.0131,0,BENIGN,,-1,,-1,,,false,NO_VEP,"Structural-only assessment (LSSIM=0.995, global SSIM=1.000). VEP not available for this locus.",Benign,ClinVar_Benign,-1,POSITION
VCV001750526,87965471,.,.,c.1211G>C,p.Ter404Ser,nonsense,Likely pathogenic,0.9997,0.9942,0.0135,0,BENIGN,,-1,,-1,,,false,NO_VEP,"Structural-only assessment (LSSIM=0.994, global SSIM=1.000). VEP not available for this locus.",Pathogenic,ClinVar_Pathogenic,-1,POSITION
VCV000449272,87965472,.,.,c.1212A>G,p.Ter404Trp,nonsense,Likely pathogenic,0.9997,0.9941,0.0137,0,BENIGN,,-1,,-1,,,false,NO_VEP,"Structural-only assessment (LSSIM=0.994, global SSIM=1.000). VEP not available for this locus.",Pathogenic,ClinVar_Pathogenic,-1,POSITION
VCV000428265,87965472,.,.,c.1212A>C,p.Ter404Cys,nonsense,Likely pathogenic,0.9997,0.9941,0.0137,0,BENIGN,,-1,,-1,,,false,NO_VEP,"Structural-only assessment (LSSIM=0.994, global SSIM=1.000). VEP not available for this locus.",Pathogenic,ClinVar_Pathogenic,-1,POSITION
VCV000234144,87965472,.,.,c.1212A>T,p.Ter404Cys,nonsense,Pathogenic,0.9997,0.9941,0.0137,0,BENIGN,,-1,,-1,,,false,NO_VEP,"Structural-only assessment (LSSIM=0.994, global SSIM=1.000). VEP not available for this locus.",Pathogenic,ClinVar_Pathogenic,-1,POSITION
VCV003904433,87965473,.,.,c.*1A>G,,other,Benign,0.9996,0.9936,0.0142,0,BENIGN,,-1,,-1,,,false,NO_VEP,"Structural-only assessment (LSSIM=0.994, global SSIM=1.000). VEP not available for this locus.",Benign,ClinVar_Benign,-1,POSITION
VCV000629835,87965473,.,.,c.*1A>T,,other,Conflicting classifications of pathogenicity,0.9996,0.9936,0.0142,0,BENIGN,,-1,,-1,,,false,NO_VEP,"Structural-only assessment (LSSIM=0.994, global SSIM=1.000). VEP not available for this locus.",Pathogenic,ClinVar_Pathogenic,-1,POSITION
VCV003769562,87965474,.,.,c.*2T>A,,other,Conflicting classifications of pathogenicity,0.9996,0.9935,0.0144,0,BENIGN,,-1,,-1,,,false,NO_VEP,"Structural-only assessment (LSSIM=0.993, global SSIM=1.000). VEP not available for this locus.",Pathogenic,ClinVar_Pathogenic,-1,POSITION
VCV003361877,87965476,.,.,c.*4T>A,,other,Conflicting classifications of pathogenicity,0.9997,0.9949,0.013,0,BENIGN,,-1,,-1,,,false,NO_VEP,"Structural-only assessment (LSSIM=0.995, global SSIM=1.000). VEP not available for this locus.",Pathogenic,ClinVar_Pathogenic,-1,POSITION
VCV000419119,87965477,.,.,c.*5T>C,,other,Likely benign,0.9997,0.9955,0.0122,0,BENIGN,,-1,,-1,,,false,NO_VEP,"Structural-only assessment (LSSIM=0.995, global SSIM=1.000). VEP not available for this locus.",Benign,ClinVar_Benign,-1,POSITION
VCV003904337,87965477,.,.,c.*5T>G,,other,Benign,0.9997,0.9955,0.0122,0,BENIGN,,-1,,-1,,,false,NO_VEP,"Structural-only assessment (LSSIM=0.995, global SSIM=1.000). VEP not available for this locus.",Benign,ClinVar_Benign,-1,POSITION
VCV000421205,87965478,.,.,c.*6T>C,,other,Conflicting classifications of pathogenicity,0.9997,0.9948,0.013,0,BENIGN,,-1,,-1,,,false,NO_VEP,"Structural-only assessment (LSSIM=0.995, global SSIM=1.000). VEP not available for this locus.",Pathogenic,ClinVar_Pathogenic,-1,POSITION
VCV000420786,87965479,.,.,c.*7T>G,,other,Benign/Likely benign,0.9996,0.9939,0.0141,0,BENIGN,,-1,,-1,,,false,NO_VEP,"Structural-only assessment (LSSIM=0.994, global SSIM=1.000). VEP not available for this locus.",Benign,ClinVar_Benign,-1,POSITION
VCV000167551,87965480,.,.,c.*8T>G,,other,Conflicting classifications of pathogenicity,0.9997,0.994,0.0138,0,BENIGN,,-1,,-1,,,false,NO_VEP,"Structural-only assessment (LSSIM=0.994, global SSIM=1.000). VEP not available for this locus.",Pathogenic,ClinVar_Pathogenic,-1,POSITION
VCV000495803,87965482,.,.,c.*10T>A,,other,Conflicting classifications of pathogenicity,0.9996,0.9935,0.0143,0,BENIGN,,-1,,-1,,,false,NO_VEP,"Structural-only assessment (LSSIM=0.993, global SSIM=1.000). VEP not available for this locus.",Pathogenic,ClinVar_Pathogenic,-1,POSITION
VCV001212937,87965485,.,.,c.*13C>T,,other,Conflicting classifications of pathogenicity,0.9997,0.9952,0.0126,0,BENIGN,,-1,,-1,,,false,NO_VEP,"Structural-only assessment (LSSIM=0.995, global SSIM=1.000). VEP not available for this locus.",Pathogenic,ClinVar_Pathogenic,-1,POSITION
VCV003780923,87965537,.,.,c.*65T>A,,other,Likely pathogenic,0.9996,0.9934,0.0144,0,BENIGN,,-1,,-1,,,false,NO_VEP,"Structural-only assessment (LSSIM=0.993, global SSIM=1.000). VEP not available for this locus.",Pathogenic,ClinVar_Pathogenic,-1,POSITION
VCV000492735,87965550,.,.,c.*78T>G,,other,Likely benign,0.9997,0.9948,0.013,0,BENIGN,,-1,,-1,,,false,NO_VEP,"Structural-only assessment (LSSIM=0.995, global SSIM=1.000). VEP not available for this locus.",Benign,ClinVar_Benign,-1,POSITION
VCV004073572,87965578,.,.,c.*106A>G,,other,Benign,0.9997,0.9947,0.013,0,BENIGN,,-1,,-1,,,false,NO_VEP,"Structural-only assessment (LSSIM=0.995, global SSIM=1.000). VEP not available for this locus.",Benign,ClinVar_Benign,-1,POSITION
VCV001191461,87965688,.,.,c.*216A>G,,other,Likely benign,0.9997,0.9941,0.0136,0,BENIGN,,-1,,-1,,,false,NO_VEP,"Structural-only assessment (LSSIM=0.994, global SSIM=1.000). VEP not available for this locus.",Benign,ClinVar_Benign,-1,POSITION
VCV000301428,87965754,.,.,c.*282G>A,,other,Conflicting classifications of pathogenicity,0.9997,0.9944,0.0139,0,BENIGN,,-1,,-1,,,false,NO_VEP,"Structural-only assessment (LSSIM=0.994, global SSIM=1.000). VEP not available for this locus.",Pathogenic,ClinVar_Pathogenic,-1,POSITION
VCV000301429,87965825,.,.,c.*353C>T,,other,Benign,0.9996,0.9941,0.0139,0,BENIGN,,-1,,-1,,,false,NO_VEP,"Structural-only assessment (LSSIM=0.994, global SSIM=1.000). VEP not available for this locus.",Benign,ClinVar_Benign,-1,POSITION
VCV000301430,87965893,.,.,c.*421T>C,,other,Likely benign,0.9997,0.9942,0.0138,0,BENIGN,,-1,,-1,,,false,NO_VEP,"Structural-only assessment (LSSIM=0.994, global SSIM=1.000). VEP not available for this locus.",Benign,ClinVar_Benign,-1,POSITION
VCV000301434,87966073,.,.,c.*601A>G,,other,Likely benign,0.9996,0.9938,0.0139,0,BENIGN,,-1,,-1,,,false,NO_VEP,"Structural-only assessment (LSSIM=0.994, global SSIM=1.000). VEP not available for this locus.",Benign,ClinVar_Benign,-1,POSITION
VCV000301439,87966139,.,.,c.*667A>T,,other,Conflicting classifications of pathogenicity,0.9997,0.9942,0.014,0,BENIGN,,-1,,-1,,,false,NO_VEP,"Structural-only assessment (LSSIM=0.994, global SSIM=1.000). VEP not available for this locus.",Pathogenic,ClinVar_Pathogenic,-1,POSITION
VCV000301440,87966260,.,.,c.*788T>C,,other,Benign,0.9996,0.9936,0.0143,0,BENIGN,,-1,,-1,,,false,NO_VEP,"Structural-only assessment (LSSIM=0.994, global SSIM=1.000). VEP not available for this locus.",Benign,ClinVar_Benign,-1,POSITION
VCV000878766,87966442,.,.,c.*970C>A,,other,Conflicting classifications of pathogenicity,0.9997,0.9941,0.0137,0,BENIGN,,-1,,-1,,,false,NO_VEP,"Structural-only assessment (LSSIM=0.994, global SSIM=1.000). VEP not available for this locus.",Pathogenic,ClinVar_Pathogenic,-1,POSITION
VCV000879353,87966500,.,.,c.*1028T>C,,other,Conflicting classifications of pathogenicity,0.9997,0.9945,0.0135,0,BENIGN,,-1,,-1,,,false,NO_VEP,"Structural-only assessment (LSSIM=0.995, global SSIM=1.000). VEP not available for this locus.",Pathogenic,ClinVar_Pathogenic,-1,POSITION
VCV002640666,87966599,.,.,c.*1127T>A,,other,Likely benign,0.9996,0.9936,0.0142,0,BENIGN,,-1,,-1,,,false,NO_VEP,"Structural-only assessment (LSSIM=0.994, global SSIM=1.000). VEP not available for this locus.",Benign,ClinVar_Benign,-1,POSITION
VCV000301449,87966709,.,.,c.*1237A>G,,other,Benign,0.9996,0.9936,0.0143,0,BENIGN,,-1,,-1,,,false,NO_VEP,"Structural-only assessment (LSSIM=0.994, global SSIM=1.000). VEP not available for this locus.",Benign,ClinVar_Benign,-1,POSITION
VCV002498465,87966915,.,.,c.*1443T>G,,other,Likely benign,0.9996,0.9938,0.0142,0,BENIGN,,-1,,-1,,,false,NO_VEP,"Structural-only assessment (LSSIM=0.994, global SSIM=1.000). VEP not available for this locus.",Benign,ClinVar_Benign,-1,POSITION
VCV000301462,87966971,.,.,c.*1499C>T,,other,Conflicting classifications of pathogenicity,0.9997,0.9951,0.0125,0,BENIGN,,-1,,-1,,,false,NO_VEP,"Structural-only assessment (LSSIM=0.995, global SSIM=1.000). VEP not available for this locus.",Pathogenic,ClinVar_Pathogenic,-1,POSITION
VCV000301463,87966988,.,.,c.*1516T>C,,other,Benign,0.9997,0.9948,0.013,0,BENIGN,,-1,,-1,,,false,NO_VEP,"Structural-only assessment (LSSIM=0.995, global SSIM=1.000). VEP not available for this locus.",Benign,ClinVar_Benign,-1,POSITION
VCV000301465,87967037,.,.,c.*1565C>A,,other,Benign,0.9996,0.9938,0.0141,0,BENIGN,,-1,,-1,,,false,NO_VEP,"Structural-only assessment (LSSIM=0.994, global SSIM=1.000). VEP not available for this locus.",Benign,ClinVar_Benign,-1,POSITION
VCV000301468,87967055,.,.,c.*1583G>A,,other,Conflicting classifications of pathogenicity,0.9996,0.9941,0.014,0,BENIGN,,-1,,-1,,,false,NO_VEP,"Structural-only assessment (LSSIM=0.994, global SSIM=1.000). VEP not available for this locus.",Pathogenic,ClinVar_Pathogenic,-1,POSITION
VCV000301470,87967092,.,.,c.*1620T>C,,other,Benign/Likely benign,0.9997,0.9943,0.0133,0,BENIGN,,-1,,-1,,,false,NO_VEP,"Structural-only assessment (LSSIM=0.994, global SSIM=1.000). VEP not available for this locus.",Benign,ClinVar_Benign,-1,POSITION
VCV000877771,87967167,.,.,c.*1695C>A,,other,Benign,0.9997,0.9947,0.0131,0,BENIGN,,-1,,-1,,,false,NO_VEP,"Structural-only assessment (LSSIM=0.995, global SSIM=1.000). VEP not available for this locus.",Benign,ClinVar_Benign,-1,POSITION
VCV000301472,87967174,.,.,c.*1702G>A,,other,Benign/Likely benign,0.9996,0.9927,0.0152,0,BENIGN,,-1,,-1,,,false,NO_VEP,"Structural-only assessment (LSSIM=0.993, global SSIM=1.000). VEP not available for this locus.",Benign,ClinVar_Benign,-1,POSITION
VCV000301475,87967417,.,.,c.*1945G>A,,other,Benign,0.9996,0.9933,0.0146,0,BENIGN,,-1,,-1,,,false,NO_VEP,"Structural-only assessment (LSSIM=0.993, global SSIM=1.000). VEP not available for this locus.",Benign,ClinVar_Benign,-1,POSITION
VCV000301476,87967426,.,.,c.*1954A>T,,other,Benign,0.9997,0.9944,0.0137,0,BENIGN,,-1,,-1,,,false,NO_VEP,"Structural-only assessment (LSSIM=0.994, global SSIM=1.000). VEP not available for this locus.",Benign,ClinVar_Benign,-1,POSITION
VCV000301477,87967427,.,.,c.*1955T>A,,other,Benign,0.9997,0.9944,0.0136,0,BENIGN,,-1,,-1,,,false,NO_VEP,"Structural-only assessment (LSSIM=0.994, global SSIM=1.000). VEP not available for this locus.",Benign,ClinVar_Benign,-1,POSITION
VCV000301481,87967634,.,.,c.*2162A>G,,other,Benign,0.9997,0.9945,0.0134,0,BENIGN,,-1,,-1,,,false,NO_VEP,"Structural-only assessment (LSSIM=0.994, global SSIM=1.000). VEP not available for this locus.",Benign,ClinVar_Benign,-1,POSITION
VCV000301482,87967645,.,.,c.*2173C>T,,other,Benign,0.9997,0.9948,0.0131,0,BENIGN,,-1,,-1,,,false,NO_VEP,"Structural-only assessment (LSSIM=0.995, global SSIM=1.000). VEP not available for this locus.",Benign,ClinVar_Benign,-1,POSITION
VCV000301483,87967657,.,.,c.*2185C>T,,other,Benign,0.9997,0.9943,0.0135,0,BENIGN,,-1,,-1,,,false,NO_VEP,"Structural-only assessment (LSSIM=0.994, global SSIM=1.000). VEP not available for this locus.",Benign,ClinVar_Benign,-1,POSITION
VCV000301489,87967887,.,.,c.*2415C>G,,other,Benign,0.9997,0.9947,0.0133,0,BENIGN,,-1,,-1,,,false,NO_VEP,"Structural-only assessment (LSSIM=0.995, global SSIM=1.000). VEP not available for this locus.",Benign,ClinVar_Benign,-1,POSITION
VCV000301490,87967909,.,.,c.*2437A>G,,other,Conflicting classifications of pathogenicity,0.9996,0.9935,0.0147,0,BENIGN,,-1,,-1,,,false,NO_VEP,"Structural-only assessment (LSSIM=0.994, global SSIM=1.000). VEP not available for this locus.",Pathogenic,ClinVar_Pathogenic,-1,POSITION