{
  "parameters": {
    "beta": 5,
    "numRuns": 20,
    "maxSteps": 50000,
    "numCohesins": 15,
    "flankSize": 50000,
    "topN": 20
  },
  "summary": {
    "totalSEValidated": 20,
    "totalLoopsInSE": 13404,
    "totalLoopsOutside": 13264,
    "avgContactDensityInSE": 137772.27495586115,
    "avgContactDensityOutsideSE": 4206.934318525504,
    "meanContactDensityRatio": 47.326885309289025,
    "avgLifetimeInSE": 990.3603622524568,
    "avgLifetimeOutside": 1002.0584008908565,
    "meanLifetimeRatio": 0.9903646136275717,
    "verdict": "PASS"
  },
  "results": [
    {
      "se": {
        "chrom": "chr1",
        "start": 161439776,
        "end": 161472631,
        "name": "SE_1_chr1",
        "signal": 37855.41,
        "rank": 1
      },
      "windowStart": 161389776,
      "windowEnd": 161522631,
      "windowLength": 132855,
      "seRelativeStart": 50000,
      "seRelativeEnd": 82855,
      "totalLoops": 64.85,
      "loopsInSE": 650,
      "loopsOutsideSE": 647,
      "avgLifetimeInSE": 992.9153846153846,
      "avgLifetimeOutsideSE": 1012.6027820710974,
      "lifetimeRatio": 0.9805576304901654,
      "stepLoadingProbability": 0.002190113980431699,
      "contactDensityInSE": 43742.642857142855,
      "contactDensityOutsideSE": 3428.1428571428573,
      "contactDensityRatio": 12.759865816560403
    },
    {
      "se": {
        "chrom": "chr19",
        "start": 50090621,
        "end": 50140285,
        "name": "SE_2_chr19",
        "signal": 30206.72,
        "rank": 2
      },
      "windowStart": 50040621,
      "windowEnd": 50190285,
      "windowLength": 149664,
      "seRelativeStart": 50000,
      "seRelativeEnd": 99664,
      "totalLoops": 66.25,
      "loopsInSE": 645,
      "loopsOutsideSE": 679,
      "avgLifetimeInSE": 1139.105426356589,
      "avgLifetimeOutsideSE": 1006.020618556701,
      "lifetimeRatio": 1.132288350104414,
      "stepLoadingProbability": 0.0018748799268755438,
      "contactDensityInSE": 24595.8,
      "contactDensityOutsideSE": 3115.9658536585366,
      "contactDensityRatio": 7.893475459983437
    },
    {
      "se": {
        "chrom": "chr19",
        "start": 47905776,
        "end": 47957794,
        "name": "SE_3_chr19",
        "signal": 23748.84,
        "rank": 3
      },
      "windowStart": 47855776,
      "windowEnd": 48007794,
      "windowLength": 152018,
      "seRelativeStart": 50000,
      "seRelativeEnd": 102018,
      "totalLoops": 66.55,
      "loopsInSE": 681,
      "loopsOutsideSE": 647,
      "avgLifetimeInSE": 1009.424375917768,
      "avgLifetimeOutsideSE": 1012.2442040185472,
      "lifetimeRatio": 0.9972142808132813,
      "stepLoadingProbability": 0.001863820538802655,
      "contactDensityInSE": 20497.530303030304,
      "contactDensityOutsideSE": 2673.4883720930234,
      "contactDensityRatio": 7.666960708335969
    },
    {
      "se": {
        "chrom": "chr1",
        "start": 143184640,
        "end": 143267606,
        "name": "SE_4_chr1",
        "signal": 18247.25,
        "rank": 4
      },
      "windowStart": 143134640,
      "windowEnd": 143317606,
      "windowLength": 182966,
      "seRelativeStart": 50000,
      "seRelativeEnd": 132966,
      "totalLoops": 73.75,
      "loopsInSE": 1441,
      "loopsOutsideSE": 34,
      "avgLifetimeInSE": 1015.3775156141569,
      "avgLifetimeOutsideSE": 1065.764705882353,
      "lifetimeRatio": 0.9527220314295545,
      "stepLoadingProbability": 0.00277169670683056,
      "contactDensityInSE": 16394.797385620914,
      "contactDensityOutsideSE": 548.5363636363636,
      "contactDensityRatio": 29.88825987202805
    },
    {
      "se": {
        "chrom": "chr1",
        "start": 629084,
        "end": 634922,
        "name": "SE_5_chr1",
        "signal": 11786.22,
        "rank": 5
      },
      "windowStart": 579084,
      "windowEnd": 684922,
      "windowLength": 105838,
      "seRelativeStart": 50000,
      "seRelativeEnd": 55838,
      "totalLoops": 71.15,
      "loopsInSE": 822,
      "loopsOutsideSE": 601,
      "avgLifetimeInSE": 961.1289537712895,
      "avgLifetimeOutsideSE": 1067.5374376039933,
      "lifetimeRatio": 0.9003234171613413,
      "stepLoadingProbability": 0.004690431328570486,
      "contactDensityInSE": 566950.3333333334,
      "contactDensityOutsideSE": 3424.384,
      "contactDensityRatio": 165.56272115899776
    },
    {
      "se": {
        "chrom": "chr21",
        "start": 8388175,
        "end": 8455938,
        "name": "SE_6_chr21",
        "signal": 8854.23,
        "rank": 6
      },
      "windowStart": 8338175,
      "windowEnd": 8505938,
      "windowLength": 167763,
      "seRelativeStart": 50000,
      "seRelativeEnd": 117763,
      "totalLoops": 71.2,
      "loopsInSE": 1358,
      "loopsOutsideSE": 61,
      "avgLifetimeInSE": 1029.6958762886597,
      "avgLifetimeOutsideSE": 1008.7704918032787,
      "lifetimeRatio": 1.020743454190432,
      "stepLoadingProbability": 0.0015581245748862882,
      "contactDensityInSE": 19143.876190476192,
      "contactDensityOutsideSE": 1505.9918367346938,
      "contactDensityRatio": 12.711806082550973
    },
    {
      "se": {
        "chrom": "chr11",
        "start": 59544984,
        "end": 59566538,
        "name": "SE_7_chr11",
        "signal": 7316.79,
        "rank": 7
      },
      "windowStart": 59494984,
      "windowEnd": 59616538,
      "windowLength": 121554,
      "seRelativeStart": 50000,
      "seRelativeEnd": 71554,
      "totalLoops": 63.6,
      "loopsInSE": 403,
      "loopsOutsideSE": 867,
      "avgLifetimeInSE": 977.4565756823821,
      "avgLifetimeOutsideSE": 1010.437139561707,
      "lifetimeRatio": 0.9673601032780419,
      "stepLoadingProbability": 0.0018562921672499958,
      "contactDensityInSE": 55925,
      "contactDensityOutsideSE": 4951.093548387097,
      "contactDensityRatio": 11.29548441237159
    },
    {
      "se": {
        "chrom": "chr16",
        "start": 46385956,
        "end": 46401650,
        "name": "SE_8_chr16",
        "signal": 7102.95,
        "rank": 8
      },
      "windowStart": 46335956,
      "windowEnd": 46451650,
      "windowLength": 115694,
      "seRelativeStart": 50000,
      "seRelativeEnd": 65694,
      "totalLoops": 73.2,
      "loopsInSE": 1102,
      "loopsOutsideSE": 362,
      "avgLifetimeInSE": 958.3729582577132,
      "avgLifetimeOutsideSE": 987.4585635359116,
      "lifetimeRatio": 0.9705449865419689,
      "stepLoadingProbability": 0.009064082174762374,
      "contactDensityInSE": 213029.4,
      "contactDensityOutsideSE": 1749.6310344827587,
      "contactDensityRatio": 121.75675659695739
    },
    {
      "se": {
        "chrom": "chr16",
        "start": 34571521,
        "end": 34597623,
        "name": "SE_9_chr16",
        "signal": 6275.36,
        "rank": 9
      },
      "windowStart": 34521521,
      "windowEnd": 34647623,
      "windowLength": 126102,
      "seRelativeStart": 50000,
      "seRelativeEnd": 76102,
      "totalLoops": 73.45,
      "loopsInSE": 1292,
      "loopsOutsideSE": 177,
      "avgLifetimeInSE": 1010.7244582043344,
      "avgLifetimeOutsideSE": 876.7683615819209,
      "lifetimeRatio": 1.1527839079192153,
      "stepLoadingProbability": 0.008175184605814729,
      "contactDensityInSE": 116137.42857142857,
      "contactDensityOutsideSE": 748.2666666666667,
      "contactDensityRatio": 155.20860910294266
    },
    {
      "se": {
        "chrom": "chr16",
        "start": 3173517,
        "end": 3192342,
        "name": "SE_10_chr16",
        "signal": 5945.36,
        "rank": 10
      },
      "windowStart": 3123517,
      "windowEnd": 3242342,
      "windowLength": 118825,
      "seRelativeStart": 50000,
      "seRelativeEnd": 68825,
      "totalLoops": 61,
      "loopsInSE": 264,
      "loopsOutsideSE": 956,
      "avgLifetimeInSE": 994.3371212121212,
      "avgLifetimeOutsideSE": 1023.597280334728,
      "lifetimeRatio": 0.9714143836792548,
      "stepLoadingProbability": 0.0019089926916708911,