ClinVar_ID,SFI,eigenvalue_shifts_mean,eigenvalue_shifts_max,eigenvector_angles_mean,eigenvector_angles_max,spectral_gap_disruption,spectral_gap_wt,spectral_gap_mut,matrix_shape
VCV000012347,7.311655597230943e-05,7.977909384058882e-05,0.0003701142094378884,4.631146584921364e-05,0.00016844980602115367,6.083214155235689e-07,0.006105042100770138,0.006105650422185661,300x300
VCV000012348,7.868731197703275e-05,8.151722980528422e-05,0.0003495323260624683,5.528866050721584e-05,0.00019597105648838653,7.52127480015824e-07,0.006112103964739876,0.006112856092219892,300x300
VCV000012349,0.7070480028017807,8.050596888288134e-05,0.0003431832608121535,0.22227513660598186,1.9999995098416528,7.805266784436174e-07,0.006158584763797062,0.006159365290475506,300x300
VCV000012350,0.2199962228225302,8.218583858200015e-05,0.0003552608878106406,0.4444514768669626,1.9999675591678576,7.39699132572616e-07,0.006058707379036778,0.00605944707816935,300x300
VCV000012351,3.0956051833083574e-05,3.879354013452673e-05,0.00016203752884454137,1.4813347681768501e-05,5.208073537366076e-05,3.1932182304600376e-08,0.006012378192226104,0.006012410124408408,300x300
VCV000012352,0.07862180604674393,8.339039804856134e-05,0.00035912861734008206,0.22225271058535398,1.9998360373036141,7.0238654520903e-07,0.0060619986046326,0.006062700991177809,300x300
VCV000012353,5.286411978686197e-05,6.0420096414561353e-05,0.00027603433442330294,3.026161615784753e-05,0.00011345703595078138,3.2247841283417067e-07,0.006025665935828621,0.006025988414241455,300x300
VCV000012354,0.17681210101087752,7.987653176412636e-05,0.0003710761181439093,0.22226234624896024,1.9999910955577345,6.300284128013534e-07,0.006186384474242439,0.006187014502655241,300x300
VCV000012355,8.705000739007307e-05,7.946422399007384e-05,0.000308145946750181,7.208771538700119e-05,0.00026887564632394056,2.6809956716646044e-07,0.005913295010945447,0.005913563110512613,300x300
VCV000012356,0.17681442783549078,8.059832025733542e-05,0.0003688031074941117,0.2222688645382554,1.9999887050327936,6.55340858689811e-07,0.006144946780646002,0.006145602121504692,300x300
VCV000012357,0.1414315328267031,6.0890729813374354e-05,0.0002784426362055156,0.22222750083827403,1.9998966936838416,4.96605335263689e-07,0.006079314741168472,0.0060798113465037355,300x300
VCV000012358,9.76871850538656e-05,9.324228830063884e-05,0.0003898339715037863,8.53674579895072e-05,0.00024089925297854364,1.537264798330204e-07,0.0058417609829389365,0.0058419147094187695,300x300
VCV000012359,7.576717856642019e-05,7.964587903799508e-05,0.00035716330780460187,5.1511581089600275e-05,0.00018731278342321023,3.7803975836206427e-07,0.005983473566283447,0.005983851606041809,300x300
VCV000012361,0.19125325312542754,0.0008943126569397893,0.004670948867574874,0.4462982017312179,1.999987880093073,1.4180355030443334e-05,0.006253655449875942,0.006267835804906386,300x300
VCV000012363,2.9531988724367914e-05,3.883096817197032e-05,0.0001760433923339369,1.1653647765095007e-05,4.307659516600282e-05,5.313834185345645e-08,0.0060860642180694206,0.006086117356411274,300x300
VCV000012364,0.7070668527799228,9.321895245043382e-05,0.0004007152089440802,0.22230611945030118,1.9999994117472104,3.9071639515268763e-07,0.005967323558572166,0.005967714274967319,300x300
VCV000012365,0.7070480028017807,8.050596888288134e-05,0.0003431832608121535,0.22227513660598186,1.9999995098416528,7.805266784436174e-07,0.006158584763797062,0.006159365290475506,300x300
VCV000012366,8.555661363773235e-05,8.884334663017007e-05,0.00040420969916364624,5.95634455834684e-05,0.00020869767391751282,4.882572472979935e-07,0.006039361537032559,0.006039849794279857,300x300
VCV000012367,0.785613783826017,8.793816237906152e-05,0.00037838130260080954,0.44451234692272035,1.9999994284123195,2.0362265708371435e-07,0.005951796914352325,0.005952000537009409,300x300
VCV000012368,8.763043403258258e-05,9.264917138564237e-05,0.0004256791624212414,5.906110055243897e-05,0.00021016492068337556,4.611815589607854e-07,0.006131710174342581,0.006132171355901541,300x300
VCV000012369,5.416512467192933e-05,6.129629514564821e-05,0.00026289280356723427,3.2431997343546686e-05,0.00011792887181183431,4.6695140930568674e-07,0.006069659301829279,0.006070126253238585,300x300
VCV000012370,5.416512467192933e-05,6.129629514564821e-05,0.00026289280356723427,3.2431997343546686e-05,0.00011792887181183431,4.6695140930568674e-07,0.006069659301829279,0.006070126253238585,300x300
VCV000012372,7.688169543069704e-05,7.8341015242191e-05,0.0003352619456203215,5.511496948197426e-05,0.00020123795818238754,3.5735200530108424e-07,0.005958053421775166,0.005958410773780467,300x300
VCV000012374,0.07860667973061115,6.202244956503395e-05,0.0002671280108176785,0.22225388267398538,1.999999377681589,4.156744328898815e-07,0.006201873138470034,0.006202288812902924,300x300
VCV000012375,1.8775397641131213e-05,2.6508492954363026e-05,0.00010240287763756822,5.398879341996417e-06,1.8280095590239576e-05,1.5041540921455557e-06,0.006051159029521646,0.0060496548754295,300x300
VCV000012376,0.883765556625963,6.037769801900945e-05,0.0002727346556104654,0.4444726351856673,1.9999997078123872,3.9349292523492563e-07,0.006102002199742513,0.006102395692667748,300x300
VCV000012377,0.08038360438475331,0.0006740565861779514,0.003383177390587709,0.2246834506642956,1.9986790463683697,7.432526214491177e-06,0.006026704002590742,0.006034136528805233,300x300
VCV000012380,0.08082144012411072,0.0006693593978474848,0.003066291397027701,0.22549114058646136,1.9993111771934347,5.302633900459465e-06,0.005948429452152181,0.0059537320860526405,300x300
VCV000012382,8.269850637168806e-05,8.125866819629377e-05,0.00033432076892564444,6.210380682804118e-05,0.0002307821714490066,4.1243193171433545e-07,0.00612796117209536,0.006128373604027074,300x300
VCV000012383,0.10105862041216589,8.01052849611935e-05,0.00036490440477747466,0.22224515727486815,1.9998956091921252,6.292543197668893e-07,0.006191314438379935,0.0061919436926997015,300x300
VCV000012384,0.1768386536873877,8.942088950373458e-05,0.00034385817836063426,0.22230117566422974,1.9999875348763227,3.055826797845537e-07,0.006044904880414702,0.006045210463094487,300x300
VCV000035555,5.9871495676040736e-05,6.787647073079953e-05,0.00026892091766746173,3.341539396667987e-05,0.00011651496534326178,5.43700578363622e-06,0.005893243009735857,0.005887806003952221,300x300
VCV000039420,0.848403174728648,6.14361246969707e-05,0.0002701811525332998,0.44445025658171783,1.9999997046936295,3.293182193287933e-07,0.006065580579534481,0.00606590989775381,300x300
VCV000041723,2.880870139474095e-05,3.8038459104926463e-05,0.00017779386033758837,1.0986041027326464e-05,4.096374892836874e-05,2.0566876210784124e-08,0.0060746926472472,0.006074713214123411,300x300
VCV000043587,1.8517282617537418e-05,2.645510436790357e-05,0.00010642783608361128,4.827235729365498e-06,1.7015707363232657e-05,1.540413449458225e-06,0.006006804316305826,0.006005263902856368,300x300
VCV000043588,0.8079950580871808,3.824912694818503e-05,0.0001722768669121244,0.4444524175979087,1.9999998751866217,1.3757843335578113e-07,0.0060002869932943015,0.006000424571727657,300x300
VCV000043589,8.040558043522922e-05,7.996128622821958e-05,0.00033970604798405635,5.9579106936497655e-05,0.00021902579535870714,4.296119920574326e-07,0.0059912727558453375,0.005991702367837395,300x300
VCV000043590,8.517152010459282e-05,8.149110613964447e-05,0.00033840491282230434,6.65735627789241e-05,0.0002460436038957958,3.581104487228662e-07,0.005969232691334236,0.005969590801782959,300x300
VCV000043591,0.3181843101669888,7.927899062463924e-05,0.00031075978641650903,0.4444547377677898,1.9999898799356137,1.5254671280936355e-07,0.005828315928276886,0.005828468474989695,300x300
VCV000043593,0.17762679277359242,0.00042191283609738293,0.00201907792477056,0.22337691862865958,1.9996298991597024,6.684941097710034e-07,0.0061352562730406625,0.0061359247671504335,300x300
VCV000043594,9.55662775095275e-05,9.490245658375958e-05,0.00041355860959291224,8.107510698541887e-05,0.00020950138540121177,3.435954996876267e-07,0.006009593265124735,0.006009936860624423,300x300
VCV000043595,0.10119412534757628,0.0001843840103758748,0.000850605174982963,0.22236012059197108,1.9994453569739974,8.066410198698942e-07,0.005992581613966263,0.005993388254986133,300x300
VCV000080708,1.8429951536739402e-05,2.659802966138251e-05,0.00010693179145679355,4.568228899159976e-06,1.5407542109491246e-05,1.5952002177061983e-06,0.006074154922127642,0.006072559721909935,300x300
VCV000080709,8.036588806614382e-05,7.971131614145855e-05,0.0003448250192139013,5.932776092353197e-05,0.00022171540403681522,3.322264171875394e-07,0.005993830188826365,0.005994162415243552,300x300
VCV000093323,0.24243211753361193,8.99427644634029e-05,0.0003800025568934662,0.44442798562917546,1.9998532626238643,1.418148405218228e-07,0.005860640655644855,0.0058607824704853765,300x300
VCV000093325,0.29472868221808307,0.00018845953060052408,0.0007950479786498488,0.4445166528460632,1.999931371242101,9.535686401693916e-07,0.00612293722948051,0.00612389079812068,300x300
VCV000100814,7.864154955611789e-05,8.102307423585684e-05,0.0003491096854077169,5.6280089346389455e-05,0.00019683932397918102,5.21770170901735e-07,0.006005764682530302,0.006006286452701203,300x300
VCV000100815,0.10105827651215214,7.966379226728724e-05,0.0003641603632158971,0.222245280898211,1.9998897270173694,4.798680406552583e-07,0.0060103219770492305,0.006010801845089886,300x300
VCV000100816,0.17683341717320877,8.976596582392436e-05,0.0003811516125640721,0.22229360562236897,1.9999862695282387,3.4224590615000716e-07,0.00597005027897092,0.00597039252487707,300x300
VCV000127804,0.7069999718303085,3.716644483121072e-05,0.0001627393126487492,0.22223387314844384,1.9999998769209018,1.4427864620907005e-07,0.006082368450044609,0.006082512728690818,300x300
VCV000127805,2.933585943541505e-05,3.8133595337185984e-05,0.00016916403976923594,1.2263564147198104e-05,4.4099767326555295e-05,1.1561116988138137e-07,0.005972320190041767,0.005972435801211648,300x300
VCV000127806,3.259634707831958e-05,4.039118175513116e-05,0.0001619583866015184,1.757372365471552e-05,5.1608658800605944e-05,1.6404964303141922e-07,0.006085267581271601,0.006085431630914633,300x300
VCV000127807,0.46187115688080804,0.00043161011149376287,0.0019672482670580124,0.888962747404244,1.999987144365351,2.1296332895484257e-06,0.006043453674320373,0.006045583307609921,300x300
VCV000127808,2.9665050870511848e-05,3.9412986195205504e-05,0.0001734930355405187,1.189903059538465e-05,4.11519474446953e-05,2.0043098664275505e-07,0.006063808089341691,0.0060640085203283334,300x300
VCV000127809,0.0008826355347446153,0.00041270126943708074,0.0019887561688060468,0.0011372053293700428,0.004011089521609779,2.3084086204399126e-06,0.006152537850149873,0.006154846258770313,300x300
VCV000127810,5.3847239523411076e-05,6.0368824793241255e-05,0.0002735938843267949,3.222356807306179e-05,0.00011972516159508562,2.2723021029028012e-07,0.005956538045216485,0.005956765275426775,300x300
VCV000127813,0.07860780133258866,6.149739749514036e-05,0.0002508600726709581,0.22225635234852387,1.9999912271023015,4.768404307711055e-07,0.006056497399257127,0.006056974239687898,300x300
VCV000127814,0.21998345348214268,6.106051286493616e-05,0.0002727246872068767,0.44444837141141247,1.9999882178172952,4.630814558689855e-07,0.006075571163021208,0.006076034244477077,300x300
VCV000127815,0.07860346642794867,6.135246882763538e-05,0.00026833494456676016,0.222249143235063,1.9999974995077354,5.296228404510703e-07,0.006167349248032473,0.006167878870872924,300x300
VCV000127816,0.2199960316309428,8.045125366282935e-05,0.0003512816128287133,0.4444534419786377,1.9999947574793953,3.938001156538612e-07,0.005998689544074481,0.005999083344190135,300x300
VCV000127817,0.17682007875394823,7.994140127007007e-05,0.0003467468977842239,0.22227719840697013,1.9999900810795366,5.067786732716392e-07,0.005968584234662926,0.005969091013336198,300x300
VCV000127818,0.1768188431669173,8.145759374593544e-05,0.00035712686476402355,0.22227480597051189,1.9999880205832732,5.273005610059375e-07,0.006057109150729308,0.006057636451290314,300x300
VCV000127819,0.10105862041216589,8.01052849611935e-05,0.00036490440477747466,0.22224515727486815,1.9998956091921252,6.292543197668893e-07,0.006191314438379935,0.0061919436926997015,300x300
VCV000127820,7.958302005819099e-05,7.997426442743858e-05,0.00033905107264953216,5.8449107307493677e-05,0.0002111911384625742,5.170261718400945e-07,0.005980007007891026,0.005980524034062866,300x300
VCV000127821,0.10105740642768195,7.921932833874611e-05,0.00035847878572836667,0.22224397070206475,1.999892870182551,5.789025918157345e-07,0.006122294370140534,0.00612287327273235,300x300
VCV000127822,7.626076501420397e-05,7.929728351276126e-05,0.00034509999115214796,5.267470138614616e-05,0.00019112347544802955,4.5638344091554484e-07,0.0060939832501063105,0.006094439633547226,300x300
VCV000127823,8.957575023695985e-05,8.981076772750084e-05,0.000396371325750218,6.579867892052437e-05,0.00023759745437623714,3.115397594795344e-07,0.006021405863032349,0.006021717402791829,300x300
VCV000127824,0.1768261695669855,8.906365723580725e-05,0.0003813089436154604,0.2222799984514567,1.9999900144582838,4.3529094463819196e-07,0.006029248264913339,0.006029683555857977,300x300
VCV000127825,0.0786349613368306,8.873752371952844e-05,0.00040907402386137354,0.22227552968784575,1.9999878087405314,4.123184501473101e-07,0.005979249394715592,0.005979661713165739,300x300
VCV000127826,8.309597323160833e-05,8.82958556828687e-05,0.00039896891620857383,5.586407235316473e-05,0.0001971839495761296,4.450888293995245e-07,0.006086795180407924,0.006087240269237323,300x300
VCV000127827,0.07858270381287882,3.857053206846589e-05,0.0001646079038367318,0.22223544491983052,1.9999965792997436,8.658371988302938e-08,0.006042338483455119,0.006042425067175002,300x300
VCV000132708,0.17677099383809086,3.795248523177943e-05,0.0001712759195864888,0.2222327876968983,1.9999979579933593,1.3630897577419226e-07,0.00596282012631542,0.005962956435291194,300x300
VCV000132754,0.00010033684965899564,9.03923460388903e-05,0.0003745101633634146,8.377197205950488e-05,0.00031532601506689684,4.3355518317828023e-08,0.005935707802603136,0.005935751158121454,300x300
VCV000132972,0.7855982352498501,8.035213619109622e-05,0.00036229146849539595,0.44449279667387764,1.9999995197668934,3.9366676841956494e-07,0.005973648439054594,0.005974042105823013,300x300
VCV000132973,8.437302803721816e-05,8.883680941655242e-05,0.00041168094205637495,5.856525036413491e-05,0.0001985444581433793,2.826403475422387e-07,0.005960181524416016,0.005960464164763558,300x300
VCV000132974,0.10107025358991704,8.867359591948944e-05,0.0003980965567517286,0.22225575660992605,1.9998651560639644,2.0449965056935915e-07,0.005970694634814945,0.005970899134465514,300x300
VCV000133282,0.17762560074374106,0.0003622042582445862,0.0015351397886241222,0.22359425660622387,1.999746937888525,2.9139249906337886e-06,0.006017285138852874,0.006020199063843508,300x300
VCV000133285,5.646268731254261e-05,6.066913851837914e-05,0.0002491463992292525,3.7042651706466044e-05,0.00013808687706273748,2.953248190735308e-07,0.0060345601158353565,0.00603485544065443,300x300
VCV000133419,0.00021895249583687277,0.00016534498500262926,0.0007527077603718402,0.0002166305157215905,0.0007768594264023765,1.1590136445383328e-06,0.006004565681153261,0.0060057246947978,300x300
VCV000133420,0.43223863765793274,0.00016450651959396125,0.0007467239066667464,0.44462857583472587,1.9999996557533577,1.5011775459771587e-06,0.0061366239968397955,0.006138125174385773,300x300
VCV000135358,0.8739733614584545,8.229370695916035e-05,0.0003531682958244284,0.6667189304214128,1.999999916244906,5.555391190794137e-07,0.005934417813394732,0.005934973352513811,300x300
VCV000135359,7.556479126238775e-05,8.075534282227362e-05,0.00035842456064346523,5.025678928411498e-05,0.0001783026015811373,7.135999166886509e-07,0.006128476706399168,0.006129190306315857,300x300
VCV000135360,1.8490502537839447e-05,2.6398293511308533e-05,0.0001090692302355839,4.950410687956344e-06,1.529196419491896e-05,1.5618761398140946e-06,0.006027345581076171,0.0060257837049363565,300x300
VCV000135361,0.17698923757219612,0.00018715170749786285,0.0008460500335645688,0.2224702987539104,1.9999457121881958,1.189093595819861e-06,0.006152965916650511,0.006154155010246331,300x300
VCV000135948,2.9599917626761956e-05,3.829182711060854e-05,0.00016823196658693335,1.2639992965450078e-05,4.544316746524224e-05,1.0821588646015012e-08,0.005921329617744491,0.005921340439333137,300x300
VCV000135950,7.591755177393852e-05,8.106691400738233e-05,0.0003605825914292371,5.0910416017174105e-05,0.0001762665955344911,6.965386012847824e-07,0.006137777969550907,0.006138474508152192,300x300
VCV000137691,7.474924768264193e-05,7.827158696443079e-05,0.00035805019439887065,4.999613182178465e-05,0.0001856104373362255,3.103503954521303e-08,0.0060505802230499586,0.006050611258089504,300x300
VCV000137692,0.8839248110769446,0.00016548120224760295,0.0007545950530268436,0.4446528154534555,1.9999979541464776,1.113905540472103e-06,0.006057106482667876,0.006058220388208348,300x300
VCV000140782,2.9399389908710063e-05,3.8385719036261534e-05,0.00016606867780594864,1.2258020757734597e-05,4.446588884909897e-05,1.0166985207546442e-07,0.006007211152675134,0.006007312822527209,300x300
VCV000140786,0.14141782141401762,3.891134159395748e-05,0.00017647642858836798,0.22222427385941707,1.999956324560602,6.52633799736943e-08,0.0061821282709822135,0.006182193534362187,300x300
VCV000140801,5.425980701480529e-05,6.081571477131418e-05,0.0002619534195312939,3.326321286499666e-05,0.0001200688604930944,4.1267464338280713e-07,0.0060083030899507235,0.006008715764594106,300x300
VCV000140821,0.7070668527799228,9.321895245043382e-05,0.0004007152089440802,0.22230611945030118,1.9999994117472104,3.9071639515268763e-07,0.005967323558572166,0.005967714274967319,300x300
VCV000140833,0.17677251965638288,3.79527076582857e-05,0.0001563217200376138,0.22223560188054994,1.9999975689630403,7.917443320838019e-08,0.0060059654064993214,0.00600604458093253,300x300
VCV000140943,0.25536374181191734,7.986566249303925e-05,0.00036630197193093794,0.4444822899196806,1.9999893334713361,8.050978862559482e-07,0.006159593164339809,0.006160398262226065,300x300
VCV000141056,2.9614360759350102e-05,3.8100605422437075e-05,0.0001614232830843415,1.2894605495349252e-05,4.669893271613823e-05,6.674829838154706e-08,0.006044187197623507,0.006044253945921889,300x300
VCV000141098,2.9531988724367914e-05,3.883096817197032e-05,0.0001760433923339369,1.1653647765095007e-05,4.307659516600282e-05,5.313834185345645e-08,0.0060860642180694206,0.006086117356411274,300x300
VCV000141101,3.0125544270583227e-05,3.913157302438954e-05,0.0001704286714306752,1.2450704264329223e-05,4.546845409914013e-05,1.3830203223885035e-07,0.006172992883498821,0.00617313118553106,300x300
VCV000141102,0.07864607399506279,9.008699189707723e-05,0.00036549000819375427,0.2222945510623115,1.9999816104548895,3.019429902226603e-07,0.0059834944578582225,0.005983796400848445,300x300
VCV000141114,3.071982187065553e-05,3.873143865150867e-05,0.0001599231322012007,1.4606391649753094e-05,5.0471256718864765e-05,1.6549525865602183e-07,0.006050597556944443,0.006050763052203099,300x300
VCV000141141,0.17683040157578858,8.940128430388864e-05,0.0003794757559316686,0.22228713788268742,1.999986994925028,5.731163429207806e-07,0.006047639686553787,0.006048212802896708,300x300
VCV000141159,1.9510020226381633e-05,2.7260991084526384e-05,0.00010838669305253401,5.642965492152423e-06,1.9834746316282903e-05,1.5066817218908207e-06,0.006042095919609049,0.006040589237887159,300x300
VCV000141193,0.079907267179244,0.0005177304429634835,0.0024172900636533906,0.22405281996780246,1.9995352129195747,4.606560644437006e-06,0.0061052440318485,0.006109850592492937,300x300
VCV000141224,0.24242858173237317,7.98817931170213e-05,0.0003568944770438384,0.44442997357971503,1.9998872704537831,6.721334932227249e-07,0.006021510883212774,0.006022183016705996,300x300
VCV000141228,0.7070612403621741,8.986763749540194e-05,0.0003880603985840225,0.22228977584747334,1.9999994021147187,4.6238309354528634e-07,0.006077326102821504,0.006077788485915049,300x300
VCV000141302,2.905938741801996e-05,3.880273143535057e-05,0.00017421431900255246,1.1597504416766608e-05,3.741238375754019e-05,1.927375245175736e-07,0.006059567573853157,0.0060597603113776745,300x300
VCV000141331,1.7995390023118802e-05,2.5672912545129665e-05,0.00010690485595868382,4.500904921742352e-06,1.564696281286526e-05,1.5029564316010324e-06,0.006085050220528149,0.006083547264096548,300x300
VCV000141332,3.5825100435468146e-05,4.629727297996919e-05,0.0001749352280835184,1.4899637605801806e-05,4.788951428180699e-05,3.3804791765620207e-06,0.006033673194330763,0.006030292715154201,300x300
VCV000141359,5.002943250260751e-05,6.0760365776289975e-05,0.0002852448265298485,2.482511008928946e-05,8.989920105484384e-05,4.96545241504727e-07,0.006213779421725746,0.006214275966967251,300x300
VCV000141377,0.17697720870845032,0.00018436348068142627,0.0008545156135067802,0.22244942196631948,1.9999419784332098,7.939573067015926e-07,0.0060859647538724256,0.006086758711179127,300x300
VCV000141425,0.10101109688491017,2.294612913813167e-05,9.225712010731135e-05,0.22222414431870144,1.999992490981421,1.5860230638811354e-06,0.0061416653346500994,0.006140079311586218,300x300
VCV000141464,2.9990966094909806e-05,3.856879576922324e-05,0.00017922991152713452,1.2683077619825135e-05,4.671725924954018e-05,4.7125865164192315e-08,0.005932183279637287,0.005932136153772123,300x300
VCV000141483,0.24243211753361193,8.99427644634029e-05,0.0003800025568934662,0.44442798562917546,1.9998532626238643,1.418148405218228e-07,0.005860640655644855,0.0058607824704853765,300x300
VCV000141547,0.08840039908999077,3.811029965545309e-05,0.0001786562365617972,0.22223320689827578,1.9999999556724868,5.188530206173825e-09,0.006129886972299814,0.006129881783769608,300x300
VCV000141566,0.2424232046645106,6.304425286981816e-05,0.00028797824808336064,0.4444381224120724,1.999940586455582,4.899184945592744e-07,0.0060905020074820985,0.006090991925976658,300x300
VCV000141583,1.6310877004545125e-05,2.3438074390386644e-05,9.323511194742062e-05,3.876609185438085e-06,1.3731418399220985e-05,1.6641288131781853e-06,0.00609270719201125,0.006091043063198072,300x300
VCV000141597,2.9479230663251646e-05,3.792661322654304e-05,0.00016795652827607949,1.2828052836015106e-05,4.575794914163378e-05,1.5394351303259224e-08,0.005909185786014205,0.005909201180365508,300x300
VCV000141756,0.10781618351727652,0.0012633781756493775,0.0058108215474089175,0.23602949842838386,1.981792911820047,1.410966171613761e-05,0.006009593265124735,0.006023702926840873,300x300
VCV000141762,0.17959169636310218,6.143332664892262e-05,0.0002918334763611988,0.4444540202847425,1.9999961269600417,6.196714297471845e-07,0.006266792824342256,0.006267412495772003,300x300
VCV000141764,0.17683406165482426,9.145641453633946e-05,0.0003965160193089151,0.22228989150632816,1.9999868260651523,5.563028673341575e-07,0.006124043099238077,0.006124599402105411,300x300
VCV000141781,0.17682523951650372,8.892018212407455e-05,0.0003928597787561938,0.22227980186940094,1.999989125880532,3.7029661381984824e-07,0.006015867558869677,0.006016237855483497,300x300
VCV000141881,0.31818531906721387,7.954595324476735e-05,0.0003397685050764848,0.4444560207587225,1.999988795124205,2.553338855262183e-07,0.005833079968764384,0.005833335302649911,300x300
VCV000141893,0.17676039910133007,2.5562990467306937e-05,0.00010404326969799815,0.2222263356447728,1.9999991710471279,1.4782957780869882e-06,0.006065524408121238,0.006064046112343151,300x300
VCV000141956,2.933585943541505e-05,3.8133595337185984e-05,0.00016916403976923594,1.2263564147198104e-05,4.4099767326555295e-05,1.1561116988138137e-07,0.005972320190041767,0.005972435801211648,300x300
VCV000141963,0.14143180972425387,6.137873155612004e-05,0.0002591871006137822,0.2222286706353288,1.9998698280362355,2.975044496901502e-07,0.0059904990913841214,0.005990796595833812,300x300
VCV000141967,0.8079951586505277,3.856042618037285e-05,0.00016162463485695777,0.4444525513777109,1.9999998752338493,9.904568699752037e-08,0.006075194292709401,0.006075293338396398,300x300
VCV000141988,0.17959450780595082,6.033277313325797e-05,0.00026927735177773027,0.4444600268221358,1.9999845668747738,2.863111907809926e-07,0.005920981035370792,0.005921267346561573,300x300
VCV000142003,1.807134605817847e-05,2.5603433542336202e-05,0.00010322178736942023,4.8782502285830516e-06,1.6923946411173674e-05,1.4087711865829605e-06,0.005971096634040543,0.00596968786285396,300x300
VCV000142012,7.924642629761301e-05,7.95355527647621e-05,0.0003398840061519734,5.900159875604771e-05,0.00020750662630764083,4.6198824773299035e-07,0.005873380283330124,0.005873842271577857,300x300
VCV000142050,5.742363085962508e-05,6.160851589682982e-05,0.0002559126637872791,3.771034398567272e-05,0.00014002405629243153,3.0765720750343395e-07,0.006046734397389842,0.006047042054597346,300x300
VCV000142105,1.9036361856572252e-05,2.680083033816286e-05,0.00010390477515706542,5.550046189727196e-06,1.92800933629389e-05,1.534773872219862e-06,0.005965503860466076,0.005963969086593856,300x300
VCV000142134,7.688169543069704e-05,7.8341015242191e-05,0.0003352619456203215,5.511496948197426e-05,0.00020123795818238754,3.5735200530108424e-07,0.005958053421775166,0.005958410773780467,300x300
VCV000142144,0.9847905085578721,8.921723610064337e-05,0.00035499620598450354,0.6667141872927539,1.9999994419329963,2.5116978165633935e-07,0.005854880716786775,0.005855131886568431,300x300
VCV000142158,0.07894389272690772,0.00021749627301656372,0.0009102130514453757,0.22268135130132535,1.9998989369444071,3.164171164544288e-07,0.0059389970007803754,0.00593931341789683,300x300
VCV000142161,4.550121588406843e-05,5.628339295226187e-05,0.00023138916505645313,2.0955853654111875e-05,7.2357554172231e-05,3.2990750067699026e-06,0.006121485111638241,0.006118186036631471,300x300
VCV000142183,7.230611547124905e-05,7.938552766635496e-05,0.0003622577320970405,4.6021013442507394e-05,0.0001619349767344458,6.238639868021839e-07,0.006050827136743952,0.006051451000730754,300x300
VCV000142241,0.1768153269223788,7.988415167133558e-05,0.00036474456494199614,0.22226819848314008,1.9999887214265455,5.782818084465804e-07,0.0061073801978189166,0.006107958479627363,300x300
VCV000142273,1.9270561538087043e-05,2.720482516346423e-05,0.00011247271836056782,5.173881903846538e-06,1.787156829713421e-05,1.556763974153684e-06,0.006115241183820685,0.006113684419846531,300x300
VCV000142320,0.848403174728648,6.14361246969707e-05,0.0002701811525332998,0.44445025658171783,1.9999997046936295,3.293182193287933e-07,0.006065580579534481,0.00606590989775381,300x300
VCV000142332,8.647630727558607e-05,8.913477451845128e-05,0.0004006397166186268,6.075792053133405e-05,0.00021569945001953528,4.778785405411268e-07,0.006085246208670414,0.006085724087210955,300x300
VCV000142337,0.16800992038259716,0.0007388458800676768,0.003159581558974195,0.4441556691855128,1.9999906049530103,6.784588276126727e-06,0.006017285138852874,0.006024069727129001,300x300
VCV000142381,0.10103469307062378,5.380301657123723e-05,0.0002160846850663145,0.22223209675010264,1.9999524539130826,3.206339503516835e-06,0.006067775792016216,0.006064569452512699,300x300
VCV000142386,2.9347348773638e-05,3.7741125456785575e-05,0.0001617593791171934,1.2592972860578674e-05,4.620864388615864e-05,1.254343037250527e-07,0.006064127192874728,0.006064252627178453,300x300
VCV000142431,0.14141735352176388,3.8299918108186875e-05,0.0001597206270324697,0.22222466392732299,1.9999401578853757,5.414363292606528e-08,0.0059875560743386435,0.0059875019307057175,300x300
VCV000142480,0.00034249692835821194,0.00021718754254452068,0.0009831040292298601,0.0003964586401413111,0.0012860443294816504,7.432725874162785e-07,0.006012567799612337,0.0060133110721997535,300x300
VCV000142536,1.8633580212065157e-05,2.711847201084035e-05,0.00011285675737099377,4.4793942223601375e-06,1.4456092379933061e-05,1.688772086210627e-06,0.006030434219347942,0.006028745447261731,300x300
VCV000142552,1.807134605817847e-05,2.5603433542336202e-05,0.00010322178736942023,4.8782502285830516e-06,1.6923946411173674e-05,1.4087711865829605e-06,0.005971096634040543,0.00596968786285396,300x300
VCV000142562,2.993622068742577e-05,3.912476527133106e-05,0.00017555207601716027,1.2100319683769653e-05,4.4746719030985815e-05,5.41739759397572e-08,0.0061041531811119746,0.006104207355087914,300x300
VCV000142624,0.17679325039644386,6.129425278616192e-05,0.0002711664588634921,0.22224853928104504,1.9999946108824733,5.706529532687951e-07,0.006112407536456294,0.0061129781894095625,300x300
VCV000142643,0.8082241392059565,0.0002087032053627312,0.0009298350582395976,0.4446638304468892,1.9999962236191977,1.1484929366457897e-06,0.0060038309371072945,0.00600497943004394,300x300
VCV000142657,6.010303628112626e-05,6.189380282138526e-05,0.00024890697189650784,4.2674393552581215e-05,0.00015794039637206936,1.902329500808389e-07,0.0058444179878487075,0.005844608220798788,300x300
VCV000142689,0.3535159105744791,3.905149503283491e-05,0.0001716717133977072,0.22223494776742822,1.9999999497151457,3.992585763910872e-08,0.006036155399850316,0.006036195325707955,300x300
VCV000142697,0.0003629634572058425,0.00021207652759967175,0.0008988564242305638,0.0004212246691123806,0.0015410225646914633,2.3705499402511265e-07,0.0060295429772894175,0.006029780032283443,300x300
VCV000142702,9.030355171109228e-05,8.886014906946295e-05,0.0003792524264801256,6.899290508408405e-05,0.00024104637270583318,4.2072100421477326e-07,0.006003869203892711,0.006004289924896926,300x300
VCV000142714,7.812127049640686e-05,7.986407167611271e-05,0.0003335801606446642,5.643106085710207e-05,0.00019896948381603607,7.117860598929854e-07,0.006067886598788735,0.006068598384848628,300x300
VCV000142766,0.07860848450822847,6.225188208499393e-05,0.00025879124176447776,0.2222561357647853,1.9999745923166519,2.8007912287845993e-07,0.005899442394554245,0.005899722473677123,300x300
VCV000142828,1.8676843439487332e-05,2.650821199916613e-05,0.00010639840266223055,5.06781983090744e-06,1.7507590485799085e-05,1.536996889415533e-06,0.005958856126389857,0.005957319129500442,300x300
VCV000142846,0.17676039910133007,2.5562990467306937e-05,0.00010404326969799815,0.2222263356447728,1.9999991710471279,1.4782957780869882e-06,0.006065524408121238,0.006064046112343151,300x300
VCV000142854,0.17677194225547357,3.843515884390428e-05,0.00016930567823124354,0.22223380346448263,1.9999978829391138,2.074141677707239e-07,0.006135880394789869,0.00613608780895764,300x300
VCV000142863,2.83077678732844e-05,3.795252563334318e-05,0.0001783642557496301,1.0690944169327526e-05,3.633022682347775e-05,1.619754946714097e-07,0.0060666220756883295,0.006066784051183001,300x300
VCV000142916,1.0251626751998222,9.109996007899476e-05,0.000411982215118227,0.6666756023990934,1.9999993553983708,4.96294818974792e-07,0.006145708348655803,0.0061462046434747775,300x300
VCV000142995,3.0199626568403308e-05,3.7769477779314034e-05,0.00016317175176579213,1.3897681166971961e-05,5.2321244195407957e-05,1.3911744475153531e-08,0.00601710901010704,0.006017095098362565,300x300
VCV000156515,0.2784846993462365,0.0004171763071166896,0.0018455716007947515,0.44528489963331896,1.9996529558643372,1.803918250022768e-06,0.006086896042701122,0.0060886999609511445,300x300
VCV000161397,7.948447798120586e-05,8.079691373034989e-05,0.0003402139867740295,6.0509185802100816e-05,0.0001900814182723698,7.079506525557722e-07,0.006001290072711435,0.006001998023363991,300x300
VCV000161515,7.975979993424197e-05,8.000663585658743e-05,0.00033946461027718755,5.870146854165043e-05,0.0002134236907086473,4.1760143026231544e-07,0.0059735416064321655,0.005973959207862428,300x300
VCV000161516,8.931154991149744e-05,8.965219399301398e-05,0.0003964375251508251,6.493001113135517e-05,0.00023667430573437453,4.0425864763615066e-07,0.006091479030098559,0.0060918832887461956,300x300
VCV000161517,8.763043403258258e-05,9.264917138564237e-05,0.0004256791624212414,5.906110055243897e-05,0.00021016492068337556,4.611815589607854e-07,0.006131710174342581,0.006132171355901541,300x300
VCV000161518,5.609636825037773e-05,6.22309765707321e-05,0.000267463754089807,3.459643174139357e-05,0.00012765625964428207,3.4237711064779436e-07,0.006089393163110915,0.0060897355402215626,300x300
VCV000165560,3.0956051833083574e-05,3.879354013452673e-05,0.00016203752884454137,1.4813347681768501e-05,5.208073537366076e-05,3.1932182304600376e-08,0.006012378192226104,0.006012410124408408,300x300
VCV000177791,7.576717856642019e-05,7.964587903799508e-05,0.00035716330780460187,5.1511581089600275e-05,0.00018731278342321023,3.7803975836206427e-07,0.005983473566283447,0.005983851606041809,300x300
VCV000177825,5.56213600307647e-05,6.137399206681627e-05,0.000260774893116697,3.483570465087935e-05,0.00012786340812120933,5.243587384053117e-07,0.0060564321362028975,0.006056956494941303,300x300
VCV000177879,1.8676843439487332e-05,2.650821199916613e-05,0.00010639840266223055,5.06781983090744e-06,1.7507590485799085e-05,1.536996889415533e-06,0.005958856126389857,0.005957319129500442,300x300
VCV000182922,3.0104251184243657e-05,3.8803751706557305e-05,0.00016791469191548836,1.3210138711262766e-05,4.598951775869331e-05,1.8896081930945552e-07,0.006008679788352251,0.00600886874917156,300x300
VCV000182923,2.976057014794504e-05,3.848522085485331e-05,0.0001735616943076626,1.223888955936836e-05,4.6436612932132526e-05,9.294925891814576e-08,0.006120084818817606,0.006119991869558688,300x300
VCV000182925,2.964041210039228e-05,3.866338363617788e-05,0.0001760487254109655,1.1943464013551717e-05,4.417057502381638e-05,1.3636130102682997e-08,0.006016619798838829,0.0060166061627087266,300x300
VCV000182926,5.133756966123809e-05,6.0294738582045725e-05,0.00027571697763371233,2.7748703607407183e-05,0.00010072766359614516,5.339221393852941e-07,0.006153827654639141,0.0061543615767785265,300x300
VCV000182928,0.11787206564192175,6.168037544931093e-05,0.0002727410505176525,0.22223457715575007,1.9999125871985455,4.451882261230153e-07,0.0060551115537752515,0.0060555567420013745,300x300
VCV000182929,0.07860709639928996,6.164904689798077e-05,0.00026091663155435735,0.22225511628481576,1.9999970025949256,3.9538626849140723e-07,0.006065929580831591,0.006066324967100082,300x300
VCV000182930,0.141431392659175,6.0587368250792626e-05,0.00027459430900127896,0.22222749782737866,1.9998798374989297,3.264802518020138e-07,0.006066338953863517,0.006066665434115319,300x300
VCV000182931,7.253677362872054e-05,7.921551275284496e-05,0.0003563856453985062,4.6640262756346575e-05,0.00016134438398629491,6.872567061225882e-07,0.006100665515485543,0.006101352772191666,300x300
VCV000182934,0.9623461712003083,7.925966987869324e-05,0.00031988213773031376,0.6667266280415588,1.999999545832291,3.6071514749984324e-07,0.005892164884385587,0.005892525599533087,300x300
VCV000182935,7.598770036570567e-05,7.944243631206009e-05,0.0003559462153272519,5.130724053513546e-05,0.00018874001112079153,5.05511266095035e-07,0.006144972967283897,0.006145478478549992,300x300
VCV000182936,7.296168169533688e-05,7.877689228987944e-05,0.00036159590331096003,4.7420210544811705e-05,0.0001678416470750621,6.813329083499645e-07,0.006056770266768499,0.006057451599676849,300x300
VCV000182937,0.14144481841674425,8.145790346889703e-05,0.0003474344437477406,0.2222330560942922,1.9998022955799115,6.222418529990351e-07,0.006164452865319182,0.006165075107172181,300x300
VCV000182939,1.5521424147749728e-05,2.2811109873765507e-05,9.00779217774747e-05,3.4304668980405454e-06,1.0967658163107963e-05,1.6967001217138913e-06,0.006020680427105502,0.006018983726983788,300x300
VCV000182940,0.07858267666589283,3.8891605784215086e-05,0.0001620603309865909,0.22223526029015567,1.9999959830181206,8.942068983278789e-08,0.006085245825043957,0.00608533524573379,300x300
VCV000182941,0.7858287311529137,0.00021863531219551405,0.0009807332351374903,0.4447321104559956,1.999996104582866,1.0930402052902397e-06,0.005970455149221851,0.005971548189427142,300x300
VCV000182942,0.0003613908377795228,0.00021614759076359126,0.0009159758891707642,0.0004198495891441192,0.0015063974835439753,1.527793504155911e-07,0.0059085928487142905,0.005908745628064706,300x300
VCV000182943,0.18962438028859963,0.00021423539387051458,0.0009637120484946443,0.44464433134047937,1.999998422371819,7.317177719559295e-07,0.006068304448939604,0.00606903616671156,300x300
VCV000182945,0.0884420616120835,7.82667497330275e-05,0.00034891386251034023,0.22226594189874838,1.9999997981553013,5.100778351571633e-07,0.006162892132452587,0.006163402210287744,300x300
VCV000182946,0.1767741391905925,4.014445924082704e-05,0.000171757572918943,0.22223957031898398,1.9999970626450838,1.864689582343343e-07,0.006123904236211739,0.006124090705169973,300x300
VCV000182947,0.10118663660935288,0.00016415433919431493,0.0007106766655526342,0.2223707222361374,1.9995550568123464,1.1595672402319249e-06,0.005958813382570229,0.005959972949810461,300x300
VCV000182948,0.00023106421356696086,0.00016505807450006718,0.000690480275595623,0.00023973177296824724,0.0008631546061093065,1.333130669270606e-06,0.006049841175863472,0.006051174306532742,300x300
VCV000182949,0.7072249713460357,0.00018130283628285218,0.0007950174622968695,0.2224892677081304,1.9999974147045512,1.118824973950737e-06,0.005935225497821516,0.005936344322795467,300x300
VCV000182950,0.48374391796506827,0.005590541011725464,0.033664683104518645,0.7858679251290498,1.9935040546780356,0.00015454339167053285,0.005807220768927007,0.00596176416059754,300x300
VCV000182951,0.10103443711930142,5.37250586707341e-05,0.00021745221521513036,0.22223149605201314,1.9999514356129482,3.2295313808321235e-06,0.006004512179020562,0.00600128264763973,300x300
VCV000182952,1.9212457184948138e-05,2.7245466956174256e-05,0.00011249469340546964,5.091458291454447e-06,1.759512703403132e-05,1.5419897722189144e-06,0.0060903137680449896,0.006088771778272771,300x300
VCV000182954,0.07947893523084681,0.00042879855302811195,0.001973162867842146,0.22331099537826202,1.9979122751212692,1.1304307593242718e-06,0.00599891628997366,0.006000046720732984,300x300
VCV000182955,0.2574164936338462,0.0009506866966441414,0.004585714871918445,0.4463847854895231,1.9975347443490343,1.2482670428388444e-05,0.006106482810350315,0.006118965480778704,300x300
VCV000182956,0.17986694982283935,0.00026436303259949,0.0010480549001334327,0.44467119933047194,1.9998762018844065,1.917345332030137e-05,0.005881802988126101,0.0058626295348058,300x300
VCV000182957,0.07954137061604862,0.0004105062524696399,0.0018635589903636812,0.22351488069834494,1.9996953956197383,1.6116822656141172e-06,0.006064127192874728,0.006065738875140342,300x300
VCV000182958,0.3575997615412948,0.0006778275906917001,0.0032165867674540105,0.6679023485349967,1.9989190199617046,5.569865032560746e-06,0.005888079986934428,0.005893649851966989,300x300
VCV000182962,0.17677777197679645,4.249802054232136e-05,0.00016427626631326797,0.22224674146569212,1.9999974342186762,1.251032763242496e-07,0.00594863440517107,0.005948759508447394,300x300
VCV000182963,0.07860667973061115,6.202244956503395e-05,0.0002671280108176785,0.22225388267398538,1.999999377681589,4.156744328898815e-07,0.006201873138470034,0.006202288812902924,300x300
VCV000182965,0.9623474390669347,8.058419017870251e-05,0.00032906021700022936,0.6667269731275339,1.999999511564034,3.764862049710979e-07,0.006042812944085828,0.006043189430290799,300x300
VCV000182966,0.1768121147276471,7.858266928753567e-05,0.0003615065437900314,0.2222644218975578,1.9999898031886096,4.6694953858682914e-07,0.005961357569209034,0.0059618245187476205,300x300
VCV000182967,8.007881274255797e-05,7.990758975326412e-05,0.00034685792044096553,5.8541726477666524e-05,0.00021617328075029807,4.985104489971248e-07,0.006016914157089621,0.006017412667538618,300x300
VCV000182968,0.17683040157578858,8.940128430388864e-05,0.0003794757559316686,0.22228713788268742,1.999986994925028,5.731163429207806e-07,0.006047639686553787,0.006048212802896708,300x300
VCV000182970,1.8814962470587634e-05,2.6559540475783365e-05,0.00010060555049586084,5.4367782143701264e-06,1.894095660559536e-05,1.5686944738841843e-06,0.005904364003183877,0.005902795308709993,300x300
VCV000183071,0.07862678365233519,7.943785415321344e-05,0.0003443937562764912,0.22227119937165465,1.9999914805537593,5.846525539879299e-07,0.006088442967942306,0.0060890276204962936,300x300
VCV000183721,2.9951610212559154e-05,3.87942740810787e-05,0.00017561498301685297,1.2179791034381024e-05,4.5302969468474785e-05,6.776343277302421e-08,0.006148033105710887,0.00614810086914366,300x300
VCV000183740,1.626229482467075e-05,2.3600611179917122e-05,9.25673160245416e-05,3.691294497879897e-06,1.2491831112404483e-05,1.665216911407759e-06,0.006140314013436175,0.006138648796524767,300x300
VCV000183748,1.0251453402596205,6.090842168822827e-05,0.000258145667422896,0.6666737052358367,1.999999714886988,3.558727919945534e-07,0.005972002496504807,0.005972358369296801,300x300
VCV000183752,0.17682524963479176,8.872770416295206e-05,0.0003887036393808718,0.22227753085987434,1.9999888282169642,4.982533986629817e-07,0.00613390609691347,0.006134404350312133,300x300
VCV000183835,3.017959141047864e-05,3.8591421523308687e-05,0.00016777185699720643,1.301749649234512e-05,4.833804400028452e-05,3.3093548569909648e-09,0.006128390914825779,0.006128394224180636,300x300
VCV000183836,0.1178533136217097,3.791490210265676e-05,0.0001640424572960722,0.2222261894638701,1.9999624234193494,1.5086831479504265e-07,0.006030237674725805,0.0060303885430406,300x300
VCV000183849,0.07864023971877483,8.794485308200878e-05,0.0003850820679006661,0.22228626676070254,1.9999952535896204,3.433209485341135e-07,0.005957196728392672,0.005957540049341206,300x300
VCV000183901,0.10102598651253501,4.0191308105151095e-05,0.00016260756605696036,0.2222342058721367,1.9999748394284915,5.87981446491595e-08,0.005952222103251036,0.005952280901395685,300x300
VCV000183903,7.51355890923732e-05,7.939616065221241e-05,0.0003531991444367111,5.1099859665374815e-05,0.00017974324924729945,6.564331683821603e-07,0.0060228288562491315,0.006023485289417514,300x300
VCV000183945,5.040294120115268e-05,5.929842473382124e-05,0.0002783454868907978,2.679531532759041e-05,9.88523680230946e-05,4.451434096174739e-07,0.006043471870941314,0.006043917014350931,300x300
VCV000183952,0.1767700511824824,3.739397610036277e-05,0.0001689912243596839,0.2222315569870895,1.9999978448176772,2.1102905508295355e-07,0.0061063172265665485,0.0061065282556216315,300x300
VCV000184014,0.17679685499336223,6.155236433390922e-05,0.00026280140860533013,0.22225468544337876,1.9999939353631877,5.108889926924015e-07,0.00606064901376038,0.006061159902753073,300x300
VCV000184042,0.7070289330062991,6.195691331694664e-05,0.00026152230780518426,0.2222603145291156,1.9999997137805396,2.7642731677962606e-07,0.005905639620122307,0.005905916047439086,300x300
VCV000184048,5.4599758099825025e-05,6.141435020001491e-05,0.0002729757590484855,3.380866276629183e-05,0.00011401763603180459,3.368979845791431e-07,0.00594313003944256,0.005943466937427139,300x300
VCV000184097,0.07858306149743303,3.96139783527624e-05,0.00016798316510258093,0.2222352102114225,1.9999984209946708,1.7139578035833825e-07,0.006170153076701981,0.006170324472482339,300x300
VCV000184112,0.10102366593993176,3.872808426264299e-05,0.00016711091826981939,0.2222311240881204,1.9999757502018862,7.974798991918636e-08,0.00587323358746775,0.005873313335457669,300x300
VCV000184179,0.7070556115916218,8.946467437869172e-05,0.0004063432474751827,0.22227887581884204,1.999999391606671,4.485406763787836e-07,0.006106691977919384,0.006107140518595763,300x300
VCV000184183,0.17677294195218124,3.903042052618567e-05,0.00016332879437141318,0.22223516537416396,1.999997309676342,7.453061565826369e-08,0.006101546681038478,0.006101621211654136,300x300
VCV000184190,9.212575638974847e-05,9.046380467080647e-05,0.00038938533765520145,7.251898328048462e-05,0.00023698060579624425,2.8029458861919543e-07,0.005962742491893631,0.00596302278648225,300x300
VCV000184317,0.14141786883562807,3.8958058552866076e-05,0.0001714197108228649,0.2222247475011573,1.9999528288461679,5.036563437230829e-08,0.005994096936424468,0.005994147302058841,300x300
VCV000184357,5.185901296298434e-05,6.055448340146815e-05,0.000279223088448341,2.8592670949111208e-05,0.00010414873724540197,3.564616389310424e-07,0.005991009031866724,0.005991365493505655,300x300
VCV000184372,0.2553251221003132,3.8600875731065826e-05,0.00016285337715457593,0.44445735109127416,1.9999981789460222,4.96819224848552e-08,0.006022774005115779,0.006022823687038264,300x300
VCV000184403,0.10102321755706276,3.808922933349782e-05,0.00015975763583418734,0.22223009770326188,1.999976504306169,1.5005585430813428e-07,0.006086896042701122,0.00608704609855543,300x300
VCV000184625,0.10102288447529197,3.8690635088852775e-05,0.00016893035145215674,0.22222899513185737,1.9999758212032601,2.421632170762633e-07,0.006141274735479239,0.006141516898696315,300x300
VCV000184650,0.10104238550164553,6.172598965291665e-05,0.00027532501066478143,0.22223772361215507,1.9999364589716406,4.0740143950404595e-07,0.006099645080446862,0.006100052481886366,300x300
VCV000184717,5.1279382859290706e-05,6.086889357808652e-05,0.00027816795375958103,2.7676820976867906e-05,9.768417236122318e-05,5.497483579596646e-07,0.006044555617281081,0.006045105365639041,300x300
VCV000184721,0.1964058064997004,3.944931902197121e-05,0.00015885409785353077,0.44444653337083967,1.9999844647124005,4.4961521985555086e-08,0.006001740347005695,0.006001785308527681,300x300
VCV000184745,1.8846850518883504e-05,2.6545781744333737e-05,0.00010355939979047463,5.296154413149247e-06,1.8395112767799482e-05,1.5859956423872404e-06,0.006038661211183891,0.006037075215541504,300x300
VCV000184839,2.8986698058741e-05,3.890059293626571e-05,0.00016849499049005623,1.2044845712747923e-05,3.7000737216907886e-05,1.8449253255583414e-07,0.005973384453967156,0.005973568946499712,300x300
VCV000184863,0.14143195226604516,6.0725663302115055e-05,0.00027010157424574993,0.22222920512078817,1.999896794374838,4.553874153071999e-07,0.006001797304807907,0.006002252692223214,300x300
VCV000184872,3.05377775692547e-05,3.9134961649515066e-05,0.00016884778245686988,1.3783407552758753e-05,4.7446640260573325e-05,7.331110704784927e-08,0.005974105704095426,0.005974179015202473,300x300
VCV000184873,7.365028290835558e-05,8.009420435639043e-05,0.00035985757317212597,4.698039046218621e-05,0.00016686418844258366,8.589629339403326e-07,0.006224279238126421,0.006225138201060361,300x300
VCV000184882,0.19643814345606925,7.944116314119637e-05,0.0003654736898685562,0.444460535867552,1.9999934641830235,7.367089730767398e-07,0.006100002911207699,0.006100739620180776,300x300
VCV000184979,0.1768214816907452,8.00539757345695e-05,0.0003377625695690917,0.2222790936035835,1.999988210542643,4.75369740268565e-07,0.006074190954825634,0.006074666324565902,300x300
VCV000185002,7.388675371578301e-05,7.966404799306228e-05,0.0003678532290786532,4.71985023207111e-05,0.00017111250767321007,7.409281288445549e-07,0.006195106805080824,0.006195847733209668,300x300
VCV000185003,0.10102351528031328,3.784588932722364e-05,0.00017319721973779734,0.22223024799983593,1.9999805837899935,5.5671126275753935e-08,0.006036849534345625,0.00603679386321935,300x300
VCV000185120,3.0956051833083574e-05,3.879354013452673e-05,0.00016203752884454137,1.4813347681768501e-05,5.208073537366076e-05,3.1932182304600376e-08,0.006012378192226104,0.006012410124408408,300x300
VCV000185157,0.9493831294794739,3.911981252935011e-05,0.00016211727939303283,0.6666649513926899,1.9999998771408887,1.432272480469607e-07,0.006062035562173915,0.006062178789421962,300x300
VCV000185212,8.604481201860172e-05,9.017755339452376e-05,0.0004064905606565722,5.964874837617441e-05,0.00020587346902667392,3.97352649261426e-07,0.006062757656849977,0.006063155009499239,300x300
VCV000185285,0.10499684305302308,0.0011236322503892756,0.005545170090796761,0.22753419324722143,1.982324027783338,1.1085160373435106e-05,0.005933715562452094,0.005944800722825529,300x300
VCV000185319,0.00010118252116064259,9.326746052564823e-05,0.0003654395757291401,8.871295012856538e-05,0.00027498167948547536,5.212875782908966e-07,0.006048351436775129,0.0060488727243534195,300x300
VCV000185404,5.286411978686197e-05,6.0420096414561353e-05,0.00027603433442330294,3.026161615784753e-05,0.00011345703595078138,3.2247841283417067e-07,0.006025665935828621,0.006025988414241455,300x300
VCV000185409,0.17679398287732143,5.9965547381727306e-05,0.00027003511761198445,0.2222507514175616,1.9999938386475948,4.861329667149583e-07,0.005994464191076302,0.005994950324043017,300x300
VCV000185487,0.0002574640337464479,0.00018352804253835684,0.0008002901304112256,0.0002676258138811906,0.0009528937508014312,9.70714741323729e-07,0.006050212817747824,0.006051183532489147,300x300
VCV000185498,0.11788670945222182,8.067696875182679e-05,0.0003512151137256697,0.2222379238809349,1.999791044520145,4.063344784688977e-07,0.0060216412123984524,0.006022047546876921,300x300
VCV000185581,2.9385621032335225e-05,3.8417914058267764e-05,0.00017710145867184252,1.1767804523153834e-05,4.237468184153936e-05,9.620012741008016e-08,0.0060449718168438926,0.006045068016971303,300x300
VCV000185593,0.30893877998065095,0.005650800595264361,0.033009655110147085,0.6385763238380057,1.983230049384911,0.00014397887340169419,0.005925057879796804,0.006069036753198498,300x300
VCV000185612,0.7105169046461447,0.0009124160169811268,0.004580608331530317,0.22763105664224317,1.9999239811590737,9.515657182908657e-06,0.005973648439054594,0.005983164096237502,300x300
VCV000185679,1.6851739423205284e-05,2.4324117174813255e-05,0.00010094818480066436,3.8287888638836405e-06,1.3337936685786644e-05,1.8347277193752481e-06,0.00595559073849314,0.005953756010773765,300x300
VCV000185722,0.8080433667894132,9.045797435274031e-05,0.0004015295312006298,0.44447942627553805,1.999999388434018,3.283590800217534e-07,0.006188222480722226,0.006188550839802248,300x300
VCV000185778,0.17681883537240733,7.897122579574502e-05,0.00033951892788047777,0.22227547396794847,1.9999892248915718,6.72730984215171e-07,0.0060968068129322464,0.006097479543916462,300x300
VCV000185814,9.76871850538656e-05,9.324228830063884e-05,0.0003898339715037863,8.53674579895072e-05,0.00024089925297854364,1.537264798330204e-07,0.0058417609829389365,0.0058419147094187695,300x300
VCV000185822,0.1768214816907452,8.00539757345695e-05,0.0003377625695690917,0.2222790936035835,1.999988210542643,4.75369740268565e-07,0.006074190954825634,0.006074666324565902,300x300
VCV000185834,3.076040709189049e-05,3.934410734413753e-05,0.00016018721742250275,1.473694812794937e-05,4.608384305204716e-05,1.5406178636122314e-07,0.006076102328850898,0.006076256390637259,300x300
VCV000185860,0.10268125900621933,0.0006731771529059072,0.003085006713909884,0.22431455693429708,1.99305303542817,7.52784080814816e-06,0.006059063878765029,0.006066591719573177,300x300
VCV000185901,0.3967423620162869,8.951369308511797e-05,0.00038740159783844097,0.666675147313716,1.9999884577100995,1.0525392104849401e-07,0.005889853508455047,0.005889958762376095,300x300
VCV000185918,5.270626998576962e-05,6.189586056025065e-05,0.0002901244161618438,2.828505977983367e-05,0.00010368646857839003,3.742753930998516e-07,0.006109262535294917,0.006109636810688017,300x300
VCV000186003,3.085844582502217e-05,3.935509987066983e-05,0.0001707196126831262,1.4240924643391414e-05,4.792587376734048e-05,8.697048720258949e-08,0.005969333821629819,0.005969420792117022,300x300
VCV000186048,0.1768175008394476,8.041338058635622e-05,0.0003637630773972861,0.22227110111119724,1.999992334704356,6.198007670397965e-07,0.006172336911821161,0.0061729567125882005,300x300
VCV000186063,0.07858306149743303,3.96139783527624e-05,0.00016798316510258093,0.2222352102114225,1.9999984209946708,1.7139578035833825e-07,0.006170153076701981,0.006170324472482339,300x300
VCV000186086,1.838772803754649e-05,2.6001976121990177e-05,0.00010153751869143579,5.108861992428635e-06,1.7691318036749948e-05,1.5183314532041248e-06,0.00598614510271611,0.005984626771262906,300x300
VCV000186132,3.0470748101789068e-05,3.8990406990738546e-05,0.00016799927584332935,1.3679939877972754e-05,4.8299800693096806e-05,1.0086417656565011e-07,0.0059987307095730556,0.005998831573749621,300x300
VCV000186179,5.3255819706987804e-05,6.013034084599973e-05,0.0002777166431609662,3.1149250848695585e-05,0.00011726394571065502,2.421696200845952e-07,0.005923353015618254,0.005923595185238339,300x300
VCV000186236,0.707117908415002,0.0001254910797542469,0.0005598737996451025,0.2223517290766423,1.9999987381885609,5.78174080938243e-07,0.006041767831664706,0.006042346005745644,300x300
VCV000186290,0.706999917789456,3.767917044438541e-05,0.00016922224769285593,0.2222331858400193,1.9999998764725642,1.8891865149681109e-07,0.006178286412233537,0.006178475330885034,300x300
VCV000186313,0.9493831294794739,3.911981252935011e-05,0.00016211727939303283,0.6666649513926899,1.9999998771408887,1.432272480469607e-07,0.006062035562173915,0.006062178789421962,300x300
VCV000186360,7.903392280778068e-05,7.982292665682692e-05,0.0003436935513845135,5.7226010577424466e-05,0.00020908445079681481,5.317490421310675e-07,0.005999911203979687,0.006000442953021818,300x300
VCV000186363,2.9599917626761956e-05,3.829182711060854e-05,0.00016823196658693335,1.2639992965450078e-05,4.544316746524224e-05,1.0821588646015012e-08,0.005921329617744491,0.005921340439333137,300x300
VCV000186451,0.17959320556857164,6.056360878723713e-05,0.0002822425591914868,0.44445747894501486,1.9999892458824942,3.7719524281082384e-07,0.0059866400405685204,0.005987017235811331,300x300
VCV000186490,0.07860169292121169,6.089541814528393e-05,0.00028637936185833823,0.2222454975032796,1.999994456979201,6.240357001289012e-07,0.006193627796956327,0.0061942518326564555,300x300
VCV000186498,5.26863124347349e-05,6.093972433302678e-05,0.00027553966323113493,2.949233067797399e-05,0.00010912152276942866,2.81233810945844e-07,0.0060901664073914836,0.006090447641202429,300x300
VCV000186509,8.85790955849868e-05,9.067192175949794e-05,0.0004168468134935488,6.221524764302464e-05,0.00022404003808818018,4.703451475527101e-07,0.006134971384231225,0.006135441729378778,300x300
VCV000186594,0.14143187471482496,6.141335548455849e-05,0.000276499720644148,0.22222746692754708,1.9998967184950445,4.6221346313140427e-07,0.00621658133418508,0.006217043547648212,300x300
VCV000186611,1.6740724704902133e-05,2.375746553232119e-05,9.404485705993837e-05,4.284888815949313e-06,1.5233631573630113e-05,1.674271267039333e-06,0.006005630679686028,0.006003956408418988,300x300
VCV000186737,0.10105827651215214,7.966379226728724e-05,0.0003641603632158971,0.222245280898211,1.9998897270173694,4.798680406552583e-07,0.0060103219770492305,0.006010801845089886,300x300
VCV000186762,1.6740724704902133e-05,2.375746553232119e-05,9.404485705993837e-05,4.284888815949313e-06,1.5233631573630113e-05,1.674271267039333e-06,0.006005630679686028,0.006003956408418988,300x300
VCV000186887,0.07857053557609572,2.5908937502747142e-05,0.0001012129348448021,0.2222270249750363,1.9999981802746578,1.562766841335314e-06,0.00587114671204843,0.005869583945207094,300x300
VCV000187052,5.259712137276441e-05,6.051965593187036e-05,0.000271455940528742,2.9880185517355213e-05,0.00010874165606566955,3.9725425476314774e-07,0.00605458785557303,0.006054985109827793,300x300
VCV000187075,3.0206237141449695e-05,3.912621640360525e-05,0.00016926658473061934,1.262739353057195e-05,4.5936460636331056e-05,1.7536549358054127e-07,0.0061672707905478736,0.006167446156041454,300x300
VCV000187153,0.17677255093698557,3.91113432235589e-05,0.00017830311094220452,0.22223395836846147,1.9999972859589332,8.046735921335424e-08,0.006177591373345091,0.006177671840704304,300x300
VCV000187180,0.255314582234525,2.7628193263348156e-05,0.00010934318263498832,0.44444951016036804,1.9999991429533468,1.6551537924697907e-06,0.005940070359459966,0.005938415205667496,300x300
VCV000187222,7.697379637747362e-05,8.011227134036993e-05,0.00033034839117297016,5.374788662250286e-05,0.00019183560209945494,8.408851848744001e-07,0.006210910593165811,0.006211751478350685,300x300
VCV000187254,0.8091211994418582,0.0006572664270098117,0.003244808393146059,0.44553584222344916,1.9999594926601423,7.3189192667660885e-06,0.006126009831200686,0.0061333287504674525,300x300
VCV000187457,0.31818501954235306,7.931919237998112e-05,0.00033252927444456237,0.444454161090911,1.999987816429336,2.486836739911194e-07,0.006130390761348434,0.006130639445022425,300x300
VCV000187675,3.010488078182251e-05,3.841293747116273e-05,0.00016832444434979055,1.314827577860969e-05,4.875490763478485e-05,3.424616311191453e-08,0.0060601837127690844,0.006060217958932196,300x300
VCV000187696,0.0786106103378657,6.195218022700347e-05,0.0002554125563482487,0.22226067057505153,1.999994845216353,1.9841024403999263e-07,0.005988230579490923,0.005988428989734963,300x300
VCV000187714,0.7855982352498501,8.035213619109622e-05,0.00036229146849539595,0.44449279667387764,1.9999995197668934,3.9366676841956494e-07,0.005973648439054594,0.005974042105823013,300x300
VCV000188060,7.774026210899526e-05,7.974529153880313e-05,0.00034926132385820763,5.53870344328633e-05,0.00019746212521853934,4.798725779147153e-07,0.0060559226772349635,0.006056402549812878,300x300
VCV000188151,1.8859195879919913e-05,2.6504248735423957e-05,0.00010377406432909853,5.368535473159062e-06,1.900911921925985e-05,1.4474640821476176e-06,0.0060558032904106315,0.006054355826328484,300x300
VCV000198096,0.2779055244759369,0.00016720906330442068,0.0007421304810089277,0.444550329439998,1.999956602101171,1.6686470536630624e-06,0.0061427691879547665,0.00614443783500843,300x300
VCV000198431,0.9634852319294797,0.0004483696185123122,0.0019442457783578476,0.6683836722613188,1.9999841095139668,3.0954713815039767e-06,0.005892164884385587,0.005895260355767091,300x300
VCV000215474,0.07876027889823,0.00016319452065226856,0.0007361865974582424,0.22241947818874955,1.9999738582285573,1.139341089778645e-06,0.006011756505778464,0.006012895846868243,300x300
VCV000215760,0.7070024077854422,3.875558456202627e-05,0.00015725044236249153,0.22223682898308883,1.9999998710574072,1.5400636788325678e-07,0.006166122035397438,0.006166276041765321,300x300
VCV000215761,0.0785825046454407,3.85487166229423e-05,0.00016487660846545293,0.2222351054308866,1.9999985792575625,7.558481457132366e-08,0.006123463745851546,0.006123539330666118,300x300
VCV000215762,0.3181602756433868,3.887078207813694e-05,0.00017227533930151695,0.4444461149026257,1.9999972554516803,9.218463638965835e-08,0.006118042505278976,0.006118134689915366,300x300
VCV000215763,0.0786064941403877,6.11481903892858e-05,0.0002793350623700175,0.22225329851905412,1.999997009670844,3.775627625771799e-07,0.006112744346374507,0.006113121909137084,300x300
VCV000215764,3.202008619072576e-05,3.9148347696398716e-05,0.000157923928219679,1.6266088290947974e-05,6.0250720782861755e-05,2.9824653898467834e-08,0.0059389970007803754,0.005939026825434274,300x300
VCV000215996,1.84444353993131e-05,2.65912071550861e-05,0.00011026713685491352,4.382503868965375e-06,1.5088475493918452e-05,1.5400359859715426e-06,0.006217000132006213,0.006215460096020241,300x300
VCV000215997,9.07296835227081e-05,9.08558178474711e-05,0.000398945874384965,6.693727929019122e-05,0.00023918479015971883,4.5036409524953913e-07,0.006086158185751991,0.006086608549847241,300x300
VCV000216077,0.14144283936153002,7.813809278577734e-05,0.00036940930729482957,0.22223094865380466,1.9998446346281757,6.929195500099752e-07,0.006037444816270308,0.006038137735820318,300x300
VCV000216078,0.2779081031918897,0.00016541983124992917,0.0007294984478534994,0.44455748675442686,1.9999554998341416,1.6565812879353742e-06,0.006192560388244677,0.006194216969532612,300x300
VCV000216079,9.587946940164991e-05,8.931957581458132e-05,0.00036860181693729177,7.744839581426256e-05,0.0002870507565019276,1.7368781664913596e-07,0.005983869874545858,0.005984043562362507,300x300
VCV000216463,0.17675889703717856,2.3724587029624318e-05,9.681676010350748e-05,0.22222532777026352,1.9999991801215244,1.5697527381286491e-06,0.006286697777762256,0.006285128025024127,300x300
VCV000216464,0.07858132622309551,3.80062144398154e-05,0.00015711248950833756,0.2222340872055575,1.9999990274184483,2.06198991517699e-07,0.006137777925373421,0.0061379841243649385,300x300
VCV000216465,1.0251453402596205,6.090842168822827e-05,0.000258145667422896,0.6666737052358367,1.999999714886988,3.558727919945534e-07,0.005972002496504807,0.005972358369296801,300x300
VCV000216466,0.07860385973524889,6.209699507797421e-05,0.0002730291707381677,0.2222485489188496,1.9999805321427284,4.76002319645466e-07,0.005968234239372852,0.005968710241692497,300x300
VCV000216469,7.230611547124905e-05,7.938552766635496e-05,0.0003622577320970405,4.6021013442507394e-05,0.0001619349767344458,6.238639868021839e-07,0.006050827136743952,0.006051451000730754,300x300
VCV000216471,0.08845983406786954,8.841931160186216e-05,0.0003899330537218554,0.22228712455382402,1.9999999163051494,1.9785820098202483e-07,0.005995845203355041,0.005996043061556023,300x300
VCV000216472,0.25538366423982456,8.963670220072647e-05,0.0003735661459013176,0.44450847867748144,1.9999868868878787,5.14345171311742e-07,0.006099437038654555,0.006099951383825867,300x300
VCV000216474,0.10124144348119721,0.00018872032546683515,0.0007916751355758617,0.22243766478483362,1.9994303735048362,8.418961486809928e-07,0.006022680807766216,0.006023522703914897,300x300
VCV000216475,9.115726475561257e-05,8.974166747165554e-05,0.0003764574414529265,6.969196880009705e-05,0.00024000610127861144,6.588647203003076e-07,0.006075912645605204,0.006076571510325504,300x300
VCV000218342,1.2035848483480054,0.0009214382117108943,0.004306223931486303,1.108389683742098,1.9999254851059667,1.0309907361311967e-05,0.006007006671210056,0.006017316578571368,300x300
VCV000219416,1.1919170831872692,0.005659200922923159,0.03445259051399824,1.0099836642551194,1.9989298033801324,0.00013056073406305258,0.005968133398736706,0.006098694132799758,300x300
VCV000219532,0.11787206564192175,6.168037544931093e-05,0.0002727410505176525,0.22223457715575007,1.9999125871985455,4.451882261230153e-07,0.0060551115537752515,0.0060555567420013745,300x300
VCV000219759,7.99738138083369e-05,7.936645099092586e-05,0.00033527537950028136,5.926820764506285e-05,0.00021889947330744342,5.06429787911801e-07,0.005989278680283015,0.005989785110070926,300x300
VCV000219796,0.0786240966068454,7.960212419385437e-05,0.000358559676947888,0.2222647474118681,1.9999645663340675,6.859235506364095e-07,0.006037117627139863,0.0060378035506905,300x300
VCV000219841,0.17677351982321676,3.927082987932533e-05,0.0001692808481862998,0.22223589859744702,1.9999975444695464,2.657581306235446e-08,0.005966584474627633,0.005966611050440695,300x300
VCV000220073,1.8830105756612863e-05,2.686919893954642e-05,0.00010858929833679892,5.13476220049331e-06,1.633833174452537e-05,1.6009084926171119e-06,0.0060149851590775814,0.006013384250584964,300x300
VCV000220778,5.352061684015414e-05,6.101744855385611e-05,0.00027816518826158376,3.063716881789179e-05,0.00011429380775174192,3.020673161142559e-07,0.006105148393611541,0.0061054504609276555,300x300
VCV000220903,1.8332017227271662e-05,2.616181933030552e-05,0.00010512773741741532,4.8803640004443e-06,1.6352715647149907e-05,1.4476982512293124e-06,0.00608890567993171,0.006087457981680481,300x300
VCV000220942,7.505551046240713e-05,7.836388415816738e-05,0.0003638733574956171,5.060058267082458e-05,0.00018594433305707536,6.243979168429892e-08,0.005944195698546609,0.005944258138338293,300x300
VCV000221184,0.9848751120303529,0.0001634786922551999,0.0007352622409861898,0.6667770311236331,1.9999979721079095,1.1290138288919116e-06,0.005985936163446672,0.005987065177275564,300x300
VCV000224042,0.00025869020314187973,0.00018649167791001618,0.0008431068537531616,0.000263203559692128,0.0009524353307139855,1.268565204555483e-06,0.006185387931110444,0.006186656496314999,300x300
VCV000224043,0.0014599756114309745,0.000507622191712821,0.002468888864703457,0.00211321951292403,0.006674601412903547,1.89449691416696e-05,0.006050828251954718,0.006031883282813048,300x300
VCV000224551,0.17677499056213897,3.9417684863738466e-05,0.0001492864710415584,0.22223858426945814,1.9999973806377565,7.203093390847903e-10,0.006107629981423129,0.00610762926111379,300x300
VCV000229689,0.0013120629914280721,0.00046189039799171723,0.0020415014687957533,0.00199995858038012,0.005666935456916544,5.158691887685064e-06,0.006001290072711435,0.00600644876459912,300x300
VCV000229693,3.0104251184243657e-05,3.8803751706557305e-05,0.00016791469191548836,1.3210138711262766e-05,4.598951775869331e-05,1.8896081930945552e-07,0.006008679788352251,0.00600886874917156,300x300
VCV000229927,2.973297449961558e-05,3.817967708738044e-05,0.00016365627093196944,1.2798747066265924e-05,4.7157844624057255e-05,5.5497695349883414e-08,0.0061136191628370475,0.006113674660532397,300x300
VCV000229963,3.0210452789635776e-05,3.895103462543281e-05,0.00017150613603178488,1.3072774061669476e-05,4.63308648054328e-05,7.44192309547198e-08,0.00599891628997366,0.005998990709204614,300x300
VCV000230006,5.4599758099825025e-05,6.141435020001491e-05,0.0002729757590484855,3.380866276629183e-05,0.00011401763603180459,3.368979845791431e-07,0.00594313003944256,0.005943466937427139,300x300
VCV000230208,8.309597323160833e-05,8.82958556828687e-05,0.00039896891620857383,5.586407235316473e-05,0.0001971839495761296,4.450888293995245e-07,0.006086795180407924,0.006087240269237323,300x300
VCV000230253,0.17681442783549078,8.059832025733542e-05,0.0003688031074941117,0.2222688645382554,1.9999887050327936,6.55340858689811e-07,0.006144946780646002,0.006145602121504692,300x300
VCV000230256,0.29742418125228004,8.159815738262825e-05,0.00032969466493548705,0.6666570415888362,1.999986563724455,4.187180822918385e-07,0.0059920332273515845,0.005992451945433876,300x300
VCV000230269,1.6310877004545125e-05,2.3438074390386644e-05,9.323511194742062e-05,3.876609185438085e-06,1.3731418399220985e-05,1.6641288131781853e-06,0.00609270719201125,0.006091043063198072,300x300
VCV000230285,2.8858493845950204e-05,3.7503458524516895e-05,0.00016290750372401075,1.2311431284106611e-05,4.2854363844657684e-05,1.817717976701841e-07,0.0060038309371072945,0.006004012708904965,300x300
VCV000230306,1.807134605817847e-05,2.5603433542336202e-05,0.00010322178736942023,4.8782502285830516e-06,1.6923946411173674e-05,1.4087711865829605e-06,0.005971096634040543,0.00596968786285396,300x300
VCV000230368,0.07858140533237325,3.811300414070106e-05,0.00016880804797964055,0.22223357413627542,1.999997788642279,1.738393745733327e-07,0.006139526697485507,0.00613970053686008,300x300
VCV000230382,9.318132113958147e-05,8.993786803614248e-05,0.00039072002496704644,7.319137254663883e-05,0.0002548378715047095,1.8187786641511716e-07,0.005957093281540935,0.00595727515940735,300x300
VCV000230431,2.910230718947107e-05,3.786810959894251e-05,0.00016845228418589653,1.2507686505773089e-05,4.25384138809104e-05,1.1437012565219257e-07,0.00594602204763801,0.0059461364177636625,300x300
VCV000230477,5.4254809269347796e-05,6.224861825841113e-05,0.00027600109170992926,3.202109008826337e-05,0.00011022797268545048,5.813606069413751e-07,0.0060462864839673815,0.006046867844574323,300x300
VCV000230534,1.8485386229106833e-05,2.699935693987765e-05,0.00011394841481585094,4.090568078226238e-06,1.3899142475626292e-05,1.6820546319311694e-06,0.0061770591541235875,0.006175377099491656,300x300
VCV000230550,0.18024529063740036,0.00042482181381111884,0.001964049823437522,0.44508283398451925,1.9995717109963316,8.639736862265171e-07,0.006031101110686803,0.00603196508437303,300x300
VCV000230629,0.14143607249806162,6.418112744451782e-05,0.00026274191991885326,0.222237424827691,1.9998739446824252,4.2480800828501725e-07,0.006017285138852874,0.006017709946861159,300x300
VCV000230648,0.00024541374468945126,0.00016842877644179297,0.0007158737241219904,0.00028651405851365386,0.0008128499918537146,1.1419382922065943e-06,0.005860642967408115,0.005861784905700321,300x300
VCV000230666,0.277765605703619,3.8871592314138784e-05,0.0001748647578121293,0.4444504541198021,1.999997009313146,6.599897377917996e-08,0.006175306313521549,0.006175372312495328,300x300
VCV000230695,0.707063316445581,9.103169358849639e-05,0.0003887967783081092,0.22229556100044812,1.9999994046238752,5.307462248756167e-07,0.00604123769385012,0.006041768440074996,300x300
VCV000230758,0.1767992098493041,6.115370570677373e-05,0.00025684951976008563,0.22225907101505793,1.999994666640183,2.7269837327582175e-07,0.005952564186740634,0.00595283688511391,300x300
VCV000230925,0.17957507209584042,3.84853035730509e-05,0.00017043997843615988,0.4444504402793098,1.9999961922636507,2.0366789355713566e-08,0.005916722651691445,0.005916702284902089,300x300
VCV000230970,1.6515489523979522e-05,2.3810865882003567e-05,9.709109369564206e-05,3.81720934264054e-06,1.280083104016061e-05,1.7342324853198213e-06,0.006091423093823483,0.006089688861338163,300x300
VCV000231008,8.730967290378811e-05,8.814871729570281e-05,0.000392314575380151,6.266261699842494e-05,0.00022664794332738492,5.032240708744903e-07,0.006123068095762409,0.0061235713198332835,300x300
VCV000231015,3.070169245250232e-05,3.867848483240786e-05,0.00015680516623158003,1.4340374529026651e-05,5.1856183303722325e-05,1.0849949278000232e-07,0.0060342642624286,0.00603437276192138,300x300
VCV000231033,7.34618676134224e-05,7.858199650127649e-05,0.0003585839451028666,4.8851346004420547e-05,0.0001728253450949957,6.234255699750363e-07,0.00600747125482422,0.006008094680394195,300x300
VCV000231060,8.555661363773235e-05,8.884334663017007e-05,0.00040420969916364624,5.95634455834684e-05,0.00020869767391751282,4.882572472979935e-07,0.006039361537032559,0.006039849794279857,300x300
VCV000231133,0.14141756043983955,3.857637374004985e-05,0.0001597693843638781,0.22222480681184809,1.9999498692651625,5.22307129291813e-08,0.006061342119666759,0.006061394350379688,300x300
VCV000231146,0.17678125157356986,4.783120661758296e-05,0.00018579367788861684,0.22223946458216912,1.9999971480550438,3.2672539323026425e-06,0.00598094998364809,0.005977682729715788,300x300
VCV000231165,7.864154955611789e-05,8.102307423585684e-05,0.0003491096854077169,5.6280089346389455e-05,0.00019683932397918102,5.21770170901735e-07,0.006005764682530302,0.006006286452701203,300x300
VCV000231170,2.977706365247785e-05,3.809549515274688e-05,0.00015957684509189385,1.3243330635730959e-05,4.784065802898585e-05,6.36781219715693e-08,0.006024790882344012,0.006024854560465983,300x300
VCV000231214,7.556479126238775e-05,8.075534282227362e-05,0.00035842456064346523,5.025678928411498e-05,0.0001783026015811373,7.135999166886509e-07,0.006128476706399168,0.006129190306315857,300x300
VCV000231294,0.0787496027397025,0.00016521620051579498,0.0007466389308902407,0.22239496955970706,1.9998594046207883,1.5359288634561943e-06,0.006064657114634574,0.00606619304349803,300x300
VCV000231331,0.38641734493459,0.0008858053149059073,0.004290896726572221,0.888271102319744,1.9999904935976787,8.84482959904228e-06,0.005958053421775166,0.005966898251374208,300x300
VCV000231387,3.259634707831958e-05,4.039118175513116e-05,0.0001619583866015184,1.757372365471552e-05,5.1608658800605944e-05,1.6404964303141922e-07,0.006085267581271601,0.006085431630914633,300x300
VCV000231467,2.7972859207559876e-05,3.780970621376354e-05,0.0001852208452408008,9.793202896747468e-06,3.478268332079981e-05,7.845263347901893e-08,0.005949042736224474,0.005949121188857953,300x300
VCV000231485,1.8728259010822777e-05,2.6486429786978525e-05,0.00010682240746601179,5.046484413770733e-06,1.789210486680126e-05,1.5336689669709705e-06,0.006048847092572433,0.006047313423605462,300x300
VCV000231540,0.7092093570556753,0.0006609132740177013,0.0032477559644313175,0.22554930360536846,1.9999609250439452,4.383778301248267e-06,0.005956538045216485,0.005960921823517733,300x300
VCV000231606,0.0795814953437559,0.000451133380171632,0.002173548970522368,0.22354961216567698,1.9996186186715716,3.883041538512745e-06,0.0060103219770492305,0.006014205018587743,300x300
VCV000231661,0.1768188431669173,8.145759374593544e-05,0.00035712686476402355,0.22227480597051189,1.9999880205832732,5.273005610059375e-07,0.006057109150729308,0.006057636451290314,300x300
VCV000231815,0.17682249458415988,8.874220571893231e-05,0.00041367291321251637,0.22227156906581852,1.999989432834971,4.458580623520336e-07,0.0061932199933699816,0.006193665851432334,300x300
VCV000231868,0.7855533644474137,3.8613063176333174e-05,0.0001646142904068032,0.44445649207485943,1.9999998705369075,1.7874430255533647e-07,0.006098954516620458,0.006099133260923014,300x300
VCV000231994,0.1414322998496678,6.179054867421735e-05,0.00026863568970443563,0.22222931393802714,1.999876787706303,3.177784658791108e-07,0.005888079986934428,0.0058883977654003074,300x300
VCV000232142,5.300647624495192e-05,6.125519270088045e-05,0.0002767225512283339,3.179869150109976e-05,0.00010228274263712755,4.0189155327882004e-07,0.005941057670446766,0.005941459562000045,300x300
VCV000232289,0.1768131383035366,7.928539370558243e-05,0.0003553527872045964,0.22226522523496361,1.9999890259191924,6.562040863918039e-07,0.006180561666777721,0.006181217870864113,300x300
VCV000232344,8.040558043522922e-05,7.996128622821958e-05,0.00033970604798405635,5.9579106936497655e-05,0.00021902579535870714,4.296119920574326e-07,0.0059912727558453375,0.005991702367837395,300x300
VCV000232468,0.0002604418708129592,0.00018838849824823602,0.0008546239641560177,0.0002637885643271338,0.000959112090962666,1.296894517020808e-06,0.006239010428849877,0.006240307323366898,300x300
VCV000232497,0.07863801985574179,9.558859050688167e-05,0.0003720513149561011,0.22226115503156907,1.999632041394701,2.6689057683326745e-07,0.005893004635659246,0.005893271526236079,300x300
VCV000232659,4.550121588406843e-05,5.628339295226187e-05,0.00023138916505645313,2.0955853654111875e-05,7.2357554172231e-05,3.2990750067699026e-06,0.006121485111638241,0.006118186036631471,300x300
VCV000232683,0.00010118252116064259,9.326746052564823e-05,0.0003654395757291401,8.871295012856538e-05,0.00027498167948547536,5.212875782908966e-07,0.006048351436775129,0.0060488727243534195,300x300
VCV000232750,0.17677194225547357,3.843515884390428e-05,0.00016930567823124354,0.22223380346448263,1.9999978829391138,2.074141677707239e-07,0.006135880394789869,0.00613608780895764,300x300
VCV000232776,0.24241074775992588,3.8059016681380245e-05,0.0001719035639320965,0.4444415049688761,1.999974683001093,1.3570712856496997e-07,0.0059148552157572845,0.0059149909228858495,300x300
VCV000233110,8.99180751032377e-05,8.913508740252332e-05,0.00038351938646316586,6.824702948649009e-05,0.00023599039441124514,4.1017093285310863e-07,0.005914521170217205,0.005914931341150058,300x300
VCV000233136,1.84444353993131e-05,2.65912071550861e-05,0.00011026713685491352,4.382503868965375e-06,1.5088475493918452e-05,1.5400359859715426e-06,0.006217000132006213,0.006215460096020241,300x300
VCV000233189,2.9614360759350102e-05,3.8100605422437075e-05,0.0001614232830843415,1.2894605495349252e-05,4.669893271613823e-05,6.674829838154706e-08,0.006044187197623507,0.006044253945921889,300x300
VCV000233248,0.17677225385324724,3.91073428498276e-05,0.00017480754575349006,0.2222336753130234,1.9999975836339847,2.010100322909908e-07,0.0060847399476978686,0.0060849409577301596,300x300
VCV000233303,8.931154991149744e-05,8.965219399301398e-05,0.0003964375251508251,6.493001113135517e-05,0.00023667430573437453,4.0425864763615066e-07,0.006091479030098559,0.0060918832887461956,300x300
VCV000233323,0.1414511787375233,8.964112516044607e-05,0.0003686895851278127,0.2222382312671313,1.9997462099975842,5.14873756228898e-07,0.0060463294510677825,0.0060468443248240114,300x300
VCV000233627,2.9665050870511848e-05,3.9412986195205504e-05,0.0001734930355405187,1.189903059538465e-05,4.11519474446953e-05,2.0043098664275505e-07,0.006063808089341691,0.0060640085203283334,300x300
VCV000233650,0.1767725963140913,3.797508850145384e-05,0.0001611230942143993,0.2222355231625483,1.9999976533202355,4.181434550085822e-08,0.005971992231188513,0.005972034045534014,300x300
VCV000233700,0.7070009382935538,3.8387938003425045e-05,0.00016520908963454928,0.22223511336575838,1.9999998846133615,7.0281339207591e-08,0.005960699828512829,0.005960770109852037,300x300
VCV000233767,0.08844293859806378,7.895981337256994e-05,0.00036564528848549716,0.222266646424914,1.9999999273316271,6.654108647505957e-07,0.006099610049726362,0.006100275460591113,300x300
VCV000233908,0.47314825473364197,0.0011495630609026158,0.005564807210820005,0.8837055888529544,1.9958077298628412,1.622881658428811e-05,0.00608760313214779,0.006103831948732078,300x300
VCV000233916,0.2553517373221166,6.100440319887082e-05,0.00026135158726804664,0.44448099359982607,1.9999961038269136,1.0342774388934911e-07,0.00590614047539287,0.005906243903136759,300x300
VCV000233946,0.07961656883158191,0.0004483525925975914,0.0020719447806189506,0.22363059503923097,1.9996754449945788,3.83568669566018e-06,0.005955298702355714,0.005959134389051374,300x300
VCV000233951,0.07860494443127149,6.075072084612762e-05,0.00027021457800247006,0.22225156130531654,1.9999965917683071,4.0137789843706917e-07,0.0061267452493790325,0.0061271466272774695,300x300
VCV000233956,0.17957683810585218,3.8707130583714266e-05,0.00017069209524507578,0.444453221374236,1.9999981743513073,8.429463677073201e-08,0.0059571147770846895,0.005957030482447919,300x300
VCV000234036,0.1178875565150689,8.124895378019093e-05,0.00034127890697885355,0.2222399489018325,1.9998132082727031,3.522102178903086e-07,0.006096271522956925,0.006096623733174815,300x300
VCV000234055,5.638230450786524e-05,6.251789678069264e-05,0.0002649568642500433,3.66014049508386e-05,0.00012154431495925433,4.644568698261922e-07,0.006049557095187452,0.006050021552057278,300x300
VCV000234059,1.8164162172776473e-05,2.6302765899386582e-05,0.00011081926529415975,4.159768265177277e-06,1.4358791410318261e-05,1.5309108451913925e-06,0.006209146012961979,0.006207615102116788,300x300
VCV000234061,8.239990982212272e-05,8.040197772725806e-05,0.0003278078361817552,6.268591954900544e-05,0.0002299775074645627,5.77144168142571e-07,0.006069079044365225,0.006069656188533367,300x300
VCV000234067,0.17682189784711624,8.900346563275344e-05,0.00041360381836740706,0.22227107773199295,1.9999900640195503,3.453803363090077e-07,0.006062177497897751,0.00606252287823406,300x300
VCV000234239,2.913894637835256e-05,3.8446475947626794e-05,0.0001763189610317767,1.1347743951913477e-05,4.0634314612875144e-05,1.1096080795511276e-07,0.006093898200665105,0.00609400916147306,300x300
VCV000237937,0.277838173889164,0.00012286331424232123,0.0005038232983157059,0.4444839650992702,1.999979840094627,1.019212432964555e-05,0.005992496275068693,0.005982304150739047,300x300
VCV000237938,1.8633580212065157e-05,2.711847201084035e-05,0.00011285675737099377,4.4793942223601375e-06,1.4456092379933061e-05,1.688772086210627e-06,0.006030434219347942,0.006028745447261731,300x300
VCV000237939,0.10103140248427515,5.149855910125997e-05,0.00022034884365521035,0.2222283543986244,1.9999557466168645,2.9883251806599523e-06,0.006076277684857613,0.006073289359676953,300x300
VCV000237941,3.092256321115382e-05,3.8871344656091306e-05,0.00016110838844859976,1.4335926971864588e-05,5.2023500132780676e-05,1.6909497285982206e-07,0.006141521932011677,0.0061416910269845365,300x300
VCV000237944,0.3182695903693494,0.00021430604004624601,0.0009331681676316844,0.44450465113391757,1.9999305497873272,4.1519742627511846e-07,0.006022774005115779,0.006023189202542054,300x300
VCV000237945,0.2553274784618173,3.930184614823884e-05,0.0001540557326737066,0.4444607860407431,1.9999991354536881,2.3788520307245486e-08,0.006060565625011421,0.006060589413531728,300x300
VCV000237948,5.56213600307647e-05,6.137399206681627e-05,0.000260774893116697,3.483570465087935e-05,0.00012786340812120933,5.243587384053117e-07,0.0060564321362028975,0.006056956494941303,300x300
VCV000237949,3.0008212520951668e-05,3.856127026933294e-05,0.00016711125588866893,1.2926789911703472e-05,4.72526003765239e-05,8.251490458879157e-08,0.006099599129040785,0.006099681643945374,300x300
VCV000237951,0.36833307275228294,0.0009105657708724127,0.00449220715357071,0.669482144664097,1.9999891947760067,1.2767890914755498e-05,0.006088654822781835,0.00610142271369659,300x300
VCV000237952,0.8080330950321188,8.008937738667218e-05,0.00035571752325001815,0.4444736899898434,1.999999508188342,4.531410443490286e-07,0.0059805888993925554,0.0059810420404369045,300x300
VCV000237953,0.11799300565153541,0.00017176132245739196,0.0007796033924425474,0.2223458846250591,1.9993720194239697,1.4059211037274755e-06,0.006069501703258616,0.0060709076243623435,300x300
VCV000237954,0.17681442783549078,8.059832025733542e-05,0.0003688031074941117,0.2222688645382554,1.9999887050327936,6.55340858689811e-07,0.006144946780646002,0.006145602121504692,300x300
VCV000237955,0.29462773721690594,7.958878101722836e-05,0.0003276089030296095,0.444460714272937,1.9999874450902033,3.5042712516909075e-07,0.005914705025729189,0.005915055452854358,300x300
VCV000237956,0.35635100511509976,9.276258390477859e-05,0.00041072126299987466,0.6666660112312311,1.9999872565970334,2.016727115488129e-07,0.005993258387276533,0.005993460059988082,300x300
VCV000237957,7.236282594234454e-05,7.879101407374499e-05,0.0003761183003861898,4.515462277966521e-05,0.00016311500489296638,2.406101739065025e-07,0.006025945715121467,0.006026186325295373,300x300
VCV000245673,0.10105715999270934,7.98819518327358e-05,0.00035397958305112553,0.2222430916155238,1.9998839467433416,7.963287274254452e-07,0.006129806723982032,0.0061306030527094576,300x300
VCV000245698,0.10458037698398434,0.0011007922774895853,0.005686347726245877,0.2265936091358126,1.9858480520801667,1.1913904915950013e-05,0.0061490731611474215,0.0061609870660633715,300x300
VCV000245711,5.541849223374259e-05,6.105220758792004e-05,0.00026647935479052337,3.497853292305169e-05,0.00012678134937371688,2.951184027068926e-07,0.00594571810920678,0.005946013227609487,300x300
VCV000245777,0.10106613833162413,8.89394502090589e-05,0.0003798387592857527,0.22224881717643097,1.9998539446501415,5.583818686316633e-07,0.006163397687793032,0.0061639560696616635,300x300
VCV000246049,0.1795752135864464,3.931502687785255e-05,0.00017629864679503948,0.44444947417002223,1.999983217334817,6.598081304931558e-08,0.005971949399678718,0.005972015380491767,300x300
VCV000246069,0.25538703480289093,9.150204032566329e-05,0.00038760460384047735,0.4445122316507856,1.9999875300008703,3.3758916199479183e-07,0.006055533804827052,0.006055871393989047,300x300
VCV000246118,0.14143180972425387,6.137873155612004e-05,0.0002591871006137822,0.2222286706353288,1.9998698280362355,2.975044496901502e-07,0.0059904990913841214,0.005990796595833812,300x300
VCV000246221,0.17675889703717856,2.3724587029624318e-05,9.681676010350748e-05,0.22222532777026352,1.9999991801215244,1.5697527381286491e-06,0.006286697777762256,0.006285128025024127,300x300
VCV000246337,0.17681432569334293,7.819196658837428e-05,0.0003485148985690606,0.22226873589299803,1.9999909075621638,4.0497032835831726e-07,0.005995896779848045,0.0059963017501764035,300x300
VCV000246343,1.0253232490149555,0.0003497374983798373,0.0015073631510041721,0.6668228470318458,1.9999897772989732,3.3230132491400208e-06,0.006126426093590528,0.006129749106839668,300x300
VCV000246388,7.658357320005385e-05,7.942752955114379e-05,0.0003400604000831642,5.3549161702415304e-05,0.0001901143505961267,6.864197729557209e-07,0.0061183208855056705,0.006119007305278626,300x300
VCV000246416,5.806965691281267e-05,6.063282068000957e-05,0.0002452888016080748,4.0274340676179264e-05,0.000150185265128,1.0026333898110334e-07,0.00581294367141181,0.005813043934750791,300x300
VCV000254052,0.5737816149616775,0.0005015404025227896,0.002393960224982554,0.6668818530150369,1.9999601355538985,1.7858716580724382e-05,0.006161391707855955,0.0061435329912752305,300x300
VCV000256601,1.908376065676917e-05,2.7333784307756227e-05,0.00011402258737776283,4.8893495164298925e-06,1.6570021729833684e-05,1.6535646666943765e-06,0.006003809698695857,0.006002156134029163,300x300
VCV000256602,0.785679188036122,0.0001226439408677155,0.0005220337269841724,0.44459053519782227,1.999998744652727,6.246728583942859e-07,0.005967001198219759,0.005967625871078153,300x300
VCV000256603,0.00022923866421213513,0.00016454107847870502,0.0007439583543679615,0.00023319108072776076,0.0008614675344924549,1.2463361361474481e-06,0.00603140649758548,0.006032652833721628,300x300
VCV000256604,0.0786278046213907,7.724131579580924e-05,0.0003326381982901999,0.222273035639946,1.9999657606545083,8.667925376158042e-08,0.005970793920875658,0.00597088060012942,300x300
VCV000261001,0.22982870954514206,9.706048855976978e-05,0.0004075011305512896,0.444460631575031,1.9999986534153353,5.2540579806581444e-06,0.005927149276715062,0.005921895218734404,300x300
VCV000261002,7.368646925805358e-05,7.180591417830517e-05,0.0002882950408992502,5.066823982185436e-05,0.00019870480408945568,7.046905632173556e-06,0.005998105243343866,0.0059910583377116924,300x300
VCV000261003,7.178012476112017e-05,7.184748561968652e-05,0.0002824178359860166,4.8213927987989573e-05,0.0001807047631949832,6.76627224418299e-06,0.006084777536156819,0.006078011263912636,300x300
VCV000265333,5.204272604921352e-05,6.155191556100854e-05,0.00027230027498387904,2.835300678002047e-05,0.00010097960100508008,6.503954024699235e-07,0.006210882801600254,0.006211533197002724,300x300
VCV000265337,0.07863064216180085,8.217653800033541e-05,0.0003374811902635694,0.22227271771664028,1.999913411629009,4.85191167583221e-07,0.00593059783848399,0.005931083029651573,300x300
VCV000265351,0.00034249692835821194,0.00021718754254452068,0.0009831040292298601,0.0003964586401413111,0.0012860443294816504,7.432725874162785e-07,0.006012567799612337,0.0060133110721997535,300x300
VCV000265357,8.705000739007307e-05,7.946422399007384e-05,0.000308145946750181,7.208771538700119e-05,0.00026887564632394056,2.6809956716646044e-07,0.005913295010945447,0.005913563110512613,300x300
VCV000267321,0.35832529299025984,0.0011079424194417587,0.005690638347495669,0.6681919956903681,1.9960836410971392,1.2645227193280179e-05,0.005917225571830834,0.0059298707990241145,300x300
VCV000279962,0.2983517725219182,0.0011124979773218812,0.005694587684411563,0.6658794515689335,1.995877975634904,1.2901052926716887e-05,0.005988229477957586,0.006001130530884303,300x300
VCV000280704,0.1417102153614944,0.0004279745590159737,0.0018161771507096344,0.22251319171298586,1.993077006731065,5.196202130745148e-07,0.006060565625011421,0.006061085245224495,300x300
VCV000325620,6.254628202599142e-05,7.184798902237111e-05,0.0002879135421706147,3.402229940041579e-05,0.00011406606666941599,5.734572263651691e-06,0.006091501198875079,0.006085766626611427,300x300
VCV000325622,5.664168882760103e-05,6.702061679035537e-05,0.0002738583908614284,2.9025111664064223e-05,9.644252723817193e-05,5.7474824317295045e-06,0.005860005322777245,0.005854257840345515,300x300
VCV000325623,6.053982113726846e-05,6.971769313916692e-05,0.00027059952306634355,3.392450782164275e-05,0.00010638348785330098,5.685760664312853e-06,0.006015503161941566,0.006009817401277253,300x300
VCV000325627,0.07861571760867946,7.168679530228614e-05,0.00028070862243829986,0.22225720956517384,1.99998888283387,5.85140612028006e-06,0.005942911134251597,0.005937059728131317,300x300
VCV000325628,6.307624317078644e-05,7.054284557311824e-05,0.00026824776558714847,3.6544560366058576e-05,0.00012429924380974455,5.572862437844793e-06,0.006046750436002245,0.0060411775735644,300x300
VCV000325633,5.920765959212807e-05,7.16235177227861e-05,0.00029585520662918363,2.870230590991242e-05,9.428683227352685e-05,6.6890960853096745e-06,0.006083225610072709,0.006076536513987399,300x300
VCV000325634,7.063383046961898e-05,7.499221599641326e-05,0.00027176946735525676,4.7418126022331146e-05,0.00015393577491895627,4.873316645950636e-06,0.006013565016997903,0.006008691700351953,300x300
VCV000325637,6.601929781779098e-05,7.352226852975554e-05,0.00029060870890203205,3.906148870005646e-05,0.00013375840757068325,5.189262377781889e-06,0.00598321214096797,0.005978022878590188,300x300
VCV000325642,5.848972425385611e-05,6.962396843256677e-05,0.0002889804279740671,2.9552222929218885e-05,0.00010012087578847861,5.1034927569838795e-06,0.006014065803962821,0.006008962311205837,300x300
VCV000325650,0.38301119923094074,9.353798230002972e-05,0.00041361487294554883,0.6666827767097705,1.9999985534366558,6.0691469139576015e-06,0.006000278692361197,0.00599420954544724,300x300
VCV000369233,0.00012504617960282737,0.0001220918127331413,0.0004995637605769085,9.20644434518768e-05,0.0003001718516261187,1.0451089574516938e-05,0.006036983498414465,0.006026532408839948,300x300
VCV000369235,0.16809346007673315,0.0004210974532389518,0.0018779628905565976,0.4459785600348719,1.9999677120307096,2.5206271350563386e-05,0.006165352847265234,0.006140146575914671,300x300
VCV000369236,1.0378146637923873,0.00042776857245478494,0.0019903039543554824,0.8886308498174793,1.9999648878342802,2.3923827213250502e-05,0.006067695110616078,0.006043771283402827,300x300
VCV000371863,0.07879434409851979,0.00018408032339899705,0.0008550388238247886,0.2224557941401314,1.9999612901876143,1.2312702539398618e-06,0.0061250128953291875,0.006126244165583127,300x300
VCV000371934,7.643130111374002e-05,8.104164624203482e-05,0.0003429823675803745,5.183543587553944e-05,0.0001824673104305896,4.5629928041752976e-07,0.0061672417283188275,0.006167698027599245,300x300
VCV000371949,0.3181852706924829,7.938490951623745e-05,0.000317046749800598,0.44445563417508954,1.9999896494200735,2.579254810477355e-07,0.005982725368997974,0.005982983294479022,300x300
VCV000371962,0.00024362220217797188,0.00018380151135673095,0.0008321734561790445,0.0002403991296151912,0.0008692992703882574,1.1225856078548452e-06,0.006144013445205883,0.006145136030813738,300x300
VCV000371964,0.00021741552703051698,0.00016617156603208219,0.0007631863824466775,0.00021425267604292654,0.0007555104497541931,1.2197138028685953e-06,0.006068074565096626,0.006069294278899495,300x300
VCV000372008,0.00027221370732538147,0.00018486764169764672,0.0008074269338456883,0.000291675937691021,0.0010492444299933235,8.603348084180659e-07,0.005973729788134653,0.005974590122943071,300x300
VCV000372044,0.219993752432536,7.836666070754727e-05,0.00032991734326046074,0.4444502905821815,1.9999689590593177,2.2172396591316201e-07,0.006048229682565831,0.006048451406531744,300x300
VCV000372058,0.3182181178909953,0.00012972012028785498,0.0005609694099679707,0.44447431893196715,1.9999719555044237,9.016664397143784e-07,0.00602136923259308,0.006022270899032794,300x300
VCV000372074,0.3370867386607733,0.005824476842718675,0.03462952775520116,0.48636771590513106,1.9924923861153494,0.00013775742927661042,0.006073343638190035,0.006211101067466645,300x300
VCV000372539,0.17002662241048927,0.0008915291660819404,0.00452381010247286,0.4488737683483037,1.999988885856719,1.2767256715320342e-05,0.00605216001593852,0.00606492727265384,300x300
VCV000372785,0.1670092369396102,8.059247763593942e-05,0.0003297224642416774,0.4445109429183031,1.9999999152455734,3.4328447503281095e-07,0.005977955872262975,0.005978299156738007,300x300
VCV000376015,0.1768153269223788,7.988415167133558e-05,0.00036474456494199614,0.22226819848314008,1.9999887214265455,5.782818084465804e-07,0.0061073801978189166,0.006107958479627363,300x300
VCV000376016,0.07860614866894222,6.099080806956869e-05,0.0002684601540968168,0.22225345572069222,1.9999945746169474,4.016731341869792e-07,0.006067120728598069,0.006067522401732256,300x300
VCV000376017,0.07860614866894222,6.099080806956869e-05,0.0002684601540968168,0.22225345572069222,1.9999945746169474,4.016731341869792e-07,0.006067120728598069,0.006067522401732256,300x300
VCV000376559,0.17959169636310218,6.143332664892262e-05,0.0002918334763611988,0.4444540202847425,1.9999961269600417,6.196714297471845e-07,0.006266792824342256,0.006267412495772003,300x300
VCV000376560,5.6732213951337487e-05,6.186020295428571e-05,0.0002587105373693249,3.636589184876884e-05,0.0001350530727818322,2.9349218164803625e-07,0.0060474886918651695,0.0060477821840468175,300x300
VCV000376561,0.07860437576923116,6.180442764259787e-05,0.0002843895330087026,0.22224906388370666,1.9999904989861217,3.9413267986700834e-07,0.00613599491714324,0.006136389049823107,300x300
VCV000376562,5.6732213951337487e-05,6.186020295428571e-05,0.0002587105373693249,3.636589184876884e-05,0.0001350530727818322,2.9349218164803625e-07,0.0060474886918651695,0.0060477821840468175,300x300
VCV000376563,5.6732213951337487e-05,6.186020295428571e-05,0.0002587105373693249,3.636589184876884e-05,0.0001350530727818322,2.9349218164803625e-07,0.0060474886918651695,0.0060477821840468175,300x300
VCV000376564,5.148378491509667e-05,6.154758475034416e-05,0.00027452209700955243,2.7422666995007778e-05,9.923120066102076e-05,4.077342894617114e-07,0.006084638813819876,0.006085046548109338,300x300
VCV000376565,0.07860809205480863,6.179757653560264e-05,0.000263707624888157,0.22225616716260785,1.9999985038577166,3.250427184501095e-07,0.006178837929872004,0.006179162972590454,300x300
VCV000376568,5.425980701480529e-05,6.081571477131418e-05,0.0002619534195312939,3.326321286499666e-05,0.0001200688604930944,4.1267464338280713e-07,0.0060083030899507235,0.006008715764594106,300x300
VCV000376569,0.17959320556857164,6.056360878723713e-05,0.0002822425591914868,0.44445747894501486,1.9999892458824942,3.7719524281082384e-07,0.0059866400405685204,0.005987017235811331,300x300
VCV000376570,0.10104386267817128,6.151543982162234e-05,0.0002680549245617364,0.22224035739526704,1.9999438080027332,5.721437274014071e-07,0.006288366338963057,0.006288938482690459,300x300
VCV000376571,0.10104386267817128,6.151543982162234e-05,0.0002680549245617364,0.22224035739526704,1.9999438080027332,5.721437274014071e-07,0.006288366338963057,0.006288938482690459,300x300
VCV000376572,0.10104277286869917,6.0770834236925894e-05,0.000268799980630334,0.22223960268837464,1.9999382393506213,3.713548105185177e-07,0.005999058357957078,0.005999429712767596,300x300
VCV000376573,0.10104386267817128,6.151543982162234e-05,0.0002680549245617364,0.22224035739526704,1.9999438080027332,5.721437274014071e-07,0.006288366338963057,0.006288938482690459,300x300
VCV000376574,7.598770036570567e-05,7.944243631206009e-05,0.0003559462153272519,5.130724053513546e-05,0.00018874001112079153,5.05511266095035e-07,0.006144972967283897,0.006145478478549992,300x300
VCV000376575,7.598770036570567e-05,7.944243631206009e-05,0.0003559462153272519,5.130724053513546e-05,0.00018874001112079153,5.05511266095035e-07,0.006144972967283897,0.006145478478549992,300x300
VCV000376576,0.707045906111851,8.035400267723925e-05,0.00035193333525875004,0.22227150789155223,1.9999995203274312,5.134875337119149e-07,0.006105681780680038,0.00610619526821375,300x300
VCV000376577,0.707045906111851,8.035400267723925e-05,0.00035193333525875004,0.22227150789155223,1.9999995203274312,5.134875337119149e-07,0.006105681780680038,0.00610619526821375,300x300
VCV000376578,0.17681210101087752,7.987653176412636e-05,0.0003710761181439093,0.22226234624896024,1.9999910955577345,6.300284128013534e-07,0.006186384474242439,0.006187014502655241,300x300
VCV000376579,0.7070545308647556,8.363171061210465e-05,0.00036122995873139746,0.2222889597384092,1.99999953789094,3.8506470298287077e-07,0.005936751725475655,0.005937136790178638,300x300
VCV000376580,0.10106679352147026,8.112502956072654e-05,0.00033176208320611494,0.22225996306607015,1.9998806830886293,3.927071041427005e-07,0.005916955642311883,0.005917348349416026,300x300
VCV000376581,0.7070545308647556,8.363171061210465e-05,0.00036122995873139746,0.2222889597384092,1.99999953789094,3.8506470298287077e-07,0.005936751725475655,0.005937136790178638,300x300
VCV000376582,9.07296835227081e-05,9.08558178474711e-05,0.000398945874384965,6.693727929019122e-05,0.00023918479015971883,4.5036409524953913e-07,0.006086158185751991,0.006086608549847241,300x300
VCV000376583,9.07296835227081e-05,9.08558178474711e-05,0.000398945874384965,6.693727929019122e-05,0.00023918479015971883,4.5036409524953913e-07,0.006086158185751991,0.006086608549847241,300x300
VCV000376584,0.8837976036281245,8.913405717000491e-05,0.00040330600727922494,0.44450103760362936,1.9999993974995105,4.604499519974062e-07,0.006077478494137758,0.006077938944089756,300x300
VCV000376585,9.284142257134693e-05,8.956269561142384e-05,0.0003819353138923287,7.152329487741188e-05,0.000261835406709765,3.0877753010201403e-07,0.006002160453403992,0.006002469230934094,300x300
VCV000376586,9.284142257134693e-05,8.956269561142384e-05,0.0003819353138923287,7.152329487741188e-05,0.000261835406709765,3.0877753010201403e-07,0.006002160453403992,0.006002469230934094,300x300
VCV000376587,9.1796819629369e-05,8.955348073535269e-05,0.0003806354547050417,6.954880224604072e-05,0.00025447901447017696,3.7398053322028335e-07,0.006111954265492125,0.006112328246025345,300x300
VCV000376588,9.284142257134693e-05,8.956269561142384e-05,0.0003819353138923287,7.152329487741188e-05,0.000261835406709765,3.0877753010201403e-07,0.006002160453403992,0.006002469230934094,300x300
VCV000376589,0.17683040157578858,8.940128430388864e-05,0.0003794757559316686,0.22228713788268742,1.999986994925028,5.731163429207806e-07,0.006047639686553787,0.006048212802896708,300x300
VCV000376590,9.183738404849241e-05,9.051930023920289e-05,0.0003893845031999743,7.055780581070407e-05,0.00024368891696036066,3.114511794117744e-07,0.005993369578564045,0.005993681029743457,300x300
VCV000376591,0.17682524963479176,8.872770416295206e-05,0.0003887036393808718,0.22227753085987434,1.9999888282169642,4.982533986629817e-07,0.00613390609691347,0.006134404350312133,300x300
VCV000376592,9.183738404849241e-05,9.051930023920289e-05,0.0003893845031999743,7.055780581070407e-05,0.00024368891696036066,3.114511794117744e-07,0.005993369578564045,0.005993681029743457,300x300
VCV000376593,9.183738404849241e-05,9.051930023920289e-05,0.0003893845031999743,7.055780581070407e-05,0.00024368891696036066,3.114511794117744e-07,0.005993369578564045,0.005993681029743457,300x300
VCV000376594,8.412870903072368e-05,8.985995022077191e-05,0.0004149801401434061,5.716498448779836e-05,0.00019139635686116208,3.585660382308259e-07,0.0060588255305358395,0.00605918409657407,300x300
VCV000376596,8.548984691585988e-05,8.878744392099346e-05,0.00040777700693232083,5.9631697822514087e-05,0.00021255292683264315,2.9487885930615243e-07,0.005917225571830834,0.0059175204506901405,300x300
VCV000376597,8.412870903072368e-05,8.985995022077191e-05,0.0004149801401434061,5.716498448779836e-05,0.00019139635686116208,3.585660382308259e-07,0.0060588255305358395,0.00605918409657407,300x300
VCV000376598,8.548984691585988e-05,8.878744392099346e-05,0.00040777700693232083,5.9631697822514087e-05,0.00021255292683264315,2.9487885930615243e-07,0.005917225571830834,0.0059175204506901405,300x300
VCV000376599,0.36617306584237835,8.071478463632472e-05,0.0003428902609584686,0.6666907886555413,1.999999893991963,6.760501483600925e-07,0.006121539451064219,0.006122215501212579,300x300
VCV000376600,0.36617306584237835,8.071478463632472e-05,0.0003428902609584686,0.6666907886555413,1.999999893991963,6.760501483600925e-07,0.006121539451064219,0.006122215501212579,300x300
VCV000376601,0.1670092369396102,8.059247763593942e-05,0.0003297224642416774,0.4445109429183031,1.9999999152455734,3.4328447503281095e-07,0.005977955872262975,0.005978299156738007,300x300
VCV000376603,8.705000739007307e-05,7.946422399007384e-05,0.000308145946750181,7.208771538700119e-05,0.00026887564632394056,2.6809956716646044e-07,0.005913295010945447,0.005913563110512613,300x300
VCV000376604,0.7070480028017807,8.050596888288134e-05,0.0003431832608121535,0.22227513660598186,1.9999995098416528,7.805266784436174e-07,0.006158584763797062,0.006159365290475506,300x300
VCV000376605,9.016923345898067e-05,9.067514012884033e-05,0.0004045585929103729,6.496024150839632e-05,0.00023724195206187293,4.080562353778183e-07,0.006117479675120269,0.006117887731355647,300x300
VCV000376606,5.326417497221086e-05,6.137734945509873e-05,0.0002757770291500622,3.067987054988169e-05,0.00011028588970052322,3.6568369113799265e-07,0.006064935538472921,0.006065301222164059,300x300
VCV000376607,5.638230450786524e-05,6.251789678069264e-05,0.0002649568642500433,3.66014049508386e-05,0.00012154431495925433,4.644568698261922e-07,0.006049557095187452,0.006050021552057278,300x300
VCV000376608,5.326417497221086e-05,6.137734945509873e-05,0.0002757770291500622,3.067987054988169e-05,0.00011028588970052322,3.6568369113799265e-07,0.006064935538472921,0.006065301222164059,300x300
VCV000376609,0.07860346642794867,6.135246882763538e-05,0.00026833494456676016,0.222249143235063,1.9999974995077354,5.296228404510703e-07,0.006167349248032473,0.006167878870872924,300x300
VCV000376610,0.07860346642794867,6.135246882763538e-05,0.00026833494456676016,0.222249143235063,1.9999974995077354,5.296228404510703e-07,0.006167349248032473,0.006167878870872924,300x300
VCV000376611,5.326417497221086e-05,6.137734945509873e-05,0.0002757770291500622,3.067987054988169e-05,0.00011028588970052322,3.6568369113799265e-07,0.006064935538472921,0.006065301222164059,300x300
VCV000376612,0.1768214816907452,8.00539757345695e-05,0.0003377625695690917,0.2222790936035835,1.999988210542643,4.75369740268565e-07,0.006074190954825634,0.006074666324565902,300x300
VCV000376613,0.29742418125228004,8.159815738262825e-05,0.00032969466493548705,0.6666570415888362,1.999986563724455,4.187180822918385e-07,0.0059920332273515845,0.005992451945433876,300x300
VCV000376615,7.521607095533481e-05,8.030500656565917e-05,0.00035712027093083576,4.9957728482263875e-05,0.00018082872362568114,5.064910686405563e-07,0.006040971767703281,0.006041478258771922,300x300
VCV000376616,7.521607095533481e-05,8.030500656565917e-05,0.00035712027093083576,4.9957728482263875e-05,0.00018082872362568114,5.064910686405563e-07,0.006040971767703281,0.006041478258771922,300x300
VCV000376617,0.17961801414622347,8.186441272346649e-05,0.0003353523655053453,0.4444777490483774,1.9999841580023578,6.934744365182446e-07,0.0061547064030534095,0.006155399877489928,300x300
VCV000376618,0.14144283936153002,7.813809278577734e-05,0.00036940930729482957,0.22223094865380466,1.9998446346281757,6.929195500099752e-07,0.006037444816270308,0.006038137735820318,300x300
VCV000376619,0.14144283936153002,7.813809278577734e-05,0.00036940930729482957,0.22223094865380466,1.9998446346281757,6.929195500099752e-07,0.006037444816270308,0.006038137735820318,300x300
VCV000376621,0.7070470036547187,8.023954238960284e-05,0.0003612746893235097,0.22227337292317506,1.9999995222664186,5.007576678456305e-07,0.006001438530275635,0.00600193928794348,300x300
VCV000376624,5.382826760152785e-05,6.153675759122982e-05,0.0002805399882914797,3.0868817533780124e-05,0.00011427622436299689,3.372724030926977e-07,0.0060829216644016785,0.006083258936804771,300x300
VCV000376625,0.7070275546383067,6.282588570744084e-05,0.00025736456537054503,0.22225710564703421,1.9999996918644622,4.950501824004319e-07,0.006126426093590528,0.006126921143772928,300x300
VCV000376626,5.345753944875801e-05,6.078834165830388e-05,0.00026223326345629905,3.1741384077404395e-05,0.00011375023461612788,4.170000018283507e-07,0.00604138422118149,0.0060418012211833185,300x300
VCV000376627,0.7070275546383067,6.282588570744084e-05,0.00025736456537054503,0.22225710564703421,1.9999996918644622,4.950501824004319e-07,0.006126426093590528,0.006126921143772928,300x300
VCV000376628,5.345753944875801e-05,6.078834165830388e-05,0.00026223326345629905,3.1741384077404395e-05,0.00011375023461612788,4.170000018283507e-07,0.00604138422118149,0.0060418012211833185,300x300
VCV000376629,0.7070275546383067,6.282588570744084e-05,0.00025736456537054503,0.22225710564703421,1.9999996918644622,4.950501824004319e-07,0.006126426093590528,0.006126921143772928,300x300
VCV000376630,0.07858157779893155,3.854851916453634e-05,0.00016707128476721456,0.222233667155613,1.999997307672064,1.7159867530137235e-07,0.0061195988530093155,0.006119770451684617,300x300
VCV000376631,0.07858157779893155,3.854851916453634e-05,0.00016707128476721456,0.222233667155613,1.999997307672064,1.7159867530137235e-07,0.0061195988530093155,0.006119770451684617,300x300
VCV000376632,0.07858157779893155,3.854851916453634e-05,0.00016707128476721456,0.222233667155613,1.999997307672064,1.7159867530137235e-07,0.0061195988530093155,0.006119770451684617,300x300
VCV000376633,0.7070487034910642,7.949314507995931e-05,0.00034224139754868155,0.2222771011739374,1.99999952152934,6.257775491194661e-07,0.0060658428537434805,0.0060664686312926,300x300
VCV000376634,0.7070487034910642,7.949314507995931e-05,0.00034224139754868155,0.2222771011739374,1.99999952152934,6.257775491194661e-07,0.0060658428537434805,0.0060664686312926,300x300
VCV000376636,7.991802206531324e-05,7.981231114635655e-05,0.0003475785804265691,5.86389947548153e-05,0.0002177346465151997,3.238699589520888e-07,0.005951863642959885,0.005952187512918837,300x300
VCV000376637,0.17960984981568717,8.185730679176198e-05,0.0003329249299246356,0.4444609547215972,1.9999129608806783,6.25935215521102e-07,0.005962367237386796,0.005962993172602317,300x300
VCV000376638,0.17960984981568717,8.185730679176198e-05,0.0003329249299246356,0.4444609547215972,1.9999129608806783,6.25935215521102e-07,0.005962367237386796,0.005962993172602317,300x300
VCV000376640,5.16377563628393e-05,6.0217317726837844e-05,0.0002772420286960772,2.948532061944034e-05,0.00010019157521923283,3.631125805357918e-07,0.005946867678661036,0.005947230791241572,300x300
VCV000376641,5.416512467192933e-05,6.129629514564821e-05,0.00026289280356723427,3.2431997343546686e-05,0.00011792887181183431,4.6695140930568674e-07,0.006069659301829279,0.006070126253238585,300x300
VCV000376642,9.152950521599644e-05,9.011622919009224e-05,0.0003823580327985132,7.058866649843775e-05,0.00024384464777649217,3.561416312483634e-07,0.005979623331816117,0.005979979473447365,300x300
VCV000376643,9.152950521599644e-05,9.011622919009224e-05,0.0003823580327985132,7.058866649843775e-05,0.00024384464777649217,3.561416312483634e-07,0.005979623331816117,0.005979979473447365,300x300
VCV000376644,0.07863801985574179,9.558859050688167e-05,0.0003720513149561011,0.22226115503156907,1.999632041394701,2.6689057683326745e-07,0.005893004635659246,0.005893271526236079,300x300
VCV000376645,9.152950521599644e-05,9.011622919009224e-05,0.0003823580327985132,7.058866649843775e-05,0.00024384464777649217,3.561416312483634e-07,0.005979623331816117,0.005979979473447365,300x300
VCV000376646,0.07863801985574179,9.558859050688167e-05,0.0003720513149561011,0.22226115503156907,1.999632041394701,2.6689057683326745e-07,0.005893004635659246,0.005893271526236079,300x300
VCV000376649,0.1767982061431234,6.140897484944111e-05,0.00025859473428445356,0.2222569133475064,1.9999943027785818,4.159825261031494e-07,0.006050591588034214,0.0060510075705603175,300x300
VCV000376650,7.556479126238775e-05,8.075534282227362e-05,0.00035842456064346523,5.025678928411498e-05,0.0001783026015811373,7.135999166886509e-07,0.006128476706399168,0.006129190306315857,300x300
VCV000376651,8.517152010459282e-05,8.149110613964447e-05,0.00033840491282230434,6.65735627789241e-05,0.0002460436038957958,3.581104487228662e-07,0.005969232691334236,0.005969590801782959,300x300
VCV000376652,7.311655597230943e-05,7.977909384058882e-05,0.0003701142094378884,4.631146584921364e-05,0.00016844980602115367,6.083214155235689e-07,0.006105042100770138,0.006105650422185661,300x300
VCV000376653,0.1768153269223788,7.988415167133558e-05,0.00036474456494199614,0.22226819848314008,1.9999887214265455,5.782818084465804e-07,0.0061073801978189166,0.006107958479627363,300x300
VCV000376654,0.31818531906721387,7.954595324476735e-05,0.0003397685050764848,0.4444560207587225,1.999988795124205,2.553338855262183e-07,0.005833079968764384,0.005833335302649911,300x300
VCV000376655,8.555661363773235e-05,8.884334663017007e-05,0.00040420969916364624,5.95634455834684e-05,0.00020869767391751282,4.882572472979935e-07,0.006039361537032559,0.006039849794279857,300x300
VCV000376656,9.55662775095275e-05,9.490245658375958e-05,0.00041355860959291224,8.107510698541887e-05,0.00020950138540121177,3.435954996876267e-07,0.006009593265124735,0.006009936860624423,300x300
VCV000376657,8.763043403258258e-05,9.264917138564237e-05,0.0004256791624212414,5.906110055243897e-05,0.00021016492068337556,4.611815589607854e-07,0.006131710174342581,0.006132171355901541,300x300
VCV000376658,8.982821061768447e-05,8.876819751627645e-05,0.00038732069662923696,6.707755243678331e-05,0.00024561125007094287,2.0422609905458577e-07,0.005957047285709236,0.00595725151180829,300x300
VCV000376659,0.35635100511509976,9.276258390477859e-05,0.00041072126299987466,0.6666660112312311,1.9999872565970334,2.016727115488129e-07,0.005993258387276533,0.005993460059988082,300x300
VCV000376660,7.924642629761301e-05,7.95355527647621e-05,0.0003398840061519734,5.900159875604771e-05,0.00020750662630764083,4.6198824773299035e-07,0.005873380283330124,0.005873842271577857,300x300
VCV000376661,0.07863306182547335,8.132165554052646e-05,0.00033951966478151796,0.2222804682686742,1.9999901651571261,6.560545632687542e-07,0.006029106705371421,0.00602976275993469,300x300
VCV000376662,7.924642629761301e-05,7.95355527647621e-05,0.0003398840061519734,5.900159875604771e-05,0.00020750662630764083,4.6198824773299035e-07,0.005873380283330124,0.005873842271577857,300x300
VCV000376663,7.576717856642019e-05,7.964587903799508e-05,0.00035716330780460187,5.1511581089600275e-05,0.00018731278342321023,3.7803975836206427e-07,0.005983473566283447,0.005983851606041809,300x300
VCV000376665,7.309185183916107e-05,7.902101522403192e-05,0.0003499731644708015,4.794751329217917e-05,0.00016950291266915052,6.29324924696778e-07,0.006077401725924723,0.0060780310508494195,300x300
VCV000376666,0.16697432892402517,6.132784799243418e-05,0.00027911776492187124,0.4444701297426427,1.9999999428652133,5.362375649102177e-07,0.006079084410816746,0.0060796206483816565,300x300
VCV000376667,1.0251453402596205,6.090842168822827e-05,0.000258145667422896,0.6666737052358367,1.999999714886988,3.558727919945534e-07,0.005972002496504807,0.005972358369296801,300x300
VCV000376668,0.07860494443127149,6.075072084612762e-05,0.00027021457800247006,0.22225156130531654,1.9999965917683071,4.0137789843706917e-07,0.0061267452493790325,0.0061271466272774695,300x300
VCV000376669,0.07860614866894222,6.099080806956869e-05,0.0002684601540968168,0.22225345572069222,1.9999945746169474,4.016731341869792e-07,0.006067120728598069,0.006067522401732256,300x300
VCV000376670,0.9623474390669347,8.058419017870251e-05,0.00032906021700022936,0.6667269731275339,1.999999511564034,3.764862049710979e-07,0.006042812944085828,0.006043189430290799,300x300
VCV000376671,0.17681930103164722,8.020623335183372e-05,0.00035206534365195274,0.22227585524492768,1.9999864004845396,5.181394610318316e-07,0.0060282703101903245,0.006028788449651356,300x300
VCV000376673,0.1414511787375233,8.964112516044607e-05,0.0003686895851278127,0.2222382312671313,1.9997462099975842,5.14873756228898e-07,0.0060463294510677825,0.0060468443248240114,300x300
VCV000376674,0.17683355379295557,8.882513725448815e-05,0.0003794252804003584,0.22229342230030202,1.9999886131471054,4.3870852841580016e-07,0.00590165395844306,0.005902092666971476,300x300
VCV000376675,8.563690670042186e-05,9.015731932379893e-05,0.00040914931106222907,5.803749530693588e-05,0.00020647692156727793,6.548611651167532e-07,0.006173402209990278,0.006174057071155395,300x300
VCV000376676,8.563690670042186e-05,9.015731932379893e-05,0.00040914931106222907,5.803749530693588e-05,0.00020647692156727793,6.548611651167532e-07,0.006173402209990278,0.006174057071155395,300x300
VCV000376677,8.563690670042186e-05,9.015731932379893e-05,0.00040914931106222907,5.803749530693588e-05,0.00020647692156727793,6.548611651167532e-07,0.006173402209990278,0.006174057071155395,300x300
VCV000376678,0.17683355379295557,8.882513725448815e-05,0.0003794252804003584,0.22229342230030202,1.9999886131471054,4.3870852841580016e-07,0.00590165395844306,0.005902092666971476,300x300
VCV000376679,5.259712137276441e-05,6.051965593187036e-05,0.000271455940528742,2.9880185517355213e-05,0.00010874165606566955,3.9725425476314774e-07,0.00605458785557303,0.006054985109827793,300x300
VCV000376680,5.259712137276441e-05,6.051965593187036e-05,0.000271455940528742,2.9880185517355213e-05,0.00010874165606566955,3.9725425476314774e-07,0.00605458785557303,0.006054985109827793,300x300
VCV000376681,0.1768139285464019,7.900052942140055e-05,0.0003497994233774976,0.22226741785804022,1.9999904210155677,7.230431948879873e-07,0.006065922378962156,0.006066645422157044,300x300
VCV000376684,7.496506852620837e-05,8.00623535021954e-05,0.00035161195306590565,5.065466518689505e-05,0.00017338136888966904,6.788577337386859e-07,0.006176488874199034,0.006177167731932773,300x300
VCV000376685,7.496506852620837e-05,8.00623535021954e-05,0.00035161195306590565,5.065466518689505e-05,0.00017338136888966904,6.788577337386859e-07,0.006176488874199034,0.006177167731932773,300x300
VCV000376686,7.496506852620837e-05,8.00623535021954e-05,0.00035161195306590565,5.065466518689505e-05,0.00017338136888966904,6.788577337386859e-07,0.006176488874199034,0.006177167731932773,300x300
VCV000376687,0.1414443596746812,8.009449518790469e-05,0.00036468369091140207,0.22223181587161234,1.9998223840407974,7.77337689734231e-07,0.0062076953527752336,0.006208472690464968,300x300
VCV000376688,0.1414443596746812,8.009449518790469e-05,0.00036468369091140207,0.22223181587161234,1.9998223840407974,7.77337689734231e-07,0.0062076953527752336,0.006208472690464968,300x300
VCV000376689,0.1414443596746812,8.009449518790469e-05,0.00036468369091140207,0.22223181587161234,1.9998223840407974,7.77337689734231e-07,0.0062076953527752336,0.006208472690464968,300x300
VCV000376690,7.958302005819099e-05,7.997426442743858e-05,0.00033905107264953216,5.8449107307493677e-05,0.0002111911384625742,5.170261718400945e-07,0.005980007007891026,0.005980524034062866,300x300
VCV000376691,7.99738138083369e-05,7.936645099092586e-05,0.00033527537950028136,5.926820764506285e-05,0.00021889947330744342,5.06429787911801e-07,0.005989278680283015,0.005989785110070926,300x300
VCV000376692,7.99738138083369e-05,7.936645099092586e-05,0.00033527537950028136,5.926820764506285e-05,0.00021889947330744342,5.06429787911801e-07,0.005989278680283015,0.005989785110070926,300x300
VCV000376693,0.1768121147276471,7.858266928753567e-05,0.0003615065437900314,0.2222644218975578,1.9999898031886096,4.6694953858682914e-07,0.005961357569209034,0.0059618245187476205,300x300
VCV000376694,7.230611547124905e-05,7.938552766635496e-05,0.0003622577320970405,4.6021013442507394e-05,0.0001619349767344458,6.238639868021839e-07,0.006050827136743952,0.006051451000730754,300x300
VCV000378743,0.08860010200727918,0.00016717327048566442,0.0007780062197990517,0.22245097999384608,1.999999044799517,6.018194214042413e-07,0.005990666550531132,0.005991268369952537,300x300
VCV000378744,0.8838592290458028,0.00012559022826230212,0.0005581546434130641,0.444573264054706,1.9999987148903178,8.612176393297394e-07,0.006073343638190035,0.0060742048558293646,300x300
VCV000378745,0.07876332511789534,0.00016813816047354824,0.0007431679318268825,0.22240640645608187,1.9996948362153653,1.5053373609939108e-06,0.006051221755862331,0.006052727093223325,300x300
VCV000378746,0.7072321186217775,0.00018583187322766988,0.0008453160632848136,0.22249204408129236,1.999997406810695,5.267722472859088e-07,0.006026347217530849,0.006026873989778135,300x300
VCV000378747,0.0788242701844172,0.00019028891931853364,0.0008376371528808421,0.22250177820827005,1.9999456177965178,8.850856315998495e-07,0.00610112691060081,0.00610201199623241,300x300
VCV000378748,8.783023639618635e-05,8.940562184379383e-05,0.00040412557691139883,6.277255583404035e-05,0.00022647568883427116,2.9113415558803396e-07,0.005988229477957586,0.005988520612113174,300x300
VCV000379265,6.998804804296114e-05,7.694888685777901e-05,0.00035544687868410696,4.358957721616196e-05,0.00015750884317822234,3.4882855308188826e-07,0.0060836821938789875,0.006084031022432069,300x300
VCV000379336,0.11799300565153541,0.00017176132245739196,0.0007796033924425474,0.2223458846250591,1.9993720194239697,1.4059211037274755e-06,0.006069501703258616,0.0060709076243623435,300x300
VCV000379461,0.39676426521318503,0.0001245639974253979,0.0005164575342757188,0.6666868101520732,1.9999842967775066,6.886478781040206e-07,0.005905305309198514,0.005905993957076618,300x300
VCV000379471,8.94942478160807e-05,8.942076511846851e-05,0.00039052110976636745,6.571095807911881e-05,0.00023730702930691017,4.7404472703054673e-07,0.006138805529671768,0.006139279574398799,300x300
VCV000379595,0.07874569078203927,0.00016664846558155108,0.0007913975802510825,0.22238731886042265,1.9999489316225627,1.9477129123137912e-06,0.006265883520721731,0.006267831233634045,300x300
VCV000379596,0.00026372187590008734,0.0001865024727433383,0.0008084434134550678,0.0002778636089512121,0.000976768926815419,8.063037752999505e-07,0.005996546450757853,0.005997352754533153,300x300
VCV000379801,0.17697811673390368,0.00018506391194849807,0.000876356157580041,0.22245027391367822,1.9999530341715623,1.1596213314035708e-06,0.006116223175419377,0.006117382796750781,300x300
VCV000380318,7.804040656403586e-05,7.916945758696695e-05,0.0003361145090959722,5.607470714994209e-05,0.00020247567872822003,2.592020153183855e-07,0.006021727169318235,0.006021986371333553,300x300
VCV000380385,0.10106100984238016,7.764377455164328e-05,0.0003491840908873278,0.22225199475762963,1.9999029173912763,7.249450751332931e-08,0.005939673793102058,0.005939746287609572,300x300
VCV000380960,0.17680947939893366,7.51370340139509e-05,0.0003060232847511557,0.22226084586347422,1.9999929089899635,5.236180168476101e-06,0.006013549088243723,0.006008312908075247,300x300
VCV000381366,0.27792218979817596,0.00016212427098213092,0.000709467662239692,0.44458570066970576,1.999956551569865,1.0966079942841683e-06,0.006011035330080258,0.006012131938074542,300x300
VCV000381768,3.633049411236619e-05,4.721563441288579e-05,0.0001856465676718655,1.433692382838784e-05,4.8974699103809805e-05,3.3225718021924477e-06,0.006089917564471293,0.0060865949926691,300x300
VCV000382777,0.707015857017056,5.5443697882389584e-05,0.00023130879431459972,0.22224310315398854,1.9999996708330425,3.35930668194772e-06,0.006080269300047016,0.006076909993365068,300x300
VCV000383385,0.00013952378056606348,0.00012401515846146625,0.0005638854124256493,0.00011792664805329898,0.0004289668268654401,1.0761944995059392e-06,0.006086030875153671,0.006087107069653177,300x300
VCV000383397,0.0002355114141947787,0.00016426838359274106,0.0007011997148123478,0.00024734636826996407,0.0009083291065661303,8.745475514170681e-07,0.005956722578586092,0.005957597126137509,300x300
VCV000384057,0.31818545019780015,8.098860734761642e-05,0.0003530365969437732,0.4444521961493986,1.999990731887646,4.6724120823272985e-07,0.006124118499440329,0.006124585740648562,300x300
VCV000384065,0.7070236596335825,6.147976556625091e-05,0.0002799510075495587,0.22225066529895607,1.9999996856106028,4.191487853509937e-07,0.006076157612197152,0.006076576760982503,300x300
VCV000384516,6.568054611470497e-05,7.478781085568343e-05,0.0003023995704121915,3.725025585292011e-05,0.00012482370432054246,5.349859148399104e-06,0.005971897539892958,0.005966547680744559,300x300
VCV000384596,0.00022690873072780813,0.00016885948279373077,0.0007551275830317075,0.00022544270011831062,0.0008149462260078622,7.40742845742326e-07,0.0061462839056889065,0.006147024648534649,300x300
VCV000384686,0.14145008433268075,8.87889159678028e-05,0.00039800215968428115,0.22223511453665756,1.9997767379789142,4.409688653126201e-07,0.006066879688523782,0.006067320657389095,300x300
VCV000384728,0.1797060255068038,0.00016471039380445943,0.0007622642076347413,0.4445282444412728,1.9999089878881473,9.585314092105945e-07,0.0061218979419770106,0.006122856473386221,300x300
VCV000385441,0.0001494319072337625,0.00012518453569387758,0.0005364319091788264,0.00013564588069977143,0.0004793507688366505,1.0092786124583572e-06,0.006095313590284229,0.006096322868896688,300x300
VCV000385614,0.17681214610735688,8.015750772257793e-05,0.0003762346717277737,0.222262024660643,1.9999903834891615,7.255768529664669e-07,0.0061872241068447595,0.006187949683697726,300x300
VCV000385783,0.2777779205572965,5.357483824248642e-05,0.00021495218335932514,0.44445520279703765,1.9999965823297177,3.0829533971829873e-06,0.006131718237298207,0.006128635283901024,300x300
VCV000385882,0.1797108396972913,0.00018353257319190437,0.0008678590089134103,0.4445114652943012,1.9999041208671557,4.2923281158568916e-07,0.005982648121972424,0.005983077354784009,300x300
VCV000385946,6.593163890967135e-05,7.306154157060138e-05,0.0002818853754553985,4.074858600533471e-05,0.00012900436325546938,5.447511550795217e-06,0.005925665375329261,0.005920217863778466,300x300
VCV000386420,5.4984865470544915e-05,6.024132059894298e-05,0.00024898629608553074,3.495357890964051e-05,0.00012823626318403392,5.306766526110007e-07,0.00606456830918809,0.006065098985840701,300x300
VCV000387112,4.578441620358219e-05,5.4479238909252405e-05,0.00020901501257361566,2.3709158782716758e-05,8.342331335131625e-05,3.0256184725902316e-06,0.005991149844063902,0.005988124225591312,300x300
VCV000387119,0.07863539666468472,8.766546661485717e-05,0.00039705030705143585,0.22227731016145583,1.999991066095598,4.4270630351374296e-07,0.006050701450420901,0.006051144156724414,300x300
VCV000387437,0.00028236258291283744,0.00018628492775987174,0.0007866070458580482,0.00030718777478310074,0.0011089456278193799,9.868530730684777e-07,0.006078202164606053,0.006079189017679122,300x300
VCV000387623,0.10102321755706276,3.808922933349782e-05,0.00015975763583418734,0.22223009770326188,1.999976504306169,1.5005585430813428e-07,0.006086896042701122,0.00608704609855543,300x300
VCV000388419,5.645136749449302e-05,6.240974932955342e-05,0.00026025665400060405,3.683792715214462e-05,0.00012277846020991579,4.449060326122689e-07,0.006030722692929964,0.006031167598962576,300x300
VCV000388913,0.00026881827157284005,0.0001879970828316098,0.0007974950777017639,0.00028779907873704373,0.0009835596783432932,1.0935891630401567e-06,0.006056712523820864,0.006057806112983904,300x300
VCV000389164,0.1796249456295307,8.980429595081433e-05,0.0003790397063924422,0.4444810513427263,1.999996130909448,4.131834880453933e-07,0.006096431716915892,0.006096844900403938,300x300
VCV000389554,0.1767608914676388,2.604326645142212e-05,0.00011014738490638942,0.22222643800912512,1.99999917072987,1.606081159077205e-06,0.00606770890516967,0.006066102824010593,300x300
VCV000389644,0.1414182173405659,3.9135605428460055e-05,0.00017991948609809988,0.22222545139959257,1.9999630123232701,1.6159964302039226e-07,0.005984129772131958,0.005984291371774978,300x300
VCV000389752,0.17698222715137507,0.00017081320851638213,0.0007419677208325565,0.22248644381596597,1.9999369501388746,4.489549956885469e-07,0.005998772500288213,0.005999221455283902,300x300
VCV000389753,0.0002953939273477152,0.00018607492363354562,0.000775122063467075,0.0003325474021899952,0.0011953262843087398,8.150960818693875e-07,0.005958536909283839,0.005959352005365708,300x300
VCV000390266,0.10102346685838184,3.80433605629928e-05,0.00016976811716839374,0.22223052298177975,1.999980035572659,1.1788067168661681e-07,0.006050109611015881,0.006050227491687567,300x300
VCV000392266,0.9623373879503061,8.10368341900827e-05,0.00036284494712281873,0.6667077396261232,1.9999994848802136,2.960029828217789e-07,0.006037252969682431,0.006037548972665252,300x300
VCV000406564,5.3255819706987804e-05,6.013034084599973e-05,0.0002777166431609662,3.1149250848695585e-05,0.00011726394571065502,2.421696200845952e-07,0.005923353015618254,0.005923595185238339,300x300
VCV000406565,3.091524785852009e-05,3.923375629281668e-05,0.00016436382669053617,1.3898955054757343e-05,5.096978782259676e-05,1.1256903869813484e-07,0.006121927084778409,0.006122039653817107,300x300
VCV000406566,0.7070620630333537,8.977430740107241e-05,0.00038663136328477565,0.22229013223089222,1.999999404348903,3.6858928404055746e-07,0.006098740118867307,0.006099108708151347,300x300
VCV000406567,0.32097951006851067,7.972682132266869e-05,0.00034226351891129825,0.6666495680792796,1.9999907807477992,5.635015556991821e-07,0.005982917395038688,0.0059834808965943875,300x300
VCV000406568,9.1796819629369e-05,8.955348073535269e-05,0.0003806354547050417,6.954880224604072e-05,0.00025447901447017696,3.7398053322028335e-07,0.006111954265492125,0.006112328246025345,300x300
VCV000406569,0.20640745851277037,0.005639670698742276,0.03338046547836501,0.40341075125991943,1.6905352450029505,0.00013351057078182706,0.005961783706315392,0.006095294277097219,300x300
VCV000406573,0.3863421153649224,0.001143222893020361,0.005775602956532344,0.8867906104896573,1.9999856918531118,1.1440698150245662e-05,0.0059898294449525855,0.006001270143102831,300x300
VCV000406574,0.10102154563353637,3.750374556584939e-05,0.00017111435364906835,0.22222749236897313,1.9999756717505894,1.152370524368923e-07,0.0059379330640221325,0.005938048301074569,300x300
VCV000406575,1.6294019901918082e-05,2.366419560692776e-05,9.35254412381542e-05,4.144077392859775e-06,1.2392452397591569e-05,1.6976287283117578e-06,0.005990354007902588,0.005988656379174276,300x300
VCV000406576,0.4931531367295841,0.005640724239279842,0.03259120940660179,0.8585087326430878,1.9974852983996176,0.00014929594806038,0.006013506244743766,0.006162802192804146,300x300
VCV000406577,0.7070592258208144,8.974899939506576e-05,0.0003885139312098454,0.22228552338024388,1.9999993920428338,5.714469812293649e-07,0.006116838618465362,0.006117410065446591,300x300
VCV000406578,5.638230450786524e-05,6.251789678069264e-05,0.0002649568642500433,3.66014049508386e-05,0.00012154431495925433,4.644568698261922e-07,0.006049557095187452,0.006050021552057278,300x300
VCV000406579,0.14144440768372918,8.087280063842296e-05,0.0003580006536640923,0.22223229013527332,1.9997985219647072,4.207284271745895e-07,0.006046976290575594,0.0060473970190027685,300x300
VCV000406580,0.35626870117522047,0.0009736782875640793,0.0042519535478575815,0.6630052564058134,1.9971685791714768,1.2040427942900354e-05,0.005962367237386796,0.005974407665329696,300x300
VCV000406582,3.092256321115382e-05,3.8871344656091306e-05,0.00016110838844859976,1.4335926971864588e-05,5.2023500132780676e-05,1.6909497285982206e-07,0.006141521932011677,0.0061416910269845365,300x300
VCV000406583,5.36159928076e-05,6.117215330226658e-05,0.00026886966289610403,3.155394174634038e-05,0.00011252441510745115,3.9560569889147273e-07,0.006045480694833368,0.006045876300532259,300x300
VCV000406584,0.2779055244759369,0.00016720906330442068,0.0007421304810089277,0.444550329439998,1.999956602101171,1.6686470536630624e-06,0.0061427691879547665,0.00614443783500843,300x300
VCV000406585,0.18944346731037018,8.759380904002268e-05,0.0003895711753650888,0.44448260048718385,1.9999999006485147,4.5644471193505287e-07,0.006047402340602583,0.006047858785314518,300x300
VCV000406587,0.2200021073849219,9.093733042754291e-05,0.00038303425145732456,0.44445395933576276,1.9999637779485524,5.600982312392588e-07,0.006066058979902417,0.006066619078133656,300x300
VCV000406589,8.839096049667189e-05,8.828860632279128e-05,0.000376063046722698,6.529911668806676e-05,0.00023380133249040203,5.581508096645649e-07,0.006043643723815641,0.006044201874625305,300x300
VCV000406590,7.422204011974987e-05,7.973526740873381e-05,0.00036966010062772225,4.790424822799356e-05,0.00017430609783486428,7.446927051740423e-07,0.00613356687809118,0.006134311570796354,300x300
VCV000406591,0.10108071266291223,8.96507882158044e-05,0.0003669669103290446,0.22227392871178736,1.9998617515506534,1.5559661239832046e-07,0.005898646367564911,0.0058988019641773096,300x300
VCV000406592,0.17961057719517243,8.054667675294338e-05,0.0003587293681718007,0.4444651316915149,1.9999755046772667,6.231278053729986e-07,0.0060392442192878475,0.0060398673470932205,300x300
VCV000406595,0.19643814345606925,7.944116314119637e-05,0.0003654736898685562,0.444460535867552,1.9999934641830235,7.367089730767398e-07,0.006100002911207699,0.006100739620180776,300x300
VCV000406596,0.9623474390669347,8.058419017870251e-05,0.00032906021700022936,0.6667269731275339,1.999999511564034,3.764862049710979e-07,0.006042812944085828,0.006043189430290799,300x300
VCV000406597,2.9665050870511848e-05,3.9412986195205504e-05,0.0001734930355405187,1.189903059538465e-05,4.11519474446953e-05,2.0043098664275505e-07,0.006063808089341691,0.0060640085203283334,300x300
VCV000406598,0.07862180604674393,8.339039804856134e-05,0.00035912861734008206,0.22225271058535398,1.9998360373036141,7.0238654520903e-07,0.0060619986046326,0.006062700991177809,300x300
VCV000406599,0.7070009382935538,3.8387938003425045e-05,0.00016520908963454928,0.22223511336575838,1.9999998846133615,7.0281339207591e-08,0.005960699828512829,0.005960770109852037,300x300
VCV000406600,0.1414178689483993,3.887427215673733e-05,0.00016052592336075755,0.22222535561395407,1.999941567283094,4.962552252810171e-10,0.0059082369703216805,0.005908236474066455,300x300
VCV000406601,0.14143247388546007,6.213737697741159e-05,0.0002713474923323536,0.22222851216878978,1.9998797301354685,5.215920380469141e-07,0.006142871134470214,0.006143392726508261,300x300
VCV000406602,0.11926053796599818,0.0006824798327425886,0.003116737492838334,0.2241131514249052,1.9898823645355748,8.020827593824276e-06,0.0060871201543577485,0.006095140981951573,300x300
VCV000406603,0.419198761920791,0.00019125700509023156,0.0008429885974364296,0.6666069835299491,1.999943394416764,7.159599354185711e-07,0.005956248321247243,0.005956964281182662,300x300
VCV000406605,7.984450367946182e-05,8.118795443356741e-05,0.00034443188727082547,5.8305542724716254e-05,0.00020852191151432553,4.20095362017002e-07,0.005962401921978161,0.005962822017340178,300x300
VCV000406608,0.8079950580871808,3.824912694818503e-05,0.0001722768669121244,0.4444524175979087,1.9999998751866217,1.3757843335578113e-07,0.0060002869932943015,0.006000424571727657,300x300
VCV000406609,2.9673835632045397e-05,3.84061766846135e-05,0.00016601965725163148,1.2476536648425234e-05,4.6245650328402554e-05,1.888841567876387e-08,0.006125825376295038,0.006125844264710717,300x300
VCV000406610,0.17697720870845032,0.00018436348068142627,0.0008545156135067802,0.22244942196631948,1.9999419784332098,7.939573067015926e-07,0.0060859647538724256,0.006086758711179127,300x300
VCV000406611,0.30863281034378565,0.005762232357671371,0.03435055253824626,0.48463435617410944,1.9931165943541167,0.00012867525569745884,0.006147745227622644,0.006276420483320103,300x300
VCV000414025,0.11799831266345223,0.00018633310705494182,0.0007702583181172784,0.22231677043151235,1.9989086326259566,7.856282074423376e-07,0.006043139888941705,0.006043925517149148,300x300
VCV000414026,7.649419473373671e-05,8.047710855857373e-05,0.0003580470176170053,5.374473592614473e-05,0.00018335090247501018,4.7460116807656466e-07,0.005932614316457627,0.005933088917625703,300x300
VCV000414027,0.24243238703084452,8.943288910299924e-05,0.0004005805113646427,0.44442657816730485,1.9998668869480452,4.3393675988514374e-07,0.006098826905136329,0.006099260841896214,300x300
VCV000414028,0.3967423620162869,8.951369308511797e-05,0.00038740159783844097,0.666675147313716,1.9999884577100995,1.0525392104849401e-07,0.005889853508455047,0.005889958762376095,300x300
VCV000414029,0.00023925012701738572,0.0001868479528926815,0.0008549807922729746,0.00023357286945441876,0.0007991351479971209,1.3273515935179406e-06,0.006168540017830003,0.006169867369423521,300x300
VCV000414030,0.0002574640337464479,0.00018352804253835684,0.0008002901304112256,0.0002676258138811906,0.0009528937508014312,9.70714741323729e-07,0.006050212817747824,0.006051183532489147,300x300
VCV000414031,3.0492621903308394e-05,3.889063853659402e-05,0.00016818717363536323,1.4121157258616278e-05,4.8033533521674165e-05,9.485780195616494e-08,0.005915275119465163,0.005915369977267119,300x300
VCV000414032,4.507529144091572e-05,5.66748309241564e-05,0.00023570813946612035,2.1979194118529025e-05,5.9953916229704696e-05,3.46317579684452e-06,0.006096563275121882,0.0060931000993250375,300x300
VCV000414033,1.5601238296969304e-05,2.285655458183427e-05,9.365423927577832e-05,3.198170769929614e-06,1.1096724750525588e-05,1.6329510488565305e-06,0.00613955724554624,0.006137924294497383,300x300
VCV000414034,3.290986844719947e-05,3.9773641059239296e-05,0.00016041407515523382,1.8059723978058884e-05,5.989291317454182e-05,1.7272904971783742e-08,0.005892476638479633,0.005892459365574661,300x300
VCV000414035,2.8004807531054458e-05,3.7010401022672616e-05,0.00016708839262007114,1.0680824025801864e-05,3.950508613370651e-05,8.606467499956694e-08,0.006128777628101123,0.006128863692776123,300x300
VCV000414036,2.8951242724737774e-05,3.8610271016866e-05,0.00016891609102631655,1.1408429131572658e-05,4.002928509372339e-05,1.6579845324004444e-07,0.006100863397332284,0.006101029195785524,300x300
VCV000414037,0.07858267666589283,3.8891605784215086e-05,0.0001620603309865909,0.22223526029015567,1.9999959830181206,8.942068983278789e-08,0.006085245825043957,0.00608533524573379,300x300
VCV000414038,0.17677255093698557,3.91113432235589e-05,0.00017830311094220452,0.22223395836846147,1.9999972859589332,8.046735921335424e-08,0.006177591373345091,0.006177671840704304,300x300
VCV000414039,0.17682759575962906,8.887030570123936e-05,0.00038858815511371575,0.2222816694944969,1.9999866936335733,5.040654855650167e-07,0.006062250542614547,0.006062754608100112,300x300
VCV000418516,0.2684223131826263,0.0004219196615843833,0.0020320193492777694,0.6668945453794799,1.9999837476467675,4.829271460747575e-07,0.005925328335711218,0.005925811262857293,300x300
VCV000418517,8.239990982212272e-05,8.040197772725806e-05,0.0003278078361817552,6.268591954900544e-05,0.0002299775074645627,5.77144168142571e-07,0.006069079044365225,0.006069656188533367,300x300
VCV000418693,2.880870139474095e-05,3.8038459104926463e-05,0.00017779386033758837,1.0986041027326464e-05,4.096374892836874e-05,2.0566876210784124e-08,0.0060746926472472,0.006074713214123411,300x300
VCV000419040,0.27780555944836144,8.070941749912284e-05,0.00036034370553945233,0.4444758456345397,1.999988938943924,3.895057284269629e-07,0.005947598866373612,0.005947988372102039,300x300
VCV000419354,1.2625497868526507,0.0055703773260507355,0.032164580105254234,1.2172968157093886,1.9989242468511788,0.00014711291089008517,0.005935840215439237,0.006082953126329322,300x300
VCV000419454,9.545600906966328e-05,8.891691884234021e-05,0.0003802795058033062,7.66225132046161e-05,0.00028071052870659585,2.6401438913033204e-07,0.0059968412827811944,0.005997105297170325,300x300
VCV000419519,0.18098940094362093,0.0006690694053969608,0.0032259504798659022,0.4459140020016801,1.9987461637663833,6.564574504038662e-06,0.006143578328655993,0.006150142903160032,300x300
VCV000419837,0.07858217484020037,3.836911219145144e-05,0.00016411310117615124,0.22223486005007617,1.9999990750837404,2.3101501388060608e-08,0.00612219406925308,0.006122217170754468,300x300
VCV000420133,0.07863488426383035,8.807479318415571e-05,0.0004064453412918334,0.22227604232333226,1.9999931327797027,4.754235858588779e-07,0.006045037951461749,0.006045513375047608,300x300
VCV000420134,0.0796251996718543,0.0004506967587823389,0.002110881875823381,0.22363117000362345,1.9997657962019573,4.693884583587861e-06,0.0060894237416611865,0.006094117626244774,300x300
VCV000420136,7.978976269845603e-05,8.085167484153541e-05,0.00036720454354997184,5.68544741421157e-05,0.00020986400261713278,4.967422730182275e-07,0.006015115920975121,0.00601561266324814,300x300
VCV000420137,7.680719005655205e-05,8.014151536217858e-05,0.00034271966246743335,5.3427559054612196e-05,0.00018931812232159118,7.388330379659927e-07,0.006116209818118712,0.006116948651156678,300x300
VCV000420659,0.1414178242427797,3.8614258995319054e-05,0.0001616291903681552,0.22222558133667963,1.9999479620064307,5.879644811735557e-08,0.0059648120182387125,0.00596487081468683,300x300
VCV000420950,0.19644591265751082,8.915904142917039e-05,0.00037591723212913875,0.4444629473840684,1.999993996101638,4.6240516976721324e-07,0.006088856372218888,0.006089318777388655,300x300
VCV000420974,8.941290380277144e-05,8.992796663546478e-05,0.00040738444369492477,6.521817912670998e-05,0.00023280776007916781,5.043115038228657e-07,0.006052267121995295,0.006052771433499118,300x300
VCV000420997,0.3156372205525364,0.005797343415758546,0.03438341206194934,0.47589192433223626,1.9930782097344468,0.00013867564485815342,0.006060816836728949,0.006199492481587103,300x300
VCV000421319,0.0786364511674671,8.797551041990366e-05,0.00040768345105163944,0.22227881723365892,1.9999940317426317,3.005744456654677e-07,0.005948381873057532,0.005948682447503197,300x300
VCV000421432,0.0003613908377795228,0.00021614759076359126,0.0009159758891707642,0.0004198495891441192,0.0015063974835439753,1.527793504155911e-07,0.0059085928487142905,0.005908745628064706,300x300
VCV000421437,6.705896216644813e-05,7.581565971438444e-05,0.00027823557179431496,5.70222391679377e-05,0.00026020471384702315,5.058507615597618e-07,0.005856649632836292,0.005857155483597852,300x300
VCV000421902,0.46187115688080804,0.00043161011149376287,0.0019672482670580124,0.888962747404244,1.999987144365351,2.1296332895484257e-06,0.006043453674320373,0.006045583307609921,300x300
VCV000422130,8.760410914882031e-05,9.195311473952102e-05,0.00041583907383763163,6.238847648992124e-05,0.0002012788391645426,4.345722145228381e-07,0.006116950954591843,0.006117385526806366,300x300
VCV000422295,0.10104255436526531,6.13048493041032e-05,0.00025422814162855134,0.22223873349001355,1.9999282749507994,2.9371890641026466e-07,0.005948429452152181,0.005948723171058591,300x300
VCV000422563,5.224269199748231e-05,6.121860935914921e-05,0.0002853118906595564,2.8394899104913466e-05,0.00010435607313319384,2.717502913781103e-07,0.00603441296309293,0.0060346847133843085,300x300
VCV000422961,0.1417102153614944,0.0004279745590159737,0.0018161771507096344,0.22251319171298586,1.993077006731065,5.196202130745148e-07,0.006060565625011421,0.006061085245224495,300x300
VCV000423887,0.11787049932702429,6.087488815228206e-05,0.0002606328362106461,0.22223166897061042,1.9998902043129836,4.701922617367238e-07,0.006070443155467166,0.006070913347728903,300x300
VCV000428858,0.1417102153614944,0.0004279745590159737,0.0018161771507096344,0.22251319171298586,1.993077006731065,5.196202130745148e-07,0.006060565625011421,0.006061085245224495,300x300
VCV000428859,8.207411535926747e-05,7.860308884665168e-05,0.00033503036724281954,6.322474661613064e-05,0.00023630572540989103,1.7802319521396243e-07,0.005918977372452422,0.005918799349257208,300x300
VCV000428860,0.1968746046547289,0.00040288916535784756,0.0019073306350012587,0.444823187288403,1.999749348092311,1.07007794625507e-06,0.006128777628101123,0.0061298477060473784,300x300
VCV000428861,0.0005280379339275264,0.0002941215528056147,0.0011697096081402375,0.0006298610470481463,0.0021303147676607903,1.6554956605300403e-05,0.006094225028868342,0.006077670072263041,300x300
VCV000428862,0.9494025859105601,8.859866312857097e-05,0.0003561766535726124,0.666649941815728,1.9999994240275762,4.1247402107064124e-07,0.006035119041991319,0.006035531516012389,300x300
VCV000428863,5.1580066636506796e-05,6.0555178539793524e-05,0.00027274809482315254,2.8254227420291638e-05,0.00010133672541112748,6.457789159764957e-07,0.006128787976543861,0.006129433755459837,300x300
VCV000428864,0.25575581350753274,0.00029396143679665643,0.0012693867577067836,0.44495431538834457,1.9999269942433764,1.609387001652498e-05,0.006109837545813369,0.006093743675796844,300x300
VCV000428865,0.18043163951979563,0.00046195864750663983,0.0020947711913380934,0.44527663546264074,1.9976318977484833,2.4394531251848567e-06,0.005883490632467745,0.00588593008559293,300x300
VCV000428866,5.1833350028530943e-05,6.087999767772278e-05,0.00027425020802269995,2.8442738036309973e-05,0.0001020939295119927,5.230123473597831e-07,0.006120635579010466,0.006121158591357825,300x300
VCV000428867,8.957575023695985e-05,8.981076772750084e-05,0.000396371325750218,6.579867892052437e-05,0.00023759745437623714,3.115397594795344e-07,0.006021405863032349,0.006021717402791829,300x300
VCV000428868,9.336600936191217e-05,8.945081917881841e-05,0.0003780202265923002,7.197819980246194e-05,0.00026648185001354463,4.6396194933011337e-07,0.006165838622424985,0.006166302584374315,300x300
VCV000428869,0.0012427903421215573,0.00043723515352959367,0.0019581293816627737,0.0019531548657800344,0.0054023194280248266,1.2117785690279187e-06,0.005969333821629819,0.005970545600198847,300x300
VCV000428870,0.270342938168208,0.0009011785134165613,0.004483314536575536,0.6693852091541673,1.999989375218882,8.943361133264757e-06,0.006024988010965534,0.006033931372098799,300x300
VCV000428871,5.204272604921352e-05,6.155191556100854e-05,0.00027230027498387904,2.835300678002047e-05,0.00010097960100508008,6.503954024699235e-07,0.006210882801600254,0.006211533197002724,300x300
VCV000428873,0.14143238426080157,6.186023738588632e-05,0.0002836190209740408,0.22222833680228618,1.9999095530817828,5.812297869233624e-07,0.006102506435973844,0.006103087665760768,300x300
VCV000428874,0.2662695581737694,0.00042916676469231064,0.0018737334701264957,0.4462038481772825,1.9999893589899465,6.161906498554359e-07,0.006012378192226104,0.006012994382875959,300x300
VCV000428875,0.1770604571189962,0.00021222859301909776,0.0009236239634815152,0.22257454689379738,1.9999184121452536,1.3706169246334443e-06,0.006130505530974764,0.006131876147899397,300x300
VCV000428876,1.838772803754649e-05,2.6001976121990177e-05,0.00010153751869143579,5.108861992428635e-06,1.7691318036749948e-05,1.5183314532041248e-06,0.00598614510271611,0.005984626771262906,300x300
VCV000428877,0.00024669918253800513,0.00018492857173156474,0.0008467975275920914,0.00024394228631202045,0.000888646581237662,9.589844367991276e-07,0.006177731096844757,0.006178690081281556,300x300
VCV000428878,1.712052531481872e-05,2.437285267410617e-05,9.537605281427497e-05,4.382348205347577e-06,1.5200085711652989e-05,1.6457607125205248e-06,0.006081554545238301,0.0060799087845257805,300x300
VCV000428879,0.17682189784711624,8.900346563275344e-05,0.00041360381836740706,0.22227107773199295,1.9999900640195503,3.453803363090077e-07,0.006062177497897751,0.00606252287823406,300x300
VCV000428880,0.278529428558398,0.0004292107654616786,0.0019864002980049394,0.4453411497267572,1.9995355172545093,5.972629646090397e-07,0.006177102792059175,0.006176505529094566,300x300
VCV000428881,0.0003456986800990634,0.0002137334342878686,0.0009576043076991031,0.0003910651952968827,0.0014070300627232468,8.823870821673269e-07,0.005992877546851957,0.005993759933934124,300x300
VCV000428882,0.7070493834545504,8.080974719560528e-05,0.00036070819991664005,0.22228300893819222,1.9999995002756967,1.3840663311108503e-07,0.00591043335187671,0.005910571758509821,300x300
VCV000428884,0.10102154563353637,3.750374556584939e-05,0.00017111435364906835,0.22222749236897313,1.9999756717505894,1.152370524368923e-07,0.0059379330640221325,0.005938048301074569,300x300
VCV000428885,0.927130861921491,0.00029497356534495203,0.0011635387293849747,0.6668076137226765,1.9999911717675531,1.6987626280681387e-05,0.005904364003183877,0.005887376376903196,300x300
VCV000428886,7.626076501420397e-05,7.929728351276126e-05,0.00034509999115214796,5.267470138614616e-05,0.00019112347544802955,4.5638344091554484e-07,0.0060939832501063105,0.006094439633547226,300x300
VCV000428887,0.24242094095480532,6.0555036223089095e-05,0.00029021384714925796,0.4444353368890075,1.9999366566193864,5.583377491492902e-07,0.006065721011472831,0.00606627934922198,300x300
VCV000428888,0.07898400758459137,0.00027016905963787494,0.0010689358086621303,0.2226932367886182,1.9998563003555767,1.8936729561480452e-05,0.006137153593547922,0.0061182168639864415,300x300
VCV000428889,8.951501445559961e-05,8.937090383580777e-05,0.0004052349284781598,6.439594227231677e-05,0.00024500462646215304,2.59278321395294e-07,0.0061490731611474215,0.006149332439468817,300x300
VCV000428890,0.07860484861249174,6.08525346571151e-05,0.00027651602880851556,0.22225139748609132,1.9999941440206868,3.24022354549966e-07,0.005901433465735137,0.005901757488089687,300x300
VCV000428891,0.1949770312404283,0.0012513354902725141,0.005606116311389284,0.4357021452399641,1.9827695174039972,1.4107435075861804e-05,0.005967323558572166,0.005981430993648028,300x300
VCV000428893,0.318190337534102,8.868983657459121e-05,0.0004050584227889703,0.44445275439165477,1.9999886566441114,4.567075088460215e-07,0.006189193835098847,0.006189650542607693,300x300
VCV000428894,1.2035848483480054,0.0009214382117108943,0.004306223931486303,1.108389683742098,1.9999254851059667,1.0309907361311967e-05,0.006007006671210056,0.006017316578571368,300x300
VCV000428895,0.07863064216180085,8.217653800033541e-05,0.0003374811902635694,0.22227271771664028,1.999913411629009,4.85191167583221e-07,0.00593059783848399,0.005931083029651573,300x300
VCV000428896,0.46187115688080804,0.00043161011149376287,0.0019672482670580124,0.888962747404244,1.999987144365351,2.1296332895484257e-06,0.006043453674320373,0.006045583307609921,300x300
VCV000428897,0.17777529756693103,0.00042041930932336976,0.0018838077703893646,0.2236500441620161,1.9997025302232359,7.66598478195088e-07,0.006022774005115779,0.006023540603593974,300x300
VCV000428898,0.30066728200005205,0.00577759538967197,0.033836472130442455,0.7084010232724933,1.9956024319979213,0.00013540444200065786,0.006116223175419377,0.006251627617420035,300x300
VCV000428900,1.0810750164899814,0.0009267786577457194,0.004387052579175751,0.8891083215086828,1.9999228528322188,1.2811700693591416e-05,0.00608963217301225,0.006102443873705841,300x300
VCV000428901,0.1688105000255815,0.0006803148402207895,0.0033468443706580198,0.4468569786087182,1.9999869623734852,6.396404580855455e-06,0.00613599491714324,0.006142391321724096,300x300
VCV000428902,5.374382326734141e-05,6.173555251730783e-05,0.0002767209078693572,3.1062466614415226e-05,0.00011212931947912619,4.4531903159016756e-07,0.006091586776705917,0.006092032095737507,300x300
VCV000428903,0.00037920238891761565,0.0002203050790042171,0.000951043362198721,0.0004639701702001182,0.0014743711935005788,8.017482189051628e-07,0.006082332225046269,0.006083133973265174,300x300
VCV000428904,0.38641734493459,0.0008858053149059073,0.004290896726572221,0.888271102319744,1.9999904935976787,8.84482959904228e-06,0.005958053421775166,0.005966898251374208,300x300
VCV000428905,0.10120212462068928,0.000187194615364659,0.0008208054443969298,0.22237480767780962,1.9994037610560795,1.0364480070926274e-06,0.006034191231812056,0.006035227679819149,300x300
VCV000428906,0.19668521017086937,0.00029431483092966053,0.0012105506998185966,0.4446321467828075,1.9999212367590364,1.622511222591945e-05,0.006016372877547006,0.006000147765321087,300x300
VCV000428907,0.2196561441309512,0.0004537085314183193,0.001982975667073547,0.4458311543019311,1.997523614185406,1.8248991444681784e-06,0.005982356875167551,0.005984181774312019,300x300
VCV000428908,0.07870260243115264,0.00012585300145057543,0.000554758692804351,0.22235519500585976,1.999974168674865,9.80364669741704e-07,0.006019510942287266,0.006020491306957008,300x300
VCV000428909,5.4565568534738145e-05,6.121204087121663e-05,0.00027051848594737693,3.3123096675062115e-05,0.00011889614886750888,2.951215885430361e-07,0.006001038068611294,0.006001333190199837,300x300
VCV000429707,0.2579939552826854,0.0009080081153184389,0.004676994617369784,0.4483080549889288,1.9984921235278916,1.353084209732014e-05,0.0061872241068447595,0.00620075494894208,300x300
VCV000429829,0.7865407420983498,0.00042367410754931654,0.001907819813487692,0.4457442659984643,1.999983817907541,1.1973202503024957e-06,0.006042338483455119,0.006043535803705422,300x300
VCV000430592,0.08090195059855856,0.000673151891855748,0.003169127208841896,0.22559358975275254,1.9995776080599736,5.592178424792746e-06,0.006178837929872004,0.006184430108296796,300x300
VCV000430665,0.0011212444268657283,0.0004343632803828536,0.002003999807259224,0.0016819440356756507,0.004629224726216075,1.444996095095047e-06,0.006020843093027436,0.006022288089122531,300x300
VCV000437016,0.08843975829073802,7.046637503678406e-05,0.0002911786818507525,0.22226580043920377,1.999999140832395,6.168852303240109e-06,0.00601770485920736,0.00601153600690412,300x300
VCV000437017,1.0638945553480748,0.00045086989097440434,0.002203885840361325,0.8894298370445873,1.9999831942023003,4.596100199186562e-06,0.006105042100770138,0.006109638200969324,300x300
VCV000437018,0.7071075749145517,0.00012487233729465032,0.0004821124050262693,0.22233085916367334,1.9999981490539582,9.26242882638012e-06,0.006195089382994952,0.006185826954168572,300x300
VCV000438708,0.17676039910133007,2.5562990467306937e-05,0.00010404326969799815,0.2222263356447728,1.9999991710471279,1.4782957780869882e-06,0.006065524408121238,0.006064046112343151,300x300
VCV000439316,0.0786992962254956,0.00012683209181261007,0.0005729806667325935,0.22234705545576183,1.9999675821750023,9.884734621726232e-07,0.0061303042784887594,0.006131292751950932,300x300
VCV000439319,0.18943436351653203,8.205775065706714e-05,0.0003556867252103024,0.44447510061456236,1.9999999278523495,4.839298927286975e-07,0.0060544358867054855,0.006054919816598214,300x300
VCV000439320,8.007881274255797e-05,7.990758975326412e-05,0.00034685792044096553,5.8541726477666524e-05,0.00021617328075029807,4.985104489971248e-07,0.006016914157089621,0.006017412667538618,300x300
VCV000440348,0.7071137801487494,0.00012618660309096264,0.0005704451756801329,0.22234415072760674,1.9999987475607677,9.492679582242744e-07,0.006125118019070641,0.006126067287028865,300x300
VCV000440349,0.17712241682539057,0.00021303906239830155,0.0008954170499329631,0.22267466985069678,1.9999347744101375,1.467555808092047e-07,0.005971369833077904,0.005971516588658713,300x300
VCV000444396,0.8080140529969225,6.160595347021561e-05,0.00027912400569777424,0.4444605907829929,1.9999996923937373,4.808285899169165e-07,0.006072045732511778,0.006072526561101695,300x300
VCV000449512,0.7070545308647556,8.363171061210465e-05,0.00036122995873139746,0.2222889597384092,1.99999953789094,3.8506470298287077e-07,0.005936751725475655,0.005937136790178638,300x300
VCV000449749,0.27776490619877864,3.787830738264641e-05,0.0001726327502546976,0.44445011733348966,1.999997471679034,9.580067459203506e-08,0.006091314704225353,0.006091410504899945,300x300
VCV000450344,8.730967290378811e-05,8.814871729570281e-05,0.000392314575380151,6.266261699842494e-05,0.00022664794332738492,5.032240708744903e-07,0.006123068095762409,0.0061235713198332835,300x300
VCV000451799,7.684718034907997e-05,8.050545312129492e-05,0.00035811850052537564,5.251182629949379e-05,0.00018853999226986495,5.868800033621835e-07,0.006110501138690702,0.006111088018694064,300x300
VCV000458511,0.10111570492411964,0.00012944919597768185,0.0005030040594419388,0.22228961763126096,1.9997265093294625,9.579693543437968e-06,0.005925665375329261,0.005916085681785823,300x300
VCV000458512,1.8332017227271662e-05,2.616181933030552e-05,0.00010512773741741532,4.8803640004443e-06,1.6352715647149907e-05,1.4476982512293124e-06,0.00608890567993171,0.006087457981680481,300x300
VCV000458514,1.8728259010822777e-05,2.6486429786978525e-05,0.00010682240746601179,5.046484413770733e-06,1.789210486680126e-05,1.5336689669709705e-06,0.006048847092572433,0.006047313423605462,300x300
VCV000458515,1.799633220523317e-05,2.6211480055278603e-05,0.00010556018952857793,4.214694673672821e-06,1.451543830688351e-05,1.5477799485564409e-06,0.006150769745586357,0.0061492219656378005,300x300
VCV000458516,1.9217671871605818e-05,2.70474812536745e-05,0.00010297141168982837,5.611252532202984e-06,1.916003339630379e-05,1.536779670120031e-06,0.005959626167901653,0.005958089388231533,300x300
VCV000458517,4.507529144091572e-05,5.66748309241564e-05,0.00023570813946612035,2.1979194118529025e-05,5.9953916229704696e-05,3.46317579684452e-06,0.006096563275121882,0.0060931000993250375,300x300
VCV000458518,0.17677239004003428,3.927568618949838e-05,0.00017027001930110253,0.22223419340158024,1.9999976025617339,1.5985462991675858e-07,0.006149496979001251,0.0061496568336311674,300x300
VCV000458519,0.6097700000862684,0.000427576166823376,0.0018875164130339461,0.6679527846923689,1.9999930628119584,2.2086794281041267e-06,0.0061409013168001025,0.006143109996228207,300x300
VCV000458522,0.10101202875680304,2.4352753063692768e-05,9.680966995803675e-05,0.22222454488900587,1.9999908696496576,1.7576535838994753e-06,0.005914602701893865,0.005912845048309965,300x300
VCV000458525,0.3184327241058034,0.000427485538422926,0.0018778513421021104,0.44474549643508915,1.9996481053661381,1.1231090459671439e-06,0.0059948043429272424,0.00599592745197321,300x300
VCV000458526,3.1263737496689276e-05,3.905536949103907e-05,0.00015616915702695855,1.5716928614499064e-05,5.266616828991655e-05,1.0660295205171949e-07,0.005927616681047161,0.005927723283999212,300x300
VCV000458528,2.941555086735026e-05,3.8550024179796906e-05,0.0001647894539139813,1.2105142171524462e-05,4.424312617234971e-05,4.443807755365875e-08,0.006123672864056533,0.006123717302134087,300x300
VCV000458531,0.21996954906785582,3.868761682254421e-05,0.0001643709480335237,0.4444455703394116,1.9999897297711642,1.577804214511827e-07,0.006058742278089139,0.00605890005851059,300x300
VCV000458532,0.17677777197679645,4.249802054232136e-05,0.00016427626631326797,0.22224674146569212,1.9999974342186762,1.251032763242496e-07,0.00594863440517107,0.005948759508447394,300x300
VCV000458534,0.1767700511824824,3.739397610036277e-05,0.0001689912243596839,0.2222315569870895,1.9999978448176772,2.1102905508295355e-07,0.0061063172265665485,0.0061065282556216315,300x300
VCV000458536,2.943187254444832e-05,3.8546342069047255e-05,0.00017282743135894202,1.1833925926296729e-05,4.2853895691918886e-05,4.44651031437579e-08,0.0061085876668155814,0.006108632131918725,300x300
VCV000458537,5.392180188128237e-05,5.967782603521768e-05,0.000250669290829543,3.383077034821744e-05,0.00012139605648375795,4.521810534827142e-07,0.005952944531597186,0.005953396712650669,300x300
VCV000458540,0.707117908415002,0.0001254910797542469,0.0005598737996451025,0.2223517290766423,1.9999987381885609,5.78174080938243e-07,0.006041767831664706,0.006042346005745644,300x300
VCV000458541,5.5159999832692616e-05,6.108989259260505e-05,0.0002589155198267634,3.4407174745368055e-05,0.00012641267008250967,3.7763609998797687e-07,0.005998201292927998,0.005998578929027986,300x300
VCV000458543,0.07860385973524889,6.209699507797421e-05,0.0002730291707381677,0.2222485489188496,1.9999805321427284,4.76002319645466e-07,0.005968234239372852,0.005968710241692497,300x300
VCV000458544,0.11787165091588257,6.097359778624833e-05,0.0002706226690423266,0.22223430075686915,1.9998990764648976,2.9334998032266857e-07,0.0058413839719395014,0.005841677321919824,300x300
VCV000458545,0.14143283728446873,6.225585032949707e-05,0.0002492331089583577,0.22223085034686185,1.999860656249847,5.012372010903404e-07,0.006015519409558917,0.006016020646760007,300x300
VCV000458546,0.17679567861475343,6.126104011940066e-05,0.0002577723149710387,0.2222534532219436,1.9999938352704598,4.910488526901555e-07,0.006059063878765029,0.006059554927617719,300x300
VCV000458547,5.36159928076e-05,6.117215330226658e-05,0.00026886966289610403,3.155394174634038e-05,0.00011252441510745115,3.9560569889147273e-07,0.006045480694833368,0.006045876300532259,300x300
VCV000458549,0.00016162009758960715,0.00012551257228595993,0.0005240234040308211,0.00015447345357797213,0.0005783700336483566,6.230181629485187e-07,0.006080395370707771,0.006081018388870719,300x300
VCV000458550,0.4822136024743171,0.005624392199769149,0.03333359635588404,0.8554471896180414,1.9929046061014861,0.00014017878745245776,0.00607437029538566,0.006214549082838118,300x300
VCV000458551,1.1260348354667467,0.0004572857603413226,0.0021437924568566066,0.8883717975185111,1.9999824364587098,3.485632933782762e-06,0.006046976290575594,0.006050461923509377,300x300
VCV000458552,0.14144496446540547,8.100476236593043e-05,0.0003486616825528338,0.22223495371384328,1.9998056954332584,4.62637387796741e-07,0.006014554474316555,0.006015017111704352,300x300
VCV000458553,0.11788670945222182,8.067696875182679e-05,0.0003512151137256697,0.2222379238809349,1.999791044520145,4.063344784688977e-07,0.0060216412123984524,0.006022047546876921,300x300
VCV000458554,0.4866853309242685,0.0056823954101222806,0.03481714455953211,0.7900700422765794,1.99272137060104,0.0001295016262192021,0.006001018118210709,0.006130519744429911,300x300
VCV000458555,0.1769583328517986,0.00016430760952042628,0.0007450029446164699,0.22244105511242493,1.9999448028750133,1.0614301333795526e-06,0.005996164528362109,0.005997225958495489,300x300
VCV000458556,0.17961139161412365,8.032027398009445e-05,0.00036083571964849737,0.4444672318532084,1.9999864309667492,6.37586515807656e-07,0.006019943445602418,0.006020581032118225,300x300
VCV000458558,0.7866485323942234,0.0010073588044163695,0.0045719338424483474,0.4426370820880137,1.9999270641564593,9.337577589398939e-06,0.005936751725475655,0.005946089303065054,300x300
VCV000458560,0.1670092369396102,8.059247763593942e-05,0.0003297224642416774,0.4445109429183031,1.9999999152455734,3.4328447503281095e-07,0.005977955872262975,0.005978299156738007,300x300
VCV000458561,7.183948558112936e-05,7.630644648499741e-05,0.00034854226379796294,4.7967444522339304e-05,0.00017085621568135867,3.51397879753447e-07,0.005924625130029745,0.0059249765279094984,300x300
VCV000458562,7.688169543069704e-05,7.8341015242191e-05,0.0003352619456203215,5.511496948197426e-05,0.00020123795818238754,3.5735200530108424e-07,0.005958053421775166,0.005958410773780467,300x300
VCV000458565,0.17699052872976037,0.0001865187600519174,0.000829749204217238,0.22247374576416767,1.9999528132893707,6.674345777784793e-07,0.006023638086891932,0.00602430552146971,300x300
VCV000458566,9.016923345898067e-05,9.067514012884033e-05,0.0004045585929103729,6.496024150839632e-05,0.00023724195206187293,4.080562353778183e-07,0.006117479675120269,0.006117887731355647,300x300
VCV000458567,0.8080433667894132,9.045797435274031e-05,0.0004015295312006298,0.44447942627553805,1.999999388434018,3.283590800217534e-07,0.006188222480722226,0.006188550839802248,300x300
VCV000458568,0.17962680882610849,8.794015641636958e-05,0.00035735765985743517,0.44448625607210623,1.9999902458993843,4.5179931018428376e-07,0.005979107526424675,0.005979559325734859,300x300
VCV000458569,0.1823529179681262,0.0011470042262215678,0.0055588749791081055,0.4464234869316829,1.9829265785024512,1.3221798707651125e-05,0.005993369578564045,0.006006591377271696,300x300
VCV000458570,0.2553854659796504,9.193493072205389e-05,0.0003954406809403982,0.444509008985875,1.9999851362502663,3.451455685551594e-07,0.006061499470140225,0.00606184461570878,300x300
VCV000458571,8.71539026348689e-05,8.916989778093044e-05,0.0003714176149678394,6.383465900231904e-05,0.00021489471523183923,6.49032290182816e-07,0.006152052390636709,0.006152701422926891,300x300
VCV000458573,0.183108875047913,0.0011064652058983668,0.005536388159448971,0.448582750293031,1.9973385393240763,1.3302593577254815e-05,0.005994558393759189,0.006007860987336444,300x300
VCV000458574,8.894400522878283e-05,8.838627099179489e-05,0.00039212255132201057,6.5328753362601e-05,0.000236413665010482,4.695451162788425e-07,0.006097573119346653,0.006098042664462931,300x300
VCV000458575,8.841755451242188e-05,9.047387354328354e-05,0.00039376198589403943,6.292922667733908e-05,0.00022561043402757885,5.188587318977894e-07,0.006151478521704853,0.006151997380436751,300x300
VCV000458576,0.0786441395552204,9.02326255848105e-05,0.00039709289350702004,0.22228826328901052,1.9999590256643982,1.3802435561236642e-07,0.005951891037985963,0.005952029062341576,300x300
VCV000458577,0.07863463136261446,9.032057378729711e-05,0.0003993370570918031,0.22227052506214878,1.9999096894283417,2.8485225633031325e-07,0.00599314632213355,0.005993431174389881,300x300
VCV000458578,8.805465036015536e-05,8.939729008657097e-05,0.0003867477653684004,6.362368140929349e-05,0.00022767236314114037,5.130299585345138e-07,0.006087155074432794,0.006087668104391328,300x300
VCV000458579,0.9669709365844747,0.0011092965630030897,0.005424829368611266,0.6739554395288964,1.9998820678384424,1.4787709743306274e-05,0.006165838622424985,0.006180626332168291,300x300
VCV000458580,0.707223303351339,0.00018487026975584034,0.0008177021526933337,0.2224799507393299,1.9999973379660698,8.431358697186253e-07,0.0060523185469947005,0.006053161682864419,300x300
VCV000458581,0.17678761054810777,5.5353703919876507e-05,0.00022702515759329134,0.2222427531394771,1.9999958664859292,3.1633398874702026e-06,0.0061251367115549024,0.006121973371667432,300x300
VCV000458582,4.315365264053996e-05,5.274971718505366e-05,0.00021877716120223545,2.0137578719177835e-05,7.233980493426273e-05,3.1744940456367512e-06,0.006017837158021618,0.0060146626639759814,300x300
VCV000480733,3.1486521286092556e-05,3.840274457821402e-05,0.0001557978997333842,1.5924624050262575e-05,5.950094336670819e-05,4.528946854695515e-09,0.0059296755221951445,0.005929680051141999,300x300
VCV000480734,2.9319969648141455e-05,3.853487248579198e-05,0.0001646373523582073,1.207096740845564e-05,4.294643729074732e-05,2.260657617284001e-07,0.00611752787362398,0.006117753939385708,300x300
VCV000480735,0.17959115010974647,6.080932180641178e-05,0.0002837409762536172,0.44445392828393804,1.9999931955624637,4.337722607885078e-07,0.006003730452737193,0.006004164224997981,300x300
VCV000480736,8.11639503822737e-05,7.957027172501861e-05,0.0003364786447978829,6.109519523989082e-05,0.0002263793610635112,3.9632819525368956e-07,0.005970085158271047,0.005970481486466301,300x300
VCV000480738,1.8326575044503667e-05,2.6147144409324e-05,0.00010652478863974746,4.853337175752475e-06,1.6313607099749383e-05,1.580678484065963e-06,0.0059757136353178345,0.0059741329568337685,300x300
VCV000480740,9.587946940164991e-05,8.931957581458132e-05,0.00036860181693729177,7.744839581426256e-05,0.0002870507565019276,1.7368781664913596e-07,0.005983869874545858,0.005984043562362507,300x300
VCV000480741,2.9321594854047682e-05,3.809604612539373e-05,0.00016601773824131277,1.2157390235227142e-05,4.449590790678304e-05,9.002664197715199e-08,0.00609944960987156,0.006099539636513537,300x300
VCV000480742,0.16783626912210947,0.00042452436160998123,0.0020545657428316932,0.44552029855050346,1.9999861359119129,2.3585803847221004e-07,0.005932183279637287,0.005931947421598815,300x300
VCV000480743,0.07860833271558251,6.07438890571158e-05,0.00025311563698891815,0.22225782956116572,1.999995361035095,3.101159990193114e-07,0.0060101057501574994,0.006010415866156519,300x300
VCV000480744,0.07860437576923116,6.180442764259787e-05,0.0002843895330087026,0.22224906388370666,1.9999904989861217,3.9413267986700834e-07,0.00613599491714324,0.006136389049823107,300x300
VCV000480745,0.17677323151304147,3.9247289504516055e-05,0.00017029518854909387,0.22223528139902493,1.9999972426504544,6.111107658888365e-08,0.006047098877854523,0.006047159988931112,300x300
VCV000480746,5.56213600307647e-05,6.137399206681627e-05,0.000260774893116697,3.483570465087935e-05,0.00012786340812120933,5.243587384053117e-07,0.0060564321362028975,0.006056956494941303,300x300
VCV000480747,0.08342181216307691,0.0011136552182999214,0.005709866051831006,0.2292994838415002,1.994836946255346,1.0172432294029699e-05,0.005936795814232402,0.005946968246526432,300x300
VCV000480748,0.11988101826880497,0.0009083499260020159,0.004364832719939274,0.22470089511016336,1.9828055297651417,9.639656023532894e-06,0.0059735416064321655,0.005983181262455698,300x300
VCV000480749,0.7069874557328428,2.2820292559691247e-05,8.93622967409885e-05,0.22222614661039358,1.9999999380954103,1.6725292824922716e-06,0.005985385535820127,0.005983713006537635,300x300
VCV000480750,0.179162232457458,0.0006840294447359596,0.003035212488917166,0.225854843094923,1.9989261570911148,8.244082877570391e-06,0.006254003940882987,0.0062622480237605575,300x300
VCV000480751,0.07860596397040787,6.159888334869718e-05,0.0002605256999659439,0.2222528738010506,1.999989198475995,5.870771017423351e-07,0.006076452108117641,0.0060770391852193835,300x300
VCV000480752,5.8764219392564115e-05,6.239968805631931e-05,0.0002629996723012423,3.993078870217431e-05,0.00014249658938803034,2.7726211464414174e-07,0.005963219790237139,0.005963497052351783,300x300
VCV000480754,0.11988101826880497,0.0009083499260020159,0.004364832719939274,0.22470089511016336,1.9828055297651417,9.639656023532894e-06,0.0059735416064321655,0.005983181262455698,300x300
VCV000480755,0.10101375630781671,2.7058261121208512e-05,0.00011091787265540831,0.2222244668935932,1.9999886293784157,1.5436850247987216e-06,0.006163575479171153,0.006162031794146355,300x300
VCV000480757,0.07860282364047295,6.0650857564901764e-05,0.0002786933865918939,0.22224787083534558,1.9999935817566734,4.3605883736329287e-07,0.006102474338481318,0.006102910397318681,300x300
VCV000480760,5.742363085962508e-05,6.160851589682982e-05,0.0002559126637872791,3.771034398567272e-05,0.00014002405629243153,3.0765720750343395e-07,0.006046734397389842,0.006047042054597346,300x300
VCV000480762,0.17681214610735688,8.015750772257793e-05,0.0003762346717277737,0.222262024660643,1.9999903834891615,7.255768529664669e-07,0.0061872241068447595,0.006187949683697726,300x300
VCV000480764,7.626076501420397e-05,7.929728351276126e-05,0.00034509999115214796,5.267470138614616e-05,0.00019112347544802955,4.5638344091554484e-07,0.0060939832501063105,0.006094439633547226,300x300
VCV000480765,0.17697720870845032,0.00018436348068142627,0.0008545156135067802,0.22244942196631948,1.9999419784332098,7.939573067015926e-07,0.0060859647538724256,0.006086758711179127,300x300
VCV000480768,8.203901179758532e-05,8.127097471061453e-05,0.00033027236898465484,6.260407769780812e-05,0.00021810256619247959,5.601639105918405e-07,0.005997529191543017,0.005998089355453609,300x300
VCV000480951,9.11318333419071e-05,8.906817808443494e-05,0.0003862303153305824,6.910989541942926e-05,0.000252751514158156,3.330076779120561e-07,0.005994558393759189,0.005994891401437101,300x300
VCV000480952,0.785613783826017,8.793816237906152e-05,0.00037838130260080954,0.44451234692272035,1.9999994284123195,2.0362265708371435e-07,0.005951796914352325,0.005952000537009409,300x300
VCV000480953,0.2946129928741367,6.156622386458849e-05,0.0002681682418322409,0.44445293928467255,1.9999926108915256,2.7058570390824793e-07,0.006085201256996476,0.006085471842700385,300x300
VCV000480961,0.2651889241292528,7.945826999620646e-05,0.00033770617754890625,0.4444955815171774,1.9999999000680084,7.530417075367682e-07,0.006046436484556394,0.0060471895262639306,300x300
VCV000481003,0.0001594423778051611,0.00012510387165038772,0.0005409543967780511,0.00015496126860742928,0.0005462597367125177,6.121679412352324e-07,0.005925057879796804,0.005925670047738039,300x300
VCV000481015,0.0001534715151366855,0.0001268219518565073,0.0005706248897142871,0.00013855138385754362,0.0005279614323255855,2.2596586684783815e-07,0.0060656283979620175,0.006065854363828865,300x300
VCV000481022,1.934487656550162e-05,2.7470096133812448e-05,0.00011124991270959617,5.165844336975213e-06,1.8020275552865783e-05,1.5111793578055643e-06,0.006103645557006177,0.006102134377648371,300x300
VCV000481025,0.19648128293374895,0.00012732418935260172,0.0005556150662393011,0.44448148219478534,1.9999785730992472,7.402271862662693e-07,0.006024632491217973,0.006025372718404239,300x300
VCV000481049,1.0016079750976283,8.99971743355163e-05,0.0003974559303423844,0.6666898517036524,1.9999993948210604,5.590197674426936e-07,0.00608760313214779,0.006088162151915232,300x300
VCV000481098,0.1767718993381381,3.922092195830245e-05,0.00017461899020537047,0.2222329955337296,1.9999976662193593,1.1729719121347792e-08,0.00607997555690351,0.006079987286622631,300x300
VCV000481127,0.35810976314232773,0.00115768849003962,0.0054506320815082,0.6666809132769893,1.9946917220994467,1.2149448448622348e-05,0.006017222641223007,0.006029372089671629,300x300
VCV000481148,1.980936802652623e-05,2.8149102642472143e-05,0.00011340656996089438,5.8424097567745375e-06,1.6950119391512253e-05,1.746875409092824e-06,0.006072218958282177,0.006070472082873084,300x300
VCV000481159,7.370605877246888e-05,7.766697469489565e-05,0.00034047115746638906,5.012652245882531e-05,0.0001819530426091509,5.058251379081238e-07,0.005995652368799987,0.005996158193937895,300x300
VCV000481169,7.095263646589901e-05,7.999071502152316e-05,0.00037033328572796953,4.294602951381165e-05,0.00015408581437381663,4.6934044600766e-07,0.005991424607258998,0.0059918939477050055,300x300
VCV000481176,2.943583846492696e-05,3.877464857779699e-05,0.00017691380681977842,1.1420206520241906e-05,4.215453934830471e-05,3.929218592851891e-08,0.0061352562730406625,0.006135295565226591,300x300
VCV000482207,0.0012716104159674784,0.0005160421633111291,0.0024981611555860567,0.0017123273822325185,0.00618416833853952,4.596174949740399e-06,0.006167579552569362,0.0061721757275191025,300x300
VCV000482208,8.903894170025186e-05,8.918117337906309e-05,0.0003945509656384655,6.598401711284858e-05,0.00023442789709771095,1.2824316106361394e-07,0.005925327914349527,0.0059254561575105905,300x300
VCV000482209,0.07858130268845835,3.801850316688769e-05,0.00016074491440654093,0.22223393572406502,1.9999986234286382,1.870921992330743e-07,0.006125308979187585,0.006125496071386818,300x300
VCV000482210,0.0786992962254956,0.00012683209181261007,0.0005729806667325935,0.22234705545576183,1.9999675821750023,9.884734621726232e-07,0.0061303042784887594,0.006131292751950932,300x300
VCV000482211,0.7855528968348748,3.9791903268957995e-05,0.00017280390139458313,0.4444534664885685,1.9999998728287944,1.4149206899183309e-07,0.005982356875167551,0.0059824983672365425,300x300
VCV000482212,8.207411535926747e-05,7.860308884665168e-05,0.00033503036724281954,6.322474661613064e-05,0.00023630572540989103,1.7802319521396243e-07,0.005918977372452422,0.005918799349257208,300x300
VCV000482214,7.622293891598682e-05,8.092883169872785e-05,0.00035767704618410584,5.185323827949784e-05,0.00017961443796710164,5.776320236051957e-07,0.0061491680002336655,0.006149745632257271,300x300
VCV000482215,1.9235500061800655e-05,2.7410017597285408e-05,0.0001037445450704777,5.3594586751914974e-06,1.793246757408884e-05,1.5661688396850088e-06,0.006034342406088403,0.006032776237248718,300x300
VCV000482216,0.07858117958162143,3.886093270657058e-05,0.00016594642958465966,0.22223253284888367,1.9999889288024715,1.621534062492408e-07,0.0061159484521319946,0.006116110605538244,300x300
VCV000482217,0.17679588005322694,6.107592791146837e-05,0.000263621101790866,0.22225301937398653,1.999993061528907,5.173985506553777e-07,0.006167236757073317,0.006167754155623972,300x300
VCV000482219,8.191138454385978e-05,8.227405644752205e-05,0.00035726018905014867,5.98388113444765e-05,0.00021397747224893848,5.90370101040058e-07,0.006158467275299272,0.006159057645400312,300x300
VCV000482221,0.14144637388539172,8.1532021158342e-05,0.0003414459265634398,0.2222380379294484,1.9997968878026122,6.75394256233891e-07,0.006048767200824744,0.006049442595080978,300x300
VCV000482222,0.10101375630781671,2.7058261121208512e-05,0.00011091787265540831,0.2222244668935932,1.9999886293784157,1.5436850247987216e-06,0.006163575479171153,0.006162031794146355,300x300
VCV000482223,5.038313812064503e-05,6.166174061578584e-05,0.000287761438915117,2.5297274695406597e-05,9.018620504841479e-05,4.7233575792629545e-07,0.006026704002590742,0.006027176338348668,300x300
VCV000482224,1.626229482467075e-05,2.3600611179917122e-05,9.25673160245416e-05,3.691294497879897e-06,1.2491831112404483e-05,1.665216911407759e-06,0.006140314013436175,0.006138648796524767,300x300
VCV000482225,0.07944189357350345,0.0004330058103542961,0.0019963079977163636,0.22327690818228937,1.998438502888689,2.566921302218396e-06,0.006063808089341691,0.006066375010643909,300x300
VCV000482226,1.9212457184948138e-05,2.7245466956174256e-05,0.00011249469340546964,5.091458291454447e-06,1.759512703403132e-05,1.5419897722189144e-06,0.0060903137680449896,0.006088771778272771,300x300
VCV000482227,2.889944687365617e-05,3.872166455990378e-05,0.00017693695653316077,1.0661014928871184e-05,3.8589877729533484e-05,2.0773492282692013e-07,0.006201049619247905,0.006201257354170732,300x300
VCV000482230,0.2553460234370478,6.169967300075026e-05,0.0002682186715760454,0.44447003394194745,1.9999938383995852,4.833926524781471e-07,0.006010283462894614,0.006010766855547092,300x300
VCV000482231,0.24242094095480532,6.0555036223089095e-05,0.00029021384714925796,0.4444353368890075,1.9999366566193864,5.583377491492902e-07,0.006065721011472831,0.00606627934922198,300x300
VCV000482232,0.141431392659175,6.0587368250792626e-05,0.00027459430900127896,0.22222749782737866,1.9998798374989297,3.264802518020138e-07,0.006066338953863517,0.006066665434115319,300x300
VCV000482233,0.07878829528792337,0.00016472215967800786,0.0007048414288401833,0.22246699864942313,1.999964245369996,8.09051148007757e-07,0.005953073817514415,0.005953882868662423,300x300
VCV000482234,0.07860705214983393,6.12797672453215e-05,0.000266974756391862,0.222254962844446,1.9999956079493884,2.9337288427223884e-07,0.006004659374913611,0.0060049527477978835,300x300
VCV000482236,1.873304278703466e-05,2.6892865566219494e-05,0.00011324727366888998,4.627961118441881e-06,1.5892168402031892e-05,1.6281035605742247e-06,0.005999939657745091,0.005998311554184517,300x300
VCV000485023,0.17677194225547357,3.843515884390428e-05,0.00016930567823124354,0.22223380346448263,1.9999978829391138,2.074141677707239e-07,0.006135880394789869,0.00613608780895764,300x300
VCV000485024,8.901073995218355e-05,8.932493846367492e-05,0.00038826895738157396,6.471065355950767e-05,0.0002350170845103472,5.884040134834095e-07,0.006161447002922735,0.006162035406936219,300x300
VCV000485025,0.707044700208024,7.895079150055173e-05,0.00036948727012300897,0.22226923858197012,1.9999994900733364,6.7271544621373e-07,0.006113765040983871,0.006114437756430085,300x300
VCV000485026,0.1010408851072378,6.037617208274047e-05,0.00026611139246425497,0.2222365693159879,1.9999379322184963,5.980900577677584e-07,0.006172713838728243,0.006173311928786011,300x300
VCV000485027,0.14144964827242523,8.803004505264355e-05,0.0003820815364600147,0.22223654245733826,1.9997661567030764,2.441528144589422e-07,0.005919709178932421,0.00591995333174688,300x300
VCV000485028,3.0008212520951668e-05,3.856127026933294e-05,0.00016711125588866893,1.2926789911703472e-05,4.72526003765239e-05,8.251490458879157e-08,0.006099599129040785,0.006099681643945374,300x300
VCV000485029,1.659396321264971e-05,2.420246209974406e-05,9.584231512364816e-05,3.689273238966568e-06,1.255823707468906e-05,1.8079758505118795e-06,0.006037368070320332,0.00603556009446982,300x300
VCV000485030,0.949393593087091,6.259026372413512e-05,0.0002554529388265614,0.6666606782281398,1.9999997074187017,4.06777781040632e-07,0.005917157483981266,0.005917564261762306,300x300
VCV000485031,2.855230201613446e-05,3.7805805288013676e-05,0.00016839234824830157,1.1095535153758816e-05,4.091003096007295e-05,4.003194268263621e-09,0.006053557237103178,0.006053561240297446,300x300
VCV000485032,5.201065956755982e-05,6.14934479010303e-05,0.0002791082608223777,2.9125954276670247e-05,9.643044036333759e-05,4.406536751738743e-07,0.006072642790586532,0.0060730834442617055,300x300
VCV000485033,3.0547138679134166e-05,3.878000157876126e-05,0.00016779811161126562,1.3688042900818055e-05,4.950733108599614e-05,7.086467930343676e-08,0.006075392714834386,0.006075463579513689,300x300
VCV000485034,8.003338355440179e-05,8.06775130114524e-05,0.00034043248803331677,5.8847081651948306e-05,0.00020880136351764111,5.311756894315484e-07,0.006001488742288093,0.006002019917977525,300x300
VCV000485035,5.3737499965927366e-05,6.071014838391095e-05,0.00026309634845091134,3.236375593608355e-05,0.00011869812237419453,2.788609604993317e-07,0.005952332715354971,0.00595261157631547,300x300
VCV000485036,0.3089820179676303,0.0008969424657018219,0.004628147591953027,0.6672028065162253,1.9999888165948074,9.808259946336197e-06,0.00602160321180915,0.006031411471755486,300x300
VCV000485037,0.0054901825630638765,0.0011040898342255631,0.005441774842878035,0.008422983492092313,0.031113299585818988,1.36145369495147e-05,0.006111954265492125,0.00612556880244164,300x300
VCV000485038,1.635977617438157e-05,2.3482548765614177e-05,9.377674809246672e-05,3.96549283744453e-06,1.3823418102854035e-05,1.7302740683133172e-06,0.005903352474200015,0.005901622200131702,300x300
VCV000485039,0.707045906111851,8.035400267723925e-05,0.00035193333525875004,0.22227150789155223,1.9999995203274312,5.134875337119149e-07,0.006105681780680038,0.00610619526821375,300x300
VCV000485040,2.9987518285311254e-05,3.862382821827952e-05,0.0001672609823012844,1.3000214945238201e-05,4.7158389898771524e-05,8.799184593195203e-08,0.006052419645793217,0.006052507637639149,300x300
VCV000485041,0.26030388731128945,0.0010963954666049736,0.005315789477401411,0.4522302491921964,1.9987953331137331,1.2727832259716576e-05,0.006063252576466345,0.006075980408726062,300x300
VCV000485042,1.635977617438157e-05,2.3482548765614177e-05,9.377674809246672e-05,3.96549283744453e-06,1.3823418102854035e-05,1.7302740683133172e-06,0.005903352474200015,0.005901622200131702,300x300
VCV000485044,0.1768351952168439,8.832671411232692e-05,0.00037819875096745115,0.2222947723207517,1.9999875426060505,3.0634306498380365e-07,0.0059215190316020145,0.005921825374666998,300x300
VCV000485048,1.9217671871605818e-05,2.70474812536745e-05,0.00010297141168982837,5.611252532202984e-06,1.916003339630379e-05,1.536779670120031e-06,0.005959626167901653,0.005958089388231533,300x300
VCV000485049,2.9399389908710063e-05,3.8385719036261534e-05,0.00016606867780594864,1.2258020757734597e-05,4.446588884909897e-05,1.0166985207546442e-07,0.006007211152675134,0.006007312822527209,300x300
VCV000485050,1.6490131206917787e-05,2.38080076496202e-05,9.463570922076114e-05,4.443059623919036e-06,1.2213369083746706e-05,1.774841175773527e-06,0.005893530611384677,0.005891755770208904,300x300
VCV000486552,3.0168690126136332e-05,3.8697918588863014e-05,0.00017048667042038335,1.3288690395383026e-05,4.732327486700605e-05,9.48594828208138e-09,0.005941876521444545,0.005941867035496263,300x300
VCV000486553,0.08148029488805288,0.0009138136537473233,0.00455800861858241,0.22596693403773127,1.9905598997160825,1.1997965947686123e-05,0.006088174039851719,0.006100172005799405,300x300
VCV000486555,0.25537933117211553,8.893168245811828e-05,0.0003891967428958226,0.4445017361541939,1.9999905309819082,4.932826735632237e-07,0.0061052440318485,0.006105737314522063,300x300
VCV000486556,5.271649304990773e-05,6.06297733498564e-05,0.0002678986644326503,3.06980143132993e-05,0.000109519745677078,3.376410829987464e-07,0.00594254531687317,0.005942882957956168,300x300
VCV000486557,7.868731197703275e-05,8.151722980528422e-05,0.0003495323260624683,5.528866050721584e-05,0.00019597105648838653,7.52127480015824e-07,0.006112103964739876,0.006112856092219892,300x300
VCV000486558,2.83077678732844e-05,3.795252563334318e-05,0.0001783642557496301,1.0690944169327526e-05,3.633022682347775e-05,1.619754946714097e-07,0.0060666220756883295,0.006066784051183001,300x300
VCV000486997,0.7072467168345368,0.00018949315348404933,0.0008334431136802628,0.22252148031858304,1.9999974133643983,5.438717655533928e-07,0.005992042345080478,0.005992586216846031,300x300
VCV000486998,1.822767636722932e-05,2.6207562712137135e-05,0.00010756835207909737,4.672356449001806e-06,1.4994530720735533e-05,1.6569275353879587e-06,0.006015469853418754,0.006013812925883366,300x300
VCV000486999,0.10102353048742638,3.848070552529957e-05,0.00016617356633095992,0.2222306550650369,1.999976861635166,6.499951843777496e-08,0.0059698975351446856,0.005969962534663123,300x300
VCV000487000,4.5926220608172565e-05,5.5425578994868596e-05,0.00021215716578004695,2.3516367396811707e-05,7.936556177046139e-05,3.378994023108678e-06,0.005876426162591637,0.005873047168568528,300x300
VCV000487001,0.883800430974618,8.877343290507679e-05,0.0003714892018703772,0.44450745980852285,1.9999994014582765,6.218048778164342e-07,0.006075959951810763,0.006076581756688579,300x300
VCV000487002,8.29038988106303e-05,8.884106827633988e-05,0.00040600100951086737,5.427173191522675e-05,0.00019532221531892713,4.765709415337563e-07,0.006199333590672445,0.006199810161613979,300x300
VCV000487431,0.19000896993667873,0.00042177141217046566,0.0020202346993610787,0.4450286735598053,1.9999851294644484,2.5081584315864505e-06,0.006201049619247905,0.006203557777679491,300x300
VCV000490169,0.10104736076019699,6.819203445608401e-05,0.0002562140388852191,0.22223728636320692,1.9999257012325584,6.378121611106194e-06,0.006016696446732786,0.00601031832512168,300x300
VCV000490172,0.1010229936185776,3.858665979128515e-05,0.0001769563149899983,0.2222287077909829,1.99997625785416,1.1247597764794948e-07,0.006010594685563322,0.0060107071615409695,300x300
VCV000492570,0.1767616434064019,2.6852112451471603e-05,0.00010930689931028248,0.22222711190190106,1.9999992641921809,1.5289948923757207e-06,0.006005801713139603,0.006004272718247227,300x300
VCV000492571,0.14142750284090963,5.318011001068188e-05,0.00020479317539212616,0.22222749995159694,1.999921081686334,3.167429494368122e-06,0.005868518832116967,0.005865351402622599,300x300
VCV000492572,0.17677239004003428,3.927568618949838e-05,0.00017027001930110253,0.22223419340158024,1.9999976025617339,1.5985462991675858e-07,0.006149496979001251,0.0061496568336311674,300x300
VCV000492574,1.6052574443757954e-05,2.3155230372610082e-05,9.505123868489007e-05,3.674697019648596e-06,1.2791672554413047e-05,1.7514998060189774e-06,0.005969851431911042,0.005968099932105023,300x300
VCV000492575,0.17677223297115993,3.941258177351676e-05,0.00017692891996190507,0.22223336758364928,1.9999974991461338,1.7129762445826369e-07,0.006113399886510714,0.006113571184135172,300x300
VCV000492576,0.19647943611800933,0.00012402689881772864,0.0005638559815295124,0.44448344943057677,1.9999929113538173,7.518292963956674e-07,0.006113279959335811,0.006114031788632207,300x300
VCV000492577,5.176066636185209e-05,6.045589149891747e-05,0.00027009761021223183,2.906136187375008e-05,0.00010258042551469782,4.965971422748669e-07,0.006034347519246134,0.006034844116388409,300x300
VCV000492578,5.039380404044507e-05,6.056711425618302e-05,0.0002849875658892803,2.5887657974078672e-05,9.238041799897179e-05,6.237129682234652e-07,0.006108429318186122,0.006109053031154345,300x300
VCV000492579,0.17688924912318557,0.0001264144069003031,0.0005766840617240712,0.22235214411649779,1.9999699217381761,7.591962246323788e-07,0.005965638066713797,0.00596639726293843,300x300
VCV000492580,0.10116751585792352,0.00016488795641085902,0.0007151532255882248,0.22233464425332172,1.9995013385897478,1.2586483540584503e-06,0.006020834360862173,0.006022093009216231,300x300
VCV000492581,0.7070451295395177,7.932789010287354e-05,0.0003504359770976351,0.22227076477000107,1.9999995006020068,7.567309075239351e-07,0.006144645982038432,0.006145402712945956,300x300
VCV000492582,0.17971670439011586,0.00016394500678289665,0.0007581760591514955,0.44455002502756025,1.9999662375505878,9.75620743776974e-07,0.0060635339516903345,0.0060645095724341114,300x300
VCV000492583,0.0002355114141947787,0.00016426838359274106,0.0007011997148123478,0.00024734636826996407,0.0009083291065661303,8.745475514170681e-07,0.005956722578586092,0.005957597126137509,300x300
VCV000492584,0.00020929885792930042,0.00016380448478509892,0.0007347391536855347,0.00020219520494880861,0.0007197143391943772,1.3314128423308827e-06,0.0060764570579602125,0.006077788470802543,300x300
VCV000492585,0.07876664170854371,0.0001655522370580098,0.0007375840915972084,0.22242739780570042,1.9999403304323553,1.379682371248185e-06,0.006059549219548752,0.00606092890192,300x300
VCV000492586,0.07878055084461451,0.0001637901701602894,0.0007256426549699796,0.22245200799129913,1.999974598243627,9.205948577018994e-07,0.006053988325315533,0.006054908920173235,300x300
VCV000492587,0.17697306035538662,0.00016797750924213794,0.0007306222477272972,0.22248521942484947,1.9999519783860409,8.566498472754175e-07,0.005812879348715914,0.005813735998563189,300x300
VCV000492588,0.00024541374468945126,0.00016842877644179297,0.0007158737241219904,0.00028651405851365386,0.0008128499918537146,1.1419382922065943e-06,0.005860642967408115,0.005861784905700321,300x300
VCV000492589,0.3181606426342188,3.971466744999102e-05,0.00015949177789496838,0.4444465337428659,1.999997449660004,3.642133549874166e-08,0.006119523694823539,0.006119560116159038,300x300
VCV000492590,0.32098126496624907,7.904457987385919e-05,0.0003468877957536545,0.6666532245164954,1.9999782096100485,1.248060381708882e-07,0.006000472450392971,0.006000597256431142,300x300
VCV000492591,0.08866907491441868,0.00020621936092583674,0.0009634052079222633,0.2225332866543933,1.999998340527232,4.297005780024357e-07,0.005988105553256973,0.005988535253834975,300x300
VCV000492592,0.078623868284036,7.837209720739489e-05,0.0003680657711384733,0.22226586486098954,1.999997237833075,2.332956943714229e-07,0.006120233977366847,0.006120467273061219,300x300
VCV000492593,0.17682339627164495,8.008714970154076e-05,0.0003349545707024282,0.22228373600192558,1.9999894106910985,7.926057136488363e-08,0.005918600529473969,0.005918679790045334,300x300
VCV000492594,0.7855945936074092,7.749222427045598e-05,0.0003544774143544663,0.44448859887454467,1.9999994852366383,5.27132606653255e-08,0.006069906424932436,0.006069959138193102,300x300
VCV000492595,7.474924768264193e-05,7.827158696443079e-05,0.00035805019439887065,4.999613182178465e-05,0.0001856104373362255,3.103503954521303e-08,0.0060505802230499586,0.006050611258089504,300x300
VCV000492596,7.94732079300013e-05,8.025754686476196e-05,0.000351977582562335,5.780495978694825e-05,0.00020279413835000426,2.686897704710922e-07,0.005988456340001909,0.00598872502977238,300x300
VCV000492597,1.0251558958372997,7.89289149716487e-05,0.00035163443126864924,0.6666747945094618,1.9999994891360813,2.8221539351801217e-07,0.005989570980990396,0.005989853196383914,300x300
VCV000492598,7.50870425120728e-05,7.864154770342058e-05,0.00034636136257507055,5.0766055149630164e-05,0.00018573028490054266,2.18718622333261e-07,0.006099516549852531,0.006099735268474864,300x300
VCV000492599,0.17704276299765426,0.00021125237404457373,0.0010043431540780398,0.22253472090481471,1.9999358955638176,8.780425075670742e-07,0.00610691847439646,0.006107796516904027,300x300
VCV000492600,0.10106472686920533,7.952675676013474e-05,0.00034206305789274277,0.22225699712888433,1.9998997108483934,1.4048637292807947e-07,0.006036536469241075,0.006036676955614003,300x300
VCV000492601,0.7070467352497117,7.904461545856494e-05,0.000357552110500349,0.2222741502280072,1.999999490458527,1.63199856328608e-07,0.00597526570556127,0.005975428905417598,300x300
VCV000492602,0.17682313137038796,7.938049570261734e-05,0.00031431039114569737,0.22228307962838784,1.9999900209127899,1.3148891767848087e-07,0.006099373559944036,0.006099505048861715,300x300
VCV000492603,0.14144467725499937,8.068213741157458e-05,0.00035283654147950233,0.2222333944039828,1.9997866248239784,1.8696573976951375e-07,0.006111873232912167,0.006112060198651937,300x300
VCV000492604,8.114450063939875e-05,8.00024127793891e-05,0.0003388660707228791,6.519072493392663e-05,0.000198887050255947,1.5284565323733096e-07,0.005946429188849799,0.0059465820345030364,300x300
VCV000492605,7.389579259218482e-05,7.678904288764713e-05,0.0003273127144806376,5.120501403975563e-05,0.00018794682493628034,3.6263917140011426e-08,0.00601355272848216,0.0060135889923993,300x300
VCV000492606,0.707048084009896,7.880839789581246e-05,0.00035926843279599635,0.2222750553400362,1.9999994406870878,2.8386065435096614e-07,0.006108084198185423,0.006108368058839774,300x300
VCV000492607,0.0786213682191566,7.864354913699751e-05,0.0003639035304257854,0.22226082231822694,1.9999691617132118,4.591152932276188e-07,0.006059175125532551,0.006059634240825779,300x300
VCV000492608,0.10106039339513784,8.083696582281613e-05,0.0003653844401749623,0.22224756300328202,1.9998914975259847,2.752935188126554e-07,0.006078387955939438,0.006078663249458251,300x300
VCV000492609,0.11788581323492603,7.949621087704257e-05,0.0003276857376051656,0.22223848144306974,1.9997805833483036,4.177850997186955e-08,0.005985444356835097,0.005985486135345069,300x300
VCV000492610,7.974403380393318e-05,7.844334163138458e-05,0.0003383803485265194,5.852561456915545e-05,0.00022248671821289978,7.031055675697784e-08,0.00608121071825652,0.006081140407699763,300x300
VCV000492611,7.697379637747362e-05,8.011227134036993e-05,0.00033034839117297016,5.374788662250286e-05,0.00019183560209945494,8.408851848744001e-07,0.006210910593165811,0.006211751478350685,300x300
VCV000492612,0.10119366180712121,0.00016610192942626657,0.0007082816401211139,0.22238149601639087,1.9995700364583215,1.314498782116827e-06,0.006071273101705396,0.006072587600487513,300x300
VCV000492613,0.07880153282841952,0.00018192584992140094,0.0008366154153409133,0.222469632987613,1.9999546151875267,8.733877493441108e-07,0.006013298305267366,0.0060141716930167104,300x300
VCV000492614,0.7072435579083177,0.0001841821738745099,0.0008032675196602557,0.22251497451339253,1.9999973872944419,9.1633664634546e-07,0.006032901353073217,0.006033817689719562,300x300
VCV000492615,0.3183690286641916,0.0002288925757983301,0.0007817529954074476,0.4447830465403338,1.9999356943975952,4.7101592071281673e-07,0.005890958911022075,0.005891429926942787,300x300
VCV000492616,0.17973375175629086,0.00018555190821679525,0.0008178107359891815,0.4445462967206049,1.9997998437715265,1.11673401659209e-06,0.006051673864337774,0.006052790598354366,300x300
VCV000492617,0.35653039012372795,0.0001905732409548945,0.0007974727008763505,0.666870035182871,1.9999896034026223,3.8201084403676616e-07,0.00617693876365021,0.0061773207744942465,300x300
VCV000492618,0.17699288576978467,0.00018599715412674422,0.0008175735745395915,0.222478115921682,1.9999493460182034,1.128649248028149e-06,0.0061051999731336765,0.006106328622381705,300x300
VCV000492619,0.8965208321136148,0.00019037118116150382,0.0008586510421832311,0.6667804286823538,1.9999996347429474,7.854645314615827e-07,0.006083322559296179,0.006084108023827641,300x300
VCV000492620,0.10119134207139668,0.00018272585052898072,0.0008493816401203141,0.22235340655209365,1.9994855201364596,1.168678315675506e-06,0.0061317351413268766,0.006132903819642552,300x300
VCV000492621,0.2200606247581043,0.00018652467352349284,0.0008473308251588166,0.44447021754183375,1.9998119472345939,8.61081688856638e-07,0.006005368075280434,0.006006229156969291,300x300
VCV000492622,0.30867537048942506,0.005682724303316145,0.03313814409774754,0.6386602664062386,1.9929800093113863,0.00014220504530699975,0.006097101468758718,0.006239306514065718,300x300
VCV000492623,0.0014463881704192046,0.0005270722758499064,0.0025102853862548485,0.0019942098956813436,0.007319894423151174,4.154621756566508e-06,0.006117479675120269,0.0061216342968768355,300x300
VCV000492624,0.17682415027794046,8.8761173482491e-05,0.00040470602176405357,0.22227487597769485,1.9999896953892073,4.863318873110992e-07,0.006167579552569362,0.006168065884456673,300x300
VCV000492625,0.39561867398718176,9.001388370348625e-05,0.00038502287355571263,0.6666570395228065,1.9999881813788358,2.915830194984842e-07,0.00594430902098772,0.005944600604007219,300x300
VCV000492626,0.00028114350401125664,0.00018188027052859365,0.0007860033693531804,0.0003104098630707251,0.0011205065245224466,7.72294871609347e-07,0.005933028816026575,0.0059338011108981846,300x300
VCV000492627,0.10107092391291553,8.841879828920742e-05,0.0003785014582525781,0.22225729179192413,1.999863513844753,3.437877767751077e-07,0.006103739405661534,0.006104083193438309,300x300
VCV000492628,0.14144263363031712,7.799987960641952e-05,0.0003421759582381001,0.22223154415747284,1.9998015977863912,2.6596468831376757e-07,0.006116119501266052,0.006116385465954366,300x300
VCV000492629,0.00032818618804858306,0.0002130941304641603,0.0009916030672933451,0.0003558679569491716,0.0013023873578794642,5.609925709387786e-07,0.00609973000351469,0.0061002909960856284,300x300
VCV000492630,0.0003613908377795228,0.00021614759076359126,0.0009159758891707642,0.0004198495891441192,0.0015063974835439753,1.527793504155911e-07,0.0059085928487142905,0.005908745628064706,300x300
VCV000492631,7.952751327938515e-05,7.95613763655692e-05,0.00033065240581281463,5.815598606792902e-05,0.00021260393166933067,1.4119777529044558e-07,0.006054756812542782,0.006054898010318072,300x300
VCV000492632,0.22006693365309357,0.00018508092694968805,0.0007615877757030862,0.4444985380898484,1.9999657895722684,2.4948232936472525e-07,0.005922794340159905,0.00592304382248927,300x300
VCV000492633,0.00029525218899347937,0.0001879744801250568,0.0008003420423401061,0.00033142635020840433,0.0011877907370145824,6.414526806291024e-07,0.005907710773248513,0.005908352225929142,300x300
VCV000492634,0.41918390042343157,0.00018444015831064957,0.0007692500254407181,0.6665748479248544,1.9999509144709096,9.464002249945716e-07,0.005966754094478398,0.005967700494703392,300x300
VCV000492635,0.0002501173009273221,0.0001801505577295591,0.0008314712545476194,0.0002530862746203708,0.000934903045076596,8.332910630369506e-07,0.0060639063498936505,0.0060647396409566874,300x300
VCV000492636,0.2555190860037707,0.00018603258608462605,0.0008389783446486887,0.44464145051297543,1.9999392117630337,7.245271727964256e-07,0.005957676477866878,0.005958401005039675,300x300
VCV000492637,0.1769965411252607,0.00018471822376294147,0.0008023556625803285,0.2224959581979127,1.9999417479162813,1.3917867101179496e-06,0.006087922644707063,0.006089314431417181,300x300
VCV000492638,0.17698923757219612,0.00018715170749786285,0.0008460500335645688,0.2224702987539104,1.9999457121881958,1.189093595819861e-06,0.006152965916650511,0.006154155010246331,300x300
VCV000492639,0.0002689616973549071,0.0001849930886343286,0.0008349605538940791,0.0002838611179017218,0.001047034132805602,5.935511408318786e-07,0.005919708124614954,0.005920301675755786,300x300
VCV000492640,0.07879434409851979,0.00018408032339899705,0.0008550388238247886,0.2224557941401314,1.9999612901876143,1.2312702539398618e-06,0.0061250128953291875,0.006126244165583127,300x300
VCV000492641,0.10118007090805127,0.00018635721712340455,0.0008347303053696797,0.2223307127126485,1.99939927231283,1.5231210530337186e-06,0.006221010492330053,0.006222533613383087,300x300
VCV000492642,0.8485159965863084,0.00018716021814018605,0.0007984967336711127,0.4445806084783719,1.9999975818900388,7.796180926528118e-07,0.005907579710282523,0.005908359328375176,300x300
VCV000492643,0.1011968770280246,0.0001879689251710762,0.0008358798884699203,0.22236340841966928,1.9993875904433775,8.028113659998282e-07,0.006029383908980777,0.006030186720346777,300x300
VCV000492644,0.14151974199037698,0.0001893707134279633,0.0008353652023622427,0.22227701239660547,1.9989324628062444,9.277324625718911e-07,0.0061632935758768135,0.006164221308339385,300x300
VCV000492645,0.8866813902010334,0.000182851401110397,0.0008538212838102022,0.6667379933933181,1.999997395196906,1.039386398477872e-06,0.006210975428248508,0.006212014814646986,300x300
VCV000492646,0.17973353950551718,0.00018539936742708945,0.0008758359730162701,0.44455305967378056,1.9999810561943674,1.1170956516082936e-06,0.006167945198526578,0.0061690622941781865,300x300
VCV000492647,0.00026460025595482627,0.00018718772768668414,0.0008179660529834543,0.0002742955997951811,0.0009977439071765515,9.765479104901706e-07,0.006171942828055352,0.0061729193759658425,300x300
VCV000492648,0.17700412718518294,0.00018710612859738102,0.0008114908420969111,0.22249757296469141,1.9999535053270447,1.0771770210128012e-06,0.006036920900323617,0.00603799807734463,300x300
VCV000492649,0.00026709116328045384,0.00018332729027696807,0.0008055009770851287,0.00028171972838820906,0.0010425530279694062,6.567971079281948e-07,0.0060805822415709145,0.006081239038678843,300x300
VCV000492650,0.08864235240690585,0.00018825347871542322,0.0008262529336228175,0.22251647254317555,1.999999636346185,1.0753896420596237e-06,0.006063024899292201,0.00606410028893426,300x300
VCV000492651,0.0002436239429679456,0.00018556339305402257,0.0008454888686997356,0.00024114316948944638,0.0008421029297188687,1.251615476620914e-06,0.006125931761782636,0.006127183377259257,300x300
VCV000492744,0.17241566309424444,0.0011041137431992624,0.005388771906103457,0.45266341839254337,1.9999832313766492,1.4835939679025065e-05,0.006088856372218888,0.006103692311897913,300x300
VCV000492745,0.18275525877303375,0.001116883505917545,0.0056621550127435374,0.4477716429880963,1.993210652972441,1.3265487951901259e-05,0.005964628763919585,0.005977894251871486,300x300
VCV000492746,0.1796249456295307,8.980429595081433e-05,0.0003790397063924422,0.4444810513427263,1.999996130909448,4.131834880453933e-07,0.006096431716915892,0.006096844900403938,300x300
VCV000492747,0.9051593050609184,0.0009230706189994534,0.004363493159090737,0.6684590753910602,1.999920438488879,1.2491589291792338e-05,0.006029106705371421,0.0060415982946632136,300x300
VCV000492748,0.07878797768402447,0.00016684591288980088,0.0006953578129331867,0.22246656193414205,1.9999667261760097,1.262956218960054e-06,0.006015289591382514,0.006016552547601474,300x300
VCV000492749,0.16706150007154408,0.00012701865740615272,0.0005860933299195875,0.44455251782614713,1.999999749356986,1.0176283642892789e-06,0.006019441743105067,0.006020459371469356,300x300
VCV000492750,0.6109102238811057,0.0006879383481588259,0.0030262187873415294,0.6694957005390121,1.9999898000145293,7.494218175853502e-06,0.006015519409558917,0.00602301362773477,300x300
VCV000492751,0.2857024709134582,0.0006886046396415291,0.0032806508246104593,0.6672193969988227,1.9999889523940984,8.618807152638297e-06,0.0060462864839673815,0.00605490529112002,300x300
VCV000492752,3.010804730974199e-05,3.854276133041404e-05,0.00017143650672718502,1.2971589878723538e-05,4.834154105248789e-05,5.900401019252183e-08,0.006023916294215335,0.006023975298225528,300x300
VCV000492753,0.9757215141007571,0.0004211421877015075,0.0018855430885625635,0.8897534058283196,1.9999887241281973,4.432481298067767e-07,0.00594807222792481,0.0059485154760546164,300x300
VCV000492754,0.7070476597978828,7.906534325939514e-05,0.00035392396739541976,0.22227452588948177,1.9999994447660978,2.6051526273544734e-07,0.006090269069805086,0.006090529585067821,300x300
VCV000492755,0.07862569970245419,7.96051043326077e-05,0.0003510903182881511,0.22226748296605572,1.9999636518401385,4.690872240824609e-07,0.006027259758251716,0.006027728845475798,300x300
VCV000495326,0.10120212462068928,0.000187194615364659,0.0008208054443969298,0.22237480767780962,1.9994037610560795,1.0364480070926274e-06,0.006034191231812056,0.006035227679819149,300x300
VCV000496047,0.3181602756433868,3.887078207813694e-05,0.00017227533930151695,0.4444461149026257,1.9999972554516803,9.218463638965835e-08,0.006118042505278976,0.006118134689915366,300x300
VCV000496048,0.00021370216979426333,0.0001648491035600104,0.0007637894023390032,0.00021164057672590838,0.0007257515592101749,1.2488527219101445e-06,0.005974925226709456,0.005976174079431366,300x300
VCV000496049,0.1768286599538064,8.965731159484486e-05,0.00037660852090171115,0.2222862801119316,1.9999865425261178,4.490570275203151e-07,0.006063770885651525,0.006064219942679045,300x300
VCV000506486,0.7070030501999729,3.898960627279892e-05,0.00015207345870892064,0.2222389364013866,1.9999998775828618,6.84273561944726e-08,0.005952729348797663,0.0059527977761538575,300x300
VCV000506707,0.10106187514674672,8.193812814717772e-05,0.00035807893090525345,0.22225298427198967,1.9998864709999395,7.236077399896262e-07,0.0060096444034711686,0.006010368011211158,300x300
VCV000507597,0.17957507209584042,3.84853035730509e-05,0.00017043997843615988,0.4444504402793098,1.9999961922636507,2.0366789355713566e-08,0.005916722651691445,0.005916702284902089,300x300
VCV000507871,0.10128114355857236,0.00021448621727921858,0.0009464059639019418,0.22248825599502797,1.9993136999607228,3.7626940574582435e-07,0.005982971547467863,0.005983347816873609,300x300
VCV000510753,0.10111119486196954,0.00012645861514612406,0.0005542301096119542,0.22228363547063357,1.999729353261092,8.699312575022322e-07,0.0061648060589987634,0.006165675990256266,300x300
VCV000511134,2.8993273586156197e-05,3.845736086282384e-05,0.0001775504155253002,1.1072366862658396e-05,4.0477183663734095e-05,1.35645412660014e-07,0.006055313939723216,0.006055449585135876,300x300
VCV000511279,5.36643994822295e-05,6.047080117398944e-05,0.000260654954951936,3.279601277802099e-05,0.00011341619811566783,4.879382050973491e-07,0.00593763629867893,0.0059381242368840275,300x300
VCV000511585,0.00014749163845346935,0.00012565357777856594,0.0005596781143907131,0.0001363764768642269,0.0004416655247643231,1.066141567130502e-06,0.0059317633615890595,0.00593282950315619,300x300
VCV000511854,1.846160887311394e-05,2.5724314405601664e-05,9.561346746704558e-05,6.402279174934202e-06,1.707880237133974e-05,1.8101486726597796e-06,0.005843142572289722,0.005841332423617062,300x300
VCV000512357,0.00026009153147744604,0.0001866076909835358,0.0008259369519468401,0.00028134913749301564,0.0008810255395637068,1.142878426318647e-06,0.006040003666374893,0.006041146544801212,300x300
VCV000512946,0.2945882235163139,2.6455166269806832e-05,0.00010484717319061976,0.4444458814843708,1.9999991194349316,1.477892270666803e-06,0.006016372877547006,0.0060148949852763395,300x300
VCV000514039,3.080019540991396e-05,3.9425530520242757e-05,0.00017666559697462197,1.3191044106020122e-05,4.868518166412095e-05,2.598581144708234e-08,0.006101793634511412,0.006101819620322859,300x300
VCV000514156,0.00017483104974853818,0.00014324152219810177,0.0005826182498622351,0.00015835614888427675,0.0005586405291841956,8.275141301548015e-06,0.005951098367315693,0.005942823226014145,300x300
VCV000514422,8.883276288341493e-05,8.864372031834594e-05,0.0003919698205892136,6.469285703410617e-05,0.000236351199056406,4.4560431494960334e-07,0.00611385711205674,0.00611430271637169,300x300
VCV000514755,0.5618301470878151,0.005718999272572665,0.03420162612959714,1.0054970839645712,1.9941853545236232,0.00012108226786545443,0.0061427691879547665,0.006263851455820221,300x300
VCV000515187,0.0002380007936894563,0.00016576313583704103,0.0006909719038949158,0.0002528119671474248,0.0008963460768415255,1.3720414575625617e-06,0.005968133398736706,0.005969505440194268,300x300
VCV000516754,0.49527109560426374,0.0004944030535442798,0.002416820974270595,0.44479109273672357,1.9999594779456102,1.9613113064420595e-05,0.005907256081924581,0.005887642968860161,300x300
VCV000516982,0.0786064941403877,6.11481903892858e-05,0.0002793350623700175,0.22225329851905412,1.999997009670844,3.775627625771799e-07,0.006112744346374507,0.006113121909137084,300x300
VCV000517509,0.17697063719458908,0.0001650436545583741,0.0007129709497944031,0.2224597096639228,1.9999566654786511,1.3129266901116404e-06,0.005980655871241426,0.0059819687979315375,300x300
VCV000517670,0.7493005268009189,0.005607399514660587,0.03336344857499865,0.9274312754072545,1.9996101249891303,0.00013642486511766718,0.006072054728884942,0.0062084795940026095,300x300
VCV000528235,0.17681420211277077,7.965038803782388e-05,0.0003604800740040215,0.22226669543566815,1.9999899609778606,7.195017392037234e-07,0.00611463962445372,0.006115359126192924,300x300
VCV000528236,0.07858279392768419,3.8437237275315e-05,0.00016175337113254196,0.22223578731343677,1.9999946667338755,1.4704359378552023e-08,0.005979249395901033,0.005979234691541655,300x300
VCV000528240,0.17682862470319158,8.930023595362518e-05,0.00039649530601840177,0.22228264348829205,1.9999868025628222,5.204805723973624e-07,0.006071605539127373,0.00607212601969977,300x300
VCV000528241,1.871976197358363e-05,2.723874597910934e-05,0.00011387552431399439,4.333989166401449e-06,1.4079034403757795e-05,1.6643812371687494e-06,0.006186358823588188,0.00618469444235102,300x300
VCV000528242,0.8846094799375455,0.0004214309504174624,0.0019319142187781344,0.4456757589650571,1.9999848671046307,2.0028359469766513e-06,0.006100863397332284,0.006102866233279261,300x300
VCV000528243,0.3735431226522651,0.0004218771780634282,0.0019109270986926372,0.6668636013083619,1.9996151990812825,7.435457876833751e-08,0.00595165608307162,0.005951730437650389,300x300
VCV000528244,0.8871806642119076,0.00042749244956117173,0.001930143414174454,0.6671948174291619,1.999984511096091,1.6353901371602558e-06,0.005945144638764363,0.005946780028901523,300x300
VCV000528247,0.000636944331771879,0.0003298939309734482,0.0016072268863593503,0.0007750859390083736,0.0028522557105911117,3.0070533055381182e-06,0.006043471870941314,0.006046478924246852,300x300
VCV000528248,0.14143180972425387,6.137873155612004e-05,0.0002591871006137822,0.2222286706353288,1.9998698280362355,2.975044496901502e-07,0.0059904990913841214,0.005990796595833812,300x300
VCV000528249,0.9847765051365889,8.073858203888593e-05,0.00034910957094421574,0.6666967913664492,1.9999995259314076,4.345439699043885e-07,0.006028985479472015,0.006029420023441919,300x300
VCV000528250,0.21998444430029457,6.32927485474449e-05,0.00026580014005780916,0.4444488312249949,1.9999835787723266,2.897509120709102e-07,0.005996022382697563,0.005996312133609634,300x300
VCV000528253,0.30752382521086086,0.00562657898672398,0.03193987744140722,0.6361979977717453,1.982110576993398,0.00014554135213755166,0.005955282845743394,0.0061008241978809455,300x300
VCV000528254,8.007881274255797e-05,7.990758975326412e-05,0.00034685792044096553,5.8541726477666524e-05,0.00021617328075029807,4.985104489971248e-07,0.006016914157089621,0.006017412667538618,300x300
VCV000528256,0.0786992962254956,0.00012683209181261007,0.0005729806667325935,0.22234705545576183,1.9999675821750023,9.884734621726232e-07,0.0061303042784887594,0.006131292751950932,300x300
VCV000528258,2.9657847353893487e-05,3.9073850528126515e-05,0.00017457968193587692,1.1723974367118374e-05,4.251421134504607e-05,8.44394046741262e-08,0.006141459012010848,0.006141543451415522,300x300
VCV000528260,2.9343076478807293e-05,3.84560248470802e-05,0.0001673513319670264,1.1817008333488607e-05,4.2915377037933133e-05,1.400989063371494e-07,0.006139822720526284,0.006139962819432621,300x300
VCV000528261,0.17697811673390368,0.00018506391194849807,0.000876356157580041,0.22245027391367822,1.9999530341715623,1.1596213314035708e-06,0.006116223175419377,0.006117382796750781,300x300
VCV000528263,0.41505335103304186,0.0058031490935847455,0.03392771286909235,0.7070588246429639,1.992278305335883,0.00013468706527228723,0.0061303042784887594,0.006264991343761047,300x300
VCV000528265,0.07937753897216773,0.00042134670203413586,0.0019450086562151914,0.22307154266667423,1.9964538785865735,1.5535614042031312e-06,0.006050109611015881,0.006051663172420084,300x300
VCV000528266,2.941555086735026e-05,3.8550024179796906e-05,0.0001647894539139813,1.2105142171524462e-05,4.424312617234971e-05,4.443807755365875e-08,0.006123672864056533,0.006123717302134087,300x300
VCV000528267,0.10415469627079592,0.0011097777721975645,0.00543173693312847,0.22594958591538583,1.979958911533941,1.4764060981158934e-05,0.006029248264913339,0.006044012325894498,300x300
VCV000528269,7.451485363185268e-05,7.97393576432103e-05,0.00035319809365130794,4.9220883918627616e-05,0.00017682993536161096,6.254007201391201e-07,0.0060894237416611865,0.006090049142381326,300x300
VCV000528272,0.41083268271555556,0.005865433686532773,0.03514863753072053,0.6257609937238756,1.9921833347451554,0.00013826301261803987,0.006139413832267275,0.006277676844885315,300x300
VCV000528273,0.7070589854483323,9.005972531682967e-05,0.00039387388089494324,0.22228634973427436,1.9999994296976304,2.4690751253796106e-07,0.005959966598304951,0.005960213505817489,300x300
VCV000528274,4.51372177825391e-05,5.4509942460390006e-05,0.00022074930064010234,2.2206706121136792e-05,7.775305433288526e-05,3.150053632713229e-06,0.005980247844629327,0.0059770977909966135,300x300
VCV000528275,8.895411988025427e-05,9.00752511307207e-05,0.00039582808253798424,6.435680604492215e-05,0.0002298176105869354,4.89930035307666e-07,0.0060941456984706455,0.006094635628505953,300x300
VCV000528276,0.9847905085578721,8.921723610064337e-05,0.00035499620598450354,0.6667141872927539,1.9999994419329963,2.5116978165633935e-07,0.005854880716786775,0.005855131886568431,300x300
VCV000528277,7.254727335789914e-05,7.84110840208234e-05,0.00035818015017153454,4.568369851354337e-05,0.0001664962515948165,2.7860267672215333e-07,0.006231399593539992,0.006231678196216714,300x300
VCV000528278,0.00025607742850951087,0.0001880524665151231,0.0008428180778655564,0.00025994641764941976,0.0009176074130800016,9.843946446779286e-07,0.006155328003521114,0.006156312398165792,300x300
VCV000528279,0.25536374181191734,7.986566249303925e-05,0.00036630197193093794,0.4444822899196806,1.9999893334713361,8.050978862559482e-07,0.006159593164339809,0.006160398262226065,300x300
VCV000528280,0.10119543971064426,0.00018710222677705454,0.0008044930003273248,0.22237816180175388,1.9993612098786864,1.1392603959615652e-06,0.006037009782898775,0.006038149043294736,300x300
VCV000528281,0.00027402997437862907,0.00018614726771699536,0.0008147516035212216,0.00029340244203363626,0.0010463116614026768,1.1942192427510587e-06,0.006074819189204277,0.006076013408447028,300x300
VCV000528282,0.10116842615278765,0.00016355741113918316,0.0007349757063856571,0.22233927679284696,1.999562361626636,1.4485638445667706e-06,0.0060559364171575945,0.006057384981002161,300x300
VCV000528289,0.24241813432865802,0.00045193463884775093,0.00217836734594494,0.4440257222869229,1.9968450454142164,5.063596198295189e-06,0.006091557185672104,0.006096620781870399,300x300
VCV000545773,0.8087554223549711,0.00041843169554335347,0.0018661870405310005,0.44530286253357587,1.9999841663092655,1.2892286812447515e-06,0.006075194292709401,0.006076483521390646,300x300
VCV000545786,0.10269135142929854,0.000669106624952682,0.003208616919229773,0.22427675092912447,1.993938004844558,6.437712105621628e-06,0.006067120728598069,0.00607355844070369,300x300
VCV000545871,0.7081710389568241,0.0004310383219205562,0.0018871015069891958,0.2239243859284955,1.999983486742047,1.951026915494175e-07,0.0060202584398344975,0.006020453542526047,300x300
VCV000548873,0.2391081926031647,0.005719107930519297,0.0349584252964068,0.4851655600683512,1.9921034020453607,0.00014195302348459296,0.005889248899142706,0.006031201922627299,300x300
VCV000548875,0.17698378087368777,0.00018422294902011664,0.0008307914705251648,0.2224643925200248,1.9999479813188192,9.440216662860712e-07,0.00603233181329904,0.006033275834965326,300x300
VCV000548898,0.17682094385189984,8.100160800095991e-05,0.00035105750671584474,0.22227744619273768,1.9999877333825917,9.10306807893127e-08,0.00609388633088874,0.006093977361569529,300x300
VCV000549727,9.465205098850385e-05,9.211520413150126e-05,0.0003816880501453859,7.52209846760622e-05,0.0002519124223254732,3.443211600796456e-07,0.005968084022389772,0.005968428343549851,300x300
VCV000549855,0.2558034351366121,0.0003006669029469647,0.0012688969795258548,0.44503282962502116,1.9999373010613097,1.6625467679550615e-05,0.006005801713139603,0.005989176245460052,300x300
VCV000549856,0.39688051379793793,0.00030588722991754406,0.0013180656726202791,0.6667400828707764,1.9998680581381836,1.790568177781164e-05,0.006003809698695857,0.005985904016918045,300x300
VCV000560921,0.07961949548645514,0.00045431925026383696,0.002139250540775399,0.22362017865079606,1.999863875338995,5.0381486946761075e-06,0.006196892030488351,0.006201930179183027,300x300
VCV000565601,1.0252054543627591,0.00016270017009478038,0.0006941959296554168,0.6667048577160583,1.9999979899216465,6.631265249620877e-07,0.0059067799850718115,0.0059074431115967736,300x300
VCV000566163,0.10105982272095881,7.943353570455503e-05,0.0003509306298945247,0.22224844455810386,1.9998894062443344,6.575935094232932e-07,0.006045098565115203,0.006045756158624627,300x300
VCV000566303,0.0001534715151366855,0.0001268219518565073,0.0005706248897142871,0.00013855138385754362,0.0005279614323255855,2.2596586684783815e-07,0.0060656283979620175,0.006065854363828865,300x300
VCV000566517,0.28585174069410624,0.0006643068252046963,0.003144684267297554,0.6677524300999811,1.9999896125422068,8.244632794825353e-06,0.006168023981397464,0.006176268614192289,300x300
VCV000566924,0.1767705506368562,3.752731242953061e-05,0.0001649818688816626,0.22223247609303037,1.9999976916037872,2.384289195548825e-07,0.006090728783734145,0.0060909672126537,300x300
VCV000567972,0.07858145026031632,3.8509274704259035e-05,0.00017124878136503402,0.2222333258295006,1.9999975490273432,1.1263382878202305e-07,0.006082316989160977,0.006082429622989759,300x300
VCV000568285,0.4191652122343094,0.0003454002271886215,0.0015336578281746338,0.6664251010852975,1.9997758156610075,2.0814079110618305e-06,0.005905639620122307,0.0059077210280333685,300x300
VCV000568781,3.10953898999858e-05,3.8976359229452636e-05,0.000160950988047949,1.4809708465963251e-05,5.207008215657449e-05,6.450998913613143e-08,0.006097026472820711,0.006097090982809847,300x300
VCV000569582,1.600660908928039e-05,2.2921814619623798e-05,8.869172698048461e-05,3.914659305283132e-06,1.394364356044342e-05,1.6011335522633785e-06,0.006065033493531923,0.0060634323599796595,300x300
VCV000569629,3.0977587711023475e-05,3.976330041481412e-05,0.00017212447987720314,1.495992917849915e-05,4.409496783097655e-05,1.540162662926059e-07,0.005993573344534882,0.0059937273608011744,300x300
VCV000570307,0.4099031537144151,0.005592642859485945,0.03379823143474947,0.6967500975143381,1.9918634423253583,0.00015258094680342844,0.005951439380581307,0.006104020327384736,300x300
VCV000570804,0.18196959937077453,0.0011214612492305804,0.0053936236480878474,0.2311424448125971,1.995930740774476,1.6184713680334264e-05,0.006047639686553787,0.006063824400234122,300x300
VCV000572378,0.17677208046661333,3.8338036284135836e-05,0.00016274405400558412,0.22223432097269416,1.9999978724688354,3.6595146747989138e-09,0.006083505619497356,0.0060835092790120305,300x300
VCV000574668,0.0010560972681674557,0.0004169502280952264,0.0019061315956768327,0.0014457171829931584,0.005164240308122348,2.1540237954680713e-07,0.0058982648857399,0.005898049483360353,300x300
VCV000574669,0.11988101826880497,0.0009083499260020159,0.004364832719939274,0.22470089511016336,1.9828055297651417,9.639656023532894e-06,0.0059735416064321655,0.005983181262455698,300x300
VCV000574679,9.76871850538656e-05,9.324228830063884e-05,0.0003898339715037863,8.53674579895072e-05,0.00024089925297854364,1.537264798330204e-07,0.0058417609829389365,0.0058419147094187695,300x300
VCV000574904,0.8082128303961353,0.00018831830572718948,0.0007994266002888523,0.4446607458951445,1.9999973672321578,7.006596054823927e-07,0.00607552001133943,0.006076220670944913,300x300
VCV000575419,0.08324109255305871,0.0011196862915662043,0.005729082746251529,0.22904195634599292,1.996619567223668,1.7727481175375953e-05,0.006173402209990278,0.006191129691165654,300x300
VCV000575702,5.3737499965927366e-05,6.071014838391095e-05,0.00026309634845091134,3.236375593608355e-05,0.00011869812237419453,2.788609604993317e-07,0.005952332715354971,0.00595261157631547,300x300
VCV000575773,2.917185821683677e-05,3.7180261888021434e-05,0.00015745728859560548,1.2905602531001728e-05,4.738715304808405e-05,1.0647595860210912e-07,0.006053635675936899,0.006053742151895501,300x300
VCV000576681,0.0790716983278328,0.0002955738531540843,0.0012417489343928625,0.22282009983087925,1.9998722545116978,1.6742446204445066e-05,0.00602855015871428,0.006011807712509835,300x300
VCV000577286,0.25929485629216803,0.001102123807748882,0.0055148913964316315,0.4502152256815172,1.9956651846661484,1.5482786376608618e-05,0.006123068095762409,0.006138550882139018,300x300
VCV000577290,2.9763820605319098e-05,3.88482687396572e-05,0.00017166364680845647,1.2168266733793133e-05,4.4344188702694076e-05,1.175321661635656e-07,0.006085559316424384,0.006085676848590548,300x300
VCV000577431,0.17677208046661333,3.8338036284135836e-05,0.00016274405400558412,0.22223432097269416,1.9999978724688354,3.6595146747989138e-09,0.006083505619497356,0.0060835092790120305,300x300
VCV000577458,1.6366223226911143e-05,2.375414439608475e-05,9.467884775514468e-05,3.7663329264618164e-06,1.265106169634489e-05,1.7074422854791715e-06,0.006004009039342499,0.00600230159705702,300x300
VCV000578988,0.17680026271111723,6.271103253229786e-05,0.0002433474763957333,0.2222615218856746,1.9999931487024947,4.48328895137802e-07,0.005921209298323065,0.005921657627218203,300x300
VCV000579699,0.9852328559639034,0.0003370719898908383,0.0015938366497572631,0.6671976631120312,1.999989895678213,2.337306954995101e-06,0.006066338953863517,0.006068676260818512,300x300
VCV000579855,1.1919170831872692,0.005659200922923159,0.03445259051399824,1.0099836642551194,1.9989298033801324,0.00013056073406305258,0.005968133398736706,0.006098694132799758,300x300
VCV000580807,5.1898858542493476e-05,6.147576709703291e-05,0.00027795246514925043,2.907955390320084e-05,9.755031092129052e-05,4.239768349421913e-07,0.006022960271882397,0.006023384248717339,300x300
VCV000580994,0.18089453333628833,0.000674876893044623,0.0032673928123166524,0.4456588180515884,1.9964621975130037,6.02838388470521e-06,0.006064935538472921,0.0060709639223576264,300x300
VCV000581024,0.707061329418271,8.932792519453957e-05,0.0004019935114870296,0.2222892294007567,1.999999446986913,9.763338613966166e-08,0.005936795814232402,0.005936893447618542,300x300
VCV000581616,0.17957495183492297,3.856874568017744e-05,0.00017289939121156728,0.444450119661864,1.9999977761701024,2.586119751896501e-07,0.006179690594418209,0.006179949206393399,300x300
VCV000582041,0.3181598518958514,3.816917334850996e-05,0.0001621367732063811,0.4444464725712885,1.9999980172462775,1.7102504750333286e-07,0.006100359548960702,0.006100530574008205,300x300
VCV000582302,0.27780555944836144,8.070941749912284e-05,0.00036034370553945233,0.4444758456345397,1.999988938943924,3.895057284269629e-07,0.005947598866373612,0.005947988372102039,300x300
VCV000583101,0.19640570672054397,3.818060387609171e-05,0.00016186673630120413,0.4444477846533632,1.999997366166172,1.3636601634350876e-08,0.005958113408827636,0.00595812704542927,300x300
VCV000583792,0.3182220789004799,0.00013170366531726916,0.0005411851083754401,0.4444677347231473,1.999980871349058,9.635172861253115e-06,0.006029309488882046,0.006019674316020793,300x300
VCV000584921,7.691620132783366e-05,8.202956137702453e-05,0.0003673303860130678,5.109096642204788e-05,0.00018476495387020897,6.160934825083508e-07,0.006130999567176398,0.006131615660658906,300x300
VCV000592196,0.24259968503391866,0.0004290386632483697,0.0018533328384718328,0.44455123371886646,1.997531364595329,2.0336883229917294e-06,0.006050597556944443,0.006052631245267435,300x300
VCV000617472,2.949794393678126e-05,3.898156312951586e-05,0.00017503717751650438,1.221408571633948e-05,3.9610720828253676e-05,8.561448402045341e-08,0.006016210982035887,0.006016296596519907,300x300
VCV000619733,0.17675888598851897,2.3588559863595756e-05,9.479070620580649e-05,0.22222565741046393,1.9999993670758522,1.704247136992236e-06,0.00600183184990284,0.006000127602765848,300x300
VCV000619734,0.1768002740459974,6.485222242663766e-05,0.00027512233567891786,0.2222672772966296,1.9999932377263498,7.062292024066774e-07,0.006114760131015684,0.0061154663602180906,300x300
VCV000619735,0.2424531959112533,0.00016414973102890466,0.0007607175065690377,0.4443857069909304,1.9995585497545536,1.5037824930355659e-06,0.006091557185672104,0.006093060968165139,300x300
VCV000619925,0.07863892015675378,8.869172585986086e-05,0.0003889721025303605,0.22228065378856657,1.9999354678336436,4.6603146699325526e-08,0.00583437917893518,0.005834425782081879,300x300
VCV000627658,0.7072653427426931,0.0001867209495984809,0.0007807353008746909,0.22255228863666401,1.999997494724739,3.454517033384813e-07,0.005959303223778814,0.0059596486754821525,300x300
VCV000627694,0.2779269234505216,0.00018656757020011797,0.0008322267015384299,0.44456510341530797,1.9999432579018932,7.731060174126503e-07,0.006053035345872827,0.00605380845189024,300x300
VCV000627761,0.1769905961658156,0.00018482433143477697,0.0008433451012449245,0.22247966755016682,1.9999429561856266,6.845986598837464e-07,0.005935371991265597,0.005936056589925481,300x300
VCV000627819,0.07862643583026119,8.459115229482773e-05,0.00036053791100018606,0.2222604647815602,1.9998536774678821,5.089043036655624e-07,0.005994261396441568,0.005994770300745233,300x300
VCV000627846,0.35653039012372795,0.0001905732409548945,0.0007974727008763505,0.666870035182871,1.9999896034026223,3.8201084403676616e-07,0.00617693876365021,0.0061773207744942465,300x300
VCV000627874,0.49350875931452914,0.005747502239566353,0.033003413189348976,0.8600064051691234,1.9980471201773455,0.00016295857372181435,0.005918742873763905,0.00608170144748572,300x300
VCV000627965,0.18944346731037018,8.759380904002268e-05,0.0003895711753650888,0.44448260048718385,1.9999999006485147,4.5644471193505287e-07,0.006047402340602583,0.006047858785314518,300x300
VCV000628117,0.005055778490360933,0.0011505877473893267,0.005951979279493827,0.007737510156365405,0.02695815277997271,1.5838699805070452e-05,0.006131710174342581,0.006147548874147651,300x300
VCV000628118,2.947374064454691e-05,3.837998558607561e-05,0.00017562156082770453,1.1960128135263876e-05,4.46832166253186e-05,4.032156122098923e-08,0.006037407785764682,0.006037367464203461,300x300
VCV000628282,0.27796802955397115,0.0001910214418459704,0.0007988273195573686,0.4446521029633007,1.9999385105917158,3.5028971439015483e-07,0.005899071702679445,0.005899421992393835,300x300
VCV000628372,0.07879025784365046,0.00018767686190929742,0.0008130322389574771,0.22243847067689437,1.999704432233322,9.316494294390673e-07,0.006080484935647568,0.006081416585077007,300x300
VCV000628384,0.17704276299765426,0.00021125237404457373,0.0010043431540780398,0.22253472090481471,1.9999358955638176,8.780425075670742e-07,0.00610691847439646,0.006107796516904027,300x300
VCV000628429,1.5800710599659472e-05,2.2946053384301042e-05,9.171560257055511e-05,3.506345180068513e-06,1.1971673230193325e-05,1.5355718831055326e-06,0.0061627148070348805,0.006161179235151775,300x300
VCV000628459,0.3589406590275302,0.0011199458555893162,0.00551926212328465,0.6691936788803933,1.995230787814722,1.3633816855609937e-05,0.005980579454262603,0.005994213271118213,300x300
VCV000628478,3.0375536253435334e-05,3.884171916989176e-05,0.00016986941225440727,1.3327421644553854e-05,4.902771272796702e-05,6.70344677622739e-08,0.0059646263283863145,0.005964693362854077,300x300
VCV000628567,7.172319677624481e-05,7.683545823909855e-05,0.00035421004120596983,4.676660511226949e-05,0.00017100548459303422,1.4371356438832444e-07,0.005930684040784214,0.005930827754348602,300x300
VCV000628762,0.1768494168683916,9.018923383213447e-05,0.00035157977590383194,0.22235849283659614,1.9999881921843956,4.614262245714734e-07,0.005963024357022973,0.005963485783247544,300x300
VCV000628970,0.25538366423982456,8.963670220072647e-05,0.0003735661459013176,0.44450847867748144,1.9999868868878787,5.14345171311742e-07,0.006099437038654555,0.006099951383825867,300x300
VCV000628982,1.662539411098926e-05,2.3753271655083947e-05,9.281527578455795e-05,4.173302492212668e-06,1.4351650623467549e-05,1.6696514705946339e-06,0.006059968449190905,0.00605829879772031,300x300
VCV000629294,7.207323958871047e-05,7.757135434563625e-05,0.0003536079040021567,4.70447631914444e-05,0.00016190677753791238,5.370916485820595e-07,0.006153721412759565,0.006154258504408147,300x300
VCV000629398,7.657600231328735e-05,7.910089228528748e-05,0.0003409577900372468,5.3699092324012275e-05,0.00019357420511423307,1.842424627567646e-07,0.006013479642573351,0.006013663885036108,300x300
VCV000629791,0.14141837319470565,3.9796307737538695e-05,0.000174376849366574,0.22222486313288364,1.9999494159458027,4.306600039517133e-08,0.006039163604755228,0.006039206670755623,300x300
VCV000629927,1.6468506221048853e-05,2.365668138439782e-05,9.09751887398641e-05,4.1542924874324626e-06,1.3954667577920077e-05,1.751980206106743e-06,0.005881802988126101,0.005880051007919994,300x300
VCV000629928,1.7675929174504783e-05,2.5761608303409586e-05,0.00010620329655838812,4.022241065672185e-06,1.3629762512290533e-05,1.5652660883599262e-06,0.006113839070250027,0.0061122738041616675,300x300
VCV000629929,0.00026709116328045384,0.00018332729027696807,0.0008055009770851287,0.00028171972838820906,0.0010425530279694062,6.567971079281948e-07,0.0060805822415709145,0.006081239038678843,300x300
VCV000629930,0.10106573134602742,8.905132468623359e-05,0.0004106636846186451,0.22224783201358023,1.9998631118237216,4.021269914503828e-07,0.006045665880157182,0.006046068007148632,300x300
VCV000629931,0.00021262137177416692,0.00016309945076340386,0.0007701201097347968,0.0002047675000119832,0.0007584198263720365,8.706462030745946e-07,0.006013506244743766,0.006014376890946841,300x300
VCV000629932,0.0003613908377795228,0.00021614759076359126,0.0009159758891707642,0.0004198495891441192,0.0015063974835439753,1.527793504155911e-07,0.0059085928487142905,0.005908745628064706,300x300
VCV000629933,0.11802866381966097,0.00021376728043314935,0.0009486470424966142,0.2223342927749498,1.9987775093855649,6.126895978498387e-07,0.006092538667897288,0.0060931513574951374,300x300
VCV000629934,0.1768205529510769,7.881433333800609e-05,0.0003256016727347516,0.22227994545761687,1.9999886141107055,1.387913165290175e-07,0.006020598534554291,0.00602073732587082,300x300
VCV000629937,0.35649865400144687,0.0001852213615212633,0.0007952498807195577,0.6668191800510863,1.999965489107202,1.0867732709706618e-06,0.006116130384625242,0.006117217157896213,300x300
VCV000630512,0.17682195794517033,8.04525022525867e-05,0.00034796153119172335,0.22228683671852256,1.9999869032689315,1.5920165801278086e-07,0.0059068417068099165,0.005907000908467929,300x300
VCV000630546,7.286236827285718e-05,7.759553208280167e-05,0.0003591621358343816,4.7494302518836915e-05,0.00017092484538538955,2.0788239056893087e-07,0.006105744288297936,0.0061059521706885046,300x300
VCV000630590,0.8837875844502122,8.00721663971397e-05,0.0003559133317549146,0.44449561014797695,1.9999994927673612,3.696031986698961e-07,0.006074877901145331,0.006075247504344001,300x300
VCV000630624,0.8080902694596899,0.00012575911169803743,0.0005678028257314616,0.44452156300425216,1.9999987246045463,7.366005876797282e-07,0.006035108607421286,0.006035845208008966,300x300
VCV000630681,0.07881928633086527,0.00018351867508481569,0.0008130457473847982,0.22249764360905658,1.9999288040171828,1.0624808962893945e-06,0.00604909982631602,0.006050162307212309,300x300
VCV000630701,0.08857924957719047,0.000161521411286682,0.0007390695588178203,0.22242443007952545,1.9999997325166465,9.555428197608948e-07,0.005916839552113628,0.005917795094933389,300x300
VCV000630717,0.17712241682539057,0.00021303906239830155,0.0008954170499329631,0.22267466985069678,1.9999347744101375,1.467555808092047e-07,0.005971369833077904,0.005971516588658713,300x300
VCV000630765,0.2779081031918897,0.00016541983124992917,0.0007294984478534994,0.44455748675442686,1.9999554998341416,1.6565812879353742e-06,0.006192560388244677,0.006194216969532612,300x300
VCV000630788,0.08294691507576794,0.0011452894612181315,0.005818379363440242,0.2279160255895873,1.9844155680043452,1.3342484321616187e-05,0.006061490946337899,0.006074833430659515,300x300
VCV000630834,0.07863306182547335,8.132165554052646e-05,0.00033951966478151796,0.2222804682686742,1.9999901651571261,6.560545632687542e-07,0.006029106705371421,0.00602976275993469,300x300
VCV000630847,0.0002460052528620498,0.00018509582268098847,0.0008383375195021095,0.0002459099133250955,0.0008595479471551482,1.127907152127794e-06,0.006134985921818756,0.006136113828970884,300x300
VCV000630873,0.00022883118062935772,0.00016523608896187744,0.0007321252836825706,0.00023340445001292695,0.0008427298809373651,1.5578021390480132e-06,0.006096632720219096,0.006098190522358144,300x300
VCV000630888,0.7072181702811723,0.0001836905133307083,0.0008358279974233357,0.22247394507524929,1.9999973774111894,9.721361330060352e-07,0.006070800864687521,0.006071773000820527,300x300
VCV000630945,0.7857319290378783,0.000186977549224232,0.0008490747869907,0.44459595355369097,1.9999973807198574,9.326701715921953e-07,0.005941862132419613,0.005942794802591205,300x300
VCV000631028,0.0002741471599975141,0.00018468360148935737,0.0008090948889199062,0.0002928899980204748,0.0010726676935374213,9.536367351096683e-07,0.006053222675690078,0.006054176312425188,300x300
VCV000631104,4.5948496335043704e-05,5.337919362044559e-05,0.00020756418067438553,2.4937555940611016e-05,9.073759880251497e-05,2.9069271870723473e-06,0.00590950111837355,0.0059065941911864775,300x300
VCV000633018,0.2945882235163139,2.6455166269806832e-05,0.00010484717319061976,0.4444458814843708,1.9999991194349316,1.477892270666803e-06,0.006016372877547006,0.0060148949852763395,300x300
VCV000633019,0.8293985046090946,0.005577316809972898,0.03271599856155952,1.151747344956783,1.9995761034884187,0.0001450825865277833,0.005998397573041355,0.006143480159569138,300x300
VCV000633020,0.8293985046090946,0.005577316809972898,0.03271599856155952,1.151747344956783,1.9995761034884187,0.0001450825865277833,0.005998397573041355,0.006143480159569138,300x300
VCV000633606,0.10120212462068928,0.000187194615364659,0.0008208054443969298,0.22237480767780962,1.9994037610560795,1.0364480070926274e-06,0.006034191231812056,0.006035227679819149,300x300
VCV000633608,0.00024669918253800513,0.00018492857173156474,0.0008467975275920914,0.00024394228631202045,0.000888646581237662,9.589844367991276e-07,0.006177731096844757,0.006178690081281556,300x300
VCV000634660,0.17999622988187267,0.000337607474337082,0.0016088234468951967,0.4447879962841496,1.9996843186753277,3.986598117443688e-06,0.006105767925833318,0.0061097545239507615,300x300
VCV000634661,0.17699052872976037,0.0001865187600519174,0.000829749204217238,0.22247374576416767,1.9999528132893707,6.674345777784793e-07,0.006023638086891932,0.00602430552146971,300x300
VCV000634662,0.10155430153478058,0.00033586546055109403,0.0015890488508425032,0.22278646152679382,1.9983744988499756,1.7636742282384557e-06,0.005956538045216485,0.0059583017194447235,300x300
VCV000634663,0.17759335244756128,0.00040809565043996944,0.0018821036921029266,0.22335014977949255,1.9996650768581319,2.7707431871481364e-06,0.006090728783734145,0.0060934995269212935,300x300
VCV000634664,0.11906116502076329,0.0006543424703504662,0.003008788551533269,0.2236368196061653,1.9899349709012348,6.932476545133508e-06,0.005952944531597186,0.00595987700814232,300x300
VCV000634665,0.08931427077477988,0.0004093306814040304,0.001935605421247863,0.22347305636902526,1.99998598034378,1.387726959511948e-06,0.006100720646498119,0.006102108373457631,300x300
VCV000634666,0.2975486628039246,0.000680082471428066,0.003221945556146258,0.6653844940469447,1.9938250713780459,5.2192093215261415e-06,0.0058413839719395014,0.005846603181261028,300x300
VCV000634667,1.2386331159599853,0.0005233893945479329,0.002411805837640682,0.6687343118547754,1.9999970330936456,5.024622707367615e-06,0.006123087240550466,0.006128111863257834,300x300
VCV000634668,0.280238582467336,0.0007111470426676039,0.003208656037513663,0.4492600912612679,1.9986586552147432,7.315203227519808e-06,0.005946674443176567,0.005953989646404087,300x300
VCV000634669,0.8484036526410079,6.256963164958557e-05,0.0002474453658356385,0.44445129490131585,1.9999996999185794,2.3353084819318498e-07,0.0060818811511339195,0.006082114681982113,300x300
VCV000634670,2.855230201613446e-05,3.7805805288013676e-05,0.00016839234824830157,1.1095535153758816e-05,4.091003096007295e-05,4.003194268263621e-09,0.006053557237103178,0.006053561240297446,300x300
VCV000634671,0.17870185420003193,0.0006692628499238754,0.00317689816725953,0.22506160631902417,1.9990479835029569,7.494379150425716e-06,0.006192470940269698,0.006199965319420124,300x300
VCV000634672,7.908635356827255e-05,8.090894690101111e-05,0.00035599927103540513,5.5961147597390536e-05,0.0002063418227165048,4.7333882309628234e-07,0.006100152844665649,0.0061006261834887455,300x300
VCV000634673,0.16806376406909718,0.00044942303443483715,0.0020293238462197535,0.44597238321236177,1.9999970685823174,5.41187377729041e-06,0.006046436484556394,0.006051848358333684,300x300
VCV000634674,0.3553087211974713,0.00053342884109582,0.0019473194011574435,0.662577016928442,1.9995502229110245,1.4005424287246923e-06,0.005929009427226326,0.005930409969655051,300x300
VCV000634675,0.46255482800644365,0.0009328660898571888,0.004522190902973497,0.8892183213100456,1.999988278312562,1.3100893275971685e-05,0.006137777969550907,0.006150878862826879,300x300
VCV000634676,0.3565931496329638,0.00028534736403862913,0.001194749051541391,0.6668463133584938,1.9998795285588618,1.6266016270010536e-05,0.006065524408121238,0.006049258391851228,300x300
VCV000634677,0.26961013626449487,0.0006697488432892412,0.0030876332127663386,0.6685721167978982,1.9999910752440018,6.36241404142375e-06,0.005974845601180291,0.0059812080152217145,300x300
VCV000634678,0.1802282998686528,0.000428735359527627,0.001872133731994935,0.4449014777856295,1.9975005908854138,8.868573969757557e-07,0.0059648120182387125,0.005965698875635688,300x300
VCV000634679,0.0033739202114303787,0.000893141108248563,0.0046142358799288255,0.0049605061758546155,0.018274629917539698,1.2771823735389758e-05,0.006113765040983871,0.006126536864719261,300x300
VCV000634681,0.08183099578066129,0.0009199214385205581,0.004496884394432743,0.22652052643901813,1.989912091531931,1.0272445280084044e-05,0.0059805888993925554,0.0059908613446726395,300x300
VCV000634682,9.55662775095275e-05,9.490245658375958e-05,0.00041355860959291224,8.107510698541887e-05,0.00020950138540121177,3.435954996876267e-07,0.006009593265124735,0.006009936860624423,300x300
VCV000634684,0.00021370216979426333,0.0001648491035600104,0.0007637894023390032,0.00021164057672590838,0.0007257515592101749,1.2488527219101445e-06,0.005974925226709456,0.005976174079431366,300x300
VCV000634685,0.7889652721272505,0.0009193616649364846,0.004362038844640724,0.44900515823188175,1.9999255163997338,1.1193144328096837e-05,0.005931491292900758,0.005942684437228855,300x300
VCV000634686,0.07944517701148553,0.0004259724626576703,0.002020988434794674,0.2232892497765025,1.9987543828501189,2.526122061391467e-07,0.006028902631632827,0.006029155243838966,300x300
VCV000634687,5.541849223374259e-05,6.105220758792004e-05,0.00026647935479052337,3.497853292305169e-05,0.00012678134937371688,2.951184027068926e-07,0.00594571810920678,0.005946013227609487,300x300
VCV000634688,5.45309142700477e-05,6.057373809420893e-05,0.00026177555769427846,3.3320487129081165e-05,0.00012421785632799054,3.605589151429306e-07,0.006099988102436095,0.006100348661351238,300x300
VCV000634689,0.07967001590822587,0.0004264772508695877,0.0018540359386444993,0.2236864163075593,1.9988048836444026,9.093307717523286e-07,0.00594696708807249,0.005947876418844243,300x300
VCV000634690,3.107533632583353e-05,3.84220059377648e-05,0.00015187328394070804,1.5211696961454142e-05,5.57744766217505e-05,8.51154089587941e-08,0.006046692131618517,0.0060467772470274754,300x300
VCV000634691,0.17785856364629654,0.0004248844244544494,0.0018899204050578863,0.22385082611198273,1.9996054636240344,1.0850783347159457e-06,0.006017432749440263,0.006018517827774979,300x300
VCV000634692,0.8870523885476845,0.00041871487363427196,0.0019264801951920235,0.6669183224430094,1.9999851550133045,1.4071833591968938e-06,0.00594602204763801,0.005947429230997207,300x300
VCV000634693,0.1772217743410819,0.0002915896594829358,0.0012182950166244044,0.22277486240949454,1.9998804389711,1.66327460281758e-05,0.006061637024422079,0.006045004278393903,300x300
VCV000634694,0.7889677598282636,0.0009148883639976528,0.004354348108484889,0.449103363122308,1.9999253268195862,1.0170943755046652e-05,0.005873380283330124,0.005883551227085171,300x300
VCV000634695,1.9047063876975228e-05,2.7174058800491275e-05,0.00010933023141135312,5.371381071915691e-06,1.64260247705883e-05,1.6437483318114052e-06,0.006032503485364029,0.006030859737032218,300x300
VCV000634696,0.004779871855945087,0.0009127130751662162,0.0040673194862607676,0.007543107292991618,0.026688553002971238,1.1910598272601124e-05,0.006069618550308364,0.006081529148580965,300x300
VCV000634697,0.07857065240095047,2.6203538432130295e-05,0.00010612081335815982,0.2222267665946499,1.99999950245031,1.52611905463243e-06,0.006061637024422079,0.0060601109053674464,300x300
VCV000634698,0.3185677461106657,0.000671421239710147,0.0030850455781423897,0.44500046462965304,1.9989696853189955,5.911764189699305e-06,0.005984277278843996,0.0059901890430336955,300x300
VCV000634699,5.74851516081875e-05,6.121556277403968e-05,0.0002603559803894609,3.8275540364544426e-05,0.00014400009900195077,1.337385617302539e-07,0.005889578716731449,0.005889712455293179,300x300
VCV000634700,0.7090337603178388,0.0006726320166205217,0.003234796545385936,0.225220316229655,1.999958948849954,9.262585415103011e-06,0.006210882801600254,0.006220145387015357,300x300
VCV000634701,0.17959115010974647,6.080932180641178e-05,0.0002837409762536172,0.44445392828393804,1.9999931955624637,4.337722607885078e-07,0.006003730452737193,0.006004164224997981,300x300
VCV000634702,0.00014777959698210097,0.0001257236265904876,0.0005488528911328783,0.00013243435678565884,0.0004684491313072803,1.1905771736967288e-06,0.006050627056916598,0.006051817634090295,300x300
VCV000634703,0.17788251354136736,0.00042485216431340737,0.0018526984003235103,0.22387384983978503,1.9996271805045227,1.0455206378694876e-06,0.005965053620873725,0.005966099141511595,300x300
VCV000634704,0.2553675076997812,8.056691009078422e-05,0.00034763070819328334,0.44448904062513783,1.999988040985731,6.792785741836435e-07,0.00608963217301225,0.006090311451586433,300x300
VCV000634705,0.18033864894497698,0.00095707773343439,0.004320265247538459,0.442334606616386,1.987826721898576,1.3098000595570918e-05,0.006001290072711435,0.006014388073307006,300x300
VCV000634706,0.3453314816692923,0.0006778638409452022,0.0032518574419212604,0.6687203992689799,1.9999893485626539,6.643047532692813e-06,0.006012368147790055,0.006019011195322748,300x300
VCV000634707,0.10103086174270495,4.363814578391452e-05,0.0001704842018963454,0.22224616658979754,1.9999767248079523,1.0362989618512009e-07,0.005929009427226326,0.005929113057122511,300x300
VCV000634708,3.071982187065553e-05,3.873143865150867e-05,0.0001599231322012007,1.4606391649753094e-05,5.0471256718864765e-05,1.6549525865602183e-07,0.006050597556944443,0.006050763052203099,300x300
VCV000634709,0.4755964905788549,0.005738125503346687,0.03438617962703315,0.9280143831520746,1.997201821158976,0.00015328249314087734,0.005925064005289224,0.006078346498430101,300x300
VCV000634710,0.007997788704149852,0.0010405015171897907,0.004337844178046404,0.01752434274424043,0.10807808398511776,1.1797639452432e-05,0.005956812931310647,0.005968610570763079,300x300
VCV000634747,9.114613445906001e-05,8.918289526988293e-05,0.0003858454658440258,7.049811799824606e-05,0.00024583939934585963,2.1606699464934292e-07,0.005890761071446164,0.005890977138440813,300x300
VCV000634748,0.3209487861043777,0.00042320388479174387,0.0019095982154949398,0.6662023170923521,1.9988526041382393,9.753359026878905e-07,0.006060958313211143,0.006061933649113831,300x300
VCV000634749,0.18180842490258708,0.0011016366292362371,0.005726260883380206,0.44609349867646475,1.9923480186272426,1.542212606539268e-05,0.006138311381039897,0.00615373350710529,300x300
VCV000634750,0.18032501663884948,0.0004211545798572778,0.001907922173940882,0.44522858564179735,1.999536393185656,1.16009147747842e-06,0.006123463745851546,0.006124623837329025,300x300
VCV000634751,0.3968900391877306,0.00029989515421665155,0.001228586632192892,0.666776003517212,1.9999337736602814,1.6230876212868645e-05,0.006009829909097333,0.005993599032884465,300x300
VCV000634752,0.23918900923947822,0.0057619626412259645,0.034082361877894124,0.4852730777039043,1.9932414403671714,0.00012409880019520047,0.006192560388244677,0.006316659188439877,300x300
VCV000634753,2.943187254444832e-05,3.8546342069047255e-05,0.00017282743135894202,1.1833925926296729e-05,4.2853895691918886e-05,4.44651031437579e-08,0.0061085876668155814,0.006108632131918725,300x300
VCV000634754,0.8865794707480114,7.998052374748702e-05,0.0003748911710028252,0.6666842056809311,1.9999995014336762,6.931571842937537e-07,0.006142530639247954,0.006143223796432248,300x300
VCV000634755,0.17682524963479176,8.872770416295206e-05,0.0003887036393808718,0.22227753085987434,1.9999888282169642,4.982533986629817e-07,0.00613390609691347,0.006134404350312133,300x300
VCV000634756,0.24242858173237317,7.98817931170213e-05,0.0003568944770438384,0.44442997357971503,1.9998872704537831,6.721334932227249e-07,0.006021510883212774,0.006022183016705996,300x300
VCV000634758,0.3668200674091185,0.0004191601329068095,0.0019071595533676489,0.66742030617397,1.9999886905060622,7.689012857083413e-07,0.0060503857163243776,0.006051154617610086,300x300
VCV000634759,0.0007101732181804812,0.0003386628796903085,0.00156098276264377,0.0009148849486283472,0.0032172164589446828,2.5911910344058806e-06,0.005999058357957078,0.006001649548991484,300x300
VCV000634760,0.41895115535358607,0.0006819300037799818,0.003166676417746747,0.6659275808532846,1.9989230719089524,5.138756944325813e-06,0.005905639620122307,0.0059107783770666325,300x300
VCV000634761,0.11841871882255041,0.0004544404767886287,0.0021787320332440213,0.22272386121883703,1.9956444541049358,4.669556647962647e-06,0.006172336911821161,0.006177006468469123,300x300
VCV000634762,0.10155975525578416,0.0004125216220323157,0.001977358217651236,0.22267067618322736,1.9971590381166844,1.959680320283777e-06,0.0060549492355840406,0.006056908915904324,300x300
VCV000634763,0.006181995649542206,0.0011248063527929775,0.005456436496604572,0.010148016825897376,0.032486790663321496,1.0638775825970621e-05,0.005860640655644855,0.005871279431470825,300x300
VCV000634764,0.2564342774673062,0.0004611659307291225,0.0021873946039450143,0.4459800439240392,1.9997432071925338,4.521157435347263e-06,0.006043093861110188,0.006047615018545535,300x300
VCV000634765,0.18103238429768959,0.0006792222137081914,0.0031731280982048027,0.4458713666404063,1.9965716483358165,6.835651860037477e-06,0.0060243695706143924,0.00603120522247443,300x300
VCV000634766,0.17697811673390368,0.00018506391194849807,0.000876356157580041,0.22245027391367822,1.9999530341715623,1.1596213314035708e-06,0.006116223175419377,0.006117382796750781,300x300
VCV000634767,0.3577743721479114,0.0011459369291629503,0.005506533155242417,0.6660300162759842,1.9951730618654513,1.101397037674666e-05,0.005957093281540935,0.005968107251917681,300x300
VCV000634768,0.07860079378806872,6.155372875479838e-05,0.000283007432037026,0.2222428092786543,1.999966175608374,5.213670569220383e-07,0.005970287668436439,0.005970809035493361,300x300
VCV000634769,0.07878797768402447,0.00016684591288980088,0.0006953578129331867,0.22246656193414205,1.9999667261760097,1.262956218960054e-06,0.006015289591382514,0.006016552547601474,300x300
VCV000634770,7.812127049640686e-05,7.986407167611271e-05,0.0003335801606446642,5.643106085710207e-05,0.00019896948381603607,7.117860598929854e-07,0.006067886598788735,0.006068598384848628,300x300
VCV000634771,0.2424232046645106,6.304425286981816e-05,0.00028797824808336064,0.4444381224120724,1.999940586455582,4.899184945592744e-07,0.0060905020074820985,0.006090991925976658,300x300
VCV000634772,0.19835849046518278,0.0009209482345745272,0.004394454861654962,0.44655888751453304,1.998411984010813,8.761320678589077e-06,0.006096271522956925,0.006105032843635514,300x300
VCV000634773,5.382826760152785e-05,6.153675759122982e-05,0.0002805399882914797,3.0868817533780124e-05,0.00011427622436299689,3.372724030926977e-07,0.0060829216644016785,0.006083258936804771,300x300
VCV000634774,7.932620335079807e-05,8.071628549697864e-05,0.0003493123735606521,5.714703492874939e-05,0.00020609085613754186,4.623003688813618e-07,0.006008559338294586,0.006009021638663467,300x300
VCV000634775,0.8856589503576099,0.0006580054713700681,0.0031621701152056148,0.44729657458352207,1.999960659463433,5.953621410595238e-06,0.00607689345935975,0.006082847080770345,300x300
VCV000634776,0.10465065056321503,0.0011145626100431574,0.005618413001558305,0.2267761473167939,1.9838437615964,1.4299710058584582e-05,0.006091479030098559,0.006105778740157144,300x300
VCV000634778,8.548984691585988e-05,8.878744392099346e-05,0.00040777700693232083,5.9631697822514087e-05,0.00021255292683264315,2.9487885930615243e-07,0.005917225571830834,0.0059175204506901405,300x300
VCV000634779,0.3454846687712608,0.0006953691985273943,0.0031254133357776492,0.668717075806572,1.9999909062276309,5.025696903169369e-06,0.005899442394554245,0.005904468091457414,300x300
VCV000634780,0.17970053687500742,0.00015253281020008303,0.0006180934675912575,0.44453464487784355,1.9999763218909203,8.254229068683366e-06,0.006042095919609049,0.006033841690540366,300x300
VCV000634781,0.25580818013120443,0.00029729531534799375,0.0012026672753902984,0.44504025770355415,1.9998635464946917,1.7239841170526952e-05,0.006038661211183891,0.0060214213700133645,300x300
VCV000634782,0.18275525877303375,0.001116883505917545,0.0056621550127435374,0.4477716429880963,1.993210652972441,1.3265487951901259e-05,0.005964628763919585,0.005977894251871486,300x300
VCV000634783,0.17220994213163535,0.0011481484457668617,0.00558229801704456,0.4519211043124353,1.9999842097611356,1.3737081772197297e-05,0.006055533804827052,0.00606927088659925,300x300
VCV000634784,0.07858253413248921,3.9395647773298676e-05,0.0001659980011131726,0.22223407164146072,1.9999864482109917,1.1647123286141758e-07,0.006082332225046269,0.0060824486962791306,300x300
VCV000634785,5.135813506854933e-05,6.021985884641288e-05,0.00027782266357491425,2.779612826289382e-05,0.00010114190179466576,5.568184574681126e-07,0.006142710313821458,0.0061432671322789265,300x300
VCV000634786,0.1770495062564003,0.00021228292956180337,0.0009650056056023509,0.22255484476304177,1.9999277548291428,1.2127572747806445e-06,0.005995896779848045,0.005997109537122826,300x300
VCV000634787,0.18243196659864325,0.0010906256178511108,0.005544539411152918,0.44730591367505784,1.9956161956968663,1.469633131163852e-05,0.006050701450420901,0.006065397781732539,300x300
VCV000634788,0.27016877574678955,0.0008902021285039775,0.004311289886931531,0.6688250242915991,1.999990146175366,1.1603173044479574e-05,0.006001596853266039,0.006013200026310519,300x300
VCV000634789,0.2793261590341551,0.0006731368677910429,0.0032594264365828074,0.446806318188495,1.998777294402721,5.954785101407352e-06,0.005946867678661036,0.005952822463762443,300x300
VCV000635384,0.07878971105681756,0.00018613783645583486,0.0008251351662904999,0.22244142876187606,1.999789623596858,1.21350664214568e-06,0.0060281023383821734,0.006029315845024319,300x300
VCV000635385,0.419198761920791,0.00019125700509023156,0.0008429885974364296,0.6666069835299491,1.999943394416764,7.159599354185711e-07,0.005956248321247243,0.005956964281182662,300x300
VCV000635386,0.419198761920791,0.00019125700509023156,0.0008429885974364296,0.6666069835299491,1.999943394416764,7.159599354185711e-07,0.005956248321247243,0.005956964281182662,300x300
VCV000635388,0.1769583328517986,0.00016430760952042628,0.0007450029446164699,0.22244105511242493,1.9999448028750133,1.0614301333795526e-06,0.005996164528362109,0.005997225958495489,300x300
VCV000635389,0.17697063719458908,0.0001650436545583741,0.0007129709497944031,0.2224597096639228,1.9999566654786511,1.3129266901116404e-06,0.005980655871241426,0.0059819687979315375,300x300
VCV000635390,8.036588806614382e-05,7.971131614145855e-05,0.0003448250192139013,5.932776092353197e-05,0.00022171540403681522,3.322264171875394e-07,0.005993830188826365,0.005994162415243552,300x300
VCV000635391,0.7071144294177139,0.00012446774870152874,0.0005732085816054222,0.22234625979864905,1.9999987421247192,7.904972679556241e-07,0.005998397573041355,0.00599918807030931,300x300
VCV000635392,5.212961775617129e-05,6.134955233673195e-05,0.0002786921981497159,2.9000952280471777e-05,9.966505543834714e-05,4.7666776662944055e-07,0.006059631283333525,0.006060107951100155,300x300
VCV000635393,0.00014777959698210097,0.0001257236265904876,0.0005488528911328783,0.00013243435678565884,0.0004684491313072803,1.1905771736967288e-06,0.006050627056916598,0.006051817634090295,300x300
VCV000638852,0.10106100984238016,7.764377455164328e-05,0.0003491840908873278,0.22225199475762963,1.9999029173912763,7.249450751332931e-08,0.005939673793102058,0.005939746287609572,300x300
VCV000638853,0.1768232781449271,7.899161212752238e-05,0.0003241301717923917,0.22228336603100723,1.9999908986673602,6.80252292091163e-08,0.00597945369905728,0.005979521724286489,300x300
VCV000639734,0.17675837301325228,2.2872576654981362e-05,8.777056155914731e-05,0.22222555964742746,1.999999304318849,1.5810661074594154e-06,0.006077824715859546,0.006076243649752087,300x300
VCV000639824,0.29557228923637163,0.0006634171212002578,0.0033293028763695387,0.44554775129958685,1.9987923360675928,7.5097751583725475e-06,0.006213779421725746,0.006221289196884119,300x300
VCV000639962,0.7072160479308596,0.0001869925352758442,0.0008444173563217222,0.22246600159029561,1.9999972348732693,1.6195238674117027e-06,0.00624600632285918,0.006247625846726591,300x300
VCV000640351,0.7093072487998191,0.0006977279272700273,0.0034158590764772692,0.22585275961262596,1.999958043935035,7.640076034413738e-06,0.0060905020074820985,0.006098142083516512,300x300
VCV000640648,0.3205477503189976,0.0012036137029992622,0.005725294869442371,0.4507407067291686,1.995476115039232,1.5272623569911187e-05,0.006044834363551474,0.0060601069871213855,300x300
VCV000641482,0.14141782141401762,3.891134159395748e-05,0.00017647642858836798,0.22222427385941707,1.999956324560602,6.52633799736943e-08,0.0061821282709822135,0.006182193534362187,300x300
VCV000641505,0.17978486272711452,0.0002054301978980799,0.0009509665534003647,0.44461552395746207,1.9999693683624964,6.005315814402307e-07,0.006128777628101123,0.006129378159682564,300x300
VCV000643332,0.0052183429800681524,0.0011321283052432255,0.005884990494149374,0.008310189865217414,0.026612956878274474,1.156938360713164e-05,0.005983827486338276,0.0059953968699454074,300x300
VCV000643576,2.996652595316905e-05,3.900643079550815e-05,0.00016331125986542017,1.2844661553441168e-05,4.602532886566202e-05,1.872453242301314e-07,0.006078413274915472,0.006078600520239702,300x300
VCV000644381,0.14174796629066563,0.0004475854601677246,0.0020929229143080777,0.22253736473178798,1.9949423032170515,4.7121502480557825e-06,0.006077401725924723,0.0060821138761727785,300x300
VCV000646068,0.0011022144244144003,0.00041363396842216635,0.0018095921731556483,0.0015332284415060763,0.0054278605225108745,1.0336266759412849e-06,0.0060059654064993214,0.006006999033175263,300x300
VCV000646925,0.07857065240095047,2.6203538432130295e-05,0.00010612081335815982,0.2222267665946499,1.99999950245031,1.52611905463243e-06,0.006061637024422079,0.0060601109053674464,300x300
VCV000647334,0.17681210101087752,7.987653176412636e-05,0.0003710761181439093,0.22226234624896024,1.9999910955577345,6.300284128013534e-07,0.006186384474242439,0.006187014502655241,300x300
VCV000649358,3.102191189513842e-05,3.956279208828031e-05,0.00017038578164522977,1.4916991827811859e-05,4.576201442829664e-05,1.3755225474094968e-07,0.006024317440416087,0.006024454992670828,300x300
VCV000649747,0.07870260243115264,0.00012585300145057543,0.000554758692804351,0.22235519500585976,1.999974168674865,9.80364669741704e-07,0.006019510942287266,0.006020491306957008,300x300
VCV000649861,0.7855528968348748,3.9791903268957995e-05,0.00017280390139458313,0.4444534664885685,1.9999998728287944,1.4149206899183309e-07,0.005982356875167551,0.0059824983672365425,300x300
VCV000650094,0.18201738568955733,0.0011256417313220421,0.005373365380603512,0.23099019428857914,1.9958799071427198,1.5787469215337337e-05,0.006099437038654555,0.006115224507869893,300x300
VCV000650927,0.8992952038989307,0.0011056055639530713,0.005665972834999186,0.6700382675511267,1.9999865346023018,1.4873400302635974e-05,0.006106691977919384,0.00612156537822202,300x300
VCV000650963,0.11837964559089358,0.000417307632207776,0.0019987441520088398,0.22273390847470464,1.9973005464499458,3.1199675459810464e-06,0.0061623303066684326,0.006165450274214414,300x300
VCV000651271,0.16806376406909718,0.00044942303443483715,0.0020293238462197535,0.44597238321236177,1.9999970685823174,5.41187377729041e-06,0.006046436484556394,0.006051848358333684,300x300
VCV000651517,9.365149616067488e-05,9.113388181146407e-05,0.0004098711267166155,7.036080475429795e-05,0.00026401658323671473,2.208172628082039e-08,0.006009274330042891,0.006009296411769172,300x300
VCV000651769,0.1414317465972956,6.0659342221042055e-05,0.00027831313021148274,0.22222814450804534,1.9999028062780269,6.158368115478235e-07,0.006105767925833318,0.006106383762644866,300x300
VCV000652718,0.8080466287285782,8.955873807969883e-05,0.00038906740048692823,0.4444865922438809,1.9999993917207646,3.5795478858617613e-07,0.005980579454262603,0.005980937409051189,300x300
VCV000652964,0.2195155135820897,0.0005132379929202558,0.0022878904674991513,0.445129496057549,1.9974925937307448,1.522639146655548e-05,0.006017503910196161,0.006002277518729606,300x300
VCV000654187,0.9847359344265466,3.76556170616023e-05,0.00016678033566004669,0.6666722760117858,1.9999998849168195,1.3607974792568395e-07,0.006001518150130867,0.006001654229878793,300x300
VCV000656497,0.1768232781449271,7.899161212752238e-05,0.0003241301717923917,0.22228336603100723,1.9999908986673602,6.80252292091163e-08,0.00597945369905728,0.005979521724286489,300x300
VCV000656751,0.11787206564192175,6.168037544931093e-05,0.0002727410505176525,0.22223457715575007,1.9999125871985455,4.451882261230153e-07,0.0060551115537752515,0.0060555567420013745,300x300
VCV000656861,0.2802477595228718,0.001088786592152726,0.005614302293882233,0.44733870699015504,1.9964218871679478,1.6322885156201845e-05,0.006148805069331067,0.006165127954487269,300x300
VCV000657014,1.635977617438157e-05,2.3482548765614177e-05,9.377674809246672e-05,3.96549283744453e-06,1.3823418102854035e-05,1.7302740683133172e-06,0.005903352474200015,0.005901622200131702,300x300
VCV000657729,1.9047063876975228e-05,2.7174058800491275e-05,0.00010933023141135312,5.371381071915691e-06,1.64260247705883e-05,1.6437483318114052e-06,0.006032503485364029,0.006030859737032218,300x300
VCV000659457,0.1768240538377376,8.040989441178333e-05,0.0003221984524348978,0.22228460148224002,1.9999902525515036,5.188965485052738e-07,0.005975069033809507,0.005975587930358012,300x300
VCV000659670,0.5138183252430034,0.0006739760589982795,0.003178822092518324,0.8871749330953954,1.9990866413113704,6.868352443352432e-06,0.006084972398927837,0.0060918407513711895,300x300
VCV000659842,0.7070016472250265,3.9549764121140714e-05,0.00016922783142447884,0.22223559285637784,1.9999998707562947,2.7467725296180523e-07,0.006028139971497652,0.006028414648750614,300x300
VCV000660287,0.2408836236884318,0.005711111745908421,0.034041555685685454,0.4882040962915204,1.9891067363296737,0.00013761368296578806,0.005958536909283839,0.006096150592249627,300x300
VCV000661054,0.2784134043497918,0.00041641213643515306,0.0019124039145926586,0.44512852320267904,1.9996346835627687,1.19749611511219e-06,0.00609944960987156,0.006100647105986672,300x300
VCV000661083,0.0002714610840350202,0.0001852864342599919,0.0007834674493308325,0.00028970275921684035,0.001038469344948667,1.4421795896737977e-06,0.006146966138726272,0.006148408318315946,300x300
VCV000661650,0.00014333356780153926,0.00012480459571061352,0.000561036973582632,0.00012409230096172626,0.00044662455898436537,1.0479677049713906e-06,0.006121417527329451,0.006122465495034422,300x300
VCV000663253,0.0037466293617836833,0.0008987209699337287,0.004357162056507546,0.005727021383597387,0.019819425384729916,1.2732319918383993e-05,0.006096266643845617,0.006108998963764001,300x300
VCV000663828,0.8108045111599994,0.000910852670173171,0.004276653557160878,0.44821854158708085,1.9999241901664253,1.3043781909929941e-05,0.006067886598788735,0.006080930380698665,300x300
VCV000663876,2.9657847353893487e-05,3.9073850528126515e-05,0.00017457968193587692,1.1723974367118374e-05,4.251421134504607e-05,8.44394046741262e-08,0.006141459012010848,0.006141543451415522,300x300
VCV000663914,0.8881433510258528,0.0011877852500929674,0.0056816702905257005,0.6651525528654936,1.9998855552619201,9.406295886191414e-06,0.005912822258055912,0.005922228553942103,300x300
VCV000664392,0.00014777959698210097,0.0001257236265904876,0.0005488528911328783,0.00013243435678565884,0.0004684491313072803,1.1905771736967288e-06,0.006050627056916598,0.006051817634090295,300x300
VCV000664710,0.17677208811348571,3.9084895737366604e-05,0.00017614414186799265,0.2222336038787746,1.9999973543163216,1.07103308324627e-07,0.005973513277569767,0.005973620380878092,300x300
VCV000665996,1.6310877004545125e-05,2.3438074390386644e-05,9.323511194742062e-05,3.876609185438085e-06,1.3731418399220985e-05,1.6641288131781853e-06,0.00609270719201125,0.006091043063198072,300x300
VCV000666137,0.14144964827242523,8.803004505264355e-05,0.0003820815364600147,0.22223654245733826,1.9997661567030764,2.441528144589422e-07,0.005919709178932421,0.00591995333174688,300x300
VCV000669380,9.1796819629369e-05,8.955348073535269e-05,0.0003806354547050417,6.954880224604072e-05,0.00025447901447017696,3.7398053322028335e-07,0.006111954265492125,0.006112328246025345,300x300
VCV000670316,0.07868722081038228,0.0001249349646014727,0.0005878131581465024,0.222329147909396,1.9999811928311695,1.0405932574916385e-06,0.006071530090920721,0.006072570684178213,300x300
VCV000670317,0.10112208235175403,0.00012803652379433483,0.0005548950256626106,0.22230891191651972,1.9997251851035414,8.71803021195057e-07,0.0059564386134152575,0.0059573104164364525,300x300
VCV000677733,0.00021062906779980992,0.00016225623432442686,0.0007102058566947206,0.00020664617516957188,0.0007277093659316947,1.591775301896907e-06,0.006086430594743133,0.0060880223700450296,300x300
VCV000677776,0.4069819888075959,0.005632077099287879,0.03311208805936734,0.7773178226565229,1.9963431833846954,0.00014702585645097986,0.006023846559584704,0.006170872416035684,300x300
VCV000677859,0.0003049341252743306,0.00021168195431085475,0.000990038584849362,0.0003201586135965526,0.0011237085610602549,1.4774955613885282e-06,0.00614446977982506,0.006145947275386449,300x300
VCV000695142,0.10110100091288733,0.00012384827102818898,0.0005918122726962793,0.22226896369589838,1.999753471900132,1.3738127318980997e-06,0.006144782184059993,0.006146155996791891,300x300
VCV000704964,3.005210747586332e-05,3.8855260415456336e-05,0.00017011847556976795,1.2879742483577298e-05,4.6662235516303774e-05,9.947100938073605e-08,0.0059751711793294,0.005975270650338781,300x300
VCV000719297,0.07858337042506203,3.9485161538563036e-05,0.00016997880093602702,0.2222357119642831,1.9999960066356812,4.512789812498308e-08,0.0060067980284719,0.006006843156370025,300x300
VCV000745265,1.846160887311394e-05,2.5724314405601664e-05,9.561346746704558e-05,6.402279174934202e-06,1.707880237133974e-05,1.8101486726597796e-06,0.005843142572289722,0.005841332423617062,300x300
VCV000745588,0.07863463136261446,9.032057378729711e-05,0.0003993370570918031,0.22227052506214878,1.9999096894283417,2.8485225633031325e-07,0.00599314632213355,0.005993431174389881,300x300
VCV000746587,0.00029378588064866415,0.00018774448522091192,0.0007743380836031655,0.00032822651667486894,0.001164568425626844,9.126504056005194e-07,0.0060271584699169885,0.006028071120322589,300x300
VCV000750170,0.10105871854984087,7.944681209942507e-05,0.00036245047985925677,0.22224642689864066,1.9998967656598428,1.8918133335484727e-07,0.006058354496634469,0.006058543677967824,300x300
VCV000750727,0.0786376608329688,9.141603399768491e-05,0.0003993784536615169,0.22227562086226715,1.9999144354571357,2.1120980413322915e-07,0.005917684227758784,0.005917895437562918,300x300
VCV000752132,7.236282594234454e-05,7.879101407374499e-05,0.0003761183003861898,4.515462277966521e-05,0.00016311500489296638,2.406101739065025e-07,0.006025945715121467,0.006026186325295373,300x300
VCV000754552,0.1769498857257399,0.0001629484650739402,0.0007615916415766796,0.22242104738172783,1.999958489173746,1.1221091310385095e-06,0.006034763892517916,0.006035886001648954,300x300
VCV000755152,0.07875359657532963,0.00016371900719748826,0.0007458310350760694,0.22240420607273162,1.9999051159609798,1.4509724002419871e-06,0.006046531032804146,0.006047982005204388,300x300
VCV000755248,3.1214333436332774e-05,3.888608216500183e-05,0.00016036385479883258,1.4923767447630157e-05,5.537504665498183e-05,5.2595205923128274e-08,0.006037630586768067,0.00603768318197399,300x300
VCV000756368,0.25536870965319813,7.966341917073167e-05,0.00034361017677271566,0.44449181366403234,1.9999893984212496,4.007834387472625e-07,0.006096052809973969,0.0060964535934127165,300x300
VCV000759310,0.08844782156877629,7.795263740737612e-05,0.00034452968845692655,0.2222756090724904,1.9999998318032102,2.2841571181708709e-07,0.006044077637952141,0.006044306053663958,300x300
VCV000759435,0.7070495006296161,8.10425548562123e-05,0.0003446502944020255,0.22228063136839982,1.9999995355796798,6.278869193283507e-07,0.006011627833906196,0.0060122557208255245,300x300
VCV000760514,2.7972859207559876e-05,3.780970621376354e-05,0.0001852208452408008,9.793202896747468e-06,3.478268332079981e-05,7.845263347901893e-08,0.005949042736224474,0.005949121188857953,300x300
VCV000762200,3.05377775692547e-05,3.9134961649515066e-05,0.00016884778245686988,1.3783407552758753e-05,4.7446640260573325e-05,7.331110704784927e-08,0.005974105704095426,0.005974179015202473,300x300
VCV000762432,1.6158264409928367e-05,2.335490080689197e-05,9.172861965205115e-05,3.7664902545259734e-06,1.2884372406540834e-05,1.6195409696983035e-06,0.006082559079522336,0.006080939538552638,300x300
VCV000762642,0.14141747135270497,3.826379734492142e-05,0.00016617092768331232,0.2222247112234735,1.9999560612138572,1.8479380897110792e-07,0.00609961353342058,0.006099798327229551,300x300
VCV000762808,5.188869412053053e-05,6.093367345811036e-05,0.0002776334595723656,2.823009500478128e-05,0.0001033169163862091,4.1693227919355896e-07,0.006103212002696516,0.0061036289349757095,300x300
VCV000764087,0.1767782873499309,4.615681760934166e-05,0.0001834560703938698,0.22223631511221578,1.999997600736645,3.2863654306118997e-06,0.005937229839188265,0.0059339434737576535,300x300
VCV000764207,8.99180751032377e-05,8.913508740252332e-05,0.00038351938646316586,6.824702948649009e-05,0.00023599039441124514,4.1017093285310863e-07,0.005914521170217205,0.005914931341150058,300x300
VCV000766673,0.10112551808693968,0.0001290278496149322,0.0005384992493062263,0.22231497072505826,1.999720758881486,1.2868914059964084e-06,0.006062046053509118,0.006063332944915114,300x300
VCV000793034,3.02890725377703e-05,3.794621944280967e-05,0.0001578153308896546,1.4172050544350138e-05,5.173156295090742e-05,4.570140023536784e-08,0.005963615244236286,0.005963660945636521,300x300
VCV000793102,2.9996119110801407e-05,3.8522481124802455e-05,0.00016342652989374817,1.3182042163273344e-05,4.702812730050798e-05,1.1721394281832137e-07,0.00604884365335719,0.006048960867300009,300x300
VCV000793652,0.17957683810585218,3.8707130583714266e-05,0.00017069209524507578,0.444453221374236,1.9999981743513073,8.429463677073201e-08,0.0059571147770846895,0.005957030482447919,300x300
VCV000793717,0.0002679480199132298,0.0001851364885567037,0.0007924063017848287,0.0002846119731587536,0.0010092795665523902,1.1371635532629598e-06,0.006109004461991226,0.006110141625544489,300x300
VCV000793842,0.4359833299835697,3.887164641606437e-05,0.0001590829755421519,0.6666592151632584,1.9999970041309694,1.9238655782176373e-08,0.005900242206783621,0.005900261445439403,300x300
VCV000794149,0.14145008433268075,8.87889159678028e-05,0.00039800215968428115,0.22223511453665756,1.9997767379789142,4.409688653126201e-07,0.006066879688523782,0.006067320657389095,300x300
VCV000794159,0.7855547514102111,3.8509656870038e-05,0.00016288830266992377,0.44445876148184293,1.9999998711576947,2.0952681863833922e-08,0.00594807222792481,0.0059480931806066735,300x300
VCV000796361,0.7070441380636451,7.999257573844129e-05,0.00036883631485620794,0.22226796557552614,1.9999995057010156,6.00289587131958e-07,0.006099469319800495,0.006100069609387627,300x300
VCV000798589,8.85790955849868e-05,9.067192175949794e-05,0.0004168468134935488,6.221524764302464e-05,0.00022404003808818018,4.703451475527101e-07,0.006134971384231225,0.006135441729378778,300x300
VCV000798976,1.856871658305211e-05,2.603911500583836e-05,0.000103144860230997,5.690825493201126e-06,1.7714996280893125e-05,1.4653738395721191e-06,0.005948084824788936,0.005946619450949364,300x300
VCV000801291,0.19032255869665066,0.0004342304928941523,0.0019266260181594053,0.4455964636240226,1.9999898013153257,9.455208875054633e-08,0.005937015769787074,0.005936921217698323,300x300
VCV000803306,0.4171285128613935,0.005734012100022171,0.033803978308032195,0.7103502211571189,1.9927690845781978,0.00014561149416329223,0.0059567090442893805,0.006102320538452673,300x300
VCV000803307,0.11988101826880497,0.0009083499260020159,0.004364832719939274,0.22470089511016336,1.9828055297651417,9.639656023532894e-06,0.0059735416064321655,0.005983181262455698,300x300
VCV000803308,1.5358344287440273,0.0057328929285778985,0.03415219095060751,1.3742288048327758,1.999560054316115,0.00015050847772971054,0.0060236931008562835,0.006174201578585994,300x300
VCV000803309,1.5358344287440273,0.0057328929285778985,0.03415219095060751,1.3742288048327758,1.999560054316115,0.00015050847772971054,0.0060236931008562835,0.006174201578585994,300x300
VCV000803310,1.5358344287440273,0.0057328929285778985,0.03415219095060751,1.3742288048327758,1.999560054316115,0.00015050847772971054,0.0060236931008562835,0.006174201578585994,300x300
VCV000803312,0.474329922623282,0.000382093978670555,0.001702767059735072,0.8887004986902264,1.9998329189845383,1.3615042224689698e-05,0.0059829565054381854,0.005969341463213496,300x300
VCV000804214,5.271649304990773e-05,6.06297733498564e-05,0.0002678986644326503,3.06980143132993e-05,0.000109519745677078,3.376410829987464e-07,0.00594254531687317,0.005942882957956168,300x300
VCV000810938,0.1414277056815212,5.336446167747947e-05,0.00021648400013829505,0.22222693917355818,1.9999252259467744,3.0678488561076273e-06,0.006012097983344366,0.0060090301344882585,300x300
VCV000811280,0.0028495778757368913,0.0006952086631152247,0.0031567100318213234,0.005037422188807378,0.018093096947043974,7.062876797063293e-06,0.006041409945113817,0.0060484728219108806,300x300
VCV000811715,0.0003256822895376802,0.00021455703408942804,0.0009856155027355429,0.0003538276183004088,0.0012642682310888276,3.877496530871327e-07,0.0061085876668155814,0.006108975416468669,300x300
VCV000817074,0.0008826355347446153,0.00041270126943708074,0.0019887561688060468,0.0011372053293700428,0.004011089521609779,2.3084086204399126e-06,0.006152537850149873,0.006154846258770313,300x300
VCV000818260,0.0005557473213339248,0.0002901342739488867,0.0011935346177807116,0.0006733005875608149,0.002419689604716835,1.627030569730306e-05,0.005915440801522273,0.00589917049582497,300x300
VCV000818287,0.706999917789456,3.767917044438541e-05,0.00016922224769285593,0.2222331858400193,1.9999998764725642,1.8891865149681109e-07,0.006178286412233537,0.006178475330885034,300x300
VCV000818289,1.8605973034947865e-05,2.6780253309364103e-05,0.00010983638130276918,4.659626619046225e-06,1.5317757884436567e-05,1.5848661853558668e-06,0.006052800763851875,0.006051215897666519,300x300
VCV000818331,2.9479230663251646e-05,3.792661322654304e-05,0.00016795652827607949,1.2828052836015106e-05,4.575794914163378e-05,1.5394351303259224e-08,0.005909185786014205,0.005909201180365508,300x300
VCV000818357,0.1767615186677242,2.667583109490299e-05,0.00011046818887612553,0.2222268830497196,1.9999992466339012,1.5451690971758636e-06,0.0060922605486636,0.006090715379566424,300x300
VCV000818446,1.5738152309169577e-05,2.31368311522772e-05,9.263528456967401e-05,3.3367403743255074e-06,1.1075062505749855e-05,1.7081632919411713e-06,0.006117121537534268,0.0061154133742423265,300x300
VCV000818502,1.6052574443757954e-05,2.3155230372610082e-05,9.505123868489007e-05,3.674697019648596e-06,1.2791672554413047e-05,1.7514998060189774e-06,0.005969851431911042,0.005968099932105023,300x300
VCV000819145,2.980622500125176e-05,3.8122428500336774e-05,0.0001646078129727696,1.3205741037025653e-05,4.835115324175465e-05,4.690587585877426e-08,0.0058982648857399,0.005898217979864041,300x300
VCV000820048,3.09137005398735e-05,3.857731097629872e-05,0.00016294001555659798,1.4674687378171373e-05,5.3241389256108995e-05,7.343761966767393e-08,0.006017432749440263,0.006017506187059931,300x300
VCV000820098,0.14141762244704284,3.795734329534202e-05,0.00017132448498581587,0.22222564711484605,1.9999609969507093,1.1806189842249182e-07,0.005979092177695848,0.00597921023959427,300x300
VCV000820144,0.8483887491868619,3.805761562190791e-05,0.00016242010741438634,0.44444682101201516,1.999999875813919,1.5555818030400792e-07,0.006136962477660334,0.006137118035840638,300x300
VCV000820372,2.855230201613446e-05,3.7805805288013676e-05,0.00016839234824830157,1.1095535153758816e-05,4.091003096007295e-05,4.003194268263621e-09,0.006053557237103178,0.006053561240297446,300x300
VCV000821636,0.07858159317509582,3.8916622280184506e-05,0.00017675982275190683,0.22223273676217653,1.9999906717079714,1.49471617560612e-07,0.006068007056557544,0.006068156528175104,300x300
VCV000821781,0.07967001590822587,0.0004264772508695877,0.0018540359386444993,0.2236864163075593,1.9988048836444026,9.093307717523286e-07,0.00594696708807249,0.005947876418844243,300x300
VCV000822016,0.10101315902373177,2.627570675740625e-05,0.00011357783054827264,0.22222419338144295,1.9999895118659072,1.6110649157102808e-06,0.0060613801072834095,0.006059769042367699,300x300
VCV000822031,0.00016607625851418697,0.00014870331571574904,0.000626104561632701,0.00013638419622619136,0.00046961626753483365,8.456931402445189e-06,0.006217000132006213,0.0062085432006037675,300x300
VCV000822222,1.5786480585795475e-05,2.2587481780434445e-05,8.771013757619128e-05,3.858903418486727e-06,1.3621345492098591e-05,1.512496069965008e-06,0.0061067687743707804,0.006105256278300815,300x300
VCV000822501,2.8692872534735777e-05,3.8103810201188235e-05,0.00016943899976736704,1.2082998152819337e-05,3.736378707763777e-05,8.38621755034144e-08,0.005956222034575906,0.0059563058967514095,300x300
VCV000822586,0.25532427814721953,3.847618119865235e-05,0.0001680039615996054,0.4444556931611048,1.9999983291165422,4.996737890030495e-08,0.006121860705262056,0.006121910672640956,300x300
VCV000822635,0.1768286599538064,8.965731159484486e-05,0.00037660852090171115,0.2222862801119316,1.9999865425261178,4.490570275203151e-07,0.006063770885651525,0.006064219942679045,300x300
VCV000822689,0.1767722397205546,3.866322885017066e-05,0.00017159832618239557,0.22223457363369242,1.9999973754810165,1.2378347795209688e-07,0.005998802876089579,0.005998926659567531,300x300
VCV000822744,0.1796189766688555,9.060584095051076e-05,0.00040725556036330657,0.4444656587643034,1.9999066474907905,1.5981923073317417e-07,0.005873699476058007,0.00587385929528874,300x300
VCV000822878,0.07858153802908092,3.8936181610906795e-05,0.00017164070345037502,0.22223322931306524,1.9999972823491912,1.7337266475583868e-07,0.006083473909509457,0.006083647282174213,300x300
VCV000823003,0.19349046587105154,0.0011131038056735529,0.005551959147564782,0.45011861859597285,1.9999863940528266,1.5437951838900323e-05,0.006097573119346653,0.006113011071185553,300x300
VCV000823045,8.94100633523513e-05,9.114035946410819e-05,0.0004170327171500593,6.394149748264096e-05,0.00022705417714319331,3.141156227912459e-07,0.006061490946337899,0.00606180506196069,300x300
VCV000823092,0.00025607742850951087,0.0001880524665151231,0.0008428180778655564,0.00025994641764941976,0.0009176074130800016,9.843946446779286e-07,0.006155328003521114,0.006156312398165792,300x300
VCV000823268,9.318132113958147e-05,8.993786803614248e-05,0.00039072002496704644,7.319137254663883e-05,0.0002548378715047095,1.8187786641511716e-07,0.005957093281540935,0.00595727515940735,300x300
VCV000823302,0.18152751159115244,0.0011338839203785247,0.005662662720409745,0.2299985977575061,1.9952115102303054,1.6226721474010136e-05,0.006108808507114772,0.0061250352285887825,300x300
VCV000823309,0.46187115688080804,0.00043161011149376287,0.0019672482670580124,0.888962747404244,1.999987144365351,2.1296332895484257e-06,0.006043453674320373,0.006045583307609921,300x300
VCV000823452,1.1684913411503013,3.9016499551955006e-05,0.00017066148283895882,1.111113444468585,1.999999955221961,1.654158425573246e-07,0.006043453674320373,0.00604361909016293,300x300
VCV000823466,0.1713721830970855,0.001123842851808041,0.005698605348841548,0.4507111372436786,1.999983052535622,1.5481858832809905e-05,0.006118315473124169,0.006133797331956979,300x300
VCV000823709,3.107533632583353e-05,3.84220059377648e-05,0.00015187328394070804,1.5211696961454142e-05,5.57744766217505e-05,8.51154089587941e-08,0.006046692131618517,0.0060467772470274754,300x300
VCV000823953,0.0009616130984699053,0.00041820895473225245,0.002003421239968488,0.0012755654996637273,0.004492092679688864,2.0607516636938703e-06,0.006076355533373846,0.00607841628503754,300x300
VCV000824232,0.08842263148713549,6.157071168863375e-05,0.00028651956830350045,0.2222492277478649,1.9999999421245336,4.179391730578519e-07,0.005969081426433211,0.005969499365606269,300x300
VCV000824314,0.17679588005322694,6.107592791146837e-05,0.000263621101790866,0.22225301937398653,1.999993061528907,5.173985506553777e-07,0.006167236757073317,0.006167754155623972,300x300
VCV000824351,0.14143238426080157,6.186023738588632e-05,0.0002836190209740408,0.22222833680228618,1.9999095530817828,5.812297869233624e-07,0.006102506435973844,0.006103087665760768,300x300
VCV000824362,0.797629454496432,0.0006842688303673374,0.0033668099344564134,0.44815370231238055,1.9999855466059673,7.834066230985072e-06,0.006087146786914295,0.00609498085314528,300x300
VCV000824462,0.07942952663384927,0.0008959792114371933,0.003285581884995843,0.22157891693981352,1.9680530465914363,7.71387798290113e-06,0.005856649632836292,0.005864363510819193,300x300
VCV000824769,3.0206237141449695e-05,3.912621640360525e-05,0.00016926658473061934,1.262739353057195e-05,4.5936460636331056e-05,1.7536549358054127e-07,0.0061672707905478736,0.006167446156041454,300x300
VCV000824960,0.0006863411335842426,0.00033695165907350806,0.0016020538130370188,0.0009020893296049554,0.0028985660794043078,2.5389168377713475e-06,0.005946867678661036,0.005949406595498807,300x300
VCV000824998,0.07860848450822847,6.225188208499393e-05,0.00025879124176447776,0.2222561357647853,1.9999745923166519,2.8007912287845993e-07,0.005899442394554245,0.005899722473677123,300x300
VCV000825009,0.1414322998496678,6.179054867421735e-05,0.00026863568970443563,0.22222931393802714,1.999876787706303,3.177784658791108e-07,0.005888079986934428,0.0058883977654003074,300x300
VCV000825196,0.14198348250583145,0.0006632130123920665,0.0033469382547208285,0.22285929030837626,1.99038875397083,9.09419652525903e-06,0.006108429318186122,0.006117523514711381,300x300
VCV000825238,0.004915160738179639,0.0007799874678795229,0.003225663140630136,0.011083111950227154,0.07635413445147388,9.864205368152225e-06,0.006114760131015684,0.006124624336383836,300x300
VCV000825455,5.1279382859290706e-05,6.086889357808652e-05,0.00027816795375958103,2.7676820976867906e-05,9.768417236122318e-05,5.497483579596646e-07,0.006044555617281081,0.006045105365639041,300x300
VCV000825645,0.14143193226518333,6.135607805940463e-05,0.0002652288292690555,0.22222849274645856,1.999882081798396,4.560868594322143e-07,0.006088717247109894,0.006089173333969326,300x300
VCV000825729,0.848403174728648,6.14361246969707e-05,0.0002701811525332998,0.44445025658171783,1.9999997046936295,3.293182193287933e-07,0.006065580579534481,0.00606590989775381,300x300
VCV000825842,0.47623342462316515,0.005707027603709426,0.03563775820011457,0.8569314132606958,1.9953136628682557,0.00013886635410265656,0.0060448484952319095,0.006183714849334566,300x300
VCV000825864,0.8109387510127624,0.000896901975485745,0.004392017347231061,0.44835389064782355,1.999921404876296,1.0589578373946043e-05,0.006140449404248852,0.006151038982622798,300x300
VCV000825904,0.18259844484169682,0.000910031392620424,0.004262408193066697,0.448213450730296,1.998583782864414,1.145975197838333e-05,0.006069079044365225,0.006080538796343608,300x300
VCV000825975,7.221363446469719e-05,7.874768622022509e-05,0.0003582200877219957,4.696790461576771e-05,0.00016304885914752987,4.61768265675247e-07,0.005963999756083579,0.005964461524349254,300x300
VCV000825998,7.591755177393852e-05,8.106691400738233e-05,0.0003605825914292371,5.0910416017174105e-05,0.0001762665955344911,6.965386012847824e-07,0.006137777969550907,0.006138474508152192,300x300
VCV000826334,8.007360753763964e-05,8.107622454580522e-05,0.00035049884844221696,5.8501318918466635e-05,0.00020752746533370114,5.892675516592713e-07,0.006050949088534249,0.0060515383560859086,300x300
VCV000826368,8.517152010459282e-05,8.149110613964447e-05,0.00033840491282230434,6.65735627789241e-05,0.0002460436038957958,3.581104487228662e-07,0.005969232691334236,0.005969590801782959,300x300
VCV000826394,0.10589430641647471,0.0009777699771432943,0.004347136071963964,0.23128257202242797,1.9882364218937847,1.060125563645542e-05,0.00593059783848399,0.005941199094120445,300x300
VCV000826438,7.095263646589901e-05,7.999071502152316e-05,0.00037033328572796953,4.294602951381165e-05,0.00015408581437381663,4.6934044600766e-07,0.005991424607258998,0.0059918939477050055,300x300
VCV000826894,7.691620132783366e-05,8.202956137702453e-05,0.0003673303860130678,5.109096642204788e-05,0.00018476495387020897,6.160934825083508e-07,0.006130999567176398,0.006131615660658906,300x300
VCV000827129,7.909471021748542e-05,8.038842610596013e-05,0.00034818208993936395,5.729115462590103e-05,0.00020634545264075488,3.8012666609982954e-07,0.0058794263217190335,0.005879806448385133,300x300
VCV000827132,0.707047137312439,7.981311409607817e-05,0.00035414754874329296,0.2222747805676274,1.999999522576415,5.761482567727058e-07,0.00597710827210804,0.005977684420364813,300x300
VCV000827201,0.08844293859806378,7.895981337256994e-05,0.00036564528848549716,0.222266646424914,1.9999999273316271,6.654108647505957e-07,0.006099610049726362,0.006100275460591113,300x300
VCV000827313,0.07863666954109998,8.992127549165441e-05,0.00042345936314607674,0.22227619367629328,1.999979702049706,1.5763232656500203e-07,0.005983827486338276,0.005983985118664841,300x300
VCV000827359,0.25537993924896357,9.067882967366036e-05,0.00037374857610809886,0.44449737478871376,1.9999884447243919,2.1441711016943754e-07,0.0058890346550738645,0.005889249072184034,300x300
VCV000827400,0.19644553035969825,8.835543459655424e-05,0.0003922996367471468,0.4444632612394913,1.999983778549524,3.892590945955496e-07,0.006000552827726383,0.006000942086820979,300x300
VCV000827414,0.10106558708215169,8.942685044242626e-05,0.000406055957630172,0.22224659681375472,1.9998564688666471,1.6700068496740966e-07,0.006063594084629065,0.006063761085314033,300x300
VCV000835067,0.1010257453903185,4.0248354587422993e-05,0.00016442716557835135,0.22223573458645796,1.999974901727733,1.4610124063688112e-07,0.005923667077943441,0.005923813179184078,300x300
VCV000836761,5.928048682559322e-05,6.191937896887642e-05,0.0002614707701903002,4.070719808286278e-05,0.00015334615239326332,4.143536554059718e-08,0.005910105678469168,0.005910147113834708,300x300
VCV000837688,7.749360039627923e-05,8.042608556808084e-05,0.00034388733380172343,5.407811538910629e-05,0.0001920432120948723,7.354760493448811e-07,0.006138362123834734,0.006139097599884079,300x300
VCV000839056,0.11788670945222182,8.067696875182679e-05,0.0003512151137256697,0.2222379238809349,1.999791044520145,4.063344784688977e-07,0.0060216412123984524,0.006022047546876921,300x300
VCV000839197,0.07944189357350345,0.0004330058103542961,0.0019963079977163636,0.22327690818228937,1.998438502888689,2.566921302218396e-06,0.006063808089341691,0.006066375010643909,300x300
VCV000839498,1.5800710599659472e-05,2.2946053384301042e-05,9.171560257055511e-05,3.506345180068513e-06,1.1971673230193325e-05,1.5355718831055326e-06,0.0061627148070348805,0.006161179235151775,300x300
VCV000840399,5.212961775617129e-05,6.134955233673195e-05,0.0002786921981497159,2.9000952280471777e-05,9.966505543834714e-05,4.7666776662944055e-07,0.006059631283333525,0.006060107951100155,300x300
VCV000840834,0.10207135240741608,0.0004115804343330224,0.0015781485419920221,0.22417405529427695,1.998184708161371,2.9346658437729226e-06,0.005908698374103326,0.005911633039947099,300x300
VCV000841830,0.2813576877383531,0.0011457022107956541,0.00554004295708703,0.4500295039297863,1.9958880361823843,1.487487780886445e-05,0.006034191231812056,0.0060490661096209205,300x300
VCV000842397,0.07863282310579076,8.993022378851306e-05,0.000422410428443612,0.22227029843069118,1.9999881714488814,3.4691611593834493e-07,0.006138462258422899,0.006138809174538838,300x300
VCV000843641,0.0012301206669268505,0.0004574926288869049,0.0021250634640706187,0.001692879825204373,0.006272780553750579,4.068673533081171e-06,0.006023984307691721,0.006028052981224802,300x300
VCV000844977,0.2571180777806886,0.0006718873022094485,0.003258010249571515,0.44700628732908965,1.9994027053200119,6.580521610824799e-06,0.006084638813819876,0.006091219335430701,300x300
VCV000848780,0.08223816840720437,0.0009182087555455517,0.004483082520619297,0.22747567782906883,1.9958258593492346,1.209971579041371e-05,0.006070892624712017,0.006082992340502431,300x300
VCV000848951,1.9810223081107672e-05,2.7531847415056344e-05,0.00010360317683837106,6.121813063401464e-06,2.128986306848546e-05,1.628608599884944e-06,0.005988613605438758,0.0059869849968388735,300x300
VCV000849951,0.00494464806690149,0.0011011304790729966,0.005498876749495445,0.007551648882999874,0.026864970326587523,1.5676121425008994e-05,0.00613390609691347,0.006149582218338479,300x300
VCV000850008,0.24242858173237317,7.98817931170213e-05,0.0003568944770438384,0.44442997357971503,1.9998872704537831,6.721334932227249e-07,0.006021510883212774,0.006022183016705996,300x300
VCV000850480,0.08931427077477988,0.0004093306814040304,0.001935605421247863,0.22347305636902526,1.99998598034378,1.387726959511948e-06,0.006100720646498119,0.006102108373457631,300x300
VCV000850916,0.07862823731039674,8.130262828002423e-05,0.00035908403542166817,0.22227139546761304,1.9999871716200022,7.948980593631277e-07,0.006135114033943117,0.00613590893200248,300x300
VCV000851884,0.8757250023103861,0.0006781190544586818,0.0030849149853021535,0.6687721620817761,1.999989648218274,5.939555719458242e-06,0.005972002496504807,0.005977942052224265,300x300
VCV000853317,0.5618301470878151,0.005718999272572665,0.03420162612959714,1.0054970839645712,1.9941853545236232,0.00012108226786545443,0.0061427691879547665,0.006263851455820221,300x300
VCV000853645,0.29810206417395835,0.0011224491798221105,0.005714207750444025,0.6650771008312331,1.986711350308636,1.4566525357445625e-05,0.006045665880157182,0.0060602324055146276,300x300
VCV000854234,1.934487656550162e-05,2.7470096133812448e-05,0.00011124991270959617,5.165844336975213e-06,1.8020275552865783e-05,1.5111793578055643e-06,0.006103645557006177,0.006102134377648371,300x300
VCV000856060,0.18160066344251977,0.001115977460705359,0.005498184228791482,0.23001337476451658,1.9960149855355263,1.3792927570374994e-05,0.006098740118867307,0.006112533046437682,300x300
VCV000856171,5.5242455017958015e-05,6.184614961239881e-05,0.00027333579332762536,3.466945543525076e-05,0.00011923498663968246,3.415249404887036e-07,0.00588881822778978,0.0058891597527302685,300x300
VCV000856299,0.1768240538377376,8.040989441178333e-05,0.0003221984524348978,0.22228460148224002,1.9999902525515036,5.188965485052738e-07,0.005975069033809507,0.005975587930358012,300x300
VCV000856423,0.25555023555602924,0.0001831467397502785,0.0007945292147510455,0.44470913237757514,1.9999629376629362,9.70738131864969e-07,0.005966177732439761,0.005967148470571626,300x300
VCV000858236,0.7070023129023203,3.864120359074182e-05,0.00016622844895412825,0.22223659995132727,1.999999874019244,4.384436104280798e-08,0.005985454671802989,0.005985410827441947,300x300
VCV000858631,0.0006704300879450224,0.000342046993527741,0.0016241754125210922,0.0008256239894472131,0.003036653333153727,2.8928579854500466e-06,0.006076157612197152,0.006079050470182602,300x300
VCV000859320,2.949794393678126e-05,3.898156312951586e-05,0.00017503717751650438,1.221408571633948e-05,3.9610720828253676e-05,8.561448402045341e-08,0.006016210982035887,0.006016296596519907,300x300
VCV000860797,8.207411535926747e-05,7.860308884665168e-05,0.00033503036724281954,6.322474661613064e-05,0.00023630572540989103,1.7802319521396243e-07,0.005918977372452422,0.005918799349257208,300x300
VCV000861760,0.19012182784433024,0.0004559156610851014,0.0022347500328902536,0.4451717598794378,1.9999973462587313,4.3534710526685685e-06,0.006071020038314802,0.00607537350936747,300x300
VCV000863486,0.25887934908764215,0.0009299123680926338,0.004454386482192332,0.4496292030558499,1.9975743541149855,9.905338191956367e-06,0.005985123227526035,0.005995028565717991,300x300
VCV000863522,3.0301934924911835e-05,3.924122484863705e-05,0.00016767076611173826,1.3432551397740689e-05,4.582338483083426e-05,2.0272841949695725e-07,0.005982407020057729,0.005982609748477226,300x300
VCV000864318,0.7889677598282636,0.0009148883639976528,0.004354348108484889,0.449103363122308,1.9999253268195862,1.0170943755046652e-05,0.005873380283330124,0.005883551227085171,300x300
VCV000864520,0.8837658481109328,6.219390245795596e-05,0.0002852666211567295,0.44447270502978625,1.9999996994967988,5.86381767094836e-07,0.006140622477832749,0.006141208859599844,300x300
VCV000864652,3.0956051833083574e-05,3.879354013452673e-05,0.00016203752884454137,1.4813347681768501e-05,5.208073537366076e-05,3.1932182304600376e-08,0.006012378192226104,0.006012410124408408,300x300
VCV000871292,0.7124031529128897,0.0011031299886339445,0.005314530246207323,0.23084826603936837,1.999882870952487,1.6799324518087383e-05,0.006075959951810763,0.00609275927632885,300x300
VCV000871293,5.176066636185209e-05,6.045589149891747e-05,0.00027009761021223183,2.906136187375008e-05,0.00010258042551469782,4.965971422748669e-07,0.006034347519246134,0.006034844116388409,300x300
VCV000889286,5.90932763678029e-05,6.947375384063273e-05,0.00027325906046006543,3.0835820851233325e-05,0.00010273037290009501,5.983167770211122e-06,0.0060320977905734315,0.00602611462280322,300x300
VCV000891532,6.761494158179403e-05,7.328934593725913e-05,0.0002790957972376995,4.244009341532647e-05,0.00014538710804368193,5.015832207889981e-06,0.005921499653979836,0.005916483821771946,300x300
VCV000891533,6.41861207074795e-05,7.152750075582367e-05,0.0002777534738722942,3.769498742563678e-05,0.00013145467655906184,5.1636972426480354e-06,0.006012937492827809,0.006007773795585161,300x300
VCV000891534,6.675504945788028e-05,7.317696935379368e-05,0.00027018157922556463,4.107938323845891e-05,0.00014016078365808315,4.766409413129065e-06,0.006068982530593177,0.006064216121180048,300x300
VCV000915695,0.24242094095480532,6.0555036223089095e-05,0.00029021384714925796,0.4444353368890075,1.9999366566193864,5.583377491492902e-07,0.006065721011472831,0.00606627934922198,300x300
VCV000918263,0.17957495183492297,3.856874568017744e-05,0.00017289939121156728,0.444450119661864,1.9999977761701024,2.586119751896501e-07,0.006179690594418209,0.006179949206393399,300x300
VCV000918307,3.937289260154938e-05,4.9321433503517735e-05,0.00019648019678997208,1.702362491013471e-05,6.0187511142117955e-05,3.4054806596602386e-06,0.006099291757179725,0.006095886276520065,300x300
VCV000918318,0.0003308345828868767,0.00021339298208790088,0.0009606617181520741,0.0003615317065199057,0.0013225423713271178,7.06796332594975e-07,0.006099516549852531,0.006100223346185126,300x300
VCV000918353,7.311655597230943e-05,7.977909384058882e-05,0.0003701142094378884,4.631146584921364e-05,0.00016844980602115367,6.083214155235689e-07,0.006105042100770138,0.006105650422185661,300x300
VCV000918568,0.00025232559056795047,0.00018607151034217325,0.000822028032548959,0.00025571541647348737,0.0009054726837686156,8.34491780026328e-07,0.006089689079852186,0.0060905235716322125,300x300
VCV000918941,0.1012571672667709,0.0002124803739839402,0.0009917789226932816,0.22243129186311839,1.999343782240473,1.9386793482893683e-07,0.0060505802230499586,0.0060507740909847875,300x300
VCV000919077,0.17698378087368777,0.00018422294902011664,0.0008307914705251648,0.2224643925200248,1.9999479813188192,9.440216662860712e-07,0.00603233181329904,0.006033275834965326,300x300
VCV000919110,0.00011998456250946878,0.00011839696937344516,0.00046047651601956174,8.639303373394715e-05,0.0002826282933648949,1.1103874179753913e-05,0.006084314638702967,0.006073210764523213,300x300
VCV000919200,0.1778141293852438,0.00041541465605627546,0.0018796839488126257,0.2237713557281068,1.999628514539808,7.204332693085125e-08,0.005856912475823849,0.005856840432496918,300x300
VCV000919358,0.9624043621293432,0.00012665164482282814,0.0005616676917071101,0.6667766448200437,1.9999987161186268,1.1590828423004365e-06,0.0060337150759777825,0.006034874158820083,300x300
VCV000919415,0.00015124205345300006,0.00012390043547018417,0.0005495223922290099,0.00013654843424388337,0.0005181747103650824,7.200163920579108e-07,0.006163417389053832,0.00616413740544589,300x300
VCV000919427,0.7857841720460483,0.00018941740521410708,0.0008268649303935366,0.4446864844546098,1.9999974287229945,6.281587297601518e-07,0.005924338821173872,0.0059249669799036325,300x300
VCV000919471,1.594140169645385e-05,2.3116960611957757e-05,9.372638831038616e-05,3.542053501713759e-06,1.1856935369425337e-05,1.7097066781629477e-06,0.006113256111948663,0.0061115464052705,300x300
VCV000919516,0.00029525218899347937,0.0001879744801250568,0.0008003420423401061,0.00033142635020840433,0.0011877907370145824,6.414526806291024e-07,0.005907710773248513,0.005908352225929142,300x300
VCV000919580,0.0786257736783658,8.013808319261246e-05,0.00035652142646466767,0.22226860415435568,1.9999934804143598,6.964373320834244e-07,0.006172626619106833,0.0061733230564389166,300x300
VCV000919788,0.7070448413224694,7.95663733704661e-05,0.00036320625728255423,0.22226960371962845,1.999999507482765,6.325220344421262e-07,0.006125771217917932,0.006126403739952374,300x300
VCV000919907,0.00011432203190836382,0.00011391593274448782,0.0004540897292209245,8.023514690850646e-05,0.0002684388469111898,1.063796787232306e-05,0.0061058019046428165,0.0060951639367704934,300x300
VCV000920212,0.10120676624856721,0.00018835619773441436,0.0008281166810249624,0.22237458053483172,1.999417551954688,8.794556051886296e-07,0.006170974569131052,0.006171854024736241,300x300
VCV000920224,0.17681213096473555,7.757059127557686e-05,0.0003419101651744236,0.2222653098418395,1.9999886888262974,6.125138571309863e-07,0.006155573528470732,0.006156186042327863,300x300
VCV000920389,0.2784134043497918,0.00041641213643515306,0.0019124039145926586,0.44512852320267904,1.9996346835627687,1.19749611511219e-06,0.00609944960987156,0.006100647105986672,300x300
VCV000920392,0.08862987277672639,0.0001832667153679871,0.0008381989343674498,0.22248731226512306,1.9999996128777697,3.8155311137422904e-07,0.006050385377606676,0.00605076693071805,300x300
VCV000920442,0.00022957781077434207,0.0001850063782663809,0.0008920450944746722,0.00021340525292503878,0.0007570252389548227,1.50785830087697e-06,0.006220250426895374,0.006221758285196251,300x300
VCV000920533,0.1010940031702247,0.00011700033968103403,0.00046284723318867904,0.22226076983262505,1.9997801318579485,1.0878866526161345e-05,0.006030690642864345,0.006019811776338184,300x300
VCV000920680,0.00011499225079956941,0.00011816465703088613,0.0004604603148764541,7.832488410816938e-05,0.00025175533386845306,1.0696625022462748e-05,0.006231542874374086,0.006220846249351623,300x300
VCV000921060,0.7858287311529137,0.00021863531219551405,0.0009807332351374903,0.4447321104559956,1.999996104582866,1.0930402052902397e-06,0.005970455149221851,0.005971548189427142,300x300
VCV000921740,0.00010944518140717989,0.00010962563622320202,0.0004262414535903536,7.729294610764942e-05,0.00025387285880407173,1.0587956503754076e-05,0.005987196088858617,0.005976608132354863,300x300
VCV000922026,0.00022690873072780813,0.00016885948279373077,0.0007551275830317075,0.00022544270011831062,0.0008149462260078622,7.40742845742326e-07,0.0061462839056889065,0.006147024648534649,300x300
VCV000922250,0.00010840871171779114,9.000985509743078e-05,0.0003482261567754191,0.00013310254915934984,0.0007402472751428801,1.5792236212654187e-07,0.005952302663050316,0.005952460585412442,300x300
VCV000922786,0.2424524740830644,0.000182256473532129,0.000786419308217004,0.4443693382884775,1.9994032116891414,1.255954512034002e-06,0.0060318730343553745,0.0060331289888674085,300x300
VCV000922868,8.026635727117679e-05,7.859479563550026e-05,0.0003246905408687689,5.9919476729120014e-05,0.00022621407845369035,1.2737745099140885e-08,0.006144709468082884,0.006144696730337785,300x300
VCV000922893,9.050525224616505e-05,9.128349027538633e-05,0.00039774283600861604,6.855357452041478e-05,0.0002277780557813358,3.828133524541241e-07,0.00595715887193131,0.005957541685283764,300x300
VCV000922981,0.3181736414518785,6.127131306511164e-05,0.00025462641484071125,0.44445000170019683,1.9999941155977943,3.5472679126360984e-07,0.005984277278843996,0.00598463200563526,300x300
VCV000923496,0.8837980757438167,8.936146206634471e-05,0.0003957229726758091,0.4445031823219382,1.9999994240609593,2.4848719434346356e-07,0.005983950797593837,0.005984199284788181,300x300
VCV000923830,8.032319178257212e-05,8.083719233332219e-05,0.0003524623316957659,5.8158803473546466e-05,0.00021493737279387748,5.133579501987243e-07,0.006023984307691721,0.006024497665641919,300x300
VCV000924456,0.00025598846122809875,0.00018619303944692153,0.0008627926483826334,0.0002603129694237359,0.0009299378180732676,1.0595845527806153e-06,0.006037143577709406,0.006038203162262187,300x300
VCV000924682,4.347391449007057e-05,5.252093507840298e-05,0.00021076234753811263,2.143871482845277e-05,7.557752483122737e-05,3.0699054862333777e-06,0.005951098367315693,0.005948028461829459,300x300
VCV000924862,0.1801680604394417,0.000895375405258515,0.00432874449310125,0.22760212636602598,1.9981804127872467,1.085299092618442e-05,0.005953433620274847,0.005964286611201032,300x300
VCV000924881,0.00028604917882338977,0.00018623486951448284,0.0007780947597193014,0.0003137698493198436,0.0011523737206272644,7.223799976564804e-07,0.006116023653584681,0.006116746033582338,300x300
VCV000924895,0.3182539897964656,0.0001850633939483668,0.0007948676954672718,0.44449885197748146,1.9999397537231096,1.0249502341002498e-06,0.006032649904486345,0.006033674854720446,300x300
VCV000925434,0.00011432203190836382,0.00011391593274448782,0.0004540897292209245,8.023514690850646e-05,0.0002684388469111898,1.063796787232306e-05,0.0061058019046428165,0.0060951639367704934,300x300
VCV000925574,0.00011677126915662553,0.000111653218358851,0.0004274808381753148,8.814941456509246e-05,0.00028879930660330455,9.577749894796629e-06,0.0061145834108841815,0.006105005660989385,300x300
VCV000925707,0.08848716114553841,0.00011230579767774267,0.0004318671607399377,0.22230804363274015,1.9999977775452782,9.891686693208092e-06,0.006058395985780829,0.006048504299087621,300x300
VCV000925769,7.64935283509467e-05,7.872290307750626e-05,0.00035315353602408117,5.38109738848923e-05,0.00019001991777101157,1.037161920323243e-08,0.006065009626578003,0.006065019998197206,300x300
VCV000925896,0.07866371877800159,0.00011647160207583059,0.00047877092857064735,0.22229333650974162,1.9999794712691965,1.1545176722102188e-05,0.006113787524116874,0.006102242347394772,300x300
VCV000926213,8.982821061768447e-05,8.876819751627645e-05,0.00038732069662923696,6.707755243678331e-05,0.00024561125007094287,2.0422609905458577e-07,0.005957047285709236,0.00595725151180829,300x300
VCV000926556,0.1414475788116261,8.213839352423878e-05,0.0003553815074173322,0.2222405464810837,1.9998150850164043,5.646232601567991e-07,0.005985934091975436,0.005986498715235593,300x300
VCV000926695,0.07865967555445434,0.00012231505618950383,0.0004635332858568125,0.2222654492449416,1.9995892466277168,1.0964448758037267e-05,0.00592737993515325,0.005916415486395213,300x300
VCV000926699,0.00032870178149683966,0.00020918991723249266,0.000950514641059011,0.0003606556942468882,0.0013403220753905876,6.334937045649608e-07,0.006087718831453192,0.006088352325157757,300x300
VCV000926994,1.1037560502450523,0.0001874485075193398,0.0007833282644071904,0.8888826379672469,1.999997642571707,6.503654313982921e-07,0.005928843265494491,0.005929493630925889,300x300
VCV000927004,0.17680026271111723,6.271103253229786e-05,0.0002433474763957333,0.2222615218856746,1.9999931487024947,4.48328895137802e-07,0.005921209298323065,0.005921657627218203,300x300
VCV000927304,0.14147272714372988,0.00011568207218816474,0.00044225426977780036,0.22224665307709898,1.9996899250116758,1.025719307628549e-05,0.006035102576773851,0.006024845383697566,300x300
VCV000927401,0.0001090114459093901,0.0001116010140045038,0.00044947930858854623,7.415016987196339e-05,0.00024269667180598642,1.0674176174365474e-05,0.005982616883684265,0.0059719427075099,300x300
VCV000927570,0.1768594378671208,0.00011317870247372324,0.0004281797402224674,0.22230870708069647,1.999984296941065,9.810003510876339e-06,0.006112683759482095,0.006102873755971219,300x300
VCV000927601,0.14152855958642022,0.00018639668053737626,0.0008623657612555485,0.2223034236446994,1.999225284123844,9.839320143090191e-07,0.0060351192506704005,0.0060361031826847095,300x300
VCV000927924,0.10202924125467497,0.0005321232198102692,0.0024035730095381957,0.22344234844953847,1.9953350948127166,4.014033529293158e-06,0.006080484935647568,0.006084498969176861,300x300
VCV000927925,0.14151929407258831,0.00018605715832563212,0.0008457126502884674,0.22227973720721048,1.9991071350222809,4.838756262753874e-07,0.006017221721258391,0.006017705596884667,300x300
VCV000927956,8.531246731395148e-05,8.016571367734465e-05,0.0003178014950274838,6.795510181999297e-05,0.0002524800709504671,1.1851766014772669e-07,0.006019257046703608,0.00601913852904346,300x300
VCV000927973,7.751603958825408e-05,7.824794215616649e-05,0.00033548005091433436,5.6184010884894083e-05,0.00020066059174572715,3.03308915768942e-07,0.006009400473107689,0.006009703782023458,300x300
VCV000928139,0.3182790894823374,0.0001881168219758834,0.0007916764163121565,0.4445676714674743,1.9999447222826077,8.469907133035887e-07,0.005816326600758365,0.005817173591471669,300x300
VCV000928156,0.08868642523796885,0.00021102653536984487,0.0009550128311147377,0.2225593967287399,1.999998380524468,7.182511295158664e-07,0.006139520687042947,0.006140238938172463,300x300
VCV000928237,0.310628897231156,0.0057266169686579415,0.03349807256873963,0.4885060834608576,1.9930350157649115,0.0001444293156112617,0.005999253944736432,0.0061436832603476935,300x300
VCV000934410,0.08842263148713549,6.157071168863375e-05,0.00028651956830350045,0.2222492277478649,1.9999999421245336,4.179391730578519e-07,0.005969081426433211,0.005969499365606269,300x300
VCV000934647,0.977946177760846,0.0011251487910243453,0.005583656921217955,0.8919822639007448,1.9999870664503643,1.124058746843938e-05,0.0060658924655733705,0.00607713305304181,300x300
VCV000934839,1.1115625163752851,0.005739083976277394,0.034561048716469894,0.8594250407604755,1.9989156724689343,0.0001489362637663123,0.005992042345080478,0.00614097860884679,300x300
VCV000935480,5.806965691281267e-05,6.063282068000957e-05,0.0002452888016080748,4.0274340676179264e-05,0.000150185265128,1.0026333898110334e-07,0.00581294367141181,0.005813043934750791,300x300
VCV000935999,0.9493831294794739,3.911981252935011e-05,0.00016211727939303283,0.6666649513926899,1.9999998771408887,1.432272480469607e-07,0.006062035562173915,0.006062178789421962,300x300
VCV000937331,0.08949621932211757,0.0004497571912444417,0.002125595102357339,0.22373444962584454,1.9999976919957942,3.985888903650092e-06,0.006144972967283897,0.0061489588561875475,300x300
VCV000939133,8.176385639575056e-05,8.863721889840121e-05,0.0004140672212049265,5.229855514216681e-05,0.0001849873246639877,5.466743461532766e-07,0.006274290428510573,0.006274837102856726,300x300
VCV000939637,0.3568727762352221,0.0004136434087848703,0.001972270661674949,0.6671478312287117,1.9996283050655805,1.2581630317188425e-06,0.006091314704225353,0.006092572867257072,300x300
VCV000942021,2.8147131441856792e-05,3.7244505559481124e-05,0.00016980680694388822,1.0802416538477663e-05,3.897281386744389e-05,1.590158921066509e-07,0.0060824054231851665,0.006082564439077273,300x300
VCV000943654,0.0007065915531228052,0.0003410683259914189,0.0015392994867884646,0.0008959212188568433,0.0032203394583053546,3.34004421360945e-06,0.006118195157310174,0.006121535201523784,300x300
VCV000944769,0.4833355622155746,0.005679918617416188,0.03426247502609392,0.7840340643939423,1.9920790372100248,0.0001366251425710674,0.00604138422118149,0.0061780093637525575,300x300
VCV000945802,2.961638974322222e-05,3.805397636263979e-05,0.00016559242157353216,1.2815118619181733e-05,4.74943880205414e-05,1.715473007223023e-08,0.00595780417944436,0.005957821334174432,300x300
VCV000945818,0.4451615962796646,0.0004179605424539341,0.0019972106467296413,0.8891746477603181,1.999983551338432,2.5018503102183093e-06,0.006049818963049471,0.006052320813359689,300x300
VCV000947099,0.1414181764217448,3.8970361204857746e-05,0.00016528590517393693,0.22222618051518658,1.9999555565114728,2.7131358427013447e-07,0.005948749968918182,0.0059490212825024525,300x300
VCV000947100,0.5626634108608407,0.0004183099900121785,0.001876050451634123,1.1107823607620968,1.999989264717523,4.254053412935943e-07,0.005958113408827636,0.0059585388141689295,300x300
VCV000947223,5.3737499965927366e-05,6.071014838391095e-05,0.00026309634845091134,3.236375593608355e-05,0.00011869812237419453,2.788609604993317e-07,0.005952332715354971,0.00595261157631547,300x300
VCV000948068,0.8837914167573689,8.038998641020931e-05,0.0003443432685651601,0.4444986452260548,1.999999462966721,1.6816761621261944e-07,0.006091013804615396,0.006091181972231609,300x300
VCV000948225,0.14143185901669997,6.118981731148188e-05,0.00027645981904306227,0.22222847910025204,1.999874671465541,1.570786035305638e-07,0.005919419186908685,0.005919576265512216,300x300
VCV000948754,0.07978110855534545,0.0004524733706501356,0.0020511033524951705,0.22389519951443393,1.9996746982148936,3.5167989140966194e-06,0.0059912727558453375,0.005994789554759434,300x300
VCV000949408,0.10102234078678422,3.83347247749193e-05,0.0001718162827818448,0.22222792515190892,1.9999762442296865,1.9831006476886404e-07,0.006161778717330681,0.0061619770273954495,300x300
VCV000950660,2.990129628531771e-05,3.867849005298771e-05,0.00016907489128031167,1.2551468853322984e-05,4.6119723161708315e-05,1.4336486732057646e-07,0.006146147861065547,0.006146291225932868,300x300
VCV000952204,0.3591527637275429,0.0011564565581924531,0.005616532365062821,0.669208255448718,1.994721424538813,1.0154532954256314e-05,0.005959004985592623,0.005969159518546879,300x300
VCV000952244,0.17002662241048927,0.0008915291660819404,0.00452381010247286,0.4488737683483037,1.999988885856719,1.2767256715320342e-05,0.00605216001593852,0.00606492727265384,300x300
VCV000953078,0.00033877998880150215,0.00021810756158188274,0.0009713866617434286,0.0003832145103368366,0.0012569771314613343,1.9156424235283395e-06,0.006132676251565955,0.006134591893989483,300x300
VCV000953178,0.7896426127639127,0.0009185368485776063,0.004334128776061277,0.4506838297395153,1.9999218070484637,9.469064330569314e-06,0.00612796117209536,0.006137430236425929,300x300
VCV000953467,0.10106613833162413,8.89394502090589e-05,0.0003798387592857527,0.22224881717643097,1.9998539446501415,5.583818686316633e-07,0.006163397687793032,0.0061639560696616635,300x300
VCV000954591,9.016923345898067e-05,9.067514012884033e-05,0.0004045585929103729,6.496024150839632e-05,0.00023724195206187293,4.080562353778183e-07,0.006117479675120269,0.006117887731355647,300x300
VCV000958618,0.32036926755677597,0.0008996451136397961,0.004420883700307861,0.6644769491767585,1.9963082002289458,1.2202994660981403e-05,0.006077401725924723,0.006089604720585704,300x300
VCV000959232,7.309185183916107e-05,7.902101522403192e-05,0.0003499731644708015,4.794751329217917e-05,0.00016950291266915052,6.29324924696778e-07,0.006077401725924723,0.0060780310508494195,300x300
VCV000959616,0.10101315902373177,2.627570675740625e-05,0.00011357783054827264,0.22222419338144295,1.9999895118659072,1.6110649157102808e-06,0.0060613801072834095,0.006059769042367699,300x300
VCV000959894,0.984904095524956,0.00016645526661221018,0.0007132825134880671,0.6668229807509047,1.9999978481375495,9.824959422673543e-07,0.006085861454436662,0.006086843950378929,300x300
VCV000960090,0.17768691197526912,0.0004165975904616367,0.0019075344434600697,0.22347970489118088,1.9996732934325636,3.9539306987898537e-07,0.006125825376295038,0.006126220769364917,300x300
VCV000961330,0.9466474020040383,0.00583639280848684,0.034964615413041314,0.7094565414497057,1.9988949369877853,0.0001325563590014664,0.00612796117209536,0.006260517531096826,300x300
VCV000962629,0.07862805420080854,7.837837911928877e-05,0.0003457341482744347,0.22227412169837585,1.9999967589086807,4.7304110872316285e-07,0.006085730853379381,0.006086203894488104,300x300
VCV000964947,0.0038036855684646263,0.0009198932545952145,0.004569643463333564,0.00593629040679443,0.01949387361162136,8.087566124250281e-06,0.0059534799333986425,0.005961567499522893,300x300
VCV000964952,8.71539026348689e-05,8.916989778093044e-05,0.0003714176149678394,6.383465900231904e-05,0.00021489471523183923,6.49032290182816e-07,0.006152052390636709,0.006152701422926891,300x300
VCV000965088,0.978509127394571,0.001103644380201123,0.005386725594707827,0.8930791385174963,1.9999869301314281,1.3944062184733166e-05,0.006049789543474648,0.006063733605659381,300x300
VCV000965258,0.3735338742611322,0.0004194043838580009,0.0019326921737238267,0.666861279634313,1.999692353893694,3.2866337449687436e-06,0.006009934146974374,0.006013220780719343,300x300
VCV000968639,0.2651889241292528,7.945826999620646e-05,0.00033770617754890625,0.4444955815171774,1.9999999000680084,7.530417075367682e-07,0.006046436484556394,0.0060471895262639306,300x300
VCV000968647,3.259634707831958e-05,4.039118175513116e-05,0.0001619583866015184,1.757372365471552e-05,5.1608658800605944e-05,1.6404964303141922e-07,0.006085267581271601,0.006085431630914633,300x300
VCV000971781,0.0001650901940215226,0.00014801273981376916,0.0006227544192100656,0.0001377931766963029,0.0004641654901044179,8.773983357686192e-06,0.006018315986264596,0.00600954200290691,300x300
VCV000973858,0.18988342010022488,0.00033674551776200466,0.0015734361074659642,0.44492789866228777,1.9999981477181907,2.7394567290381366e-06,0.00605458785557303,0.006057327312302068,300x300
VCV000975959,1.6847589229173984e-05,2.400514677199008e-05,9.168182797919533e-05,4.445258006111372e-06,1.4804345504382255e-05,1.6753020034114552e-06,0.006017949089911023,0.0060162737879076115,300x300
VCV000977783,8.100915488397801e-05,8.154587738490325e-05,0.0003638169437428507,5.8131817427531374e-05,0.00021638038752225253,5.918731894125756e-07,0.006043093861110188,0.0060436857342996,300x300
VCV000979079,3.203190095788328e-05,3.956627108606129e-05,0.00016518990692483693,1.5719046945244448e-05,5.76885914800318e-05,4.259292470890769e-08,0.005937015769787074,0.005936973176862365,300x300
VCV000982969,0.006181995649542206,0.0011248063527929775,0.005456436496604572,0.010148016825897376,0.032486790663321496,1.0638775825970621e-05,0.005860640655644855,0.005871279431470825,300x300
VCV000984964,0.8889439436521327,0.0011559558185312835,0.00564196441872445,0.453366950291491,1.9998789910443646,1.3696227273475754e-05,0.006061499470140225,0.006075195697413701,300x300
VCV000984965,0.43484099746410687,0.0011316508234522065,0.005540361224283183,0.8798836373103529,1.9874622902294967,1.2781595589749298e-05,0.00594430902098772,0.00595709061657747,300x300
VCV000984966,0.9636244180586224,0.0004485503276474625,0.0019037843736710164,0.6686234353061479,1.9999840910259605,1.8914200678628312e-06,0.005828315928276886,0.0058302073483447485,300x300
VCV000984967,0.43287030007097765,0.00034483510011148154,0.0015021832545022776,0.4455372576240309,1.9999972250460814,1.6351056857204227e-06,0.005988230579490923,0.005989865685176643,300x300
VCV000986730,0.07891157767126658,0.00021790533094347736,0.0009432921450595461,0.22262611404719262,1.9999684720216628,7.898343964609505e-07,0.006121927084778409,0.00612271691917487,300x300
VCV000988615,0.2946129928741367,6.156622386458849e-05,0.0002681682418322409,0.44445293928467255,1.9999926108915256,2.7058570390824793e-07,0.006085201256996476,0.006085471842700385,300x300
VCV000988616,9.114613445906001e-05,8.918289526988293e-05,0.0003858454658440258,7.049811799824606e-05,0.00024583939934585963,2.1606699464934292e-07,0.005890761071446164,0.005890977138440813,300x300
VCV000988617,0.08844620456236246,7.989676493228579e-05,0.0003504396649840341,0.2222717941492894,1.9999999059155642,7.361632519018932e-07,0.006189757970130688,0.00619049413338259,300x300
VCV000997929,0.07954950787051171,0.0004243996458776641,0.001965436720921955,0.22351339783093593,1.9994788390266276,1.4071561083659617e-06,0.0059751711793294,0.005976578335437766,300x300
VCV000998176,0.07888810744605416,0.00021480410397097937,0.0009538223118195632,0.22258685720092983,1.9999269854715203,3.851038062954726e-07,0.006039377677851083,0.006039762781657378,300x300
VCV001001614,8.94942478160807e-05,8.942076511846851e-05,0.00039052110976636745,6.571095807911881e-05,0.00023730702930691017,4.7404472703054673e-07,0.006138805529671768,0.006139279574398799,300x300
VCV001005876,5.3255819706987804e-05,6.013034084599973e-05,0.0002777166431609662,3.1149250848695585e-05,0.00011726394571065502,2.421696200845952e-07,0.005923353015618254,0.005923595185238339,300x300
VCV001006477,0.21887594154801485,9.015056160820301e-05,0.0003615765069651944,0.4444333295090046,1.9998486608045094,2.3058318710574705e-07,0.005996569998713511,0.005996800581900617,300x300
VCV001009024,0.07885246747538328,0.00021227685141213539,0.0009698194224336959,0.22251516408231442,1.9997138028001031,8.361528963237927e-07,0.006163827671425348,0.006164663824321672,300x300
VCV001012210,0.1768351952168439,8.832671411232692e-05,0.00037819875096745115,0.2222947723207517,1.9999875426060505,3.0634306498380365e-07,0.0059215190316020145,0.005921825374666998,300x300
VCV001013724,0.2553718702996576,7.782255224143879e-05,0.0003328599529129339,0.44449913408428227,1.9999907288070846,2.923175449831908e-07,0.005902915660698265,0.005902623343153282,300x300
VCV001015453,0.1767600307066034,2.547007301333038e-05,0.00010796205723138941,0.2222256148433933,1.9999992793296675,1.609558554902489e-06,0.006104850127642506,0.006103240569087604,300x300
VCV001019612,1.8633580212065157e-05,2.711847201084035e-05,0.00011285675737099377,4.4793942223601375e-06,1.4456092379933061e-05,1.688772086210627e-06,0.006030434219347942,0.006028745447261731,300x300
VCV001020154,1.8521851097891803e-05,2.6124598494567568e-05,0.00010488329295561122,5.227970875432142e-06,1.807830216082884e-05,1.4327392055049626e-06,0.005875886488545978,0.005874453749340473,300x300
VCV001021579,0.07858117958162143,3.886093270657058e-05,0.00016594642958465966,0.22223253284888367,1.9999889288024715,1.621534062492408e-07,0.0061159484521319946,0.006116110605538244,300x300
VCV001021706,0.7070592258208144,8.974899939506576e-05,0.0003885139312098454,0.22228552338024388,1.9999993920428338,5.714469812293649e-07,0.006116838618465362,0.006117410065446591,300x300
VCV001024056,0.8087166998366873,0.00045231119546897076,0.0021351711135916343,0.4451827125044257,1.9999828737840248,4.984286064922162e-06,0.006021510883212774,0.006026495169277696,300x300
VCV001026335,0.14143283728446873,6.225585032949707e-05,0.0002492331089583577,0.22223085034686185,1.999860656249847,5.012372010903404e-07,0.006015519409558917,0.006016020646760007,300x300
VCV001026463,0.07856777296265055,2.2664216859924385e-05,9.525352773960549e-05,0.22222509086428252,1.9999997587216491,1.6659826336060807e-06,0.006230597390736491,0.006228931408102885,300x300
VCV001027110,5.742363085962508e-05,6.160851589682982e-05,0.0002559126637872791,3.771034398567272e-05,0.00014002405629243153,3.0765720750343395e-07,0.006046734397389842,0.006047042054597346,300x300
VCV001035039,6.947237360116876e-05,7.680869965800444e-05,0.00036409548501885325,4.196880749788671e-05,0.00015655928708790956,2.6780572986648266e-08,0.006077818362610395,0.006077845143183382,300x300
VCV001036023,0.07863523736621998,7.998651299286575e-05,0.0003237085553632335,0.22228597359742844,1.999995367539559,4.16600547436044e-07,0.005967233240535082,0.005967649841082518,300x300
VCV001045295,0.07958323323604688,0.0004515312985971038,0.0021112818214108833,0.2235585382622336,1.9997031346536627,5.659812153923846e-06,0.006129806723982032,0.006135466536135956,300x300
VCV001046623,1.871976197358363e-05,2.723874597910934e-05,0.00011387552431399439,4.333989166401449e-06,1.4079034403757795e-05,1.6643812371687494e-06,0.006186358823588188,0.00618469444235102,300x300
VCV001047514,0.07863619446729915,8.885699255426655e-05,0.00039380626849025435,0.22227653427430796,1.9999571830743357,4.480077121851722e-07,0.006029404491899974,0.006029852499612159,300x300
VCV001050359,0.3474933701831766,0.0009192947312953648,0.004293851653007177,0.672301276349313,1.9999902665002738,8.569705310107999e-06,0.005977955872262975,0.005986525577573083,300x300
VCV001052035,0.1804043003316246,0.000452758196137213,0.0020475630699565706,0.44525018786486964,1.9979300829424917,2.522355871802974e-06,0.005833079968764384,0.005835602324636187,300x300
VCV001066203,0.9669709365844747,0.0011092965630030897,0.005424829368611266,0.6739554395288964,1.9998820678384424,1.4787709743306274e-05,0.006165838622424985,0.006180626332168291,300x300
VCV001066207,0.0007544058530277923,0.000328827528933649,0.0012260620283358406,0.001205305347501246,0.004997226549087186,1.676181445120061e-05,0.005944505828955431,0.005927744014504231,300x300
VCV001066930,0.00044685276506614804,0.00027976021596456626,0.0012394029365714182,0.0004931394091828794,0.001726776171333766,1.6198914305550795e-05,0.006088660003796877,0.006072461089491326,300x300
VCV001067373,0.7073491927031759,0.00021335049276359703,0.0009315223953151736,0.22267109085511333,1.999996083781776,3.835488734480613e-07,0.005918977372452422,0.005918593823578974,300x300
VCV001067825,0.0007412757818830999,0.0003485502200230166,0.0015867162509216048,0.0009910890736658641,0.0031905462260325423,3.4144913253937592e-06,0.006055252072302744,0.006058666563628138,300x300
VCV001067910,5.5242455017958015e-05,6.184614961239881e-05,0.00027333579332762536,3.466945543525076e-05,0.00011923498663968246,3.415249404887036e-07,0.00588881822778978,0.0058891597527302685,300x300
VCV001068266,8.14068666635653e-05,8.0051849650827e-05,0.00034209173478386146,7.228113488847814e-05,0.0002472057180153975,4.871536225066128e-07,0.005994183602394395,0.0059946707560169015,300x300
VCV001068484,0.4130314729491061,0.0056422564532264356,0.03357776946410204,0.7025311175117839,1.9924860598598386,0.00013574198370698651,0.006034191231812056,0.0061699332155190426,300x300
VCV001068801,0.827794656595719,0.0011012099813816573,0.005522202408693368,0.4485720981166378,1.9998845754371528,1.390974605655279e-05,0.006000552827726383,0.006014462573782936,300x300
VCV001068830,0.10445750844676706,0.0010869728567945633,0.005469568483167493,0.2263982550217053,1.9829687620536727,1.3208047096202602e-05,0.005957196728392672,0.005970404775488875,300x300
VCV001069225,0.9634830058968032,0.0006982736547636621,0.003356145350821585,0.6676298535577574,1.9999583846894249,8.662698194577233e-06,0.006140622477832749,0.006149285176027326,300x300
VCV001069253,0.07947719199086366,0.0004289347150590281,0.001926952099201594,0.2233571667635316,1.9987251416306642,2.3446782671712046e-06,0.006037450520124027,0.006039795198391198,300x300
VCV001069265,0.26969976634848675,0.0006734670235816014,0.0031263707656646184,0.6687558405154012,1.999990712926277,5.1734793140309834e-06,0.0060474886918651695,0.0060526621711792005,300x300
VCV001069305,0.07862769455162676,7.972253565967687e-05,0.00034332908500550596,0.22227209796172717,1.9999762805025723,5.784095321098234e-07,0.006022337925869452,0.006022916335401562,300x300
VCV001070469,0.0010405356912775476,0.0004061123475716272,0.0018155103283267193,0.0014304357088354733,0.005058787216033034,1.2965732579129502e-06,0.006053635675936899,0.006054932249194812,300x300
VCV001070690,0.7887339553718247,0.0009158078856338238,0.004373092408767827,0.4486957426141176,1.999926961529238,1.1564757236028587e-05,0.006022337925869452,0.006033902683105481,300x300
VCV001070793,0.2783979207312329,0.0004251043839931125,0.0019716179226183725,0.4451526804164609,1.9996667211606383,3.0319552168549604e-06,0.0061537943189075815,0.0061568262741244365,300x300
VCV001071474,0.7105169046461447,0.0009124160169811268,0.004580608331530317,0.22763105664224317,1.9999239811590737,9.515657182908657e-06,0.005973648439054594,0.005983164096237502,300x300
VCV001071800,0.11961082491688489,0.0004757138462055377,0.0019505109420029226,0.22615318599862144,1.996980264672151,2.183886325315444e-06,0.006123904236211739,0.006126088122537054,300x300
VCV001071812,0.7105169046461447,0.0009124160169811268,0.004580608331530317,0.22763105664224317,1.9999239811590737,9.515657182908657e-06,0.005973648439054594,0.005983164096237502,300x300
VCV001072141,0.18018106973242698,0.00041150807975193817,0.0019310452191035818,0.44498415016926146,1.9992506483858488,2.2082887937285856e-06,0.006178286412233537,0.006180494701027266,300x300
VCV001072958,0.3565931496329638,0.00028534736403862913,0.001194749051541391,0.6668463133584938,1.9998795285588618,1.6266016270010536e-05,0.006065524408121238,0.006049258391851228,300x300
VCV001073381,0.7070009382935538,3.8387938003425045e-05,0.00016520908963454928,0.22223511336575838,1.9999998846133615,7.0281339207591e-08,0.005960699828512829,0.005960770109852037,300x300
VCV001073670,0.2975486628039246,0.000680082471428066,0.003221945556146258,0.6653844940469447,1.9938250713780459,5.2192093215261415e-06,0.0058413839719395014,0.005846603181261028,300x300
VCV001074338,0.2702728237071831,0.0009159397318979091,0.004545232725596357,0.6691160389217258,1.999989194838347,1.1663052599461543e-05,0.006124405823161171,0.006136068875760632,300x300
VCV001075116,0.0011243588945690647,0.0004260572380481827,0.0019300844270693993,0.0016033937186615956,0.005234001630960328,9.879028895253342e-07,0.006075392714834386,0.006076380617723911,300x300
VCV001075308,1.179579146839631,0.0056578290884912764,0.033895733542720505,1.1464468109245955,1.9988403545025253,0.0001316707945194246,0.0060319924201189,0.006163663214638324,300x300
VCV001075711,0.17682696985821286,8.900353374218954e-05,0.00039992275406294797,0.22228012363500038,1.9999883546833899,4.1616048374309295e-07,0.005978340214011154,0.005978756374494897,300x300
VCV001076187,0.08232334020254521,0.0009322047463806438,0.004271148856661286,0.2273802023122945,1.9893238466199135,1.1339170389777775e-05,0.005997529191543017,0.006008868361932795,300x300
VCV001076516,0.986909536038738,0.0010957646245361402,0.005625989888325411,0.6690366460090252,1.999882499588695,1.5083572927133623e-05,0.006189193835098847,0.00620427740802598,300x300
VCV001076652,0.2685214465515303,0.0009180403611022098,0.004474665354124635,0.4497698361140092,1.9999892418406933,1.278979712604749e-05,0.006170250359942502,0.00618304015706855,300x300
VCV001076864,0.002293864898770756,0.0006688233178197446,0.0031911446582721034,0.0034698972936982628,0.011408045931632915,6.065378414057444e-06,0.005999058357957078,0.006005123736371135,300x300
VCV001078356,0.2553274784618173,3.930184614823884e-05,0.0001540557326737066,0.4444607860407431,1.9999991354536881,2.3788520307245486e-08,0.006060565625011421,0.006060589413531728,300x300
VCV001079313,4.315365264053996e-05,5.274971718505366e-05,0.00021877716120223545,2.0137578719177835e-05,7.233980493426273e-05,3.1744940456367512e-06,0.006017837158021618,0.0060146626639759814,300x300
VCV001080351,2.973297449961558e-05,3.817967708738044e-05,0.00016365627093196944,1.2798747066265924e-05,4.7157844624057255e-05,5.5497695349883414e-08,0.0061136191628370475,0.006113674660532397,300x300
VCV001083713,0.0001317072584524758,0.0001240496120806134,0.0005867007498875018,0.00010652996021545371,0.0003637604317918708,1.1194943311029076e-06,0.005971951997265596,0.005973071491596699,300x300
VCV001084600,0.17963413046995613,9.131289157424978e-05,0.00037494010853843934,0.4444954314384295,1.9999947084046923,4.2372914554021646e-07,0.006171380935818533,0.006171804664964073,300x300
VCV001086350,1.9283059525260258e-05,2.737588332076439e-05,0.00011443792560518473,5.033299722604727e-06,1.765493346583824e-05,1.557804068555782e-06,0.00609020659779321,0.006088648793724654,300x300
VCV001086600,0.21996920132570635,3.7411488499203204e-05,0.00016572805356056958,0.4444463290640635,1.9999991848538026,2.0438459505910112e-07,0.006153942675852021,0.00615414706044708,300x300
VCV001086881,2.9763820605319098e-05,3.88482687396572e-05,0.00017166364680845647,1.2168266733793133e-05,4.4344188702694076e-05,1.175321661635656e-07,0.006085559316424384,0.006085676848590548,300x300
VCV001096501,2.8986698058741e-05,3.890059293626571e-05,0.00016849499049005623,1.2044845712747923e-05,3.7000737216907886e-05,1.8449253255583414e-07,0.005973384453967156,0.005973568946499712,300x300
VCV001096768,7.67407212508672e-05,7.966974651051567e-05,0.0003432893558538014,5.3367377852516405e-05,0.00019544576246688372,4.826366406416802e-07,0.006052154183038316,0.006052636819678958,300x300
VCV001098166,1.0217210196309185,0.005753748851066923,0.03527960796778418,0.7714724011679227,1.9988847206575475,0.00014164541160061397,0.006011756505778464,0.006153401917379078,300x300
VCV001099079,0.0786259772816126,7.96984973979181e-05,0.0003485194848717177,0.22226936542633702,1.9999897563929103,7.717697588643935e-07,0.006095526361063989,0.006096298130822853,300x300
VCV001099444,0.0786240966068454,7.960212419385437e-05,0.000358559676947888,0.2222647474118681,1.9999645663340675,6.859235506364095e-07,0.006037117627139863,0.0060378035506905,300x300
VCV001100550,0.7070451295395177,7.932789010287354e-05,0.0003504359770976351,0.22227076477000107,1.9999995006020068,7.567309075239351e-07,0.006144645982038432,0.006145402712945956,300x300
VCV001105087,4.0803481746518954e-05,5.136744988858716e-05,0.0002179104060576892,1.811688884524444e-05,6.0138608665161186e-05,3.068669324958473e-06,0.005971711165968214,0.005968642496643256,300x300
VCV001105234,0.1414420748706526,7.699496261265734e-05,0.00034147925610719665,0.22223067894428322,1.999806956585646,2.4100650330028534e-07,0.006192385881651083,0.006192626888154383,300x300
VCV001110621,0.17960958140841654,7.918140211164854e-05,0.0003668847781740994,0.4444650872559453,1.999990101516168,5.852873163928948e-07,0.00612944195217105,0.006130027239487443,300x300
VCV001112878,7.70025352658702e-05,7.831693014111922e-05,0.0003310555291203138,5.5389300134748666e-05,0.00019825676203111264,3.526225711225975e-07,0.006093892752750186,0.006094245375321309,300x300
VCV001116590,0.14148485178395662,0.00012973840797257243,0.0005234874892317554,0.222261370179464,1.9996486274538845,9.285952413546836e-06,0.005946018248282468,0.0059367322958689215,300x300
VCV001116648,1.822767636722932e-05,2.6207562712137135e-05,0.00010756835207909737,4.672356449001806e-06,1.4994530720735533e-05,1.6569275353879587e-06,0.006015469853418754,0.006013812925883366,300x300
VCV001119798,0.14141786883562807,3.8958058552866076e-05,0.0001714197108228649,0.2222247475011573,1.9999528288461679,5.036563437230829e-08,0.005994096936424468,0.005994147302058841,300x300
VCV001120854,0.7070181356460811,5.582311840871275e-05,0.00022138655583134326,0.22224984069897621,1.9999996856204603,3.3053920695802486e-06,0.00587934054299137,0.00587603515092179,300x300
VCV001121207,0.14142432320407175,4.748454789924149e-05,0.00018985075333538548,0.22222733968329964,1.9999528720294197,3.437294903416155e-06,0.005946018248282468,0.005942580953379052,300x300
VCV001121811,0.1769498857257399,0.0001629484650739402,0.0007615916415766796,0.22242104738172783,1.999958489173746,1.1221091310385095e-06,0.006034763892517916,0.006035886001648954,300x300
VCV001121868,0.8837332351155818,2.7226268207213996e-05,0.00010599960254704943,0.4444493973663971,1.9999999214484636,1.5318046294914359e-06,0.006051612875036281,0.0060500810704067895,300x300
VCV001122992,4.507852486195981e-05,5.4193366434972766e-05,0.0002162019076593219,2.294523322817395e-05,7.735882627035728e-05,3.2186541836553076e-06,0.005969821435328194,0.0059666027811445385,300x300
VCV001126030,0.07858091552210615,3.920510311429046e-05,0.00017022305200656285,0.22223176495794922,1.9999866029991131,2.3445665385535275e-07,0.006011955512490386,0.006012189969144242,300x300
VCV001127673,2.971305052771344e-05,3.830848450201457e-05,0.00016745685893550938,1.266219986621279e-05,4.608290944563276e-05,1.3365853295237845e-07,0.006017254504347584,0.0060173881628805366,300x300
VCV001127789,7.568762084555216e-05,8.059441016536877e-05,0.0003631813105725301,5.0792980199992283e-05,0.00018147049911176882,2.6950918625111286e-07,0.0059534799333986425,0.005953749442584894,300x300
VCV001135834,0.14141728978737905,3.7923906868329166e-05,0.0001748533440316391,0.2222242549478261,1.9999623908263198,1.9644521361602413e-07,0.006152537850149873,0.006152734295363489,300x300
VCV001136213,0.17682408240102657,8.792856391809297e-05,0.000404830173800122,0.2222751851383058,1.9999883129750895,5.689601004013611e-07,0.006148805069331067,0.0061493740294314685,300x300
VCV001136749,0.17681627982697526,7.916368066626771e-05,0.000353170082834843,0.22227048859512827,1.9999918601513458,7.502215606282336e-07,0.0061289531533700965,0.006129703374930725,300x300
VCV001138543,1.5281291660643958e-05,2.255650896013943e-05,8.961479258637328e-05,3.2060078066158895e-06,1.0620513283376987e-05,1.5464553182343438e-06,0.006072549959930578,0.006071003504612343,300x300
VCV001140062,0.17677091869066971,3.760635496284497e-05,0.0001707592361416474,0.22223257124991422,1.9999975708223192,8.178976552367795e-08,0.006139608873643639,0.006139690663409162,300x300
VCV001140223,0.00011123226300317204,9.79747828967693e-05,0.0004034497788297231,0.00011791703861126675,0.00048610255509484723,2.655018372680826e-07,0.005959139615459848,0.005959405117297116,300x300
VCV001141459,0.14141728978737905,3.7923906868329166e-05,0.0001748533440316391,0.2222242549478261,1.9999623908263198,1.9644521361602413e-07,0.006152537850149873,0.006152734295363489,300x300
VCV001143878,0.27785354240276106,0.00012651019276757765,0.0005845971759235735,0.4445074363856778,1.9999734525461799,8.554686453075833e-07,0.006119551480245107,0.006120406948890414,300x300
VCV001144646,7.63938799074559e-05,7.865698479441357e-05,0.00033868555304329695,5.343219486832041e-05,0.0001915305862807415,3.141538454905571e-07,0.006110618400759409,0.0061109325546049,300x300
VCV001144950,2.973297449961558e-05,3.817967708738044e-05,0.00016365627093196944,1.2798747066265924e-05,4.7157844624057255e-05,5.5497695349883414e-08,0.0061136191628370475,0.006113674660532397,300x300
VCV001148159,0.7070245638427942,6.104158771719196e-05,0.00026530295005024185,0.2222530150666367,1.9999996933961128,5.428303254352215e-07,0.006116603039847268,0.006117145870172703,300x300
VCV001149624,5.428054396695945e-05,6.100876977631063e-05,0.0002717576244625139,3.254270417656851e-05,0.00012020349193109237,3.539394671184942e-07,0.005971899251058942,0.0059722531905260605,300x300
VCV001151516,0.07860169292121169,6.089541814528393e-05,0.00028637936185833823,0.2222454975032796,1.999994456979201,6.240357001289012e-07,0.006193627796956327,0.0061942518326564555,300x300
VCV001151675,2.9953025960869182e-05,3.866177853044244e-05,0.00016676085434444432,1.2852271598640108e-05,4.682698390989781e-05,4.3086140385541205e-08,0.006039377677851083,0.006039420763991468,300x300
VCV001152940,0.00023042946768019287,0.00016289158788058958,0.0007308609950349432,0.00023692640328191553,0.0008903090536696023,8.807335018226267e-07,0.005999253944736432,0.0060001346782382545,300x300
VCV001154532,0.25555023555602924,0.0001831467397502785,0.0007945292147510455,0.44470913237757514,1.9999629376629362,9.70738131864969e-07,0.005966177732439761,0.005967148470571626,300x300
VCV001158000,0.9847360341866116,3.937465586806477e-05,0.00017546591568927405,0.6666704468253837,1.9999998667665904,2.648980434206971e-07,0.006208209383658809,0.0062084742817022295,300x300
VCV001158153,1.844835264260248e-05,2.630586774695608e-05,0.00010779611849895399,4.9909082097985034e-06,1.5311705329645875e-05,1.6472674304037968e-06,0.0060628856108335205,0.006061238343403117,300x300
VCV001160239,0.8839716833866539,0.00018602790739982386,0.0008343842848613642,0.444731113815351,1.999997492454293,7.396565303470493e-07,0.0059356133233706265,0.0059363529799009735,300x300
VCV001160545,0.35631825935495615,3.865552370319351e-05,0.00017291026559049238,0.6666731838801658,1.9999976262910282,1.3138153776535988e-07,0.006042532262429267,0.006042663643967033,300x300
VCV001161148,0.10107219109630061,9.004527275115078e-05,0.00039564374706943517,0.22225959140284537,1.9998625069329008,2.7828581243213857e-07,0.0060006759138107185,0.006000954199623151,300x300
VCV001170064,0.0786776653866167,0.00012257562775114608,0.00047024050777108584,0.22230719093843515,1.9998432413609315,9.628232188228954e-06,0.005937979510545888,0.005928351278357659,300x300
VCV001171072,0.14143193226518333,6.135607805940463e-05,0.0002652288292690555,0.22222849274645856,1.999882081798396,4.560868594322143e-07,0.006088717247109894,0.006089173333969326,300x300
VCV001171926,2.977084985079881e-05,3.837242441205576e-05,0.00017031974584109932,1.3375786574479046e-05,4.315638284579926e-05,1.2656159836983705e-07,0.00600846901864695,0.00600859558024532,300x300
VCV001171953,1.8779109935561286e-05,2.6476167004700683e-05,9.856599632780683e-05,5.4475349104225286e-06,1.8488650299852694e-05,1.4004746718664085e-06,0.006055165533122228,0.006053765058450362,300x300
VCV001172210,0.0786376608329688,9.141603399768491e-05,0.0003993784536615169,0.22227562086226715,1.9999144354571357,2.1120980413322915e-07,0.005917684227758784,0.005917895437562918,300x300
VCV001172923,8.896993640757973e-05,8.8423502518222e-05,0.0003863092252490846,6.518180244540083e-05,0.00024208192976604703,3.058282203637422e-07,0.006122608013168345,0.0061229138413887085,300x300
VCV001174011,0.0001387561197416062,0.00012797036036644912,0.0005194999451850757,0.00010932660258159792,0.00038010203799421216,8.697748925498225e-06,0.006086159790910461,0.006077462041984963,300x300
VCV001174012,0.7070620630333537,8.977430740107241e-05,0.00038663136328477565,0.22229013223089222,1.999999404348903,3.6858928404055746e-07,0.006098740118867307,0.006099108708151347,300x300
VCV001187478,0.11797465372091623,0.00016515023693846663,0.0007158833168424417,0.22230405966677638,1.9993254418215778,1.655979881300812e-06,0.006019829484320425,0.006021485464201726,300x300
VCV001189743,0.14150084509867597,0.0001632849501818631,0.0007607847157448458,0.22225995713671645,1.9993189752553944,1.6580713931360624e-06,0.006147745227622644,0.00614940329901578,300x300
VCV001191520,0.4844889291627601,0.0009102687607545135,0.004431071795127965,0.888463045012091,1.9999898680023438,1.0729011161906589e-05,0.005968584234662926,0.005979313245824833,300x300
VCV001192295,0.07878971105681756,0.00018613783645583486,0.0008251351662904999,0.22244142876187606,1.999789623596858,1.21350664214568e-06,0.0060281023383821734,0.006029315845024319,300x300
VCV001194751,0.22005138041146416,0.00016283491407298692,0.0007424980316366667,0.44447889285200026,1.9999873684982117,1.3832750334263552e-06,0.006062094311978986,0.006063477587012412,300x300
VCV001209572,0.17697063719458908,0.0001650436545583741,0.0007129709497944031,0.2224597096639228,1.9999566654786511,1.3129266901116404e-06,0.005980655871241426,0.0059819687979315375,300x300
VCV001210119,0.07980706278788528,0.0005136659639060501,0.002511059876202114,0.2238801010175036,1.9996677587322167,4.569987168035958e-06,0.006045037951461749,0.006049607938629785,300x300
VCV001210292,0.0001594423778051611,0.00012510387165038772,0.0005409543967780511,0.00015496126860742928,0.0005462597367125177,6.121679412352324e-07,0.005925057879796804,0.005925670047738039,300x300
VCV001213246,1.5358344287440273,0.0057328929285778985,0.03415219095060751,1.3742288048327758,1.999560054316115,0.00015050847772971054,0.0060236931008562835,0.006174201578585994,300x300
VCV001220272,0.10129997513243262,0.00022145487940486758,0.0009879245318125396,0.22256641487596912,1.9992690128799937,8.842997863793556e-07,0.005984694467069129,0.005985578766855508,300x300
VCV001228368,0.11799300565153541,0.00017176132245739196,0.0007796033924425474,0.2223458846250591,1.9993720194239697,1.4059211037274755e-06,0.006069501703258616,0.0060709076243623435,300x300
VCV001228369,4.5926220608172565e-05,5.5425578994868596e-05,0.00021215716578004695,2.3516367396811707e-05,7.936556177046139e-05,3.378994023108678e-06,0.005876426162591637,0.005873047168568528,300x300
VCV001236480,0.0001393757991698676,0.00012320119303846393,0.0005617377515658856,0.00011924958862337871,0.00042741886120845063,9.728317699716008e-07,0.005990792942861567,0.005991765774631538,300x300
VCV001237084,0.17698511397506672,0.00018610466350187237,0.0008381818292023252,0.22246565100176433,1.9999402384978096,1.0434226748491648e-06,0.006106321531714693,0.006107364954389542,300x300
VCV001242213,0.07885432314162909,0.00021257746742235119,0.0009429046418104256,0.22252490034926195,1.9997519853706605,1.2657726583637993e-06,0.006060303430736733,0.006061569203395097,300x300
VCV001243351,0.0787761540243135,0.00016614205772032308,0.0007355086576547806,0.22244437189766864,1.9999914149498732,1.160559130021846e-06,0.006176093931187399,0.00617725449031742,300x300
VCV001243959,0.10117475882928345,0.00016541855165050603,0.000722886392279104,0.22234978335104325,1.999535589071194,1.3339539793790628e-06,0.006031956024533084,0.006033289978512463,300x300
VCV001245512,0.00016095041892758477,0.00012658523001101983,0.0005208460938328635,0.00015412882453350965,0.0005618023326353638,8.803333840798691e-07,0.006037438914558431,0.006038319247942511,300x300
VCV001246968,0.14152119255358495,0.00018367396514002137,0.0008223870441372988,0.2222880644425711,1.9990778494077173,1.28110167752285e-06,0.005963630180473398,0.0059649112821509205,300x300
VCV001250065,0.3198434987526029,0.005812140056471949,0.033959404999779896,0.6409604228390208,1.9945507012349477,0.00013540453081580233,0.0060895759744408065,0.006224980505256609,300x300
VCV001259818,0.30685786686153216,0.005658866705510728,0.03397791668743584,0.5617669117279916,1.6946463527959865,0.00013777248138568867,0.006004342320335994,0.006142114801721683,300x300
VCV001269356,3.666028089279628e-05,4.739868440387968e-05,0.00019593586688982506,1.4165605064632282e-05,4.991794178133002e-05,3.278307031189323e-06,0.006144002508007588,0.006140724200976399,300x300
VCV001269578,0.8837500708117237,4.680862607848693e-05,0.00017550496445992159,0.4444585969421539,1.9999997489815984,3.188665254714486e-06,0.006194485373160647,0.0061912967079059324,300x300
VCV001277877,0.07885432314162909,0.00021257746742235119,0.0009429046418104256,0.22252490034926195,1.9997519853706605,1.2657726583637993e-06,0.006060303430736733,0.006061569203395097,300x300
VCV001288516,0.1670740615385275,0.00013865497320324587,0.0006188042538462224,0.4445656951939362,1.9999996303201737,4.559779377437054e-07,0.006210624892791534,0.00621016891485379,300x300
VCV001292419,0.27797435539459375,0.0002191352521903055,0.0010268563244960269,0.44460918704127433,1.9999195650798889,1.0097930133309493e-06,0.0062019727970652905,0.0062029825900786215,300x300
VCV001294447,0.00012923442889033567,0.00012227694238476345,0.0004824970463453704,9.94982946375616e-05,0.0003332163461294835,1.0200383506551308e-05,0.005968714667493824,0.005958514283987273,300x300
VCV001315753,8.435688727314377e-05,8.143425684689577e-05,0.0003449931600286865,6.501168830003796e-05,0.00023985992035635562,4.3831386299739844e-07,0.005985123227526035,0.005985561541389032,300x300
VCV001318771,0.14144732116043698,8.184589178118733e-05,0.00033503227865944174,0.22224111344736094,1.9997705000627615,4.65837858878472e-07,0.0059615749750349025,0.005962040812893781,300x300
VCV001319321,0.17688088031876073,0.00012508772264758388,0.000565821726959452,0.22234081272904593,1.99997675169847,7.005315638001011e-07,0.005942999339538341,0.005943699871102141,300x300
VCV001319403,0.1776719768462688,0.00041298465758016694,0.0018088541100674954,0.2234758347750165,1.9996457735754878,2.4049918843933177e-06,0.006137777925373421,0.006140182917257814,300x300
VCV001321428,0.17680772050765498,7.437879110374254e-05,0.00030343150319542267,0.222258349556294,1.9999941057396808,5.477652061931619e-06,0.006029309488882046,0.006023831836820114,300x300
VCV001326387,0.22005138041146416,0.00016283491407298692,0.0007424980316366667,0.44447889285200026,1.9999873684982117,1.3832750334263552e-06,0.006062094311978986,0.006063477587012412,300x300
VCV001329425,3.0374603813131586e-05,3.8660330416182905e-05,0.00016595586217936498,1.3560033828858349e-05,4.9567749991541454e-05,8.63084712102169e-08,0.006006329488644849,0.006006415797116059,300x300
VCV001329426,0.8483887491868619,3.805761562190791e-05,0.00016242010741438634,0.44444682101201516,1.999999875813919,1.5555818030400792e-07,0.006136962477660334,0.006137118035840638,300x300
VCV001331829,0.006181995649542206,0.0011248063527929775,0.005456436496604572,0.010148016825897376,0.032486790663321496,1.0638775825970621e-05,0.005860640655644855,0.005871279431470825,300x300
VCV001331899,3.123876880311922e-05,3.874500039058103e-05,0.0001592507159464615,1.5279966731180432e-05,5.5424005479420835e-05,7.382442167649939e-08,0.005965053620873725,0.005965127445295402,300x300
VCV001332246,0.3553087211974713,0.00053342884109582,0.0019473194011574435,0.662577016928442,1.9995502229110245,1.4005424287246923e-06,0.005929009427226326,0.005930409969655051,300x300
VCV001333732,0.3861827922112669,0.005710109643870898,0.03460436177139181,0.7845897372193583,1.995751939115413,0.0001368994127051975,0.005998201292927998,0.006135100705633195,300x300
VCV001341341,0.2564570304167322,0.00043306713544562545,0.0018716546129553535,0.44604114293512903,1.9996963707388467,7.380717574195783e-07,0.006119523694823539,0.0061202617665809585,300x300
VCV001345664,0.0006630374342864143,0.0003387078939462412,0.001608077721300033,0.0008167940270217771,0.002989277456058592,2.8707740854809136e-06,0.006103212002696516,0.006106082776781997,300x300
VCV001347388,0.7072160479308596,0.0001869925352758442,0.0008444173563217222,0.22246600159029561,1.9999972348732693,1.6195238674117027e-06,0.00624600632285918,0.006247625846726591,300x300
VCV001347666,2.990129628531771e-05,3.867849005298771e-05,0.00016907489128031167,1.2551468853322984e-05,4.6119723161708315e-05,1.4336486732057646e-07,0.006146147861065547,0.006146291225932868,300x300
VCV001349719,0.10106558708215169,8.942685044242626e-05,0.000406055957630172,0.22224659681375472,1.9998564688666471,1.6700068496740966e-07,0.006063594084629065,0.006063761085314033,300x300
VCV001350373,5.444079645512146e-05,6.149410659004716e-05,0.00026811558852717077,3.255959928610213e-05,0.0001186153033959636,4.415044337815338e-07,0.006026371702852094,0.006026813207285876,300x300
VCV001350980,7.860380050269257e-05,8.0872558978599e-05,0.00033588226586084985,5.6939637836311225e-05,0.00019808621731609577,6.198850926036892e-07,0.005997491287463547,0.00599811117255615,300x300
VCV001351017,0.07860592082087034,6.104412133840809e-05,0.00026691851575150194,0.222253219603169,1.9999921550631967,5.185247558964212e-07,0.005987998786187648,0.005988517310943545,300x300
VCV001354615,0.0002144143641369083,0.0001626703653695872,0.0007238128956548531,0.00021058423016773187,0.0007649739053915416,1.3782540109292737e-06,0.006101603718978702,0.006102981972989631,300x300
VCV001361331,0.25538703480289093,9.150204032566329e-05,0.00038760460384047735,0.4445122316507856,1.9999875300008703,3.3758916199479183e-07,0.006055533804827052,0.006055871393989047,300x300
VCV001363662,0.22019564053419044,0.0004084710309439526,0.0018395075514674314,0.4445232632800613,1.998708670350239,1.771722528553718e-06,0.006038268600812385,0.006040040323340939,300x300
VCV001365790,0.00013026700843231568,0.00012300906212149576,0.0005614790667095582,0.0001032592804163605,0.0003643868703598896,1.4395053062263297e-06,0.006149838868917075,0.006151278374223301,300x300
VCV001366432,0.20773766731026708,0.0006860742532839929,0.0032302201482177217,0.4466472895162848,1.9999884177981495,7.332757100062849e-06,0.005968234239372852,0.0059755669964729145,300x300
VCV001372143,0.10175238825428519,0.000451519250835596,0.002083778517760572,0.2229517585108648,1.9965499888150449,5.5565579685380034e-06,0.006095526361063989,0.006101082919032527,300x300
VCV001378020,0.24266463782277728,0.0011181267445592223,0.005551425563257259,0.44448455232642003,1.9851208155843312,1.2519511885706464e-05,0.006028543538370705,0.006041063050256411,300x300
VCV001383522,7.840318869807006e-05,8.008344948701502e-05,0.00032703754823165676,5.6916050617158063e-05,0.000199119676900672,6.453515973862609e-07,0.006061538050707074,0.00606218340230446,300x300
VCV001386154,0.07862678365233519,7.943785415321344e-05,0.0003443937562764912,0.22227119937165465,1.9999914805537593,5.846525539879299e-07,0.006088442967942306,0.0060890276204962936,300x300
VCV001389237,0.8992952038989307,0.0011056055639530713,0.005665972834999186,0.6700382675511267,1.9999865346023018,1.4873400302635974e-05,0.006106691977919384,0.00612156537822202,300x300
VCV001391019,0.3577743721479114,0.0011459369291629503,0.005506533155242417,0.6660300162759842,1.9951730618654513,1.101397037674666e-05,0.005957093281540935,0.005968107251917681,300x300
VCV001391991,0.35810976314232773,0.00115768849003962,0.0054506320815082,0.6666809132769893,1.9946917220994467,1.2149448448622348e-05,0.006017222641223007,0.006029372089671629,300x300
VCV001394451,0.079483437425731,0.0004036235993307774,0.0018647236589135197,0.22342388265487592,1.9997537256431603,1.6993950983281575e-06,0.006082368450044609,0.006084067845142937,300x300
VCV001396062,0.16779623151254275,0.0004060759640490797,0.0019166899190088682,0.4455243637615256,1.999986427397841,2.1406454313597015e-06,0.006189848824178424,0.0061919894696097835,300x300
VCV001396578,0.07951836661494299,0.0004287410411164818,0.0019418667219623861,0.22339298202317293,1.9980997250421442,1.4535613059611305e-06,0.0059987307095730556,0.006000184270879017,300x300
VCV001397281,0.1786603013120436,0.0006666401498479293,0.003245270871832795,0.2250382867700564,1.9989709641750384,7.832898004067959e-06,0.006120635579010466,0.0061284684770145335,300x300
VCV001400022,0.17776069879725268,0.0004332442023355706,0.001948854963406882,0.2236100750804474,1.9996380135919058,2.2369948347172874e-06,0.006170153076701981,0.006172390071536698,300x300
VCV001400613,0.269779530009612,0.0009037117360122642,0.0045436820276546774,0.6681244504920628,1.9999872008959243,1.2663925444216483e-05,0.006099610049726362,0.0061122739751705785,300x300
VCV001401526,0.07858140533237325,3.811300414070106e-05,0.00016880804797964055,0.22223357413627542,1.999997788642279,1.738393745733327e-07,0.006139526697485507,0.00613970053686008,300x300
VCV001408583,0.07898464799504346,0.0002562665120023769,0.0010205505206438911,0.22271077060427402,1.9999746546634203,1.775725286365295e-05,0.006065033493531923,0.00604727624066827,300x300
VCV001408611,0.07860780133258866,6.149739749514036e-05,0.0002508600726709581,0.22225635234852387,1.9999912271023015,4.768404307711055e-07,0.006056497399257127,0.006056974239687898,300x300
VCV001414106,0.8837976036281245,8.913405717000491e-05,0.00040330600727922494,0.44450103760362936,1.9999993974995105,4.604499519974062e-07,0.006077478494137758,0.006077938944089756,300x300
VCV001414190,0.32036926755677597,0.0008996451136397961,0.004420883700307861,0.6644769491767585,1.9963082002289458,1.2202994660981403e-05,0.006077401725924723,0.006089604720585704,300x300
VCV001420489,0.0010389810168826175,0.00042337934416183915,0.001929139151340152,0.0014603827271645455,0.004625496715705335,2.0137143336620283e-06,0.0060930229090041775,0.0060950366233378395,300x300
VCV001421837,0.1768002740459974,6.485222242663766e-05,0.00027512233567891786,0.2222672772966296,1.9999932377263498,7.062292024066774e-07,0.006114760131015684,0.0061154663602180906,300x300
VCV001425093,0.3577743721479114,0.0011459369291629503,0.005506533155242417,0.6660300162759842,1.9951730618654513,1.101397037674666e-05,0.005957093281540935,0.005968107251917681,300x300
VCV001426924,0.0011999581197015003,0.00041195199759869194,0.0017409671463284662,0.0017111725165120076,0.006112007778329098,4.085871655899395e-07,0.005981052154148394,0.005981460741313984,300x300
VCV001431729,8.009119231174928e-05,8.842606784173257e-05,0.00041652612761385044,5.022175982839617e-05,0.00017502053604545598,4.6529226862667555e-07,0.006138311381039897,0.006138776673308524,300x300
VCV001439164,0.1768286599538064,8.965731159484486e-05,0.00037660852090171115,0.2222862801119316,1.9999865425261178,4.490570275203151e-07,0.006063770885651525,0.006064219942679045,300x300
VCV001447671,0.17762679277359242,0.00042191283609738293,0.00201907792477056,0.22337691862865958,1.9996298991597024,6.684941097710034e-07,0.0061352562730406625,0.0061359247671504335,300x300
VCV001448137,0.2785628410684025,0.000455739576373109,0.0021070519373993513,0.44537910483942056,1.9994438011922226,4.074237650601199e-06,0.0060282703101903245,0.006032344547840926,300x300
VCV001452298,0.0008799348658831355,0.00041373222472826577,0.0020061765692213976,0.0012000062195315353,0.0035564410204927954,3.1513997008928915e-06,0.006074021474905594,0.006077172874606487,300x300
VCV001452408,0.18201738568955733,0.0011256417313220421,0.005373365380603512,0.23099019428857914,1.9958799071427198,1.5787469215337337e-05,0.006099437038654555,0.006115224507869893,300x300
VCV001453085,0.634778519313079,0.0010969569464232567,0.005450949409343653,0.6713684333615604,1.9999793674951012,1.2480222846935826e-05,0.0059215190316020145,0.00593399925444895,300x300
VCV001453627,0.17680026271111723,6.271103253229786e-05,0.0002433474763957333,0.2222615218856746,1.9999931487024947,4.48328895137802e-07,0.005921209298323065,0.005921657627218203,300x300
VCV001453992,0.10521478146848101,0.0010911681873998565,0.005185763961440666,0.22781421610599917,1.9830716864281213,1.434424194357662e-05,0.005979107526424675,0.005993451768368251,300x300
VCV001454088,0.11961082491688489,0.0004757138462055377,0.0019505109420029226,0.22615318599862144,1.996980264672151,2.183886325315444e-06,0.006123904236211739,0.006126088122537054,300x300
VCV001454195,0.7081025324399133,0.00046100976083812163,0.002151084377888364,0.22377643555067697,1.999981833442822,5.727538372024554e-06,0.006135114033943117,0.006140841572315142,300x300
VCV001454254,0.9051593050609184,0.0009230706189994534,0.004363493159090737,0.6684590753910602,1.999920438488879,1.2491589291792338e-05,0.006029106705371421,0.0060415982946632136,300x300
VCV001455049,0.0036658985850096023,0.0009106056917778776,0.004549476391196981,0.00554926159996278,0.019071224322228963,1.401881911225044e-05,0.0062076953527752336,0.006221714171887484,300x300
VCV001455400,2.8592441195833793e-05,3.7478618607251344e-05,0.00016917873789754068,1.1405639303204337e-05,4.195132737105922e-05,1.1469107977224446e-07,0.006100720646498119,0.006100835337577892,300x300
VCV001456557,0.2983517725219182,0.0011124979773218812,0.005694587684411563,0.6658794515689335,1.995877975634904,1.2901052926716887e-05,0.005988229477957586,0.006001130530884303,300x300
VCV001456701,0.005446496219832263,0.001110657256416129,0.00545298002874707,0.008393947978832948,0.03073025835938281,1.4240706068342247e-05,0.006096431716915892,0.006110672422984235,300x300
VCV001456765,0.3187489841301207,0.0011149499402607849,0.0055007661569875035,0.44559286354614575,1.996319000448522,1.4210696956909463e-05,0.006025686874817136,0.0060398975717740454,300x300
VCV001457232,0.10438249670719844,0.0011024885726648838,0.005495372719571151,0.22633600585395947,1.9825950752471702,1.5203222284652582e-05,0.0061052440318485,0.006120447254133152,300x300
VCV001457593,0.39626497561417245,0.0011114068177636976,0.005506391235785113,0.6661625205643189,1.9960766094305822,1.4026110864080385e-05,0.006016510783963867,0.006030536894827947,300x300
VCV001458385,0.24247151885294926,0.0004214979522630138,0.0019387203444865206,0.4441874850499444,1.9975770875887116,4.4376543098089555e-07,0.006096338177853056,0.006096781943284037,300x300
VCV001458610,0.10250149360736605,0.000664547114152948,0.0032542293138363917,0.22390354961557732,1.9938460804190519,5.041387735474703e-06,0.0060901664073914836,0.006095207795126958,300x300
VCV001459624,0.23109427244933972,0.0011144536298092157,0.005594723470529542,0.4464578437174123,1.99998486509742,1.5798363752361592e-05,0.006155773360718283,0.006171571724470645,300x300
VCV001460346,0.10106679352147026,8.112502956072654e-05,0.00033176208320611494,0.22225996306607015,1.9998806830886293,3.927071041427005e-07,0.005916955642311883,0.005917348349416026,300x300
VCV001467852,0.00035597661094366044,0.00021815941101266444,0.0009569730090245865,0.00040243347909058654,0.001471741481413491,5.708641648456692e-07,0.006091013804615396,0.006091584668780242,300x300
VCV001469551,2.905938741801996e-05,3.880273143535057e-05,0.00017421431900255246,1.1597504416766608e-05,3.741238375754019e-05,1.927375245175736e-07,0.006059567573853157,0.0060597603113776745,300x300
VCV001471049,3.065322767331829e-05,3.763621377841225e-05,0.00014885656077766318,1.5332171143923725e-05,5.667915943352586e-05,2.071552682343658e-08,0.005981052154148394,0.005981072869675218,300x300
VCV001477472,0.1804043003316246,0.000452758196137213,0.0020475630699565706,0.44525018786486964,1.9979300829424917,2.522355871802974e-06,0.005833079968764384,0.005835602324636187,300x300
VCV001477530,0.18002239592405778,0.0003436543416084822,0.0016173536173025305,0.4448149474101495,1.9994748574593966,3.2484809047274646e-06,0.006072045732511778,0.006075294213416505,300x300
VCV001481828,1.759488607483595e-05,2.58314045741889e-05,0.00010835124698903298,3.878144821747556e-06,1.2987648847162525e-05,1.6297158719437085e-06,0.0060773912590234465,0.006075761543151503,300x300
VCV001482750,0.17675865096183618,2.32536310341308e-05,9.91072926428277e-05,0.22222557712031454,1.9999993074998172,1.7409155734773515e-06,0.005995570299108751,0.005993829383535274,300x300
VCV001483592,0.3182181178909953,0.00012972012028785498,0.0005609694099679707,0.44447431893196715,1.9999719555044237,9.016664397143784e-07,0.00602136923259308,0.006022270899032794,300x300
VCV001486334,1.1199191834482023,0.005501596093793571,0.032474064119565105,0.92603005686497,1.9989181475539741,0.00014527777490291448,0.005919709178932421,0.006064986953835336,300x300
VCV001487358,0.14141735352176388,3.8299918108186875e-05,0.0001597206270324697,0.22222466392732299,1.9999401578853757,5.414363292606528e-08,0.0059875560743386435,0.0059875019307057175,300x300
VCV001495821,0.24243211753361193,8.99427644634029e-05,0.0003800025568934662,0.44442798562917546,1.9998532626238643,1.418148405218228e-07,0.005860640655644855,0.0058607824704853765,300x300
VCV001503185,7.636645370575131e-05,7.953911741558024e-05,0.0003612876359574829,5.3138155525162605e-05,0.00018629492991073526,5.711532738194094e-07,0.006011524705890269,0.006012095859164088,300x300
VCV001505620,0.1414178689483993,3.887427215673733e-05,0.00016052592336075755,0.22222535561395407,1.999941567283094,4.962552252810171e-10,0.0059082369703216805,0.005908236474066455,300x300
VCV001505686,0.19668227249521175,0.0002925721601006551,0.0011762008430106219,0.4446427778381601,1.9999277266451991,1.5246041908920788e-05,0.006164430696503125,0.006149184654594205,300x300
VCV001505744,0.07902167893163667,0.0003160193163501268,0.0013090229214636068,0.2226593552645755,1.9985496597252919,1.886710098059595e-05,0.006072218958282177,0.006053351857301581,300x300
VCV001506044,0.10102598651253501,4.0191308105151095e-05,0.00016260756605696036,0.2222342058721367,1.9999748394284915,5.87981446491595e-08,0.005952222103251036,0.005952280901395685,300x300
VCV001510904,1.6611449664871436e-05,2.372845282749089e-05,9.35206592272142e-05,4.260914536671459e-06,1.4518411524000463e-05,1.6960238173159906e-06,0.005975721270388985,0.005974025246571669,300x300
VCV001517870,5.3847239523411076e-05,6.0368824793241255e-05,0.0002735938843267949,3.222356807306179e-05,0.00011972516159508562,2.2723021029028012e-07,0.005956538045216485,0.005956765275426775,300x300
VCV001518844,0.14144481841674425,8.145790346889703e-05,0.0003474344437477406,0.2222330560942922,1.9998022955799115,6.222418529990351e-07,0.006164452865319182,0.006165075107172181,300x300
VCV001525255,0.1767873606410494,5.510664277695009e-05,0.00023002486636396896,0.22224298768591216,1.9999963887226198,3.33395250827484e-06,0.005949932725208243,0.005946598772699968,300x300
VCV001527986,0.49771497543577115,6.265595635210973e-05,0.0002797280231329885,0.8888759013623536,1.9999931556782962,4.678900702385219e-07,0.006070601209822164,0.006071069099892403,300x300
VCV001531221,0.9624956858108938,0.00016670863553086283,0.0007087935777322779,0.6669044573936193,1.9999978557807538,1.09109859671927e-06,0.005991337414978811,0.00599242851357553,300x300
VCV001531579,0.7070668527799228,9.321895245043382e-05,0.0004007152089440802,0.22230611945030118,1.9999994117472104,3.9071639515268763e-07,0.005967323558572166,0.005967714274967319,300x300
VCV001532094,0.8080340084974981,7.986554541951834e-05,0.0003556606620867958,0.4444757835737565,1.999999514391308,5.172231084442716e-07,0.005968040252458333,0.005968557475566777,300x300
VCV001534118,0.00014608083871472895,0.0001261819646674581,0.0005705053726811904,0.000129562188741112,0.00044884834528680084,1.055242549122086e-06,0.0060495924555741785,0.006050647698123301,300x300
VCV001534893,0.883800430974618,8.877343290507679e-05,0.0003714892018703772,0.44450745980852285,1.9999994014582765,6.218048778164342e-07,0.006075959951810763,0.006076581756688579,300x300
VCV001535014,5.188869412053053e-05,6.093367345811036e-05,0.0002776334595723656,2.823009500478128e-05,0.0001033169163862091,4.1693227919355896e-07,0.006103212002696516,0.0061036289349757095,300x300
VCV001536618,0.10118725549016122,0.00018526775613030203,0.0008423573988126376,0.22234432923921954,1.9994115340425622,1.0571250617097405e-06,0.006072054728884942,0.006073111853946652,300x300
VCV001537986,0.07876111160478254,0.00016408002987356647,0.0007538435800323734,0.22241604434989493,1.9999368270696891,1.38214938396556e-06,0.00607649317244545,0.0060778753218294155,300x300
VCV001538603,3.75991061241578e-05,4.89079655022965e-05,0.0002036927163359889,1.5038074201211159e-05,4.794912217120917e-05,3.5434352317828544e-06,0.005938853239601458,0.005935309804369675,300x300
VCV001539108,0.14151997637047037,0.00018828115680174205,0.0008035748819604088,0.2222809417593766,1.998981188514251,9.816317294158994e-07,0.006089597715313378,0.006090579347042794,300x300
VCV001540054,0.7072249713460357,0.00018130283628285218,0.0007950174622968695,0.2224892677081304,1.9999974147045512,1.118824973950737e-06,0.005935225497821516,0.005936344322795467,300x300
VCV001540067,0.7071506968733582,0.00015118518941648588,0.0006284429562777305,0.2223802815661413,1.9999975993384413,8.506300634032564e-06,0.0061251367115549024,0.00611663041092087,300x300
VCV001540068,4.315365264053996e-05,5.274971718505366e-05,0.00021877716120223545,2.0137578719177835e-05,7.233980493426273e-05,3.1744940456367512e-06,0.006017837158021618,0.0060146626639759814,300x300
VCV001542745,0.34373670588165905,7.856269263169168e-05,0.00035647855341844337,0.6667092954483587,1.9999998064588245,7.191185228197505e-08,0.005989434414591564,0.005989506326443846,300x300
VCV001544418,9.054089156656782e-05,9.046236754876686e-05,0.0004003390952855429,6.609845765612497e-05,0.0002392050798092349,5.187859654582141e-07,0.006108808507114772,0.0061093272930802306,300x300
VCV001546465,0.3182152487984075,0.0001258423293460022,0.0005505078892999379,0.4444714330815218,1.9999732116757842,8.517143767951957e-07,0.005955029046618263,0.005955880760995058,300x300
VCV001547237,0.10101191087128075,2.421179021439716e-05,9.383285072021852e-05,0.2222244571985197,1.999990305920773,1.7579866320440937e-06,0.005907180859559486,0.005905422872927442,300x300
VCV001548802,0.078626047923924,7.918868114768513e-05,0.0003607754154607498,0.22226861836813144,1.9999890568231002,3.2328781893967845e-07,0.006159336038874954,0.006159659326693894,300x300
VCV001551064,0.14024263203658127,0.00572606259489097,0.03443856636241592,0.25574961527919193,1.661235420775236,0.0001372865930188887,0.006086030875153671,0.00622331746817256,300x300
VCV001552045,0.25543841226023367,0.0001241819691675834,0.000541802629093549,0.444569586625336,1.9999927205210246,1.2010063815204655e-06,0.006131284248364447,0.006132485254745967,300x300
VCV001552196,0.10103443711930142,5.37250586707341e-05,0.00021745221521513036,0.22223149605201314,1.9999514356129482,3.2295313808321235e-06,0.006004512179020562,0.00600128264763973,300x300
VCV001552614,0.7072249713460357,0.00018130283628285218,0.0007950174622968695,0.2224892677081304,1.9999974147045512,1.118824973950737e-06,0.005935225497821516,0.005936344322795467,300x300
VCV001554415,0.10119170039674438,0.00018335632016958464,0.0007997574299031807,0.22235434904658025,1.9994131916246234,1.0817466105476903e-06,0.006116474946566709,0.006117556693177257,300x300
VCV001555468,0.07862180604674393,8.339039804856134e-05,0.00035912861734008206,0.22225271058535398,1.9998360373036141,7.0238654520903e-07,0.0060619986046326,0.006062700991177809,300x300
VCV001557740,1.0239824791380292,0.005699491522026716,0.03455911656120905,0.7024102484910166,1.9988419838688212,0.00013243449090780037,0.006168540017830003,0.006300974508737804,300x300
VCV001558925,0.14142764362345295,5.340750247641769e-05,0.00021064318777475055,0.2222270564657716,1.9999218159484213,3.0542836591488515e-06,0.005990609382630186,0.005987555098971037,300x300
VCV001559869,0.07856777296265055,2.2664216859924385e-05,9.525352773960549e-05,0.22222509086428252,1.9999997587216491,1.6659826336060807e-06,0.006230597390736491,0.006228931408102885,300x300
VCV001560310,0.17960958140841654,7.918140211164854e-05,0.0003668847781740994,0.4444650872559453,1.999990101516168,5.852873163928948e-07,0.00612944195217105,0.006130027239487443,300x300
VCV001561272,0.7070289330062991,6.195691331694664e-05,0.00026152230780518426,0.2222603145291156,1.9999997137805396,2.7642731677962606e-07,0.005905639620122307,0.005905916047439086,300x300
VCV001562027,7.07403225189839e-05,7.751079701718755e-05,0.00036601243335209616,4.350683580790616e-05,0.00016074491638806698,2.3753834871645396e-07,0.006150660808228703,0.00615089834657742,300x300
VCV001563452,0.17683340214355225,9.037165645002144e-05,0.00038788469211963744,0.22229062218794335,1.9999878425158806,2.3148274766113253e-07,0.006000877426617419,0.00600110890936508,300x300
VCV001569628,7.401837037368851e-05,7.91965680026093e-05,0.0003611564453082014,5.1482242921692865e-05,0.0001607226573614451,3.4892934214301313e-07,0.005977685023822226,0.005978033953164369,300x300
VCV001573907,1.759488607483595e-05,2.58314045741889e-05,0.00010835124698903298,3.878144821747556e-06,1.2987648847162525e-05,1.6297158719437085e-06,0.0060773912590234465,0.006075761543151503,300x300
VCV001583473,0.00022883118062935772,0.00016523608896187744,0.0007321252836825706,0.00023340445001292695,0.0008427298809373651,1.5578021390480132e-06,0.006096632720219096,0.006098190522358144,300x300
VCV001593554,0.17689402803486262,0.00012549494274688097,0.0005462756019064263,0.22236443540519138,1.9999685991833451,5.150927624075416e-07,0.005927492078937654,0.005928007171700061,300x300
VCV001603884,0.1797108396972913,0.00018353257319190437,0.0008678590089134103,0.4445114652943012,1.9999041208671557,4.2923281158568916e-07,0.005982648121972424,0.005983077354784009,300x300
VCV001614351,0.17964921236598624,0.00012329340050299835,0.0005701572233588817,0.4444813309000588,1.9999551912812372,1.3367602193052608e-06,0.006151049010711025,0.006152385770930331,300x300
VCV001614433,0.1797108396972913,0.00018353257319190437,0.0008678590089134103,0.4445114652943012,1.9999041208671557,4.2923281158568916e-07,0.005982648121972424,0.005983077354784009,300x300
VCV001616173,7.160170168572697e-05,7.838093466284692e-05,0.00036184952618957544,4.50948050813027e-05,0.00015930552707243972,3.317527444311394e-07,0.006061329678373602,0.006061661431118033,300x300
VCV001616913,0.7071704416936836,0.0001618616760902521,0.0007481821975476172,0.22240887386068042,1.999997855478929,1.6810978106336291e-06,0.006072019883722178,0.006073700981532811,300x300
VCV001618385,0.17679567861475343,6.126104011940066e-05,0.0002577723149710387,0.2222534532219436,1.9999938352704598,4.910488526901555e-07,0.006059063878765029,0.006059554927617719,300x300
VCV001620715,3.753668109096725e-05,4.813196939883654e-05,0.00018525069168036368,1.5832828348605332e-05,5.1044449242643175e-05,3.2478614368572356e-06,0.006148262229070957,0.0061450143676341,300x300
VCV001621986,0.2779142790829581,0.0001656125729326425,0.0007350253336423918,0.4445733009125199,1.9999494025578612,1.2771465153858103e-06,0.006011346394387747,0.006012623540903133,300x300
VCV001635919,0.14145137063965918,9.105095802366211e-05,0.0003688823636431443,0.22223834815866061,1.999692763779603,9.439337865079639e-08,0.005913745526981803,0.005913839920360453,300x300
VCV001638746,2.9046062085776007e-05,3.8267280842026675e-05,0.0001682871168585745,1.1443564851363083e-05,4.150820649839737e-05,1.5013701894824732e-07,0.006174605022253563,0.0061747551592725115,300x300
VCV001639265,0.17679655484103085,6.0365705620385386e-05,0.0002585752615054879,0.22225573397766554,1.9999936837054446,4.5104029344419927e-07,0.005942690398526052,0.005943141438819496,300x300
VCV001641134,9.16675640140202e-05,8.868780974805026e-05,0.00038535758864516323,6.952817470657408e-05,0.0002557157728814152,4.2560343902278697e-07,0.006080782787959463,0.006081208391398486,300x300
VCV001641773,0.10111675997065739,0.00012515007522734205,0.0005600324397537354,0.22229456389616717,1.9997473998014224,9.19919431468727e-07,0.0060733260529226615,0.00607424597235413,300x300
VCV001650075,0.0786441395552204,9.02326255848105e-05,0.00039709289350702004,0.22228826328901052,1.9999590256643982,1.3802435561236642e-07,0.005951891037985963,0.005952029062341576,300x300
VCV001659758,0.17975540877852692,0.00018491087248989908,0.0007858935917081644,0.44458609403657157,1.9998115594001697,4.825047565928595e-07,0.005850629501752456,0.005851112006509049,300x300
VCV001670830,5.428054396695945e-05,6.100876977631063e-05,0.0002717576244625139,3.254270417656851e-05,0.00012020349193109237,3.539394671184942e-07,0.005971899251058942,0.0059722531905260605,300x300
VCV001670954,5.36643994822295e-05,6.047080117398944e-05,0.000260654954951936,3.279601277802099e-05,0.00011341619811566783,4.879382050973491e-07,0.00593763629867893,0.0059381242368840275,300x300
VCV001672974,0.7070448413224694,7.95663733704661e-05,0.00036320625728255423,0.22226960371962845,1.999999507482765,6.325220344421262e-07,0.006125771217917932,0.006126403739952374,300x300
VCV001673177,0.7955729691672817,0.00016582520129127033,0.000742809517238624,0.4446871551467265,1.999999690448818,9.277666830594458e-07,0.005966529797318044,0.005967457564001103,300x300
VCV001674686,0.9847360341866116,3.937465586806477e-05,0.00017546591568927405,0.6666704468253837,1.9999998667665904,2.648980434206971e-07,0.006208209383658809,0.0062084742817022295,300x300
VCV001675655,0.3735338742611322,0.0004194043838580009,0.0019326921737238267,0.666861279634313,1.999692353893694,3.2866337449687436e-06,0.006009934146974374,0.006013220780719343,300x300
VCV001679015,0.0002797927391449641,0.00018576099711277,0.000770119880914355,0.0003043712736885294,0.001096226156561908,1.0071804068820592e-06,0.006090451461258824,0.006091458641665706,300x300
VCV001679017,0.3668108048863497,0.00041515967950157454,0.0019461076793543391,0.6674188798732583,1.9999864084325942,8.582095907920528e-07,0.006055662012126344,0.006056520221717136,300x300
VCV001679018,0.00032253509164588184,0.00021530390984142195,0.0009954611017244375,0.0003482632441855513,0.0012324402581501692,1.213080867495768e-06,0.006067635805051734,0.006068848885919229,300x300
VCV001679019,7.753679401865448e-05,7.866063876512242e-05,0.0003474191332417595,5.490819241346953e-05,0.00020433213345150136,8.652699502991607e-08,0.006014406754652454,0.006014493281647484,300x300
VCV001679814,0.07954950787051171,0.0004243996458776641,0.001965436720921955,0.22351339783093593,1.9994788390266276,1.4071561083659617e-06,0.0059751711793294,0.005976578335437766,300x300
VCV001683513,0.07942952663384927,0.0008959792114371933,0.003285581884995843,0.22157891693981352,1.9680530465914363,7.71387798290113e-06,0.005856649632836292,0.005864363510819193,300x300
VCV001686269,0.7070441380636451,7.999257573844129e-05,0.00036883631485620794,0.22226796557552614,1.9999995057010156,6.00289587131958e-07,0.006099469319800495,0.006100069609387627,300x300
VCV001692471,2.9953025960869182e-05,3.866177853044244e-05,0.00016676085434444432,1.2852271598640108e-05,4.682698390989781e-05,4.3086140385541205e-08,0.006039377677851083,0.006039420763991468,300x300
VCV001696412,7.037659703537026e-05,7.872392896199873e-05,0.0003664670490091601,4.2703944323744615e-05,0.00015004340792490467,4.6506260937499017e-07,0.006110306733508955,0.00611077179611833,300x300
VCV001697625,0.7858548573840725,0.00021475597847995834,0.0009816741520580763,0.44480200136471776,1.9999957848385659,8.205166345141499e-07,0.006090269069805086,0.0060910895864396,300x300
VCV001697627,0.2556246155768448,0.00021613808163933,0.0009512340183888968,0.44479930279643654,1.999911787282287,8.265091913286365e-07,0.006083951479346917,0.006084777988538246,300x300
VCV001697630,0.7858057264267455,0.0002110251839633421,0.0009712239947055196,0.4447149119563974,1.9999962194948604,8.506050372027868e-07,0.00597186704670109,0.0059727176517382925,300x300
VCV001697637,7.64935283509467e-05,7.872290307750626e-05,0.00035315353602408117,5.38109738848923e-05,0.00019001991777101157,1.037161920323243e-08,0.006065009626578003,0.006065019998197206,300x300
VCV001697674,4.3228326063672244e-05,5.517183244680934e-05,0.00023672252102343444,1.8158635692347128e-05,6.106934033478506e-05,3.442091318914438e-06,0.006047009454390281,0.006043567363071367,300x300
VCV001698604,0.0005557473213339248,0.0002901342739488867,0.0011935346177807116,0.0006733005875608149,0.002419689604716835,1.627030569730306e-05,0.005915440801522273,0.00589917049582497,300x300
VCV001713235,0.0824213568211423,0.0009141236832193473,0.004350443840395915,0.22794341550365896,1.998069831347649,1.244905167965913e-05,0.006103463773066643,0.006115912824746302,300x300
VCV001718262,2.941555086735026e-05,3.8550024179796906e-05,0.0001647894539139813,1.2105142171524462e-05,4.424312617234971e-05,4.443807755365875e-08,0.006123672864056533,0.006123717302134087,300x300
VCV001718564,0.07860610177210765,6.183069396131851e-05,0.00026573432822781656,0.22225328558173704,1.9999969585735402,4.4259936903077307e-07,0.006084972398927837,0.006085414998296868,300x300
VCV001728269,2.7640193573243693e-05,3.7787954945228236e-05,0.00017338877648923057,9.510218622412995e-06,3.443838902938978e-05,1.986519464550196e-07,0.006198853537749153,0.006199052189695608,300x300
VCV001729712,0.2553230242775072,3.799681556687799e-05,0.00017496615377655955,0.44445376851652263,1.9999974964083096,2.0180155287791157e-07,0.006049818963049471,0.006050020764602349,300x300
VCV001730178,3.005210747586332e-05,3.8855260415456336e-05,0.00017011847556976795,1.2879742483577298e-05,4.6662235516303774e-05,9.947100938073605e-08,0.0059751711793294,0.005975270650338781,300x300
VCV001731558,0.40679605737802504,0.00043046189477989025,0.0019051373564505508,0.6669397334639589,1.9999899615920724,1.2835007623729008e-06,0.0061229982044959915,0.006124281705258364,300x300
VCV001732574,0.10178749212022477,0.0004269177864248028,0.0019758956485849827,0.22308977023334975,1.9973200151400854,8.643916498312157e-07,0.005994096936424468,0.0059949613280742995,300x300
VCV001734681,0.23231033084002442,0.005731892993232309,0.03533054226929133,0.4206944966154447,1.7265908815551754,0.00012917921166049479,0.005921209298323065,0.00605038850998356,300x300
VCV001734716,0.00017160451576319187,0.00013188830273270344,0.0005650776379895472,0.00019856017540620385,0.00072171071576832,1.0988546591738854e-06,0.005984257652865142,0.005985356507524316,300x300
VCV001734755,5.204272604921352e-05,6.155191556100854e-05,0.00027230027498387904,2.835300678002047e-05,0.00010097960100508008,6.503954024699235e-07,0.006210882801600254,0.006211533197002724,300x300
VCV001735038,3.099965043101737e-05,3.943550191121069e-05,0.00017267660697328074,1.3787242306211805e-05,5.05810442721355e-05,6.05904061905943e-09,0.006020806001253662,0.006020812060294281,300x300
VCV001735082,1.6537522013648868e-05,2.3513555893318536e-05,8.908725268534645e-05,4.40973398400472e-06,1.5391250942187185e-05,1.675338522981809e-06,0.005868058040890868,0.005866382702367886,300x300
VCV001735146,1.6537522013648868e-05,2.3513555893318536e-05,8.908725268534645e-05,4.40973398400472e-06,1.5391250942187185e-05,1.675338522981809e-06,0.005868058040890868,0.005866382702367886,300x300
VCV001735514,5.8764219392564115e-05,6.239968805631931e-05,0.0002629996723012423,3.993078870217431e-05,0.00014249658938803034,2.7726211464414174e-07,0.005963219790237139,0.005963497052351783,300x300
VCV001735669,0.8837667002273445,6.11173727757778e-05,0.0002629490256653086,0.44447437934264555,1.9999997027842882,4.6292369654862137e-07,0.006158040602849384,0.006158503526545933,300x300
VCV001735782,5.612072490929721e-05,6.240842799770586e-05,0.0002626980736417789,3.545925621864201e-05,0.00012419960621812276,4.1503955545627025e-07,0.006033129476462363,0.00603354451601782,300x300
VCV001737291,1.6276952081631698e-05,2.3359932758370154e-05,9.306622430935163e-05,3.964825252259867e-06,1.3460306944379496e-05,1.6265822262084492e-06,0.005976856447441789,0.005975229865215581,300x300
VCV001737684,1.6025857900658895e-05,2.3486955427373436e-05,9.66364978294762e-05,3.4906647948066785e-06,1.1048242198108404e-05,1.7796241626993198e-06,0.006026681049818993,0.006024901425656294,300x300
VCV001737807,0.707020750685004,6.0369021694873116e-05,0.00027567398788444497,0.22224694233907943,1.9999997058714571,4.834781703816696e-07,0.006126009831200686,0.006126493309371068,300x300
VCV001738495,0.11908824169707588,0.0006787472089578796,0.0030539912822276152,0.22358497695923774,1.9861926241683516,4.088116251009868e-06,0.0058444179878487075,0.005848506104099717,300x300
VCV001739616,0.2573845799018428,0.0006609763272884829,0.003137271630800277,0.4474461499911292,1.9992290142451072,5.841719284312152e-06,0.006099988102436095,0.006105829821720407,300x300
VCV001739617,0.16892090242550478,0.000669238434578683,0.0032594501454567965,0.447187668854129,1.9999883134444971,7.076318821926282e-06,0.00621658133418508,0.006223657653007007,300x300
VCV001741120,1.6052574443757954e-05,2.3155230372610082e-05,9.505123868489007e-05,3.674697019648596e-06,1.2791672554413047e-05,1.7514998060189774e-06,0.005969851431911042,0.005968099932105023,300x300
VCV001741437,0.3575997615412948,0.0006778275906917001,0.0032165867674540105,0.6679023485349967,1.9989190199617046,5.569865032560746e-06,0.005888079986934428,0.005893649851966989,300x300
VCV001741557,0.1414322998496678,6.179054867421735e-05,0.00026863568970443563,0.22222931393802714,1.999876787706303,3.177784658791108e-07,0.005888079986934428,0.0058883977654003074,300x300
VCV001743576,0.004915160738179639,0.0007799874678795229,0.003225663140630136,0.011083111950227154,0.07635413445147388,9.864205368152225e-06,0.006114760131015684,0.006124624336383836,300x300
VCV001744819,5.259783964752474e-05,6.098775117176696e-05,0.00026344305014543157,2.9965315068368624e-05,0.00010796641943655594,5.650849786379558e-07,0.006168023981397464,0.006168589066376102,300x300
VCV001744933,5.1833350028530943e-05,6.087999767772278e-05,0.00027425020802269995,2.8442738036309973e-05,0.0001020939295119927,5.230123473597831e-07,0.006120635579010466,0.006121158591357825,300x300
VCV001745402,5.1279382859290706e-05,6.086889357808652e-05,0.00027816795375958103,2.7676820976867906e-05,9.768417236122318e-05,5.497483579596646e-07,0.006044555617281081,0.006045105365639041,300x300
VCV001745525,5.761946378682324e-05,6.265231453977592e-05,0.0002489121955981527,3.7109064187474454e-05,0.00013606600860016638,5.612652628911308e-07,0.006254003940882987,0.006254565206145878,300x300
VCV001745995,5.36643994822295e-05,6.047080117398944e-05,0.000260654954951936,3.279601277802099e-05,0.00011341619811566783,4.879382050973491e-07,0.00593763629867893,0.0059381242368840275,300x300
VCV001746607,0.10104277286869917,6.0770834236925894e-05,0.000268799980630334,0.22223960268837464,1.9999382393506213,3.713548105185177e-07,0.005999058357957078,0.005999429712767596,300x300
VCV001747376,1.1963593282004665,0.005805330190958736,0.03464743101274019,1.070614771976259,1.9988628976192362,0.0001322905626605416,0.006019510942287266,0.006151801504947808,300x300
VCV001748280,0.10104238550164553,6.172598965291665e-05,0.00027532501066478143,0.22223772361215507,1.9999364589716406,4.0740143950404595e-07,0.006099645080446862,0.006100052481886366,300x300
VCV001749472,0.9867605901227677,0.0009082518325102025,0.004437712021729157,0.6695046869490335,1.999921088526893,1.2870777163902572e-05,0.006100665515485543,0.006113536292649446,300x300
VCV001750808,0.1414442432510935,8.035357577717943e-05,0.00033511875557500764,0.22223440077477236,1.9997709248825157,3.276044601482203e-07,0.005952042347722367,0.005952369952182515,300x300
VCV001751170,0.103921974929266,0.0009008311538294717,0.004420761276648311,0.22593430898296296,1.9891845185342525,8.162003447160018e-06,0.005988340089042641,0.005996502092489801,300x300
VCV001752332,7.860380050269257e-05,8.0872558978599e-05,0.00033588226586084985,5.6939637836311225e-05,0.00019808621731609577,6.198850926036892e-07,0.005997491287463547,0.00599811117255615,300x300
VCV001752471,0.07862643583026119,8.459115229482773e-05,0.00036053791100018606,0.2222604647815602,1.9998536774678821,5.089043036655624e-07,0.005994261396441568,0.005994770300745233,300x300
VCV001752799,0.28603628067529907,0.0009174611953870021,0.0045158339416152965,0.6669888088766096,1.9999896148288583,1.1349744720555097e-05,0.006011524705890269,0.006022874450610824,300x300
VCV001753870,0.19187711070751068,0.0009016989239008711,0.004357971851327087,0.4474651224035269,1.9999894740278985,1.1538950534429986e-05,0.006088442967942306,0.006099981918476736,300x300
VCV001754112,0.9847765051365889,8.073858203888593e-05,0.00034910957094421574,0.6666967913664492,1.9999995259314076,4.345439699043885e-07,0.006028985479472015,0.006029420023441919,300x300
VCV001754155,0.1768175008394476,8.041338058635622e-05,0.0003637630773972861,0.22227110111119724,1.999992334704356,6.198007670397965e-07,0.006172336911821161,0.0061729567125882005,300x300
VCV001754475,7.932620335079807e-05,8.071628549697864e-05,0.0003493123735606521,5.714703492874939e-05,0.00020609085613754186,4.623003688813618e-07,0.006008559338294586,0.006009021638663467,300x300
VCV001755156,0.7071999696787734,0.00016409182703716445,0.0007377387094289409,0.22245661095204522,1.9999978844254662,1.0423024230698033e-06,0.006015067947718156,0.006016110250141226,300x300
VCV001757085,0.18160795670708801,0.0009038527300897643,0.0046048279991647845,0.4464709249718518,1.9983943890286062,1.1880502063332452e-05,0.006099469319800495,0.006111349821863827,300x300
VCV001757269,7.812127049640686e-05,7.986407167611271e-05,0.0003335801606446642,5.643106085710207e-05,0.00019896948381603607,7.117860598929854e-07,0.006067886598788735,0.006068598384848628,300x300
VCV001757395,0.2583107702678788,0.0009079661440865427,0.004517864364941178,0.4487568481964753,1.9977287608653325,9.305296354491545e-06,0.005983473566283447,0.005992778862637938,300x300
VCV001757851,0.17681799644203242,8.055974223593803e-05,0.0003601609141476031,0.22227245069544604,1.9999898574741222,5.861551151111963e-07,0.006124405823161171,0.006124991978276282,300x300
VCV001758175,3.0170797866354698e-05,3.84827358103749e-05,0.00016767079361721532,1.310592542992496e-05,4.8697247695406176e-05,1.6218492574111842e-08,0.006096338177853056,0.00609635439634563,300x300
VCV001758655,0.2651889241292528,7.945826999620646e-05,0.00033770617754890625,0.4444955815171774,1.9999999000680084,7.530417075367682e-07,0.006046436484556394,0.0060471895262639306,300x300
VCV001758970,0.35635954036024164,8.10807564144488e-05,0.0003470073112557051,0.6666981026467145,1.9999893088468395,2.386332883181144e-07,0.005883490632467745,0.005883729265756063,300x300
VCV001759002,0.31818531906721387,7.954595324476735e-05,0.0003397685050764848,0.4444560207587225,1.999988795124205,2.553338855262183e-07,0.005833079968764384,0.005833335302649911,300x300
VCV001759327,1.8521851097891803e-05,2.6124598494567568e-05,0.00010488329295561122,5.227970875432142e-06,1.807830216082884e-05,1.4327392055049626e-06,0.005875886488545978,0.005874453749340473,300x300
VCV001759367,0.22062384370370175,0.0009067919598449726,0.004439914610583184,0.4450859163245662,1.9975283833558437,1.0656315094465657e-05,0.006016914157089621,0.006027570472184086,300x300
VCV001759470,0.14144320467288063,7.931521328539796e-05,0.00037254898746941906,0.22223058518311184,1.9998372972592628,4.3699681278805413e-07,0.00602160321180915,0.006022040208621938,300x300
VCV001759568,7.909471021748542e-05,8.038842610596013e-05,0.00034818208993936395,5.729115462590103e-05,0.00020634545264075488,3.8012666609982954e-07,0.0058794263217190335,0.005879806448385133,300x300
VCV001759609,0.003966558196398209,0.0009165432616394966,0.004384274290128776,0.006111859894020176,0.020934739149194193,1.3593777370675755e-05,0.006138362123834734,0.0061519559012054095,300x300
VCV001759844,0.1768240538377376,8.040989441178333e-05,0.0003221984524348978,0.22228460148224002,1.9999902525515036,5.188965485052738e-07,0.005975069033809507,0.005975587930358012,300x300
VCV001760134,7.697379637747362e-05,8.011227134036993e-05,0.00033034839117297016,5.374788662250286e-05,0.00019183560209945494,8.408851848744001e-07,0.006210910593165811,0.006211751478350685,300x300
VCV001760741,0.48326431321067476,0.005745192117083679,0.033651863411211735,0.8576803902496994,1.9947569505173248,0.00014087737853900675,0.006034763892517916,0.0061756412710569225,300x300
VCV001760818,0.5686681978069357,0.005846529751664771,0.034966047128225305,1.0001368088766338,1.9959076398613427,0.00013369227161850843,0.006098826905136329,0.006232519176754837,300x300
VCV001761262,0.24243238703084452,8.943288910299924e-05,0.0004005805113646427,0.44442657816730485,1.9998668869480452,4.3393675988514374e-07,0.006098826905136329,0.006099260841896214,300x300
VCV001761541,0.17683406165482426,9.145641453633946e-05,0.0003965160193089151,0.22228989150632816,1.9999868260651523,5.563028673341575e-07,0.006124043099238077,0.006124599402105411,300x300
VCV001761696,0.19644553035969825,8.835543459655424e-05,0.0003922996367471468,0.4444632612394913,1.999983778549524,3.892590945955496e-07,0.006000552827726383,0.006000942086820979,300x300
VCV001762440,2.8993273586156197e-05,3.845736086282384e-05,0.0001775504155253002,1.1072366862658396e-05,4.0477183663734095e-05,1.35645412660014e-07,0.006055313939723216,0.006055449585135876,300x300
VCV001762752,0.17963413046995613,9.131289157424978e-05,0.00037494010853843934,0.4444954314384295,1.9999947084046923,4.2372914554021646e-07,0.006171380935818533,0.006171804664964073,300x300
VCV001763362,0.08423275082264906,0.001120601984631075,0.005376653278123776,0.23071516285695667,1.9951651320936328,1.2970455255946825e-05,0.006024053470692337,0.006037023925948284,300x300
VCV001763670,8.71539026348689e-05,8.916989778093044e-05,0.0003714176149678394,6.383465900231904e-05,0.00021489471523183923,6.49032290182816e-07,0.006152052390636709,0.006152701422926891,300x300
VCV001764064,8.760410914882031e-05,9.195311473952102e-05,0.00041583907383763163,6.238847648992124e-05,0.0002012788391645426,4.345722145228381e-07,0.006116950954591843,0.006117385526806366,300x300
VCV001764717,0.11785323894697686,3.8074040096308816e-05,0.0001546777430853699,0.22222548781651577,1.999946775758064,4.047394400880089e-08,0.006072444499267864,0.006072404025323855,300x300
VCV001764984,0.1010697970590026,8.95483822758451e-05,0.00039734828894247287,0.22225402662642826,1.9998626653065532,2.5887589333046385e-07,0.00607422394080394,0.0060744828166972705,300x300
VCV001765076,0.09380646311202875,0.0011265740479224668,0.00563077475216886,0.2305575272762728,1.9999790221460219,1.6792825943507013e-05,0.006105927061046042,0.006122719886989549,300x300
VCV001765314,9.495692083389392e-05,9.169366784127229e-05,0.0003738360812121644,7.536923347321404e-05,0.0002590418437231623,3.467139817062495e-07,0.0060692175727014575,0.006069564286683164,300x300
VCV001765317,9.495692083389392e-05,9.169366784127229e-05,0.0003738360812121644,7.536923347321404e-05,0.0002590418437231623,3.467139817062495e-07,0.0060692175727014575,0.006069564286683164,300x300
VCV001765377,0.1414513529456688,8.931558943749203e-05,0.00039548517277053497,0.22223928547452598,1.9997660625204938,2.180268225873e-07,0.005895490421337061,0.005895708448159649,300x300
VCV001765403,0.9729762495301026,0.0004153947118691998,0.0019483916738093493,0.6678599021934748,1.9999875114856787,1.2681011160205202e-06,0.006042780320475521,0.006044048421591542,300x300
VCV001765799,0.22022590262248679,0.00042735624324091444,0.0018506576132845745,0.4446250019938531,1.9992626843536283,6.336846633328563e-07,0.0059389970007803754,0.005939630685443708,300x300
VCV001766454,0.07864511076705802,9.108698995369942e-05,0.0003904380718899314,0.22229124095043762,1.999986466403527,3.7668490886818423e-07,0.006040251602387217,0.0060406282872960855,300x300
VCV001766523,0.17682189784711624,8.900346563275344e-05,0.00041360381836740706,0.22227107773199295,1.9999900640195503,3.453803363090077e-07,0.006062177497897751,0.00606252287823406,300x300
VCV001766586,0.18243196659864325,0.0010906256178511108,0.005544539411152918,0.44730591367505784,1.9956161956968663,1.469633131163852e-05,0.006050701450420901,0.006065397781732539,300x300
VCV001766672,0.07864607399506279,9.008699189707723e-05,0.00036549000819375427,0.2222945510623115,1.9999816104548895,3.019429902226603e-07,0.0059834944578582225,0.005983796400848445,300x300
VCV001767161,3.0168690126136332e-05,3.8697918588863014e-05,0.00017048667042038335,1.3288690395383026e-05,4.732327486700605e-05,9.48594828208138e-09,0.005941876521444545,0.005941867035496263,300x300
VCV001767527,0.1017340899025358,0.000423198348893874,0.0020053307885689736,0.2230309547076565,1.9975371681295502,2.439666888887776e-06,0.006096780354652821,0.006099220021541709,300x300
VCV001767687,0.0785815333784833,3.769395080536259e-05,0.0001628771126410411,0.2222343315801261,1.9999975976215105,8.442869492333166e-08,0.006049466466205041,0.006049550894899964,300x300
VCV001767691,0.10372840484703788,0.0010953779736642979,0.005802178856650811,0.22507946220529046,1.9842177415974773,1.6572956170976018e-05,0.006235524042494598,0.006252096998665574,300x300
VCV001767853,0.10107025358991704,8.867359591948944e-05,0.0003980965567517286,0.22225575660992605,1.9998651560639644,2.0449965056935915e-07,0.005970694634814945,0.005970899134465514,300x300
VCV001768732,0.10101421030372512,2.7043465857208358e-05,0.00010732529909460164,0.22222542430465342,1.9999888194175486,1.4777425506014644e-06,0.005999165103298888,0.005997687360748287,300x300
VCV001771992,0.10179104849166212,0.00043315123752201714,0.0019309222065307247,0.2232794136997719,1.996887725361866,2.3129401209341996e-06,0.005973384453967156,0.005975697394088091,300x300
VCV001775035,0.21991213948351024,0.00044851202320950537,0.0019286247778409205,0.4436718050362553,1.9949933335066334,1.8987148943730436e-06,0.0060919015453812075,0.0060938002602755805,300x300
VCV001775238,0.17982220590748493,0.00021542010344563657,0.0009263018545829851,0.444653035836392,1.9995646108002383,4.669320900372795e-07,0.0059648120182387125,0.00596527895032875,300x300
VCV001775423,1.932514181343182e-05,2.7474996093852307e-05,0.00011171201526100072,5.028925921727693e-06,1.7771642122133002e-05,1.5993204214278037e-06,0.006150340122184638,0.00614874080176321,300x300
VCV001775891,2.8858493845950204e-05,3.7503458524516895e-05,0.00016290750372401075,1.2311431284106611e-05,4.2854363844657684e-05,1.817717976701841e-07,0.0060038309371072945,0.006004012708904965,300x300
VCV001776652,0.27856040079092875,0.0004133122793721341,0.0018093969685100894,0.4454182392202011,1.9997018585297994,1.2236306427089103e-06,0.005966276698881448,0.005967500329524157,300x300
VCV001776955,1.82991461362281e-05,2.6281709127225122e-05,0.00011027899036890332,4.436214502252018e-06,1.5202334351260838e-05,1.4652350468031747e-06,0.006109837545813369,0.006108372310766566,300x300
VCV001778520,3.0177660330829112e-05,3.8378801325679115e-05,0.00016568845896453022,1.3438250232872879e-05,4.957796289295491e-05,1.0720475564565679e-08,0.005993427520403443,0.005993416799927879,300x300
VCV001778759,1.8430798818775512e-05,2.6202321476016578e-05,0.00011117070834557041,4.730841395615846e-06,1.67611190392547e-05,1.624933607469528e-06,0.005978239405991056,0.005976614472383586,300x300
VCV001778944,0.1414181764217448,3.8970361204857746e-05,0.00016528590517393693,0.22222618051518658,1.9999555565114728,2.7131358427013447e-07,0.005948749968918182,0.0059490212825024525,300x300
VCV001779403,1.8797990185462297e-05,2.6127236802329643e-05,0.00010061691748641799,5.655961019374662e-06,2.01768506118416e-05,1.4326798313032268e-06,0.006008323168886608,0.006006890489055305,300x300
VCV001779859,0.18025004928814548,0.0004256040363899553,0.0020201604631703493,0.4451068828300464,1.9998658905702902,9.307404408289907e-07,0.0061041531811119746,0.0061050839215528035,300x300
VCV001779968,2.9302684217957586e-05,3.760187593914491e-05,0.00016032165380577834,1.2701419278054398e-05,4.600296160606199e-05,7.85498313390226e-08,0.006081270759500353,0.006081349309331692,300x300
VCV001780538,3.076040709189049e-05,3.934410734413753e-05,0.00016018721742250275,1.473694812794937e-05,4.608384305204716e-05,1.5406178636122314e-07,0.006076102328850898,0.006076256390637259,300x300
VCV001781085,1.8192565124974108e-05,2.6365189971930482e-05,0.00010231942499999702,4.752213262139273e-06,1.4639389098958233e-05,1.5866715659370104e-06,0.0060825415752590265,0.0060809549036930895,300x300
VCV001783578,3.01709619090161e-05,3.871108399859648e-05,0.0001653779045366066,1.3582056847847054e-05,4.6579182111927686e-05,1.907900516210856e-07,0.006014940763638295,0.006015131553689916,300x300
VCV001784383,0.17773372548568048,0.0004179819606263143,0.001926455197382812,0.22359017164236197,1.9996328473128264,8.473672658904433e-07,0.006016315438952099,0.0060171628062179894,300x300
VCV001787901,0.08840039908999077,3.811029965545309e-05,0.0001786562365617972,0.22223320689827578,1.9999999556724868,5.188530206173825e-09,0.006129886972299814,0.006129881783769608,300x300
VCV001789002,0.17677099383809086,3.795248523177943e-05,0.0001712759195864888,0.2222327876968983,1.9999979579933593,1.3630897577419226e-07,0.00596282012631542,0.005962956435291194,300x300
VCV001789064,0.7070009025461808,3.849638110731087e-05,0.00016794883248539422,0.22223443484090083,1.9999998742023144,1.6056386669197065e-07,0.0060930229090041775,0.0060931834728708695,300x300
VCV001790426,2.977084985079881e-05,3.837242441205576e-05,0.00017031974584109932,1.3375786574479046e-05,4.315638284579926e-05,1.2656159836983705e-07,0.00600846901864695,0.00600859558024532,300x300
VCV001790705,0.7855533644474137,3.8613063176333174e-05,0.0001646142904068032,0.44445649207485943,1.9999998705369075,1.7874430255533647e-07,0.006098954516620458,0.006099133260923014,300x300
VCV001791285,2.9996119110801407e-05,3.8522481124802455e-05,0.00016342652989374817,1.3182042163273344e-05,4.702812730050798e-05,1.1721394281832137e-07,0.00604884365335719,0.006048960867300009,300x300
VCV001791760,0.1964058064997004,3.944931902197121e-05,0.00015885409785353077,0.44444653337083967,1.9999844647124005,4.4961521985555086e-08,0.006001740347005695,0.006001785308527681,300x300
VCV001792386,3.704522294181208e-05,4.6920072822130526e-05,0.00018791958566831413,1.5813481207308893e-05,5.3118613928648806e-05,3.2986592215572194e-06,0.0059413914413135776,0.00593809278209202,300x300
VCV001792483,1.6583890055789044e-05,2.3899627137675574e-05,9.137687059773691e-05,4.102435373779893e-06,1.3683390096885795e-05,1.5746649000775506e-06,0.006079640619462838,0.00607806595456276,300x300
VCV001792511,2.8608299885484546e-05,3.818051920781643e-05,0.0001815870156224586,1.0367364794292319e-05,3.8127554001010644e-05,6.509593281165543e-08,0.006142875091666626,0.006142940187599437,300x300
VCV001793227,0.8079951586505277,3.856042618037285e-05,0.00016162463485695777,0.4444525513777109,1.9999998752338493,9.904568699752037e-08,0.006075194292709401,0.006075293338396398,300x300
VCV001793473,3.0048900248713613e-05,3.830779175767525e-05,0.0001682384359675132,1.3283822066827926e-05,4.859028460957315e-05,1.6353221518258798e-08,0.005909698791778594,0.005909715145000112,300x300
VCV001793790,0.18032501663884948,0.0004211545798572778,0.001907922173940882,0.44522858564179735,1.999536393185656,1.16009147747842e-06,0.006123463745851546,0.006124623837329025,300x300
VCV001795041,0.0785825046454407,3.85487166229423e-05,0.00016487660846545293,0.2222351054308866,1.9999985792575625,7.558481457132366e-08,0.006123463745851546,0.006123539330666118,300x300
VCV001796419,0.10102256544766712,3.7281964225164e-05,0.00015161158567872368,0.222229842088482,1.999976143955216,1.592573632587524e-07,0.006034464680016749,0.006034623937380008,300x300
VCV001796426,0.10102256544766712,3.7281964225164e-05,0.00015161158567872368,0.222229842088482,1.999976143955216,1.592573632587524e-07,0.006034464680016749,0.006034623937380008,300x300
VCV001797293,3.123876880311922e-05,3.874500039058103e-05,0.0001592507159464615,1.5279966731180432e-05,5.5424005479420835e-05,7.382442167649939e-08,0.005965053620873725,0.005965127445295402,300x300
VCV001797673,2.9726241901316313e-05,3.899584916412776e-05,0.0001703457791291732,1.2099944895791223e-05,4.2939819009713e-05,1.6068078941867958e-07,0.006104677560139,0.006104838240928418,300x300
VCV001797938,0.7855401706235285,2.393003139074112e-05,9.14765646383986e-05,0.44444788916240413,1.999999934733729,1.6930854593475916e-06,0.006031717669457602,0.006030024583998254,300x300
VCV001798385,0.141408493398832,2.3187814026220257e-05,8.576717395103461e-05,0.22222326067656054,1.9999841154942901,1.6132918362315313e-06,0.005948238869675711,0.005946625577839479,300x300
VCV001798624,0.18018106973242698,0.00041150807975193817,0.0019310452191035818,0.44498415016926146,1.9992506483858488,2.2082887937285856e-06,0.006178286412233537,0.006180494701027266,300x300
VCV001799246,0.14172117060810444,0.00041574648604228795,0.0018697598151621586,0.22252130595187683,1.9949579255106613,2.056453582767112e-06,0.006100359548960702,0.006102416002543469,300x300
VCV001799457,0.14141806935676846,3.926880391070421e-05,0.00016544464404621984,0.22222506825987035,1.9999454348595163,1.5741962594573167e-09,0.006043295729564595,0.006043297303760855,300x300
VCV001801546,0.17678125157356986,4.783120661758296e-05,0.00018579367788861684,0.22223946458216912,1.9999971480550438,3.2672539323026425e-06,0.00598094998364809,0.005977682729715788,300x300
VCV001801591,0.10168902064959719,0.0004266119414813932,0.0019739711288098982,0.22290983216126323,1.9971252198874025,2.232713130461382e-06,0.006083473909509457,0.0060857066226399185,300x300
VCV001802458,0.07860596397040787,6.159888334869718e-05,0.0002605256999659439,0.2222528738010506,1.999989198475995,5.870771017423351e-07,0.006076452108117641,0.0060770391852193835,300x300
VCV001802904,0.10103443711930142,5.37250586707341e-05,0.00021745221521513036,0.22223149605201314,1.9999514356129482,3.2295313808321235e-06,0.006004512179020562,0.00600128264763973,300x300
VCV001802905,0.2946665894880991,0.00012628179520563878,0.0005254130450388014,0.44447715081201505,1.999969766922066,7.014006293964981e-07,0.006114713382842708,0.0061154147834721045,300x300
VCV001809578,0.07880255919765033,0.0001858747120738672,0.0008607120617661473,0.2224590007854027,1.9997765127988425,6.831278929414833e-07,0.005955282845743394,0.005955965973636335,300x300
VCV001810327,0.10106100984238016,7.764377455164328e-05,0.0003491840908873278,0.22225199475762963,1.9999029173912763,7.249450751332931e-08,0.005939673793102058,0.005939746287609572,300x300
VCV001879359,0.7076304168253097,0.0003412596290130214,0.0016005292943104682,0.22303781766271888,1.9999899070673433,3.106682842447632e-06,0.00621658133418508,0.006219688017027528,300x300
VCV001899948,0.2651847662655281,7.973141753692906e-05,0.0003658011019829627,0.4444878365709413,1.9999997715710034,4.848397933861215e-07,0.006106955148537945,0.006107439988331331,300x300
VCV001908498,0.1414802972966957,0.00012598586160919028,0.0005646385574868337,0.2222621614254636,1.9996077254436253,1.074431124365588e-06,0.006027186408025592,0.0060282608391499575,300x300
VCV001909172,0.07860709639928996,6.164904689798077e-05,0.00026091663155435735,0.22225511628481576,1.9999970025949256,3.9538626849140723e-07,0.006065929580831591,0.006066324967100082,300x300
VCV001910948,0.0786064941403877,6.11481903892858e-05,0.0002793350623700175,0.22225329851905412,1.999997009670844,3.775627625771799e-07,0.006112744346374507,0.006113121909137084,300x300
VCV001950710,9.050525224616505e-05,9.128349027538633e-05,0.00039774283600861604,6.855357452041478e-05,0.0002277780557813358,3.828133524541241e-07,0.00595715887193131,0.005957541685283764,300x300
VCV001953891,0.2553517373221166,6.100440319887082e-05,0.00026135158726804664,0.44448099359982607,1.9999961038269136,1.0342774388934911e-07,0.00590614047539287,0.005906243903136759,300x300
VCV001958595,1.908376065676917e-05,2.7333784307756227e-05,0.00011402258737776283,4.8893495164298925e-06,1.6570021729833684e-05,1.6535646666943765e-06,0.006003809698695857,0.006002156134029163,300x300
VCV001969613,0.00027798146565233294,0.00018901834021455016,0.0008301287198051038,0.0003057378309999513,0.0010228827679740204,7.865297460768819e-07,0.006023066761331496,0.006023853291077573,300x300
VCV001969614,0.00023925012701738572,0.0001868479528926815,0.0008549807922729746,0.00023357286945441876,0.0007991351479971209,1.3273515935179406e-06,0.006168540017830003,0.006169867369423521,300x300
VCV001971322,1.759488607483595e-05,2.58314045741889e-05,0.00010835124698903298,3.878144821747556e-06,1.2987648847162525e-05,1.6297158719437085e-06,0.0060773912590234465,0.006075761543151503,300x300
VCV001983621,8.850459142555948e-05,8.934841950823606e-05,0.0003652537723769639,6.569538897252227e-05,0.00022800315723259246,5.365877830624394e-07,0.0060316160859260805,0.006032152673709143,300x300
VCV001992924,0.11798046496590747,0.00016625125053353138,0.0007053063074228261,0.2223172828666211,1.9992150775649769,1.16827375791842e-06,0.00600258249195245,0.006003750765710369,300x300
VCV001995393,0.7070568216553315,8.982025872534169e-05,0.0003991803875818406,0.22228190134017842,1.9999993895754002,6.043177798046098e-07,0.006199792318825588,0.006200396636605393,300x300
VCV001995780,0.10115929890743089,0.0001661249775574886,0.0007510761145839498,0.2223196677699314,1.9995210544963347,1.3878572227878083e-06,0.006116767400098382,0.00611815525732117,300x300
VCV001995986,0.07862669775181869,7.852133315492136e-05,0.0003447865408423706,0.22227195051594206,1.9999968874444183,4.296454066219507e-08,0.005984319789630141,0.005984362754170803,300x300
VCV001996613,0.3564847081721869,0.00018456083052760714,0.0008441652580755202,0.6667915759232292,1.999943952364326,6.554326457105034e-07,0.005935840215439237,0.005936495648084948,300x300
VCV001997833,0.176880144822886,0.00012207013413398995,0.000549200354632455,0.22234051492644724,1.9999709898876854,8.695668059924624e-07,0.006022791302819009,0.0060236608696250015,300x300
VCV001999199,0.09365996115408547,0.0011054226756954952,0.00556816257749581,0.23041814227479623,1.999988161984838,1.172421430786514e-05,0.005995845203355041,0.006007569417662906,300x300
VCV001999618,0.10106573134602742,8.905132468623359e-05,0.0004106636846186451,0.22224783201358023,1.9998631118237216,4.021269914503828e-07,0.006045665880157182,0.006046068007148632,300x300
VCV002000009,0.08224449290178368,0.0009272985436934797,0.004461976514625279,0.2275347605322201,1.9962209682546561,1.386637201446217e-05,0.006112103964739876,0.0061259703367543385,300x300
VCV002001127,0.10209372542602664,0.0005210160618865712,0.002404576896010896,0.22349186132033624,1.995661422965103,2.954623237473239e-06,0.005890761071446164,0.005893715694683637,300x300
VCV002003562,0.17682415027794046,8.8761173482491e-05,0.00040470602176405357,0.22227487597769485,1.9999896953892073,4.863318873110992e-07,0.006167579552569362,0.006168065884456673,300x300
VCV002005043,0.2584154104667451,0.0008981551860410062,0.004391944591282823,0.44904649494407956,1.9983747035576918,1.04194374061636e-05,0.005955298702355714,0.0059657181397618775,300x300
VCV002007803,0.0008826355347446153,0.00041270126943708074,0.0019887561688060468,0.0011372053293700428,0.004011089521609779,2.3084086204399126e-06,0.006152537850149873,0.006154846258770313,300x300
VCV002010020,4.4025762271650816e-05,5.487745064197826e-05,0.00022331035661886378,2.0728886915239502e-05,6.705196270162528e-05,3.2339006779697616e-06,0.005992712936471154,0.005989479035793184,300x300
VCV002011699,5.345753944875801e-05,6.078834165830388e-05,0.00026223326345629905,3.1741384077404395e-05,0.00011375023461612788,4.170000018283507e-07,0.00604138422118149,0.0060418012211833185,300x300
VCV002012758,0.07958428345808341,0.0004576656316044958,0.0021445399263227,0.223498200897422,1.9983265552635765,3.825269252014617e-06,0.005932614316457627,0.005936439585709641,300x300
VCV002012932,0.4191652122343094,0.0003454002271886215,0.0015336578281746338,0.6664251010852975,1.9997758156610075,2.0814079110618305e-06,0.005905639620122307,0.0059077210280333685,300x300
VCV002014111,0.0001494319072337625,0.00012518453569387758,0.0005364319091788264,0.00013564588069977143,0.0004793507688366505,1.0092786124583572e-06,0.006095313590284229,0.006096322868896688,300x300
VCV002016375,0.10106187514674672,8.193812814717772e-05,0.00035807893090525345,0.22225298427198967,1.9998864709999395,7.236077399896262e-07,0.0060096444034711686,0.006010368011211158,300x300
VCV002017162,0.10781618351727652,0.0012633781756493775,0.0058108215474089175,0.23602949842838386,1.981792911820047,1.410966171613761e-05,0.006009593265124735,0.006023702926840873,300x300
VCV002018214,0.19823872643320967,0.0009057160734577172,0.004577920430012053,0.4464162616999226,1.9969410279008895,1.0582577112915048e-05,0.0060103219770492305,0.0060209045541621455,300x300
VCV002019651,7.444013521824513e-05,8.047488495014152e-05,0.0003750793000061037,4.783481215553387e-05,0.00017271233636517724,5.523445469500163e-07,0.006071020038314802,0.006071572382861752,300x300
VCV002020220,0.14143193226518333,6.135607805940463e-05,0.0002652288292690555,0.22222849274645856,1.999882081798396,4.560868594322143e-07,0.006088717247109894,0.006089173333969326,300x300
VCV002020648,0.07933710968875059,0.00035316862687099094,0.0015552088190233307,0.22319855634853938,1.9992036085490725,2.138749650356167e-06,0.005996022382697563,0.005998161132347919,300x300
VCV002020649,0.07863306182547335,8.132165554052646e-05,0.00033951966478151796,0.2222804682686742,1.9999901651571261,6.560545632687542e-07,0.006029106705371421,0.00602976275993469,300x300
VCV002023589,0.2807337175846561,0.0009497215226715022,0.004568711671889214,0.449849062027694,1.9974650849270876,1.2550730051822008e-05,0.006144946780646002,0.006157497510697824,300x300
VCV002024707,0.0002566267669375465,0.00018360694488376385,0.0008216974677292405,0.00026435222931759435,0.0009488445692509284,8.571160834284011e-07,0.006041419906915754,0.006042277022999183,300x300
VCV002025540,0.10112551808693968,0.0001290278496149322,0.0005384992493062263,0.22231497072505826,1.999720758881486,1.2868914059964084e-06,0.006062046053509118,0.006063332944915114,300x300
VCV002026371,0.00494464806690149,0.0011011304790729966,0.005498876749495445,0.007551648882999874,0.026864970326587523,1.5676121425008994e-05,0.00613390609691347,0.006149582218338479,300x300
VCV002026528,2.8896330335349975e-05,3.861504360811485e-05,0.00017968870395516923,1.0604067869556131e-05,3.8308598476421984e-05,2.1733706240863876e-07,0.006166145564895293,0.006166362901957702,300x300
VCV002027148,0.556661788237644,0.005720829694436897,0.03321081364570218,0.9953127370116602,1.991881897336795,0.00013900909864964905,0.0059825915635760086,0.006121600662225658,300x300
VCV002028235,0.07862669775181869,7.852133315492136e-05,0.0003447865408423706,0.22227195051594206,1.9999968874444183,4.296454066219507e-08,0.005984319789630141,0.005984362754170803,300x300
VCV002029296,0.4830649642765938,0.005581897116702224,0.033698010121384805,0.857261651801741,1.9931635391363671,0.00013803284776556322,0.0059182883865317015,0.006056321234297265,300x300
VCV002029367,0.9867605901227677,0.0009082518325102025,0.004437712021729157,0.6695046869490335,1.999921088526893,1.2870777163902572e-05,0.006100665515485543,0.006113536292649446,300x300
VCV002031887,0.00014408004535334715,0.0001227910369047683,0.0005420580410116921,0.0001290313760453015,0.00045835153061002387,8.503183716538493e-07,0.0059480047090917695,0.005948855027463423,300x300
VCV002032821,5.148378491509667e-05,6.154758475034416e-05,0.00027452209700955243,2.7422666995007778e-05,9.923120066102076e-05,4.077342894617114e-07,0.006084638813819876,0.006085046548109338,300x300
VCV002033299,3.0547138679134166e-05,3.878000157876126e-05,0.00016779811161126562,1.3688042900818055e-05,4.950733108599614e-05,7.086467930343676e-08,0.006075392714834386,0.006075463579513689,300x300
VCV002033884,0.11906116502076329,0.0006543424703504662,0.003008788551533269,0.2236368196061653,1.9899349709012348,6.932476545133508e-06,0.005952944531597186,0.00595987700814232,300x300
VCV002034352,0.07876027889823,0.00016319452065226856,0.0007361865974582424,0.22241947818874955,1.9999738582285573,1.139341089778645e-06,0.006011756505778464,0.006012895846868243,300x300
VCV002034362,0.0012605786862580912,0.0004300632536915274,0.0019435201488947895,0.0020954224192594926,0.007905774400010834,1.5623839597347575e-06,0.00600846901864695,0.006010031402606685,300x300
VCV002034814,0.6721224487609943,0.0057341890926881234,0.03396856364511466,0.7776939443500456,1.9995701108624577,0.00014529833282579327,0.006035108607421286,0.006180406940247079,300x300
VCV002035744,0.00021674986249344095,0.00016302087967797477,0.0007602175532761823,0.00021344996215918086,0.0007876942225510941,8.085302206665632e-07,0.005920654541115524,0.0059214630713361905,300x300
VCV002036477,0.7070632089029885,9.094688989771255e-05,0.00039268621783877106,0.22229625532046965,1.9999994127772251,2.806826836475318e-07,0.005916831253639262,0.00591711193632291,300x300
VCV002041929,2.8421424645485287e-05,3.786733444712154e-05,0.00017840573778772628,1.0474066540138654e-05,3.7760943697673355e-05,1.4794457460238358e-07,0.006089420311537325,0.006089568256111928,300x300
VCV002050763,0.4238542853189477,0.005844126304118298,0.035225957194160884,0.705266832011541,1.9934075663482878,0.00013445678891616745,0.00610112691060081,0.006235583699516978,300x300
VCV002055102,0.01258625258760495,0.0013368537947624068,0.005363958712754427,0.027298864835614427,0.1603851316463084,1.2339766232268706e-05,0.005893004635659246,0.005905344401891515,300x300
VCV002068253,0.219993752432536,7.836666070754727e-05,0.00032991734326046074,0.4444502905821815,1.9999689590593177,2.2172396591316201e-07,0.006048229682565831,0.006048451406531744,300x300
VCV002075054,0.17974711011956201,0.00018539367327379458,0.000781126538490079,0.4445777344566914,1.9999711356287158,1.0103638750725077e-06,0.0060132111782913375,0.00601422154216641,300x300
VCV002081493,1.1069054959349263,0.005600580996810298,0.032117651328240515,0.9149053994080025,1.9989426183885937,0.00014733191350365087,0.0059067799850718115,0.006054111898575462,300x300
VCV002086432,0.0002679480199132298,0.0001851364885567037,0.0007924063017848287,0.0002846119731587536,0.0010092795665523902,1.1371635532629598e-06,0.006109004461991226,0.006110141625544489,300x300
VCV002088334,0.000320950572138659,0.00020728813811567517,0.0009544866504007793,0.00034920839912702364,0.0012989479746263743,3.3921881788245845e-07,0.006001095849577923,0.006001435068395806,300x300
VCV002092660,0.00025241379512171386,0.00018573699581515718,0.0008226572756184353,0.000257948310658038,0.0008939453608000081,1.2661492679102992e-06,0.006048377364042768,0.006049643513310678,300x300
VCV002093133,0.0002483157966658926,0.0001852553438286855,0.0008284843500081865,0.0002542643963073675,0.0008567630179868724,1.1482528811191176e-06,0.006071735127675934,0.006072883380557053,300x300
VCV002093951,8.850459142555948e-05,8.934841950823606e-05,0.0003652537723769639,6.569538897252227e-05,0.00022800315723259246,5.365877830624394e-07,0.0060316160859260805,0.006032152673709143,300x300
VCV002099241,7.445930579008803e-05,8.05137688468113e-05,0.00036957475577226173,4.9497337100616136e-05,0.0001707773805487145,3.9237355367160304e-07,0.005930626534711149,0.005931018908264821,300x300
VCV002105924,0.3967423620162869,8.951369308511797e-05,0.00038740159783844097,0.666675147313716,1.9999884577100995,1.0525392104849401e-07,0.005889853508455047,0.005889958762376095,300x300
VCV002107069,0.0002516835130611501,0.0001871033217084899,0.0008430379356905021,0.00027351327478735636,0.0007933919071899664,9.545861823180221e-07,0.006020100156352348,0.006021054742534666,300x300
VCV002108650,0.7861953750332596,0.000340498953945097,0.0015040346764643858,0.4452339643565452,1.9999905720377382,2.5141043933259166e-06,0.005972002496504807,0.0059745166008981325,300x300
VCV002109844,1.0759336862766566,0.0009537092279978129,0.00450992204160254,0.8935465039026435,1.999989801585897,1.066898155735116e-05,0.0060544358867054855,0.006065104868262837,300x300
VCV002112512,0.17678762507026213,5.380762596393197e-05,0.00020285107692169513,0.22224557044670754,1.9999966520883032,3.175062713645267e-06,0.005905227242152922,0.0059020521794392765,300x300
VCV002113651,0.25580818013120443,0.00029729531534799375,0.0012026672753902984,0.44504025770355415,1.9998635464946917,1.7239841170526952e-05,0.006038661211183891,0.0060214213700133645,300x300
VCV002118867,0.16895091831611092,0.0006672083408625271,0.003191031521673049,0.44717624433848235,1.9999885860379851,5.8246454035819e-06,0.00594254531687317,0.0059483699622767516,300x300
VCV002125367,2.9945698803797643e-05,3.895140540730522e-05,0.0001723561833411255,1.2929528656132247e-05,4.366536566768886e-05,1.0632711389471639e-07,0.006012567799612337,0.006012674126726232,300x300
VCV002127069,0.00033110630999038515,0.00021065085718693463,0.000966840342112564,0.0003653241137108064,0.0013339960085224645,2.999754600873164e-07,0.005939673793102058,0.005939973768562146,300x300
VCV002127458,0.00693619067212056,0.0010214729797894402,0.004500176727221028,0.014657959167563454,0.08505863878010933,1.3045648498681561e-05,0.0060619986046326,0.0060750442531312815,300x300
VCV002128131,0.784738398166772,0.0005020943243622925,0.0018915852854220483,0.4405980461867315,1.999983999438593,6.156931283765599e-07,0.006018870626787874,0.006019486319916251,300x300
VCV002130149,0.5829680273919793,0.005732241248040472,0.033633855639641594,0.6383616463614818,1.99958020807512,0.0001417584747473886,0.006119551480245107,0.006261309954992495,300x300
VCV002130496,1.686539747270682e-05,2.4627493886621954e-05,9.090004008415614e-05,4.589700046427521e-06,1.184426609812661e-05,1.8059509567722176e-06,0.006101288425170365,0.006099482474213593,300x300
VCV002130499,0.2298227172524525,9.059281732786807e-05,0.0004130833074805079,0.4444581104419927,1.9999998998285324,1.5151357932174925e-07,0.0059898294449525855,0.005989980958531907,300x300
VCV002133302,0.8870523885476845,0.00041871487363427196,0.0019264801951920235,0.6669183224430094,1.9999851550133045,1.4071833591968938e-06,0.00594602204763801,0.005947429230997207,300x300
VCV002133492,0.004901822882691369,0.0011013032242239275,0.005668372275572438,0.007593390073851575,0.025755843286628277,1.4184747140758534e-05,0.005979249394715592,0.00599343414185635,300x300
VCV002137903,0.4627565164448042,0.0011191695069997355,0.005418638826245811,0.888966597596788,1.9999850416191105,1.4337371151707141e-05,0.00590165395844306,0.005915991329594767,300x300
VCV002137911,0.07858153802908092,3.8936181610906795e-05,0.00017164070345037502,0.22223322931306524,1.9999972823491912,1.7337266475583868e-07,0.006083473909509457,0.006083647282174213,300x300
VCV002145182,0.08844620456236246,7.989676493228579e-05,0.0003504396649840341,0.2222717941492894,1.9999999059155642,7.361632519018932e-07,0.006189757970130688,0.00619049413338259,300x300
VCV002165036,1.0252174699230918,0.00018388071892936505,0.0008025348120016262,0.6667056446500348,1.9999974090213668,7.755233425296368e-07,0.006054710142062801,0.006055485665405331,300x300
VCV002169587,0.10106679352147026,8.112502956072654e-05,0.00033176208320611494,0.22225996306607015,1.9998806830886293,3.927071041427005e-07,0.005916955642311883,0.005917348349416026,300x300
VCV002185665,0.07860494443127149,6.075072084612762e-05,0.00027021457800247006,0.22225156130531654,1.9999965917683071,4.0137789843706917e-07,0.0061267452493790325,0.0061271466272774695,300x300
VCV002415630,0.07874951266493525,0.0001646229842688912,0.0007720613775907131,0.22239552299885437,1.9998827469001879,1.3982796333014344e-06,0.005952658029263957,0.005954056308897259,300x300
VCV002431091,1.874118899206242e-05,2.654064680041488e-05,0.00010783067977767485,5.084195613489248e-06,1.802297824260446e-05,1.5252202734978432e-06,0.00602855015871428,0.006027024938440782,300x300
VCV002431327,0.0787496027397025,0.00016521620051579498,0.0007466389308902407,0.22239496955970706,1.9998594046207883,1.5359288634561943e-06,0.006064657114634574,0.00606619304349803,300x300
VCV002446885,0.07860282364047295,6.0650857564901764e-05,0.0002786933865918939,0.22224787083534558,1.9999935817566734,4.3605883736329287e-07,0.006102474338481318,0.006102910397318681,300x300
VCV002446886,0.17037372884537128,0.0009086043385706109,0.004444688520338552,0.4494086404955048,1.999988466726415,1.3625018625291162e-05,0.006189757970130688,0.006203382988755979,300x300
VCV002450737,0.2780195015311127,0.00021005757757398613,0.0008949862143669482,0.44470244150156535,1.9999304004674794,6.62979286108166e-07,0.005966276698881448,0.005966939678167556,300x300
VCV002450740,3.092256321115382e-05,3.8871344656091306e-05,0.00016110838844859976,1.4335926971864588e-05,5.2023500132780676e-05,1.6909497285982206e-07,0.006141521932011677,0.0061416910269845365,300x300
VCV002450741,0.00017750385044095442,0.000148574416116122,0.0006071803408049942,0.0001579833593636658,0.0005468116939805201,8.433411245028014e-06,0.005958856126389857,0.005950422715144829,300x300
VCV002450742,0.34462961743988246,0.0004261891008771754,0.0018247563757141233,0.6678555750138921,1.9999900404787079,1.8821176709146042e-06,0.006166122035397438,0.006168004153068353,300x300
VCV002450744,0.17706348304900377,0.00020943654186685208,0.0009247532773128259,0.22257647627615926,1.9999209112652494,8.387123273442126e-07,0.006064127192874728,0.0060649659052020724,300x300
VCV002450746,0.10105487857212819,7.861108726510081e-05,0.00036097242883765396,0.2222403304883533,1.9998870767922066,6.642028372019423e-07,0.00605216001593852,0.0060528242187757215,300x300
VCV002450748,0.2778700737655276,0.00014369772361423413,0.000580698609395143,0.44451440432758527,1.99996976836958,8.148826881876695e-06,0.005925147348374577,0.0059169985214927,300x300
VCV002450749,0.17773934526738008,0.00042309890943090494,0.001933806046530262,0.22359662733568358,1.9996779260086655,1.2518636041611297e-06,0.006052419645793217,0.0060536715093973785,300x300
VCV002450750,9.319006762925526e-05,8.989968483697957e-05,0.0003830025114482799,7.259326401725602e-05,0.0002624395632208065,2.2886803995470634e-07,0.00597578299234999,0.005976011860389945,300x300
VCV002450752,0.17773472033326534,0.00040789628998152717,0.0017501414540048027,0.22362555038071452,1.999612786969621,1.9038951900689216e-06,0.006034464680016749,0.006036368575206818,300x300
VCV002450754,1.8101281957227665e-05,2.6083143376118413e-05,0.00010823637032211092,4.510701255807288e-06,1.5250648691567115e-05,1.5038117911828075e-06,0.0059865544631446865,0.005985050651353504,300x300
VCV002450756,0.757420000241345,0.005627662373978636,0.03411890874780839,0.8572088969391314,1.9995488991342134,0.00013085063466030875,0.0060281023383821734,0.006158952973042482,300x300
VCV002450757,2.992335599384933e-05,3.854775804205157e-05,0.00016758824188699284,1.293654215513603e-05,4.718075666854116e-05,1.2383908514282393e-07,0.006048056271095197,0.00604818011018034,300x300
VCV002450758,0.08846452086845283,9.10500547319445e-05,0.00039466816072209615,0.22229476528984643,1.9999998906866043,3.9815098623087464e-07,0.006001239531100709,0.00600163768208694,300x300
VCV002450759,8.495687162791529e-05,8.015979232528855e-05,0.0003084865303989437,6.792458616743257e-05,0.0002469812613128397,6.269948311004095e-07,0.006069618550308364,0.006070245545139464,300x300
VCV002461841,0.10119412534757628,0.0001843840103758748,0.000850605174982963,0.22236012059197108,1.9994453569739974,8.066410198698942e-07,0.005992581613966263,0.005993388254986133,300x300
VCV002461858,0.7903584256181256,0.0011141973725333713,0.005519770455743381,0.45145287216084423,1.99988385444889,1.494904379267803e-05,0.006138805529671768,0.006153754573464446,300x300
VCV002497632,0.0787496027397025,0.00016521620051579498,0.0007466389308902407,0.22239496955970706,1.9998594046207883,1.5359288634561943e-06,0.006064657114634574,0.00606619304349803,300x300
VCV002498689,0.2779081031918897,0.00016541983124992917,0.0007294984478534994,0.44455748675442686,1.9999554998341416,1.6565812879353742e-06,0.006192560388244677,0.006194216969532612,300x300
VCV002502882,7.918707368204702e-05,8.059849139864656e-05,0.00033773676078509285,5.7062782274587396e-05,0.00020554725565025134,6.449393870986558e-07,0.006103463773066643,0.006104108712453741,300x300
VCV002502898,5.188869412053053e-05,6.093367345811036e-05,0.0002776334595723656,2.823009500478128e-05,0.0001033169163862091,4.1693227919355896e-07,0.006103212002696516,0.0061036289349757095,300x300
VCV002503486,0.0054901825630638765,0.0011040898342255631,0.005441774842878035,0.008422983492092313,0.031113299585818988,1.36145369495147e-05,0.006111954265492125,0.00612556880244164,300x300
VCV002505496,0.14143123507278987,6.0212765877633474e-05,0.00027271869898004564,0.22222784465396106,1.9999062689783642,6.011943193516556e-07,0.006099881127277526,0.0061004823215968776,300x300
VCV002565398,0.11908824169707588,0.0006787472089578796,0.0030539912822276152,0.22358497695923774,1.9861926241683516,4.088116251009868e-06,0.0058444179878487075,0.005848506104099717,300x300
VCV002565400,0.8963665092300555,3.88990783359254e-05,0.00017351465679343175,0.6666741401363709,1.9999999562033954,5.81506673464835e-08,0.005968897654950129,0.005968955805617475,300x300
VCV002572992,0.43579354193166214,0.0004244928028451926,0.0020260020449257843,0.6660222500934109,1.9996751767223633,9.927317602071231e-07,0.0061821282709822135,0.006183121002742421,300x300
VCV002573230,0.18043163951979563,0.00046195864750663983,0.0020947711913380934,0.44527663546264074,1.9976318977484833,2.4394531251848567e-06,0.005883490632467745,0.00588593008559293,300x300
VCV002574117,0.1809874454074081,0.0007037386298916391,0.0031206695297513326,0.44533829441657286,1.993735755518351,5.447788319561976e-06,0.005923067997310956,0.005928515785630518,300x300
VCV002575169,0.08845815735598135,8.951721618050665e-05,0.00039356870726152404,0.22228344939279898,1.9999998815562137,5.145568143811313e-07,0.006151056969452654,0.006151571526267035,300x300
VCV002575170,0.07864082944264862,9.010886861351037e-05,0.00040891647261813435,0.22228358740226462,1.9999773281758078,6.749190362576735e-08,0.00597939155267319,0.005979459044576816,300x300
VCV002575171,9.054089156656782e-05,9.046236754876686e-05,0.0004003390952855429,6.609845765612497e-05,0.0002392050798092349,5.187859654582141e-07,0.006108808507114772,0.0061093272930802306,300x300
VCV002575172,0.19644553035969825,8.835543459655424e-05,0.0003922996367471468,0.4444632612394913,1.999983778549524,3.892590945955496e-07,0.006000552827726383,0.006000942086820979,300x300
VCV002575177,9.052847380327369e-05,8.892183425447935e-05,0.00038131040230900137,6.820949143695711e-05,0.00024810874472736,4.901464322470961e-07,0.006066525716865681,0.006067015863297928,300x300
VCV002576252,0.17687948109625168,0.00012485121753001282,0.0005707509315214521,0.2223400049654099,1.9999721065706106,1.019098220436665e-06,0.006010576549277011,0.006011595647497448,300x300
VCV002576253,0.07863074544229365,7.989483663652242e-05,0.000351194625281645,0.2222760427289977,1.9999815839115787,1.2719665287708182e-07,0.0060274820483502065,0.0060276092450030835,300x300
VCV002578514,0.7070583812309678,9.060378615975126e-05,0.00040697048602816865,0.22228339269053699,1.999999382758431,4.726265790816475e-07,0.006079077515199647,0.006079550141778729,300x300
VCV002578515,0.2651970326004612,9.040030753459003e-05,0.00040893231031380317,0.444499010770924,1.9999998833254984,5.014015410980885e-07,0.006118315473124169,0.006118816874665267,300x300
VCV002578516,0.19644591265751082,8.915904142917039e-05,0.00037591723212913875,0.4444629473840684,1.999993996101638,4.6240516976721324e-07,0.006088856372218888,0.006089318777388655,300x300
VCV002583811,0.08294691507576794,0.0011452894612181315,0.005818379363440242,0.2279160255895873,1.9844155680043452,1.3342484321616187e-05,0.006061490946337899,0.006074833430659515,300x300
VCV002583820,0.1802153584589702,0.00041985868752207194,0.001895405635823591,0.4450398680714205,1.9994851053214981,2.6807579402631995e-06,0.00611752787362398,0.006120208631564243,300x300
VCV002584754,0.7083883040680464,0.0004808410225546325,0.002165070739415305,0.22452467051064287,1.999983787989481,3.310140815887888e-06,0.005936751725475655,0.005940061866291543,300x300
VCV002584755,0.08183099578066129,0.0009199214385205581,0.004496884394432743,0.22652052643901813,1.989912091531931,1.0272445280084044e-05,0.0059805888993925554,0.0059908613446726395,300x300
VCV002585521,0.16800992038259716,0.0007388458800676768,0.003159581558974195,0.4441556691855128,1.9999906049530103,6.784588276126727e-06,0.006017285138852874,0.006024069727129001,300x300
VCV002585877,0.0011245724752275957,0.0004639094386408089,0.002199483231707461,0.0015066298475332844,0.005455735657292626,4.690793123185086e-06,0.006130999567176398,0.006135690360299583,300x300
VCV002585878,1.8830105756612863e-05,2.686919893954642e-05,0.00010858929833679892,5.13476220049331e-06,1.633833174452537e-05,1.6009084926171119e-06,0.0060149851590775814,0.006013384250584964,300x300
VCV002585879,0.7097588088897905,0.0006947788131925272,0.0030904585821442954,0.22678443322158545,1.9999594329251509,6.597915590763476e-06,0.005917157483981266,0.005923755399572029,300x300
VCV002585880,0.19092617085111482,0.0006625427477861749,0.003209558946113064,0.44625148144525517,1.99998944154229,6.3605248193142686e-06,0.00605458785557303,0.006060948380392344,300x300
VCV002585881,0.2553251221003132,3.8600875731065826e-05,0.00016285337715457593,0.44445735109127416,1.9999981789460222,4.96819224848552e-08,0.006022774005115779,0.006022823687038264,300x300
VCV002585882,1.667779195560842e-05,2.4103713682276277e-05,0.0001020081931743938,3.6719985805221277e-06,1.2826312754010694e-05,1.8498893884638656e-06,0.005977406459716027,0.005975556570327563,300x300
VCV002585884,0.9739495759805542,0.0006718578977289719,0.003319774828378662,0.6693785824585815,1.9999874846667816,6.760213559894347e-06,0.006076157612197152,0.006082917825757046,300x300
VCV002592148,0.8837914167573689,8.038998641020931e-05,0.0003443432685651601,0.4444986452260548,1.999999462966721,1.6816761621261944e-07,0.006091013804615396,0.006091181972231609,300x300
VCV002592176,9.272919509634225e-05,8.997334089996513e-05,0.0003861062552163036,7.185780521696334e-05,0.00025812557711590856,1.6433296447845164e-07,0.005933715562452094,0.005933879895416572,300x300
VCV002627017,0.1414182173405659,3.9135605428460055e-05,0.00017991948609809988,0.22222545139959257,1.9999630123232701,1.6159964302039226e-07,0.005984129772131958,0.005984291371774978,300x300
VCV002627952,1.1686395923292663,0.00021757962738609452,0.0009753913935168293,1.111171338671821,1.999998279009265,1.0765828302276848e-06,0.006043453674320373,0.0060445302571506005,300x300
VCV002633257,0.30772838093977783,0.005718561594451919,0.033959015990317434,0.48366362444455085,1.9929890988393137,0.00013029861711340643,0.006142959586743057,0.006273258203856463,300x300
VCV002633380,0.07862769455162676,7.972253565967687e-05,0.00034332908500550596,0.22227209796172717,1.9999762805025723,5.784095321098234e-07,0.006022337925869452,0.006022916335401562,300x300
VCV002671888,8.003338355440179e-05,8.06775130114524e-05,0.00034043248803331677,5.8847081651948306e-05,0.00020880136351764111,5.311756894315484e-07,0.006001488742288093,0.006002019917977525,300x300
VCV002674004,0.3331658579650909,0.0008668439393668434,0.0032297104072996213,0.6726748060264849,1.999987817295417,6.82418965779457e-06,0.005908698374103326,0.005915522563761121,300x300
VCV002674426,0.07901173229084028,0.00030570555954746416,0.0013132212890796524,0.22269520407653262,1.9996219618601647,1.80983338057307e-05,0.006186358823588188,0.006168260489782458,300x300
VCV002679237,0.08158115208667993,0.0009013967374510638,0.004516635977584907,0.22619916456974845,1.992102404863737,1.2783825893271025e-05,0.006056770266768499,0.00606955409266177,300x300
VCV002679239,0.0009143663272928621,0.00040630437887431595,0.001931996484073946,0.00120933894143808,0.004156913585786293,1.8621816351852352e-06,0.0060824054231851665,0.006084267604820352,300x300
VCV002679241,0.2579939552826854,0.0009080081153184389,0.004676994617369784,0.4483080549889288,1.9984921235278916,1.353084209732014e-05,0.0061872241068447595,0.00620075494894208,300x300
VCV002682095,0.7070441380636451,7.999257573844129e-05,0.00036883631485620794,0.22226796557552614,1.9999995057010156,6.00289587131958e-07,0.006099469319800495,0.006100069609387627,300x300
VCV002683739,1.8517282617537418e-05,2.645510436790357e-05,0.00010642783608361128,4.827235729365498e-06,1.7015707363232657e-05,1.540413449458225e-06,0.006006804316305826,0.006005263902856368,300x300
VCV002683741,0.4450269042357107,0.0002919505631268722,0.001196343116762963,0.8891655558720255,1.9999780020921427,1.6550735857399045e-05,0.006010855488094423,0.005994304752237024,300x300
VCV002683899,0.565200174191915,0.00571620295568097,0.03484138831970818,0.635247734603753,1.9995811979429499,0.0001410994800744433,0.006040673138644439,0.006181772618718882,300x300
VCV002687640,0.10104726809515133,6.14615787517514e-05,0.0002602425918670631,0.22224658110558015,1.9999378503621095,1.2547939886534826e-07,0.00591834095871709,0.005918466438115956,300x300
VCV002687642,0.7070245638427942,6.104158771719196e-05,0.00026530295005024185,0.2222530150666367,1.9999996933961128,5.428303254352215e-07,0.006116603039847268,0.006117145870172703,300x300
VCV002687646,0.7097588088897905,0.0006947788131925272,0.0030904585821442954,0.22678443322158545,1.9999594329251509,6.597915590763476e-06,0.005917157483981266,0.005923755399572029,300x300
VCV002687675,0.18018122415937163,0.0007069474468577269,0.0033891419190972896,0.44389611019196085,1.9932752754702956,9.948871158691266e-06,0.0061753788738417425,0.006185327745000434,300x300
VCV002687678,0.10268125900621933,0.0006731771529059072,0.003085006713909884,0.22431455693429708,1.99305303542817,7.52784080814816e-06,0.006059063878765029,0.006066591719573177,300x300
VCV002687714,0.4887050808118476,0.005818946484738203,0.0352327728143188,0.8460638699173758,1.9953702274260976,0.00013693314708308583,0.006041767831664706,0.006178700978747792,300x300
VCV002687720,0.10111675997065739,0.00012515007522734205,0.0005600324397537354,0.22229456389616717,1.9997473998014224,9.19919431468727e-07,0.0060733260529226615,0.00607424597235413,300x300
VCV002693090,0.41847146772615434,0.0009004321579357336,0.0045545486193726975,0.6647431900087604,1.9978879098380395,1.2259509395684196e-05,0.006125771217917932,0.0061380307273136165,300x300
VCV002693943,0.07944189357350345,0.0004330058103542961,0.0019963079977163636,0.22327690818228937,1.998438502888689,2.566921302218396e-06,0.006063808089341691,0.006066375010643909,300x300
VCV002694309,0.10102366593993176,3.872808426264299e-05,0.00016711091826981939,0.2222311240881204,1.9999757502018862,7.974798991918636e-08,0.00587323358746775,0.005873313335457669,300x300
VCV002694455,0.0002953939273477152,0.00018607492363354562,0.000775122063467075,0.0003325474021899952,0.0011953262843087398,8.150960818693875e-07,0.005958536909283839,0.005959352005365708,300x300
VCV002694482,8.191138454385978e-05,8.227405644752205e-05,0.00035726018905014867,5.98388113444765e-05,0.00021397747224893848,5.90370101040058e-07,0.006158467275299272,0.006159057645400312,300x300
VCV002694666,0.21999351272147646,8.157570771188987e-05,0.0003537496719857036,0.4444445362541851,1.9999170562259398,3.496574161017743e-07,0.006035036982378585,0.006035386639794687,300x300
VCV002697350,0.23015715019514765,0.0004975302110284924,0.002435482332467799,0.44472690246501795,1.9999524184545485,1.642068480568054e-05,0.006136334191137733,0.006119913506332052,300x300
VCV002698086,1.8882420587163685e-05,2.697117619906711e-05,0.00011245684481792084,4.6627029830369355e-06,1.6387005901674634e-05,1.4591349661490297e-06,0.006291415002643443,0.006289955867677294,300x300
VCV002698363,0.17193595810842566,0.0011127349673738136,0.005738138765914259,0.4518264327156676,1.9999870934824844,1.0309383534304155e-05,0.005975048472163992,0.005985357855698296,300x300
VCV002700111,0.0006863411335842426,0.00033695165907350806,0.0016020538130370188,0.0009020893296049554,0.0028985660794043078,2.5389168377713475e-06,0.005946867678661036,0.005949406595498807,300x300
VCV002702402,2.9945698803797643e-05,3.895140540730522e-05,0.0001723561833411255,1.2929528656132247e-05,4.366536566768886e-05,1.0632711389471639e-07,0.006012567799612337,0.006012674126726232,300x300
VCV002704028,0.784738398166772,0.0005020943243622925,0.0018915852854220483,0.4405980461867315,1.999983999438593,6.156931283765599e-07,0.006018870626787874,0.006019486319916251,300x300
VCV002705869,0.001075762488434072,0.00042693787144468145,0.0019281799807340447,0.0015990746853870646,0.004365946495445638,2.8690152991447254e-06,0.006141274735479239,0.006144143750778383,300x300
VCV002708721,1.3949849993141574,0.005789376288212759,0.035736347185883394,0.9266868659160047,1.999548630329162,0.00014050010041981656,0.006024207591673639,0.006164707692093456,300x300
VCV002712006,0.9374681129205799,0.005657233047149008,0.03423797815400684,0.6408043984445534,1.9989503187034654,0.00014119974988906908,0.005956722578586092,0.006097922328475161,300x300
VCV002713414,0.7072321186217775,0.00018583187322766988,0.0008453160632848136,0.22249204408129236,1.999997406810695,5.267722472859088e-07,0.006026347217530849,0.006026873989778135,300x300
VCV002714412,0.22006693365309357,0.00018508092694968805,0.0007615877757030862,0.4444985380898484,1.9999657895722684,2.4948232936472525e-07,0.005922794340159905,0.00592304382248927,300x300
VCV002722311,0.8484141437310613,7.835294958618046e-05,0.00034316484210450415,0.4444541887914785,1.999999475983879,1.2875454820371335e-08,0.006030496700375039,0.006030509575829859,300x300
VCV002723090,0.2799646625489267,0.0009202486382426143,0.004555918854451627,0.4476292123132237,1.9976104980486304,1.441716516018942e-05,0.006159593164339809,0.006174010329499998,300x300
VCV002725288,0.1964058064997004,3.944931902197121e-05,0.00015885409785353077,0.44444653337083967,1.9999844647124005,4.4961521985555086e-08,0.006001740347005695,0.006001785308527681,300x300
VCV002725641,0.318265183576481,0.00021306719618936515,0.0009037973031716384,0.4444965636809439,1.9999291997838466,6.249280258292106e-08,0.006144709468082884,0.006144771960885467,300x300
VCV002728320,0.00048647301013501833,0.0002962490942114542,0.0012633360406017896,0.0005488388513966096,0.001871382073572403,1.6891789949903882e-05,0.006217000132006213,0.006200108342056309,300x300
VCV002734152,1.8655352754557986e-05,2.6424976517776275e-05,0.00010365760958552794,5.224043584174511e-06,1.7441316924493577e-05,1.5442555705499905e-06,0.00599604688375618,0.00599450262818563,300x300
VCV002736412,0.19477016399880379,0.0011650671152979516,0.005520864967041461,0.4538078944827099,1.9999867034097654,1.2889439142226358e-05,0.005962742491893631,0.005975631931035857,300x300
VCV002736417,0.18023669982195484,0.0004520348499810804,0.002194887975300111,0.4450295820598122,1.9997856566860164,4.5560530629457086e-06,0.006099469319800495,0.0061040253728634405,300x300
VCV002736428,0.08946839946489502,0.00042415066370310293,0.0019111979745755625,0.22374505520469226,1.9999891310828595,1.7166417418303798e-06,0.006114708650788487,0.006116425292530318,300x300
VCV002736830,0.10106721383608619,8.959500207108234e-05,0.00040106799990226316,0.22224965260612914,1.9998613250103554,5.137232430823396e-07,0.006155773360718283,0.0061562870839613655,300x300
VCV002740572,0.17971670439011586,0.00016394500678289665,0.0007581760591514955,0.44455002502756025,1.9999662375505878,9.75620743776974e-07,0.0060635339516903345,0.0060645095724341114,300x300
VCV002741113,0.11798046496590747,0.00016625125053353138,0.0007053063074228261,0.2223172828666211,1.9992150775649769,1.16827375791842e-06,0.00600258249195245,0.006003750765710369,300x300
VCV002742385,0.17679346815166913,6.11254633773735e-05,0.0002766631986477752,0.2222500964158078,1.9999944197661512,5.572203821213942e-07,0.005972857869484219,0.00597341508986634,300x300
VCV002743200,0.00032371714555305323,0.00021457365777693141,0.0009907768728608518,0.0003560059614328765,0.0012177227997854922,7.856961708003693e-07,0.006032526104158796,0.006033311800329596,300x300
VCV002747064,0.07913977485152354,0.0003431607784936496,0.0016006668026911988,0.2228256931438499,1.9982428369865448,2.7705032782333536e-06,0.005941057670446766,0.005943828173725,300x300
VCV002748009,0.1767616434064019,2.6852112451471603e-05,0.00010930689931028248,0.22222711190190106,1.9999992641921809,1.5289948923757207e-06,0.006005801713139603,0.006004272718247227,300x300
VCV002748594,0.17960984981568717,8.185730679176198e-05,0.0003329249299246356,0.4444609547215972,1.9999129608806783,6.25935215521102e-07,0.005962367237386796,0.005962993172602317,300x300
VCV002750393,3.881308920874412e-05,5.0093207185808626e-05,0.00019777385051741175,1.5711788381124316e-05,5.289435713107249e-05,3.5532212499531438e-06,0.006160334157914618,0.006156780936664665,300x300
VCV002750977,0.17704530373763228,0.00020713363682914383,0.000963914789560455,0.22255098606493368,1.9999352797454324,1.0551994748062704e-06,0.005924625130029745,0.005925680329504551,300x300
VCV002751357,0.10106187514674672,8.193812814717772e-05,0.00035807893090525345,0.22225298427198967,1.9998864709999395,7.236077399896262e-07,0.0060096444034711686,0.006010368011211158,300x300
VCV002752474,0.6109102238811057,0.0006879383481588259,0.0030262187873415294,0.6694957005390121,1.9999898000145293,7.494218175853502e-06,0.006015519409558917,0.00602301362773477,300x300
VCV002753213,0.07901490111926122,0.00030338247499853436,0.0012997997303228759,0.22270723867262998,1.999610612802127,1.8270541139435263e-05,0.006030434219347942,0.006012163678208507,300x300
VCV002753670,0.7890915386234079,0.0009282959529017564,0.004608813386957483,0.4495109370800091,1.9999216415893453,9.9373280558427e-06,0.006052054361453105,0.006061991689508947,300x300
VCV002754320,0.17683406165482426,9.145641453633946e-05,0.0003965160193089151,0.22228989150632816,1.9999868260651523,5.563028673341575e-07,0.006124043099238077,0.006124599402105411,300x300
VCV002755244,0.978509127394571,0.001103644380201123,0.005386725594707827,0.8930791385174963,1.9999869301314281,1.3944062184733166e-05,0.006049789543474648,0.006063733605659381,300x300
VCV002757170,0.18160795670708801,0.0009038527300897643,0.0046048279991647845,0.4464709249718518,1.9983943890286062,1.1880502063332452e-05,0.006099469319800495,0.006111349821863827,300x300
VCV002757236,8.21559092727487e-05,8.655121849431307e-05,0.00039631064115575043,5.547214724635177e-05,0.00020090685455409485,4.4525399862851284e-07,0.006031238857745304,0.0060316841117439325,300x300
VCV002758091,0.8894646990430576,0.0011026563942335135,0.005447213111729292,0.6695609331583299,1.9998875072733142,1.2308464739083959e-05,0.005919709178932421,0.005932017643671505,300x300
VCV002758105,0.07964436935455203,0.00044727599842529005,0.002059087886421146,0.22365927640731773,1.999610648081919,4.9616764274031805e-06,0.006096266643845617,0.00610122832027302,300x300
VCV002758376,8.479188727917715e-05,8.036698165328357e-05,0.0003158319973034368,6.787169688399825e-05,0.0002437215506250201,5.975514944028468e-07,0.005959526698059249,0.005960124249553652,300x300
VCV002758378,1.8775397641131213e-05,2.6508492954363026e-05,0.00010240287763756822,5.398879341996417e-06,1.8280095590239576e-05,1.5041540921455557e-06,0.006051159029521646,0.0060496548754295,300x300
VCV002760320,0.10111119486196954,0.00012645861514612406,0.0005542301096119542,0.22228363547063357,1.999729353261092,8.699312575022322e-07,0.0061648060589987634,0.006165675990256266,300x300
VCV002762877,7.047798734535159e-05,7.85450132693398e-05,0.00036165425499654763,4.376018211139766e-05,0.00015279580839100415,2.5967924751832405e-07,0.0059931859169966364,0.005993445596244155,300x300
VCV002765882,0.00027124037721854916,0.0001858364043126015,0.0008093822236736326,0.0002902463598465725,0.0010217469503760457,1.1379667662955034e-06,0.006020214772153835,0.006021352738920131,300x300
VCV002766336,0.07863488426383035,8.807479318415571e-05,0.0004064453412918334,0.22227604232333226,1.9999931327797027,4.754235858588779e-07,0.006045037951461749,0.006045513375047608,300x300
VCV002768025,0.11787165091588257,6.097359778624833e-05,0.0002706226690423266,0.22223430075686915,1.9998990764648976,2.9334998032266857e-07,0.0058413839719395014,0.005841677321919824,300x300
VCV002770043,3.662136731056399e-05,4.572926173307806e-05,0.0001759331134242592,1.615484695334975e-05,5.7503515691115226e-05,3.253997237193801e-06,0.006005662887658256,0.006002408890421062,300x300
VCV002770131,0.4239305195484443,0.0009291816702674865,0.004323178095053268,0.8840455559741511,1.999989376836802,9.575210263844912e-06,0.0059920332273515845,0.006001608437615429,300x300
VCV002770881,0.9140843866912398,0.00043296953314968077,0.0020229100534330663,0.6682119269287978,1.9999842869349191,2.043765100112789e-06,0.005993280882861898,0.005995324647962011,300x300
VCV002771285,0.1769887939819479,0.00018431311097384285,0.0008354988464480545,0.22247511501555006,1.9999435898268942,1.2238027781372174e-06,0.006055080776764974,0.006056304579543112,300x300
VCV002772863,0.3209487861043777,0.00042320388479174387,0.0019095982154949398,0.6662023170923521,1.9988526041382393,9.753359026878905e-07,0.006060958313211143,0.006061933649113831,300x300
VCV002774646,1.8164162172776473e-05,2.6302765899386582e-05,0.00011081926529415975,4.159768265177277e-06,1.4358791410318261e-05,1.5309108451913925e-06,0.006209146012961979,0.006207615102116788,300x300
VCV002774648,0.17699930224311816,0.00018646258092745437,0.0007979805862231709,0.22250372612053906,1.9999340170960465,8.413094861308562e-07,0.0060258732623298,0.006026714571815931,300x300
VCV002774652,0.0786106103378657,6.195218022700347e-05,0.0002554125563482487,0.22226067057505153,1.999994845216353,1.9841024403999263e-07,0.005988230579490923,0.005988428989734963,300x300
VCV002780372,0.08308839781655833,0.0011238746625095255,0.005712432269651541,0.2283976485154704,1.9886166779304668,1.537479087423358e-05,0.006052267121995295,0.006067641912869529,300x300
VCV002786633,0.10104164048496153,6.134047354880506e-05,0.0002875908730061022,0.2222369257488671,1.999941606916032,5.15255303808887e-07,0.006087146786914295,0.006087662042218104,300x300
VCV002794988,4.4025762271650816e-05,5.487745064197826e-05,0.00022331035661886378,2.0728886915239502e-05,6.705196270162528e-05,3.2339006779697616e-06,0.005992712936471154,0.005989479035793184,300x300
VCV002795844,3.058562075783201e-05,3.873494843817715e-05,0.00016231648187722825,1.4376556490280912e-05,4.975597888501326e-05,1.0509467220087831e-09,0.00593371799982809,0.005933716948881368,300x300
VCV002808558,0.0016358632943354455,0.0005277985400753793,0.0023762672904167753,0.0024845341084263925,0.007656136819714665,3.7486953624018063e-06,0.00597005027897092,0.005973798974333322,300x300
VCV002809259,0.005269964275780928,0.001118579353473384,0.005687766106056244,0.00799705647968749,0.029317908774160517,1.4407962625005884e-05,0.006117479675120269,0.006131887637745275,300x300
VCV002809736,0.18308438806512928,0.0008993890611137792,0.004082753984048171,0.44904515960120484,1.9984153305964387,7.473412649661865e-06,0.005913295010945447,0.0059207684235951085,300x300
VCV002809879,0.10107013567287544,9.120575145404865e-05,0.00040521934937501336,0.22225569589023061,1.9998600546491172,4.192243860390299e-07,0.0060811756901104855,0.006081594914496525,300x300
VCV002810891,0.1417102153614944,0.0004279745590159737,0.0018161771507096344,0.22251319171298586,1.993077006731065,5.196202130745148e-07,0.006060565625011421,0.006061085245224495,300x300
VCV002811194,0.2778891026490501,0.00016224990307055624,0.0007462355626792622,0.4445279009713345,1.9999620256686557,1.2341080349387648e-06,0.005993234501274788,0.005994468609309727,300x300
VCV002813101,0.7070245638427942,6.104158771719196e-05,0.00026530295005024185,0.2222530150666367,1.9999996933961128,5.428303254352215e-07,0.006116603039847268,0.006117145870172703,300x300
VCV002816490,7.581342080779673e-05,7.913470735043039e-05,0.00035683208573672465,5.1300024993045706e-05,0.00018935103074235737,1.120890951236686e-08,0.006043195605691824,0.006043206814601337,300x300
VCV002817584,0.0012301206669268505,0.0004574926288869049,0.0021250634640706187,0.001692879825204373,0.006272780553750579,4.068673533081171e-06,0.006023984307691721,0.006028052981224802,300x300
VCV002818666,1.1254636538298655,0.0008876711483057306,0.00458579825013157,0.8871262733067289,1.9999224039706585,1.2966250651357848e-05,0.006037444816270308,0.006050411066921666,300x300
VCV002819586,8.907776945963203e-05,8.917869270465043e-05,0.00039879495181820157,6.540533234887668e-05,0.0002353410337041506,3.1439058663460667e-07,0.005964628763919585,0.00596494315450622,300x300
VCV002820577,0.2802039877019885,0.0009143375004469616,0.004203920979331248,0.4476998416159772,1.9973366488788526,1.2293069208258074e-05,0.006061538050707074,0.006073831119915332,300x300
VCV002821588,0.0824213568211423,0.0009141236832193473,0.004350443840395915,0.22794341550365896,1.998069831347649,1.244905167965913e-05,0.006103463773066643,0.006115912824746302,300x300
VCV002822693,0.10104526669157783,6.135631667879484e-05,0.0002556074582910489,0.22224355411472935,1.9999351707274196,3.9868454916863055e-07,0.005974845601180291,0.005975244285729459,300x300
VCV002822703,0.0002237361357336837,0.0001659800745315205,0.0007340493539299275,0.00022639217728257253,0.0007959660409243563,1.3845370467656729e-06,0.006036126882058159,0.006037511419104925,300x300
VCV002823071,0.08851874618217644,0.0001263252085080755,0.0005583740400503107,0.2223529421995098,1.9999997652042998,8.925560925580195e-07,0.006024317243788704,0.006025209799881262,300x300
VCV002823728,7.649913205074546e-05,7.936215130336169e-05,0.00034481660419088955,5.286191605295235e-05,0.00019137030124649623,2.2231913411868004e-07,0.006120457509876686,0.006120679829010805,300x300
VCV002824172,2.9235574690771056e-05,3.884319174437772e-05,0.00017679882750946951,1.1137986958324278e-05,3.903820998885088e-05,2.50219503741822e-07,0.0061870676316125054,0.006187317851116247,300x300
VCV002825623,0.7070568216553315,8.982025872534169e-05,0.0003991803875818406,0.22228190134017842,1.9999993895754002,6.043177798046098e-07,0.006199792318825588,0.006200396636605393,300x300
VCV002826604,0.17682094385189984,8.100160800095991e-05,0.00035105750671584474,0.22227744619273768,1.9999877333825917,9.10306807893127e-08,0.00609388633088874,0.006093977361569529,300x300
VCV002827498,7.622293891598682e-05,8.092883169872785e-05,0.00035767704618410584,5.185323827949784e-05,0.00017961443796710164,5.776320236051957e-07,0.0061491680002336655,0.006149745632257271,300x300
VCV002830689,0.26961013626449487,0.0006697488432892412,0.0030876332127663386,0.6685721167978982,1.9999910752440018,6.36241404142375e-06,0.005974845601180291,0.0059812080152217145,300x300
VCV002831221,0.4975813986242704,0.00045180742641119046,0.002058328285224273,0.8882526358752395,1.9995950160139304,4.331082541009397e-06,0.005982917395038688,0.005987248477579698,300x300
VCV002831384,0.19392450758032417,0.0010993766131906736,0.005340106685744098,0.450547029072614,1.9999846877413696,1.154051064282055e-05,0.006038128079993993,0.006049668590636813,300x300
VCV002831831,0.25630855873600417,0.0004472439939356758,0.0021257944563288014,0.44578099627799816,1.9996819047368606,4.2521044349890305e-06,0.0060015530160181345,0.0060058051204531235,300x300
VCV002831998,0.07944189357350345,0.0004330058103542961,0.0019963079977163636,0.22327690818228937,1.998438502888689,2.566921302218396e-06,0.006063808089341691,0.006066375010643909,300x300
VCV002832675,0.22006693365309357,0.00018508092694968805,0.0007615877757030862,0.4444985380898484,1.9999657895722684,2.4948232936472525e-07,0.005922794340159905,0.00592304382248927,300x300
VCV002837086,1.1034732107970704,0.0057551748922558725,0.034971975226772006,0.9295383338270793,1.998951858183028,0.0001530855599688706,0.00601281929099666,0.0061659048509655305,300x300
VCV002837534,9.927351352864751e-05,9.277155208087728e-05,0.0004025564300717127,9.158716626641213e-05,0.00025891892621898727,2.747714827550443e-07,0.0057933412679819956,0.005793616039464751,300x300
VCV002839842,4.4464455336353576e-05,5.432209178211318e-05,0.00022312598143540974,2.1206375224032865e-05,7.342997360582082e-05,3.285306557889757e-06,0.005920510237358796,0.005917224930800906,300x300
VCV002843482,0.18035763370066787,0.0004128569074000127,0.0018851975176101682,0.44528668523387793,1.9991693935727821,6.036608123181214e-08,0.00601710901010704,0.006017169376188272,300x300
VCV002844292,0.141427379398843,5.291240834277593e-05,0.00022118447553685916,0.22222653073184684,1.9999372009316287,2.9782693133457647e-06,0.0060722629691616235,0.006069284699848278,300x300
VCV002845400,3.836952420868458e-05,4.850157446917572e-05,0.0001844486097968695,1.6922602692913556e-05,5.668604937658639e-05,3.497284275675791e-06,0.0059620064610339165,0.005958509176758241,300x300
VCV002845517,0.2704365973865469,0.0008944037135197624,0.004300993922757783,0.669495684758352,1.9999892690370276,1.1344461842329075e-05,0.006112909774248534,0.006124254236090863,300x300
VCV002848501,0.21912660358183172,0.0004219959476223217,0.0019237843860289844,0.44439888989132714,1.9973224717275655,2.188133082950232e-06,0.0061195988530093155,0.006121786986092266,300x300
VCV002852335,0.17694673264484767,0.00016362703840694165,0.0007447705532689156,0.222421014469498,1.9999533950123631,1.5374044239502976e-06,0.006090817009021872,0.006092354413445822,300x300
VCV002853071,5.645136749449302e-05,6.240974932955342e-05,0.00026025665400060405,3.683792715214462e-05,0.00012277846020991579,4.449060326122689e-07,0.006030722692929964,0.006031167598962576,300x300
VCV002857350,0.14141806935676846,3.926880391070421e-05,0.00016544464404621984,0.22222506825987035,1.9999454348595163,1.5741962594573167e-09,0.006043295729564595,0.006043297303760855,300x300
VCV002858172,0.3290985644993988,0.005813479593148463,0.03355073076486648,0.7105122749936869,1.995495068410049,0.00013435624835489,0.006163417389053832,0.006297773637408722,300x300
VCV002858717,0.10324008330791795,0.000910937985480796,0.004607732446571325,0.22473353279687114,1.9878865931483478,1.1161031483487675e-05,0.0060534835911035005,0.006064644622586988,300x300
VCV002858995,0.8080902694596899,0.00012575911169803743,0.0005678028257314616,0.44452156300425216,1.9999987246045463,7.366005876797282e-07,0.006035108607421286,0.006035845208008966,300x300
VCV002859226,0.3968685028554999,0.00028718723121220834,0.001179218492182263,0.6667410138410204,1.9998673064407888,1.6266029790012494e-05,0.005925147348374577,0.0059088813185845645,300x300
VCV002859626,1.065470296255857,0.0011022480972459748,0.005684756489154369,0.8910024830177782,1.9998823835035884,1.5016799176228307e-05,0.006031039361588918,0.006046056160765146,300x300
VCV002860975,0.10118725549016122,0.00018526775613030203,0.0008423573988126376,0.22234432923921954,1.9994115340425622,1.0571250617097405e-06,0.006072054728884942,0.006073111853946652,300x300
VCV002863237,0.0002793590133976812,0.00019364504862137905,0.0008446673318353998,0.0003306077180936044,0.0008595382473938207,9.360698991012564e-07,0.006079861471141885,0.006080797541040986,300x300
VCV002867551,0.10118647064344431,0.00018758424337501968,0.0008003130938854519,0.22234052966654405,1.9993302379656495,1.0603507100736057e-06,0.006084579564213629,0.006085639914923702,300x300
VCV002871190,1.6547525075081036e-05,2.387077944251883e-05,8.930720208398524e-05,4.238198844294969e-06,1.3821990302309572e-05,1.7231752379772564e-06,0.005910442018244423,0.005908718843006445,300x300
VCV002899103,0.1011398002418412,0.00014620542571523875,0.0005945395033290016,0.2223077039518575,1.9996873611918347,8.298472312345817e-06,0.006131718237298207,0.006123419764985861,300x300
VCV002904580,0.27780302703045595,8.0777685267439e-05,0.0003529948171979158,0.4444707929946799,1.9999898738882513,6.745432422237616e-07,0.006170250359942502,0.006170924903184726,300x300
VCV002913609,7.566690922140158e-05,7.788342711416709e-05,0.00034022962805222573,5.355753685776232e-05,0.00019118108813998003,6.002664870649599e-07,0.006001596853266039,0.006002197119753104,300x300
VCV002919404,4.347391449007057e-05,5.252093507840298e-05,0.00021076234753811263,2.143871482845277e-05,7.557752483122737e-05,3.0699054862333777e-06,0.005951098367315693,0.005948028461829459,300x300
VCV002959075,0.1768716313153178,0.00012415425609578362,0.0005828850884716866,0.2223246366145366,1.9999714405373208,1.3902528387208651e-06,0.006156346408041078,0.006157736660879799,300x300
VCV002969522,0.7070434804141018,7.92696334968845e-05,0.0003652865589487894,0.22226898195542974,1.9999995004503899,7.03490928094519e-07,0.005953681027450065,0.00595438451837816,300x300
VCV002978889,0.07876332511789534,0.00016813816047354824,0.0007431679318268825,0.22240640645608187,1.9996948362153653,1.5053373609939108e-06,0.006051221755862331,0.006052727093223325,300x300
VCV002980554,0.17677209223809992,3.880124285618656e-05,0.00018288744100974225,0.22223336211364975,1.999997359233097,2.295829097144486e-09,0.006006430147472773,0.006006427851643676,300x300
VCV003002786,0.14144263363031712,7.799987960641952e-05,0.0003421759582381001,0.22223154415747284,1.9998015977863912,2.6596468831376757e-07,0.006116119501266052,0.006116385465954366,300x300
VCV003011115,1.8719438509061194e-05,2.645669373642626e-05,0.0001021245348866856,5.447572201531001e-06,1.737865448014908e-05,1.5890302987250915e-06,0.005960884973878574,0.005959295943579849,300x300
VCV003032270,0.1011758441746226,0.0001641553634572012,0.0007094477286001821,0.22235359864563398,1.99952745210474,1.3542734611377005e-06,0.005972863486073166,0.005974217759534304,300x300
VCV003045221,0.00012108600413515568,0.0001166312563423069,0.0004541196992691246,9.127171389978884e-05,0.0002976799276186437,9.808617163470541e-06,0.006052436142174153,0.0060426275250106826,300x300
VCV003051986,6.018549883417865e-05,7.061110508089859e-05,0.00027693026612167493,3.170339886035853e-05,0.00010722793843331857,5.654356384578001e-06,0.00602751816518925,0.006021863808804672,300x300
VCV003054491,0.00013476815566098061,0.00012462359868366122,0.0005013342897704637,0.00010864524579753028,0.00035151152888313053,1.0745975835186466e-05,0.005944454783636593,0.005933708807801407,300x300
VCV003069241,3.1263737496689276e-05,3.905536949103907e-05,0.00015616915702695855,1.5716928614499064e-05,5.266616828991655e-05,1.0660295205171949e-07,0.005927616681047161,0.005927723283999212,300x300
VCV003069242,2.9673835632045397e-05,3.84061766846135e-05,0.00016601965725163148,1.2476536648425234e-05,4.6245650328402554e-05,1.888841567876387e-08,0.006125825376295038,0.006125844264710717,300x300
VCV003071185,0.00013369741610034461,0.00012320911081809905,0.0005841011727363635,0.00010651164773395955,0.0003891892865831581,1.0394704414119424e-06,0.006131472916613709,0.006132512387055121,300x300
VCV003071734,1.8830105756612863e-05,2.686919893954642e-05,0.00010858929833679892,5.13476220049331e-06,1.633833174452537e-05,1.6009084926171119e-06,0.0060149851590775814,0.006013384250584964,300x300
VCV003076058,0.10458037698398434,0.0011007922774895853,0.005686347726245877,0.2265936091358126,1.9858480520801667,1.1913904915950013e-05,0.0061490731611474215,0.0061609870660633715,300x300
VCV003147994,8.807940783325372e-05,8.884425897589548e-05,0.0003871692118753295,6.420268820032475e-05,0.00023031401614881375,4.4898212553552697e-07,0.006045641121508081,0.006046090103633617,300x300
VCV003148003,0.10244662422740455,0.0006681051110945901,0.0033496626550527514,0.22382962905738316,1.9938860821298618,4.953847997121556e-06,0.00603441296309293,0.006039366811090052,300x300
VCV003148015,0.3589406590275302,0.0011199458555893162,0.00551926212328465,0.6691936788803933,1.995230787814722,1.3633816855609937e-05,0.005980579454262603,0.005994213271118213,300x300
VCV003148032,0.1027103638326409,0.0006786427703246446,0.0032352951582671416,0.22428577332495603,1.9938072302846555,7.79433327385403e-06,0.006142871134470214,0.006150665467744068,300x300
VCV003148086,0.19127331272208473,0.0006616046372944309,0.003029598314407869,0.44682172058958586,1.999991415527962,5.1153886919909006e-06,0.0060345601158353565,0.006039675504527347,300x300
VCV003148121,3.091113951308309e-05,3.914911798881581e-05,0.00016295705079223677,1.405912496563497e-05,5.092860531175081e-05,1.7893313246971493e-07,0.0061409013168001025,0.006141080249932572,300x300
VCV003148127,0.1832541358563336,0.0011019433459808863,0.005485747593037035,0.448868137651927,1.9978114747084346,1.2738673725611743e-05,0.006012397886573025,0.006025136560298637,300x300
VCV003148142,0.8856589503576099,0.0006580054713700681,0.0031621701152056148,0.44729657458352207,1.999960659463433,5.953621410595238e-06,0.00607689345935975,0.006082847080770345,300x300
VCV003148158,0.14150084509867597,0.0001632849501818631,0.0007607847157448458,0.22225995713671645,1.9993189752553944,1.6580713931360624e-06,0.006147745227622644,0.00614940329901578,300x300
VCV003148164,0.26030388731128945,0.0010963954666049736,0.005315789477401411,0.4522302491921964,1.9987953331137331,1.2727832259716576e-05,0.006063252576466345,0.006075980408726062,300x300
VCV003148166,0.00021370216979426333,0.0001648491035600104,0.0007637894023390032,0.00021164057672590838,0.0007257515592101749,1.2488527219101445e-06,0.005974925226709456,0.005976174079431366,300x300
VCV003148180,0.17998118287621376,0.000880685418955546,0.004322645221112614,0.2272005399013077,1.9980370184455665,1.0533265736695739e-05,0.005995652368799987,0.006006185634536683,300x300
VCV003148198,0.33518703206392164,0.005739593368119047,0.03435534179135369,0.482792517988653,1.9917798402705351,0.0001405292181640089,0.00610533868047491,0.006245867898638919,300x300
VCV003148215,0.258125842419174,0.0009027643332966408,0.004517526068863881,0.4483520306156661,1.9977888585088899,1.0328800465737517e-05,0.005922064508736341,0.005932393309202078,300x300
VCV003148229,0.17681432569334293,7.819196658837428e-05,0.0003485148985690606,0.22226873589299803,1.9999909075621638,4.0497032835831726e-07,0.005995896779848045,0.0059963017501764035,300x300
VCV003148233,0.3185677461106657,0.000671421239710147,0.0030850455781423897,0.44500046462965304,1.9989696853189955,5.911764189699305e-06,0.005984277278843996,0.0059901890430336955,300x300
VCV003148243,0.2977553478228002,0.0006756406643057924,0.0032840899216775576,0.6659688083529312,1.9950607239700022,3.644599721277543e-06,0.005919419186908685,0.005923063786629963,300x300
VCV003148249,0.07878797768402447,0.00016684591288980088,0.0006953578129331867,0.22246656193414205,1.9999667261760097,1.262956218960054e-06,0.006015289591382514,0.006016552547601474,300x300
VCV003148254,0.0797129748948816,0.00046164033129914386,0.0021026441660344647,0.22376700942856326,1.999542834744847,5.467699759294231e-06,0.006112103964739876,0.0061175716644991706,300x300
VCV003148259,0.005925131071783689,0.0011471011386747644,0.005860054186787186,0.010194204809308598,0.028203060850724992,1.148681034666716e-05,0.005956398904654256,0.005967885715000923,300x300
VCV003148262,0.2799646625489267,0.0009202486382426143,0.004555918854451627,0.4476292123132237,1.9976104980486304,1.441716516018942e-05,0.006159593164339809,0.006174010329499998,300x300
VCV003148268,0.17788790489523412,0.0004567177396572573,0.002101447727827728,0.22381702238228632,1.9996018616701419,3.7474962966731543e-06,0.006008559338294586,0.006012306834591259,300x300
VCV003148269,0.14196321479457563,0.0006667368377237915,0.003240987489267752,0.2228714806614316,1.9879217356869998,5.902400144010278e-06,0.005971899251058942,0.005977801651202952,300x300
VCV003148284,0.0013632472279124863,0.0005186328919662038,0.00236223693489572,0.0018867084861196777,0.006607192554439423,5.051364572631473e-06,0.006163397687793032,0.006168449052365663,300x300
VCV003148285,0.08223816840720437,0.0009182087555455517,0.004483082520619297,0.22747567782906883,1.9958258593492346,1.209971579041371e-05,0.006070892624712017,0.006082992340502431,300x300
VCV003148300,0.2367890967776754,0.005799901917679802,0.034882637880832096,0.4814883340763159,1.9961708620285235,0.00013777748335447402,0.0060859647538724256,0.0062237422372269,300x300
VCV003148316,0.5138183252430034,0.0006739760589982795,0.003178822092518324,0.8871749330953954,1.9990866413113704,6.868352443352432e-06,0.006084972398927837,0.0060918407513711895,300x300
VCV003148327,0.18943436351653203,8.205775065706714e-05,0.0003556867252103024,0.44447510061456236,1.9999999278523495,4.839298927286975e-07,0.0060544358867054855,0.006054919816598214,300x300
VCV003148330,0.48388133105292813,0.0056638783628755645,0.033383351395428695,0.8586809261684176,1.9931739227676903,0.00013747757729309397,0.005971899251058942,0.006109376828352036,300x300
VCV003148344,0.1899275912113827,0.0003427276144507572,0.0015243458208052396,0.44499704515632893,1.999998037815781,2.7230180535166293e-06,0.006065929580831591,0.006068652598885107,300x300
VCV003148349,0.44677658854159763,0.000915739322117391,0.004453594754455503,0.8910891833715142,1.9999898709941812,1.0187270071666463e-05,0.006008559338294586,0.0060187466083662525,300x300
VCV003148368,0.001161295790942476,0.000454096878695487,0.002132621725087401,0.001607319358786441,0.005552914931714059,3.864999112790021e-06,0.005987578842012542,0.005991443841125332,300x300
VCV003148371,0.43287030007097765,0.00034483510011148154,0.0015021832545022776,0.4455372576240309,1.9999972250460814,1.6351056857204227e-06,0.005988230579490923,0.005989865685176643,300x300
VCV003148374,0.18275525877303375,0.001116883505917545,0.0056621550127435374,0.4477716429880963,1.993210652972441,1.3265487951901259e-05,0.005964628763919585,0.005977894251871486,300x300
VCV003148379,0.08341335442086721,0.0011071684636569002,0.005387204508241872,0.22937859101321514,1.996221953387208,1.6391059234247864e-05,0.006163397687793032,0.00617978874702728,300x300
VCV003148381,0.9051593050609184,0.0009230706189994534,0.004363493159090737,0.6684590753910602,1.999920438488879,1.2491589291792338e-05,0.006029106705371421,0.0060415982946632136,300x300
VCV003148383,0.0007715706441588249,0.00033478135452904846,0.0014596724155576182,0.0010129113184525413,0.0037362734998404035,3.469752591495935e-06,0.00606456830918809,0.006068038061779586,300x300
VCV003148384,1.0259654024514766,0.0011450425854906499,0.005612377204197383,0.8829795608131149,1.999885454726999,1.2064902755913424e-05,0.005895490421337061,0.005907555324092975,300x300
VCV003148387,0.10186802418984085,0.0004502008108806762,0.002059287745350344,0.22316638982397594,1.9969440830513379,4.674572338958863e-06,0.0060658428537434805,0.006070517426082439,300x300
VCV003148392,0.17978486272711452,0.0002054301978980799,0.0009509665534003647,0.44461552395746207,1.9999693683624964,6.005315814402307e-07,0.006128777628101123,0.006129378159682564,300x300
VCV003148399,0.0824213568211423,0.0009141236832193473,0.004350443840395915,0.22794341550365896,1.998069831347649,1.244905167965913e-05,0.006103463773066643,0.006115912824746302,300x300
VCV003148403,0.0011229250364449012,0.00045034870826032625,0.0021124671947992946,0.0015383935317720113,0.005331805070457052,4.8753901711494005e-06,0.0060228288562491315,0.006027704246420281,300x300
VCV003148411,0.8108543960432695,0.000917807659414189,0.004500989103933831,0.4484692667321107,1.9999232813271974,1.0906910644026963e-05,0.005968040252458333,0.00597894716310236,300x300
VCV003148421,0.08482209004805509,0.0011149126002575295,0.005120774889022801,0.23182275464549149,1.9968774540880325,1.2753833353071342e-05,0.006044904880414702,0.006057658713767774,300x300
VCV003148427,0.17897531998990732,0.0006812615565523869,0.003216828041519286,0.22555148106956752,1.9988987898718413,5.824345983601771e-06,0.006089393163110915,0.0060952175090945165,300x300
VCV003148433,4.3999343631886736e-05,5.334568288348584e-05,0.0002155169528147427,2.11310954472626e-05,7.572400371702592e-05,2.933971044200012e-06,0.006099889091911613,0.006096955120867413,300x300
VCV003148445,0.9660909824231081,0.0010955452147266018,0.005574843141726342,0.6724216655733876,1.9998834616239147,1.484541739349074e-05,0.006086795180407924,0.0061016405978014145,300x300
VCV003148447,0.07882667464305838,0.00021035591283074636,0.0010498163917729356,0.2224755923766206,1.9998173781720516,5.766451268152117e-07,0.005949042736224474,0.005949619381351289,300x300
VCV003148448,0.19835849046518278,0.0009209482345745272,0.004394454861654962,0.44655888751453304,1.998411984010813,8.761320678589077e-06,0.006096271522956925,0.006105032843635514,300x300
VCV003148457,0.22921212705199,0.005816903014375091,0.03522832817593542,0.41476831473329423,1.6966387287904539,0.00012768819558161247,0.006210882801600254,0.0063385709971818666,300x300
VCV003148462,0.10119412534757628,0.0001843840103758748,0.000850605174982963,0.22236012059197108,1.9994453569739974,8.066410198698942e-07,0.005992581613966263,0.005993388254986133,300x300
VCV003148464,0.41505335103304186,0.0058031490935847455,0.03392771286909235,0.7070588246429639,1.992278305335883,0.00013468706527228723,0.0061303042784887594,0.006264991343761047,300x300
VCV003148467,0.10194137918791242,0.00041564372753767273,0.0018003783742294652,0.22336513308874656,1.9977018942592628,2.6031123007055207e-07,0.006072444499267864,0.006072184188037793,300x300
VCV003148475,0.17784196459264082,0.00042714357401586994,0.0019121688975425183,0.22385636477678833,1.9996269780161335,1.5365799068594102e-06,0.005999654016763154,0.006001190596670014,300x300
VCV003148488,0.7092926147781777,0.0006705954670853972,0.0031488929203893276,0.22569632995620145,1.999958134724085,7.769335476285125e-06,0.006167236757073317,0.006175006092549602,300x300
VCV003148499,0.07954950787051171,0.0004243996458776641,0.001965436720921955,0.22351339783093593,1.9994788390266276,1.4071561083659617e-06,0.0059751711793294,0.005976578335437766,300x300
VCV003148502,0.11863670745938605,0.0004404617508627009,0.001841641450658349,0.22338141557996183,1.995414138092713,7.990258771659736e-07,0.006001740347005695,0.006002539372882861,300x300
VCV003148511,0.18025325695110544,0.00041613854106305393,0.0019670655870344528,0.4451126508439312,1.999538296264627,1.7751055903210758e-06,0.006096125444742312,0.0060979005503326335,300x300
VCV003148512,0.1776274792790005,0.00042693470702950944,0.002004870003243363,0.2233723746388731,1.999656657949082,4.6039185748122935e-07,0.00607997555690351,0.006080435948760991,300x300
VCV003148530,0.18276407866271532,0.0011198930163801837,0.005615755167763921,0.44780434873470615,1.993745023548176,1.5303123939660983e-05,0.006099428035103673,0.006114731159043334,300x300
VCV003148542,0.3575997615412948,0.0006778275906917001,0.0032165867674540105,0.6679023485349967,1.9989190199617046,5.569865032560746e-06,0.005888079986934428,0.005893649851966989,300x300
VCV003148584,0.07944189357350345,0.0004330058103542961,0.0019963079977163636,0.22327690818228937,1.998438502888689,2.566921302218396e-06,0.006063808089341691,0.006066375010643909,300x300
VCV003148585,0.17678125157356986,4.783120661758296e-05,0.00018579367788861684,0.22223946458216912,1.9999971480550438,3.2672539323026425e-06,0.00598094998364809,0.005977682729715788,300x300
VCV003148607,0.4821453412363686,0.0057646495152672015,0.03430140962110362,0.7818772937653147,1.9918789563506816,0.00013594540304813496,0.006077326102821504,0.006213271505869639,300x300
VCV003148626,0.079907267179244,0.0005177304429634835,0.0024172900636533906,0.22405281996780246,1.9995352129195747,4.606560644437006e-06,0.0061052440318485,0.006109850592492937,300x300
VCV003148627,0.9277471073067306,0.0011101666626871672,0.005693343261251385,0.6675843062065805,1.9998842162730668,1.1502264412746079e-05,0.006063594084629065,0.006075096349041811,300x300
VCV003148635,0.19349046587105154,0.0011131038056735529,0.005551959147564782,0.45011861859597285,1.9999863940528266,1.5437951838900323e-05,0.006097573119346653,0.006113011071185553,300x300
VCV003148646,0.9739495759805542,0.0006718578977289719,0.003319774828378662,0.6693785824585815,1.9999874846667816,6.760213559894347e-06,0.006076157612197152,0.006082917825757046,300x300
VCV003148668,0.09365996115408547,0.0011054226756954952,0.00556816257749581,0.23041814227479623,1.999988161984838,1.172421430786514e-05,0.005995845203355041,0.006007569417662906,300x300
VCV003148674,0.006181995649542206,0.0011248063527929775,0.005456436496604572,0.010148016825897376,0.032486790663321496,1.0638775825970621e-05,0.005860640655644855,0.005871279431470825,300x300
VCV003148681,0.08452407993394782,0.001135012124084814,0.005382829529973605,0.23100798488380236,1.9914866290135755,1.005089786050746e-05,0.005913745526981803,0.00592379642484231,300x300
VCV003148702,0.0036658985850096023,0.0009106056917778776,0.004549476391196981,0.00554926159996278,0.019071224322228963,1.401881911225044e-05,0.0062076953527752336,0.006221714171887484,300x300
VCV003148769,0.707047137312439,7.981311409607817e-05,0.00035414754874329296,0.2222747805676274,1.999999522576415,5.761482567727058e-07,0.00597710827210804,0.005977684420364813,300x300
VCV003148820,0.7891694151335008,0.0009414364330381981,0.004203438857241323,0.44883990341885344,1.999925523002249,9.047951724750099e-06,0.005899903405377435,0.0059089513571021855,300x300
VCV003232047,1.7675929174504783e-05,2.5761608303409586e-05,0.00010620329655838812,4.022241065672185e-06,1.3629762512290533e-05,1.5652660883599262e-06,0.006113839070250027,0.0061122738041616675,300x300
VCV003232049,1.7516718889297286e-05,2.530142264106976e-05,9.945231570088198e-05,5.28717072674952e-06,1.6995984962187016e-05,1.8719368016680005e-06,0.006019121003205381,0.006017249066403713,300x300
VCV003232055,0.0028495778757368913,0.0006952086631152247,0.0031567100318213234,0.005037422188807378,0.018093096947043974,7.062876797063293e-06,0.006041409945113817,0.0060484728219108806,300x300
VCV003232056,0.0786062810232672,6.068332377371736e-05,0.0002730418080474917,0.22225389030336848,1.9999977305746683,2.776480411692539e-07,0.006017958088236898,0.006018235736278067,300x300
VCV003232058,0.08844092524630617,7.941280965458934e-05,0.0003782142446912412,0.22226195597682757,1.9999999155872632,7.920201399438595e-07,0.006253655449875942,0.006254447470015886,300x300
VCV003232059,0.10589430641647471,0.0009777699771432943,0.004347136071963964,0.23128257202242797,1.9882364218937847,1.060125563645542e-05,0.00593059783848399,0.005941199094120445,300x300
VCV003232060,0.17026059796230592,0.0009277449750213856,0.004563129006455752,0.44880380785562946,1.9999893842466354,9.390485788184598e-06,0.005947598866373612,0.0059569893521617965,300x300
VCV003232061,0.708147675562356,0.00045264016541230406,0.0020627800313168104,0.22389050340077343,1.9999837065665713,4.412765564140372e-06,0.006022337925869452,0.006026750691433593,300x300
VCV003232062,7.975979993424197e-05,8.000663585658743e-05,0.00033946461027718755,5.870146854165043e-05,0.0002134236907086473,4.1760143026231544e-07,0.0059735416064321655,0.005973959207862428,300x300
VCV003232063,0.269779530009612,0.0009037117360122642,0.0045436820276546774,0.6681244504920628,1.9999872008959243,1.2663925444216483e-05,0.006099610049726362,0.0061122739751705785,300x300
VCV003232064,0.48326431321067476,0.005745192117083679,0.033651863411211735,0.8576803902496994,1.9947569505173248,0.00014087737853900675,0.006034763892517916,0.0061756412710569225,300x300
VCV003232065,0.2564717965391556,0.0005195252823906545,0.002499667685009234,0.445975657104831,1.9994077674101938,4.662161441596098e-06,0.006039361537032559,0.006044023698474155,300x300
VCV003232066,0.4627565164448042,0.0011191695069997355,0.005418638826245811,0.888966597596788,1.9999850416191105,1.4337371151707141e-05,0.00590165395844306,0.005915991329594767,300x300
VCV003232067,0.3476352971291338,0.0010950993875936152,0.0056425425081273045,0.6726409788038548,1.9999837643722622,1.5267025097544934e-05,0.006167579552569362,0.006182846577666907,300x300
VCV003232068,0.00010033684965899564,9.03923460388903e-05,0.0003745101633634146,8.377197205950488e-05,0.00031532601506689684,4.3355518317828023e-08,0.005935707802603136,0.005935751158121454,300x300
VCV003236859,0.8749330580516403,0.0004319351993767918,0.0019177081312822392,0.6679619527808249,1.99999011229237,2.615987211070786e-07,0.006043295729564595,0.006043557328285702,300x300
VCV003240615,0.00030949909319468637,0.0002145784163520936,0.0010078939708914048,0.0003261962234586413,0.0011375729091898101,1.205422864690095e-06,0.006115377539978756,0.006116582962843446,300x300
VCV003240616,0.4177277427329195,0.005851916086431232,0.03485197083198789,0.3356532460136648,1.999574429271696,0.00013614655836449805,0.006022680807766216,0.006158827366130714,300x300
VCV003252121,0.9871621831409736,0.0009168020191997492,0.0045166954433803475,0.6697920173441847,1.999921594089926,1.093407735981277e-05,0.006023984307691721,0.006034918385051533,300x300
VCV003256325,1.8521851097891803e-05,2.6124598494567568e-05,0.00010488329295561122,5.227970875432142e-06,1.807830216082884e-05,1.4327392055049626e-06,0.005875886488545978,0.005874453749340473,300x300
VCV003256326,0.00024955558331831096,0.00018659969841514242,0.000848851417041066,0.0002489543719349137,0.0008904152219375572,1.142937233526882e-06,0.006136006883167119,0.006137149820400646,300x300
VCV003256327,0.11797580565605367,0.0001679351938570472,0.0007221370237410207,0.22229885641606728,1.9991896285149937,1.2659059791609098e-06,0.006063267251514657,0.006064533157493818,300x300
VCV003256328,0.3565325413255471,0.0002176345662869909,0.0010030727095886316,0.6668354302969026,1.9999185232363068,1.542217533956336e-07,0.00598778684597305,0.005987632624219654,300x300
VCV003328150,0.7070236764757627,6.174478260775826e-05,0.0002814177786233385,0.22225156925607464,1.9999997078910545,4.443466683932626e-07,0.006031411517371732,0.006031855864040125,300x300
VCV003328154,5.1833350028530943e-05,6.087999767772278e-05,0.00027425020802269995,2.8442738036309973e-05,0.0001020939295119927,5.230123473597831e-07,0.006120635579010466,0.006121158591357825,300x300
VCV003328155,0.19125325312542754,0.0008943126569397893,0.004670948867574874,0.4462982017312179,1.999987880093073,1.4180355030443334e-05,0.006253655449875942,0.006267835804906386,300x300
VCV003328160,1.8326575044503667e-05,2.6147144409324e-05,0.00010652478863974746,4.853337175752475e-06,1.6313607099749383e-05,1.580678484065963e-06,0.0059757136353178345,0.0059741329568337685,300x300
VCV003328161,0.2784846993462365,0.0004171763071166896,0.0018455716007947515,0.44528489963331896,1.9996529558643372,1.803918250022768e-06,0.006086896042701122,0.0060886999609511445,300x300
VCV003328162,0.10108071266291223,8.96507882158044e-05,0.0003669669103290446,0.22227392871178736,1.9998617515506534,1.5559661239832046e-07,0.005898646367564911,0.0058988019641773096,300x300
VCV003328165,0.17759335244756128,0.00040809565043996944,0.0018821036921029266,0.22335014977949255,1.9996650768581319,2.7707431871481364e-06,0.006090728783734145,0.0060934995269212935,300x300
VCV003328168,0.3968857351521694,0.0011333538506024575,0.005676900105593151,0.6665268675529609,1.9966202408506524,1.5045201728335414e-05,0.006086158185751991,0.006101203387480327,300x300
VCV003328169,0.1010689165905364,9.112436089355796e-05,0.00040023902742904877,0.22225301594349892,1.9998475898217865,1.4986637302590727e-07,0.005938497029743783,0.005938646896116809,300x300
VCV003328171,1.7675929174504783e-05,2.5761608303409586e-05,0.00010620329655838812,4.022241065672185e-06,1.3629762512290533e-05,1.5652660883599262e-06,0.006113839070250027,0.0061122738041616675,300x300
VCV003328173,0.10106430919109545,8.047522400045769e-05,0.000343096827550321,0.22225503402117075,1.9998957872962886,6.40105641974871e-07,0.006162003258158017,0.006162643363799992,300x300
VCV003328175,0.39689390144478726,0.00042289586331933183,0.00197201927114736,0.6667245588615949,1.999608967916727,6.386008633190235e-07,0.0059571147770846895,0.0059564761762213704,300x300
VCV003337086,0.2687176761497463,0.0004538455875463952,0.0021380240925394645,0.6674418448923832,1.999997539168462,4.767692421885593e-06,0.006149601317937521,0.006154369010359407,300x300
VCV003337681,0.1968746046547289,0.00040288916535784756,0.0019073306350012587,0.444823187288403,1.999749348092311,1.07007794625507e-06,0.006128777628101123,0.0061298477060473784,300x300
VCV003340046,0.21887594154801485,9.015056160820301e-05,0.0003615765069651944,0.4444333295090046,1.9998486608045094,2.3058318710574705e-07,0.005996569998713511,0.005996800581900617,300x300
VCV003340289,0.07957737060622443,0.0004224775846443822,0.0018728031921433214,0.22349277466506579,1.9980497331333273,7.761049529257658e-08,0.005979249395901033,0.005979327006396326,300x300
VCV003348739,0.25549013583683,0.0001624725072383039,0.0007580237740290735,0.4446211473435066,1.9999573672954933,1.2380867708203236e-06,0.006013740923151977,0.006014979009922797,300x300
VCV003366184,0.3668108048863497,0.00041515967950157454,0.0019461076793543391,0.6674188798732583,1.9999864084325942,8.582095907920528e-07,0.006055662012126344,0.006056520221717136,300x300
VCV003379272,0.17002662241048927,0.0008915291660819404,0.00452381010247286,0.4488737683483037,1.999988885856719,1.2767256715320342e-05,0.00605216001593852,0.00606492727265384,300x300
VCV003383331,0.18032501663884948,0.0004211545798572778,0.001907922173940882,0.44522858564179735,1.999536393185656,1.16009147747842e-06,0.006123463745851546,0.006124623837329025,300x300
VCV003386125,0.3590264107868533,0.0011069133609977941,0.005551073456892319,0.6696203924356614,1.9959128919207885,1.4993005546653886e-05,0.00611385711205674,0.006128850117603394,300x300
VCV003386126,0.27785354240276106,0.00012651019276757765,0.0005845971759235735,0.4445074363856778,1.9999734525461799,8.554686453075833e-07,0.006119551480245107,0.006120406948890414,300x300
VCV003386127,0.0010139758018665509,0.0004265430162099969,0.001955927272225981,0.0013762849889647304,0.004647320474873706,2.078515715799034e-06,0.006104677560139,0.006106756075854799,300x300
VCV003460297,0.17981841923935887,0.000904724598345721,0.004574376951853275,0.22696968085282831,1.9974289405581682,1.3506558435797539e-05,0.006195106805080824,0.006208613363516621,300x300
VCV003460299,0.1807776562935701,0.0006647095027068352,0.0032741201929313707,0.4455044030429508,1.9975184729941085,8.88775422333652e-06,0.006105767925833318,0.006114655680056654,300x300
VCV003460300,0.2188472748162016,3.829717140538605e-05,0.00015907118873727255,0.44444337594914496,1.999978047276075,1.0957883626351583e-07,0.006144799124069818,0.006144908702906082,300x300
VCV003460301,0.29742418125228004,8.159815738262825e-05,0.00032969466493548705,0.6666570415888362,1.999986563724455,4.187180822918385e-07,0.0059920332273515845,0.005992451945433876,300x300
VCV003460303,0.17677099383809086,3.795248523177943e-05,0.0001712759195864888,0.2222327876968983,1.9999979579933593,1.3630897577419226e-07,0.00596282012631542,0.005962956435291194,300x300
VCV003460304,7.365028290835558e-05,8.009420435639043e-05,0.00035985757317212597,4.698039046218621e-05,0.00016686418844258366,8.589629339403326e-07,0.006224279238126421,0.006225138201060361,300x300
VCV003460305,0.11785357890230957,3.855821192327289e-05,0.0001592014505673589,0.2222257882079249,1.9999519261651422,8.567376733395471e-09,0.0060479820461730675,0.006047990613549801,300x300
VCV003460308,3.094113361796669e-05,3.8712975101010703e-05,0.00015965575543103183,1.4639003783277636e-05,5.327870782001476e-05,2.3900887889498346e-08,0.0060137161571049425,0.006013740057992832,300x300
VCV003460309,0.5302596382034945,3.8984574359775125e-05,0.00015753099862138298,0.44445898125980116,1.9999999429148114,7.93935807149454e-08,0.0061608219935214105,0.006160901387102125,300x300
VCV003460310,3.0492621903308394e-05,3.889063853659402e-05,0.00016818717363536323,1.4121157258616278e-05,4.8033533521674165e-05,9.485780195616494e-08,0.005915275119465163,0.005915369977267119,300x300
VCV003460311,0.1798253427944801,0.00021622640103265964,0.0009282369940387669,0.4446597595818018,1.9996081898265903,3.235757251056001e-07,0.006012378192226104,0.006012701767951209,300x300
VCV003460312,0.356317756814373,3.8202352772250415e-05,0.00016308737080067415,0.6666730793543548,1.9999987571607667,1.6913100828793576e-07,0.0061190472130607685,0.0061192163440690565,300x300
VCV003460313,0.5339122094474483,0.00042695969952889496,0.0018306876622442986,0.6675898348675143,1.9999918274642579,1.0878776885454161e-06,0.0061608219935214105,0.006161909871209956,300x300
VCV003460315,1.064616259487872,0.0006630246786883577,0.003253595549373177,0.8903522417856001,1.9999579107853858,5.5443758269057425e-06,0.006066338953863517,0.006071883329690423,300x300
VCV003460316,0.14144496446540547,8.100476236593043e-05,0.0003486616825528338,0.22223495371384328,1.9998056954332584,4.62637387796741e-07,0.006014554474316555,0.006015017111704352,300x300
VCV003460318,0.7081710389568241,0.0004310383219205562,0.0018871015069891958,0.2239243859284955,1.999983486742047,1.951026915494175e-07,0.0060202584398344975,0.006020453542526047,300x300
VCV003460320,0.8484030389197644,6.1505857110169e-05,0.0002854241088286469,0.44444912069273396,1.9999996875124137,3.126885711520616e-07,0.006127712525214214,0.006128025213785366,300x300
VCV003460321,0.1817119214410245,0.0011130615894323,0.005283962022043169,0.2302380460095544,1.9963189567796809,1.619542265570654e-05,0.0060316160859260805,0.006047811508581787,300x300
VCV003460322,0.1770634478287725,0.00021295119406187796,0.0009482450169268491,0.22257204099097722,1.9999235989877049,2.3905602979535506e-07,0.006125825376295038,0.0061260644323248336,300x300
VCV003460323,0.001008103476325087,0.00037068177206737394,0.0015874500846987105,0.0018257787963721103,0.009979301137892582,4.4876188124640115e-06,0.006114760131015684,0.006119247749828148,300x300
VCV003460325,0.17683355379295557,8.882513725448815e-05,0.0003794252804003584,0.22229342230030202,1.9999886131471054,4.3870852841580016e-07,0.00590165395844306,0.005902092666971476,300x300
VCV003460326,3.290986844719947e-05,3.9773641059239296e-05,0.00016041407515523382,1.8059723978058884e-05,5.989291317454182e-05,1.7272904971783742e-08,0.005892476638479633,0.005892459365574661,300x300
VCV003460327,1.954183788308594e-05,2.7602197729071087e-05,0.00011488305656012082,5.191941064334553e-06,1.8137405261242634e-05,1.5429445429943761e-06,0.006135982389998956,0.006134439445455961,300x300
VCV003460329,0.10212078954792046,0.0004360493639033707,0.0018848565076860987,0.22401354677923926,1.9975156731336345,1.392790334049307e-06,0.005898394104407797,0.005899786894741846,300x300
VCV003460333,0.17677319116989207,3.937090172944891e-05,0.00016378049662384847,0.22223649614633778,1.9999978809774763,2.2976781803400737e-07,0.005973118206228393,0.005973347974046427,300x300
VCV003460334,1.8430798818775512e-05,2.6202321476016578e-05,0.00011117070834557041,4.730841395615846e-06,1.67611190392547e-05,1.624933607469528e-06,0.005978239405991056,0.005976614472383586,300x300
VCV003460335,0.9636244180586224,0.0004485503276474625,0.0019037843736710164,0.6686234353061479,1.9999840910259605,1.8914200678628312e-06,0.005828315928276886,0.0058302073483447485,300x300
VCV003460336,1.892929887403193e-05,2.7088473270823917e-05,0.00011021664640884637,4.852594725959472e-06,1.6458453044543297e-05,1.6550355783316595e-06,0.006077171728297848,0.006075516692719517,300x300
VCV003460337,0.1777050208161065,0.00042181829328069586,0.001956471844106536,0.22356421956251385,1.9996030878659883,8.15080254262801e-08,0.005916722651691445,0.005916804159716871,300x300
VCV003460339,0.24242922893681026,8.055202490831011e-05,0.0003545965539041157,0.44443171853417124,1.9998865223838687,4.970199095673949e-07,0.006021999166927309,0.006022496186836876,300x300
VCV003460341,0.2553251221003132,3.8600875731065826e-05,0.00016285337715457593,0.44445735109127416,1.9999981789460222,4.96819224848552e-08,0.006022774005115779,0.006022823687038264,300x300
VCV003460342,8.903894170025186e-05,8.918117337906309e-05,0.0003945509656384655,6.598401711284858e-05,0.00023442789709771095,1.2824316106361394e-07,0.005925327914349527,0.0059254561575105905,300x300
VCV003572139,0.08957847836279403,0.00042896208644668094,0.001880489927022,0.2240416812665615,1.9999904072325982,3.0112525158370457e-07,0.00593371799982809,0.005934019125079674,300x300
VCV003572140,0.3454846687712608,0.0006953691985273943,0.0031254133357776492,0.668717075806572,1.9999909062276309,5.025696903169369e-06,0.005899442394554245,0.005904468091457414,300x300
VCV003572143,0.3363398521983509,0.005674756507014652,0.03482398970645209,0.4842546245134705,1.993806467940182,0.00013664510662365122,0.006015289591382514,0.006151934698006165,300x300
VCV003602769,0.07860592082087034,6.104412133840809e-05,0.00026691851575150194,0.222253219603169,1.9999921550631967,5.185247558964212e-07,0.005987998786187648,0.005988517310943545,300x300
VCV003602770,0.4413685274489479,0.001388887087040935,0.005659902274995854,0.8746919341028204,1.9999875827838958,1.288325572002761e-05,0.005959139615459848,0.005972022871179875,300x300
VCV003602771,1.8101281957227665e-05,2.6083143376118413e-05,0.00010823637032211092,4.510701255807288e-06,1.5250648691567115e-05,1.5038117911828075e-06,0.0059865544631446865,0.005985050651353504,300x300
VCV003603965,8.536242778554021e-05,8.884679369319568e-05,0.000407154737562504,5.897873574130704e-05,0.0002109762323486697,4.6826297736557443e-07,0.006031039361588918,0.006031507624566283,300x300
VCV003606459,5.8764219392564115e-05,6.239968805631931e-05,0.0002629996723012423,3.993078870217431e-05,0.00014249658938803034,2.7726211464414174e-07,0.005963219790237139,0.005963497052351783,300x300
VCV003612296,0.07886650436364472,0.00018811191511394784,0.0007183592035361896,0.22258108328692383,1.9999462584848147,1.0527658259517833e-06,0.00603959186246555,0.006040644628291502,300x300
VCV003620700,0.17702453106287244,0.00018340496326288517,0.0007400419243885972,0.2226253574754488,1.9999499561812693,1.405901271594144e-06,0.0060300381246269985,0.006031444025898593,300x300
VCV003634432,2.905938741801996e-05,3.880273143535057e-05,0.00017421431900255246,1.1597504416766608e-05,3.741238375754019e-05,1.927375245175736e-07,0.006059567573853157,0.0060597603113776745,300x300
VCV003637477,0.00036207420653347857,0.00021592879383853722,0.0009198276015773832,0.00041534513433321644,0.0015175197161969578,4.935283838955126e-07,0.006054756812542782,0.006055250340926677,300x300
VCV003639363,1.874107885188077e-05,2.6404317981115573e-05,0.0001020830445781426,5.44040240120965e-06,1.8561528210336853e-05,1.5695267954248665e-06,0.0058926931556188885,0.005891123628823464,300x300
VCV003643356,0.17770776747380915,0.00042327327925158296,0.001954102737041219,0.2235207884430774,1.9996617318718937,1.8465790200044782e-06,0.006146147861065547,0.006147994440085552,300x300
VCV003643675,0.0020507231467567855,0.0006595782057045471,0.003271391652755036,0.0029486329560026604,0.010380270865436914,8.201844914968066e-06,0.006142710313821458,0.0061509121587364265,300x300
VCV003645942,0.17677255093698557,3.91113432235589e-05,0.00017830311094220452,0.22223395836846147,1.9999972859589332,8.046735921335424e-08,0.006177591373345091,0.006177671840704304,300x300
VCV003645961,0.8788222607870093,0.0011212607225348488,0.005632354950535108,0.6740387622631885,1.9999861038415427,1.5710855906036526e-05,0.0060941456984706455,0.006109856554376682,300x300
VCV003647406,1.3582788509553927,0.005629017300597939,0.034746136511449435,1.4528647125116898,1.9989386962439237,0.00013975064437045728,0.005905305309198514,0.006045055953568971,300x300
VCV003647622,0.00020765019867362972,0.00014336653200233137,0.0005414436005654125,0.0002814787813325435,0.0013212262940878183,9.715494842096536e-07,0.005952435690042216,0.005953407239526426,300x300
VCV003648604,0.002421729480183933,0.000666496294358314,0.003133069402678698,0.0036373993447401786,0.012634087764158752,4.619956804581722e-06,0.006007398916285002,0.006012018873089583,300x300
VCV003648605,0.07860437576923116,6.180442764259787e-05,0.0002843895330087026,0.22224906388370666,1.9999904989861217,3.9413267986700834e-07,0.00613599491714324,0.006136389049823107,300x300
VCV003650769,2.9399389908710063e-05,3.8385719036261534e-05,0.00016606867780594864,1.2258020757734597e-05,4.446588884909897e-05,1.0166985207546442e-07,0.006007211152675134,0.006007312822527209,300x300
VCV003651622,0.8082868799326971,0.00022343471912159737,0.0009860117796635787,0.44480710854699257,1.9999959237092697,9.363484098044716e-07,0.005982356875167551,0.005983293223577355,300x300
VCV003653018,0.07899624469985567,0.0002829760361185672,0.001261814198855793,0.22269372802270565,1.9998116698425963,1.64253347041338e-05,0.006045371204973526,0.006028945870269392,300x300
VCV003653030,0.17979989104343036,0.00021492827600189714,0.0010046017979025643,0.44462759152240916,1.9999394875203642,7.955635648870807e-08,0.006016619798838829,0.006016699355195318,300x300
VCV003654064,7.401837037368851e-05,7.91965680026093e-05,0.0003611564453082014,5.1482242921692865e-05,0.0001607226573614451,3.4892934214301313e-07,0.005977685023822226,0.005978033953164369,300x300
VCV003654951,0.269779530009612,0.0009037117360122642,0.0045436820276546774,0.6681244504920628,1.9999872008959243,1.2663925444216483e-05,0.006099610049726362,0.0061122739751705785,300x300
VCV003655213,0.17773372548568048,0.0004179819606263143,0.001926455197382812,0.22359017164236197,1.9996328473128264,8.473672658904433e-07,0.006016315438952099,0.0060171628062179894,300x300
VCV003655296,7.364316601336629e-05,7.909323122579891e-05,0.00036928402750756317,4.676627835758445e-05,0.00017257337255782712,1.1370938086778526e-07,0.006107398903978055,0.0061075126133589225,300x300
VCV003657513,0.8839170134960326,0.00016459927749553344,0.0007503902886681069,0.44464158859894976,1.9999979529031604,1.1010863115602093e-06,0.006045455322037798,0.0060465564083493585,300x300
VCV003657526,2.977706365247785e-05,3.809549515274688e-05,0.00015957684509189385,1.3243330635730959e-05,4.784065802898585e-05,6.36781219715693e-08,0.006024790882344012,0.006024854560465983,300x300
VCV003657714,0.0002320840348660177,0.00016513877429881832,0.0007241793021714876,0.00024185313431172398,0.0008575639530794543,1.0780416589660502e-06,0.005995553312189384,0.0059966313538483505,300x300
VCV003657921,0.00017614150151301953,0.0001454340178606263,0.0005781458724570393,0.00015881524764259513,0.0005510143782975208,8.327767539747719e-06,0.00598614510271611,0.005977817335176362,300x300
VCV003658062,0.10269135142929854,0.000669106624952682,0.003208616919229773,0.22427675092912447,1.993938004844558,6.437712105621628e-06,0.006067120728598069,0.00607355844070369,300x300
VCV003658934,5.74851516081875e-05,6.121556277403968e-05,0.0002603559803894609,3.8275540364544426e-05,0.00014400009900195077,1.337385617302539e-07,0.005889578716731449,0.005889712455293179,300x300
VCV003658966,0.8091211994418582,0.0006572664270098117,0.003244808393146059,0.44553584222344916,1.9999594926601423,7.3189192667660885e-06,0.006126009831200686,0.0061333287504674525,300x300
VCV003660043,1.065470296255857,0.0011022480972459748,0.005684756489154369,0.8910024830177782,1.9998823835035884,1.5016799176228307e-05,0.006031039361588918,0.006046056160765146,300x300
VCV003660157,0.2777779205572965,5.357483824248642e-05,0.00021495218335932514,0.44445520279703765,1.9999965823297177,3.0829533971829873e-06,0.006131718237298207,0.006128635283901024,300x300
VCV003660299,0.35573364676234354,0.0005079519884763169,0.0018844041066677086,0.6637726617622947,1.9996240400785164,1.53412090845087e-06,0.00594863440517107,0.005950168526079521,300x300
VCV003660673,2.910719106350668e-05,3.8182307999613594e-05,0.00017450774522437956,1.1546379670885405e-05,4.209045680192425e-05,1.632426213432278e-07,0.006076355533373846,0.0060765187759951895,300x300
VCV003660962,0.07920592688765143,0.00033708123426552796,0.001617540877074608,0.22301076769408265,1.9998138769417548,2.5232069287613873e-06,0.005991009031866724,0.005993532238795485,300x300
VCV003661185,4.4025762271650816e-05,5.487745064197826e-05,0.00022331035661886378,2.0728886915239502e-05,6.705196270162528e-05,3.2339006779697616e-06,0.005992712936471154,0.005989479035793184,300x300
VCV003661430,0.1676922360260112,0.00043131131168107215,0.0019005716247085247,0.44515042448476966,1.9999861514475126,1.9595658914180886e-06,0.0061159484521319946,0.006117908018023413,300x300
VCV003662503,0.8388502402831708,0.00569165581318347,0.03371568954579421,1.083523854167944,1.999570377240742,0.00014245769888898262,0.0060101057501574994,0.006152563449046482,300x300
VCV003664024,0.3476352971291338,0.0010950993875936152,0.0056425425081273045,0.6726409788038548,1.9999837643722622,1.5267025097544934e-05,0.006167579552569362,0.006182846577666907,300x300
VCV003666077,0.0001591531476902033,0.0001424308760552462,0.0006007009877890962,0.000130647373635415,0.00045364745216280866,8.037293027923775e-06,0.006110434099700638,0.006102396806672714,300x300
VCV003671864,0.2408836236884318,0.005711111745908421,0.034041555685685454,0.4882040962915204,1.9891067363296737,0.00013761368296578806,0.005958536909283839,0.006096150592249627,300x300
VCV003671865,0.17701777236123667,0.00018517171880219155,0.0007944203213558904,0.2225208975288059,1.9999424407453847,1.0300031224709863e-06,0.006047495011101086,0.006048525014223557,300x300
VCV003673025,0.1767717925490567,3.8233602957777435e-05,0.0001684522639530256,0.22223371389475613,1.9999977491864775,1.8817263616917324e-07,0.006141276084527908,0.0061414642571640775,300x300
VCV003673840,0.10118663660935288,0.00016415433919431493,0.0007106766655526342,0.2223707222361374,1.9995550568123464,1.1595672402319249e-06,0.005958813382570229,0.005959972949810461,300x300
VCV003678514,0.10105988979085481,7.696293250091932e-05,0.0003519572648365901,0.22225093301314836,1.9999124106118986,3.303022444445247e-07,0.006038032696722006,0.006038362998966451,300x300
VCV003679814,0.10112551808693968,0.0001290278496149322,0.0005384992493062263,0.22231497072505826,1.999720758881486,1.2868914059964084e-06,0.006062046053509118,0.006063332944915114,300x300
VCV003696704,0.10102288447529197,3.8690635088852775e-05,0.00016893035145215674,0.22222899513185737,1.9999758212032601,2.421632170762633e-07,0.006141274735479239,0.006141516898696315,300x300
VCV003699453,0.10104277286869917,6.0770834236925894e-05,0.000268799980630334,0.22223960268837464,1.9999382393506213,3.713548105185177e-07,0.005999058357957078,0.005999429712767596,300x300
VCV003701723,0.10105988979085481,7.696293250091932e-05,0.0003519572648365901,0.22225093301314836,1.9999124106118986,3.303022444445247e-07,0.006038032696722006,0.006038362998966451,300x300
VCV003717011,0.3476352971291338,0.0010950993875936152,0.0056425425081273045,0.6726409788038548,1.9999837643722622,1.5267025097544934e-05,0.006167579552569362,0.006182846577666907,300x300
VCV003719560,0.00025241379512171386,0.00018573699581515718,0.0008226572756184353,0.000257948310658038,0.0008939453608000081,1.2661492679102992e-06,0.006048377364042768,0.006049643513310678,300x300
VCV003721766,0.0002682336054435976,0.00018337823032835905,0.000796102965775751,0.00028508991473974454,0.0010365205200419947,5.675241161523167e-07,0.005986804108383678,0.00598737163249983,300x300
VCV003722426,0.00019044139090098534,0.00015073269137859787,0.0006012084052389871,0.00018756660377629143,0.000571514614720936,8.586549198095518e-06,0.005964267525276092,0.005955680976077997,300x300
VCV003722647,0.2190499194818345,0.0003446495813403372,0.0014693619372316627,0.4443492095031926,1.9981440180200543,1.576315364415666e-06,0.0058444179878487075,0.005845994303213123,300x300
VCV003723500,4.366243973646018e-05,5.5528409804477436e-05,0.00023913565717458007,1.8305091003904355e-05,6.312551717768677e-05,3.4763653821139745e-06,0.0060387715794997625,0.0060352952141176485,300x300
VCV003724149,0.00014608083871472895,0.0001261819646674581,0.0005705053726811904,0.000129562188741112,0.00044884834528680084,1.055242549122086e-06,0.0060495924555741785,0.006050647698123301,300x300
VCV003724581,0.7072338891770612,0.00018434463144228919,0.0008234615911912047,0.22249820775444762,1.9999974340804116,8.211198056383082e-07,0.005986567912094406,0.005987389031900044,300x300
VCV003724593,0.08081348208312264,0.0007005125903602928,0.0032002319422717376,0.22512250885871346,1.992704984282074,5.184853764507967e-06,0.005996022382697563,0.006001207236462071,300x300
VCV003724944,0.09365996115408547,0.0011054226756954952,0.00556816257749581,0.23041814227479623,1.999988161984838,1.172421430786514e-05,0.005995845203355041,0.006007569417662906,300x300
VCV003725718,0.07942798595511563,0.00043572165622327773,0.0019211838734367742,0.22316175644114425,1.9964120747262992,2.6410335919706263e-06,0.006064427499345168,0.006067068532937139,300x300
VCV003725755,0.0002526364562641396,0.00018421524273630878,0.0008458080333233892,0.0002582508399962238,0.0009161852469091736,8.214506064564697e-07,0.005970875747828146,0.005971697198434603,300x300
VCV003725919,7.047798734535159e-05,7.85450132693398e-05,0.00036165425499654763,4.376018211139766e-05,0.00015279580839100415,2.5967924751832405e-07,0.0059931859169966364,0.005993445596244155,300x300
VCV003727282,7.913783435302638e-05,7.832746663554184e-05,0.00034763335369370624,6.010161368467474e-05,0.0002069524860388583,1.7918376142133513e-07,0.0058218617491724725,0.005821682565411051,300x300
VCV003727834,1.0137542981070036,0.005709806891182605,0.03511108778084501,0.8587731507709956,1.9988935754875443,0.00013736040790754845,0.0060523185469947005,0.006189678954902249,300x300
VCV003728507,0.3182695903693494,0.00021430604004624601,0.0009331681676316844,0.44450465113391757,1.9999305497873272,4.1519742627511846e-07,0.006022774005115779,0.006023189202542054,300x300
VCV003729356,0.3878787487396883,0.005698280516330766,0.03468707690030967,0.7881095098204787,1.9928322012490467,0.00014917916880317732,0.006062177497897751,0.006211356666700928,300x300
VCV003729413,1.0394911929295747,0.0056852535464383775,0.03477755342236702,0.7004213163095164,1.9988683196723294,0.0001280276933167254,0.006163397687793032,0.006291425381109757,300x300
VCV003729480,0.3465653768017245,0.0009039093487780032,0.004441931662602677,0.6708852504549596,1.9999884706202995,1.4077776808011505e-05,0.006129806723982032,0.006143884500790044,300x300
VCV003729757,0.5688963797540241,0.005585838546601629,0.03342113946693173,1.0744111393721107,1.9973898547955473,0.00013735823440628406,0.006151049010711025,0.0062884072451173095,300x300
VCV003764560,0.07958428345808341,0.0004576656316044958,0.0021445399263227,0.223498200897422,1.9983265552635765,3.825269252014617e-06,0.005932614316457627,0.005936439585709641,300x300
VCV003765166,0.07858856909078601,4.644008222950169e-05,0.00019201042523270262,0.2222363874793916,1.99999825167593,3.228537181883262e-06,0.006049897175138643,0.00604666863795676,300x300
VCV003765167,3.7385582117223885e-05,4.74867360442576e-05,0.0001893260975897454,1.5593766391436896e-05,5.436258610003186e-05,3.351042365607078e-06,0.006069951650871352,0.006066600608505745,300x300
VCV003765168,0.25556143627550176,0.00018543327517155846,0.0007928947970745337,0.4447255332960373,1.9999697262609477,1.1361211997356832e-06,0.006087403917899698,0.006088540039099434,300x300
VCV003765169,0.25549013583683,0.0001624725072383039,0.0007580237740290735,0.4446211473435066,1.9999573672954933,1.2380867708203236e-06,0.006013740923151977,0.006014979009922797,300x300
VCV003765170,0.00021761046266598986,0.0001640490657198414,0.0007423848252930687,0.0002164784807895639,0.0007746077162248399,1.1472931011995147e-06,0.005905327362126164,0.005906474655227364,300x300
VCV003765171,0.10115977363381491,0.00016344864230611504,0.0007701011881959818,0.22232462049294657,1.9995814462747723,1.1483228642642646e-06,0.006059267816662049,0.006060416139526313,300x300
VCV003765172,0.00014502725276036588,0.00012246575118003323,0.0005338824792063268,0.00012985425819885452,0.00046817761295669946,1.0578373132322585e-06,0.006006011729370217,0.00600706956668345,300x300
VCV003765174,0.00014455159764836353,0.000124996167658262,0.0005648553634547276,0.00012616715460131743,0.00045735375460786987,7.870501096147314e-07,0.00599560372455594,0.005996390774665555,300x300
VCV003765175,0.17682299224594403,7.927055964396434e-05,0.0003329685712552405,0.22228308376198225,1.9999876514710062,1.906024248146329e-07,0.005960831609225718,0.005961022211650533,300x300
VCV003765176,7.52755726199342e-05,7.861257593436481e-05,0.0003564362089919365,5.076342849320693e-05,0.00018962683946022185,1.5826084960937625e-07,0.006006926025222676,0.006006767764373066,300x300
VCV003766516,0.10244287369002769,0.0006625497810215934,0.003225147182542021,0.22383056167527002,1.993710691835226,9.165228001951735e-06,0.006128787976543861,0.006137953204545812,300x300
VCV003773522,0.31562551004711964,0.005674909420632938,0.03412482598433479,0.6295522078882806,1.9905027441038519,0.00012814387009876717,0.0060090077685905205,0.006137151638689288,300x300
VCV003773528,0.19668227249521175,0.0002925721601006551,0.0011762008430106219,0.4446427778381601,1.9999277266451991,1.5246041908920788e-05,0.006164430696503125,0.006149184654594205,300x300
VCV003774484,0.006240469603348131,0.001177349403244896,0.005797990076146856,0.011171764417852996,0.03654882102263368,1.525945080506092e-05,0.006116950954591843,0.006132210405396904,300x300
VCV003780733,0.0002144143641369083,0.0001626703653695872,0.0007238128956548531,0.00021058423016773187,0.0007649739053915416,1.3782540109292737e-06,0.006101603718978702,0.006102981972989631,300x300
VCV003780735,0.17695816480353693,0.00016551570450565212,0.0007439326607331723,0.22243683978662576,1.9999581738169367,1.176437356233996e-06,0.005963796958069408,0.005964973395425642,300x300
VCV003780952,6.10510536353653e-05,7.229995974105545e-05,0.0002948034743746747,3.1431072847112577e-05,0.00010628714212723711,5.202940937639594e-06,0.006146202537058348,0.006140999596120709,300x300
VCV003809665,0.8837885762217077,7.941643549193363e-05,0.0003325765354032714,0.4444956606347146,1.9999995387765193,5.759991102641943e-07,0.0060321885965996525,0.006032764595709917,300x300
VCV003809668,0.1414475788116261,8.213839352423878e-05,0.0003553815074173322,0.2222405464810837,1.9998150850164043,5.646232601567991e-07,0.005985934091975436,0.005986498715235593,300x300
VCV003809672,7.118413512499775e-05,7.130282663167904e-05,0.0002714296465804872,7.015447335127305e-05,0.0003436960079189477,4.284042242159655e-07,0.005908698374103326,0.005909126778327542,300x300
VCV003809673,0.3181747886133697,6.232951598073957e-05,0.00027681301706361516,0.44445074615374186,1.9999948512330294,5.187388486226074e-07,0.006059307581046702,0.006059826319895325,300x300
VCV003809674,5.392180188128237e-05,5.967782603521768e-05,0.000250669290829543,3.383077034821744e-05,0.00012139605648375795,4.521810534827142e-07,0.005952944531597186,0.005953396712650669,300x300
VCV003809677,0.3182695903693494,0.00021430604004624601,0.0009331681676316844,0.44450465113391757,1.9999305497873272,4.1519742627511846e-07,0.006022774005115779,0.006023189202542054,300x300
VCV003809678,0.1807776562935701,0.0006647095027068352,0.0032741201929313707,0.4455044030429508,1.9975184729941085,8.88775422333652e-06,0.006105767925833318,0.006114655680056654,300x300
VCV003809680,1.1895393581653861,0.0056722315367656794,0.0333445231141631,1.0797019058281105,1.9988777598672398,0.00013459842453240542,0.006121417527329451,0.006256015951861856,300x300
VCV003809681,0.0037466293617836833,0.0008987209699337287,0.004357162056507546,0.005727021383597387,0.019819425384729916,1.2732319918383993e-05,0.006096266643845617,0.006108998963764001,300x300
VCV003809682,0.001040187456677131,0.0004197038462834255,0.0019030542626501251,0.0013976199390132666,0.0051160362596403,5.050023682857258e-07,0.00612219406925308,0.006122699071621366,300x300
VCV003809683,0.21884712988822363,3.8041854805096055e-05,0.00016571260539738342,0.444443200214341,1.999978755639114,1.8496632519723888e-07,0.006069989796454565,0.006070174762779762,300x300
VCV003809685,0.10244662422740455,0.0006681051110945901,0.0033496626550527514,0.22382962905738316,1.9938860821298618,4.953847997121556e-06,0.00603441296309293,0.006039366811090052,300x300
VCV003809686,0.08200102139248584,0.000901853633509637,0.004449153225737322,0.2272094328904597,1.9981400580761206,1.214806025551067e-05,0.0060894237416611865,0.006101571801916697,300x300
VCV003809687,0.17681367162980904,7.912239717268228e-05,0.00035420951707163667,0.22226733848817495,1.9999908120468928,7.199952514443456e-07,0.006071678031330265,0.00607239802658171,300x300
VCV003809690,0.3567847531360299,0.0003440397657735989,0.0015665979880255046,0.6670947232876165,1.9997747170605962,2.306825852615123e-06,0.005888079986934428,0.0058903868127870435,300x300
VCV003893309,0.17959169636310218,6.143332664892262e-05,0.0002918334763611988,0.4444540202847425,1.9999961269600417,6.196714297471845e-07,0.006266792824342256,0.006267412495772003,300x300
VCV003893669,0.10395573207187044,0.0009074023866018293,0.004366005583427979,0.22600309279040084,1.9884965052533308,9.619147799433056e-06,0.0059912727558453375,0.0060008919036447705,300x300
VCV003903838,0.17699052872976037,0.0001865187600519174,0.000829749204217238,0.22247374576416767,1.9999528132893707,6.674345777784793e-07,0.006023638086891932,0.00602430552146971,300x300
VCV003905024,0.00011695291080572048,0.00011254570435321991,0.00043295659838774037,0.00010115233659871128,0.0003254958851738321,1.1621529882688796e-05,0.006047649868326271,0.006036028338443582,300x300
VCV003972439,0.474486012083584,0.0009064210809775272,0.004381337999487089,0.8879211864943147,1.9994048674749794,1.2046520293963227e-05,0.006190606150659182,0.006202652670953145,300x300
VCV003972440,0.007707442122531905,0.0011775925685733508,0.005549450863698513,0.015085855184628424,0.06940485901935489,1.261596398236843e-05,0.00599314632213355,0.006005762286115919,300x300
VCV003972447,0.5701756983223278,0.005747776820994598,0.03410642065471478,1.0768447338973983,1.9973281642669127,0.00014573753143234686,0.005992581613966263,0.0061383191453986095,300x300
VCV003972448,2.944651887697989e-05,3.8759720010324555e-05,0.0001761423418877167,1.17083946715847e-05,4.229687266366078e-05,5.345110092383476e-09,0.006028902631632827,0.006028897286522734,300x300
VCV003972449,1.600997537762828e-05,2.297697563203106e-05,8.771888950392243e-05,3.850975421746148e-06,1.3470842042617726e-05,1.5104654642814075e-06,0.006174130920696301,0.00617262045523202,300x300
VCV003972453,0.8484030389197644,6.1505857110169e-05,0.0002854241088286469,0.44444912069273396,1.9999996875124137,3.126885711520616e-07,0.006127712525214214,0.006128025213785366,300x300
VCV003972454,0.1899241459748661,0.00040984274278095377,0.0019726855635841256,0.44488647429087425,1.9999844293891802,2.303401559831768e-06,0.006198853537749153,0.006201156939308985,300x300
VCV003972456,0.7070011048141429,3.814848637482689e-05,0.00017094473847545366,0.2222347030133146,1.9999998716913479,1.1609451915951807e-07,0.006106960035128885,0.006107076129648044,300x300
VCV003972458,0.2651970326004612,9.040030753459003e-05,0.00040893231031380317,0.444499010770924,1.9999998833254984,5.014015410980885e-07,0.006118315473124169,0.006118816874665267,300x300
VCV003972460,7.691620132783366e-05,8.202956137702453e-05,0.0003673303860130678,5.109096642204788e-05,0.00018476495387020897,6.160934825083508e-07,0.006130999567176398,0.006131615660658906,300x300
VCV003972461,0.17677209223809992,3.880124285618656e-05,0.00018288744100974225,0.22223336211364975,1.999997359233097,2.295829097144486e-09,0.006006430147472773,0.006006427851643676,300x300
VCV003972465,0.07949977852235712,0.0004131945498098545,0.0018463806070470323,0.2234421973535171,1.9995447209741757,2.193970118531674e-06,0.006125308979187585,0.006127502949306116,300x300
VCV004055875,0.26030388731128945,0.0010963954666049736,0.005315789477401411,0.4522302491921964,1.9987953331137331,1.2727832259716576e-05,0.006063252576466345,0.006075980408726062,300x300
VCV004056245,5.133756966123809e-05,6.0294738582045725e-05,0.00027571697763371233,2.7748703607407183e-05,0.00010072766359614516,5.339221393852941e-07,0.006153827654639141,0.0061543615767785265,300x300
VCV004070950,0.46187115688080804,0.00043161011149376287,0.0019672482670580124,0.888962747404244,1.999987144365351,2.1296332895484257e-06,0.006043453674320373,0.006045583307609921,300x300
VCV004071013,0.2553274784618173,3.930184614823884e-05,0.0001540557326737066,0.4444607860407431,1.9999991354536881,2.3788520307245486e-08,0.006060565625011421,0.006060589413531728,300x300
VCV004071014,0.14144467725499937,8.068213741157458e-05,0.00035283654147950233,0.2222333944039828,1.9997866248239784,1.8696573976951375e-07,0.006111873232912167,0.006112060198651937,300x300
VCV004071015,0.00025244069069488273,0.0001863105976250054,0.0008787955145812335,0.00025672845686620775,0.0009042985744870391,5.202726045669057e-07,0.005925981669049738,0.005926501941654305,300x300
VCV004071016,9.16675640140202e-05,8.868780974805026e-05,0.00038535758864516323,6.952817470657408e-05,0.0002557157728814152,4.2560343902278697e-07,0.006080782787959463,0.006081208391398486,300x300
VCV004071020,3.0210780865434854e-05,3.7822111169053805e-05,0.00016272290332210865,1.4249196332280808e-05,5.183518543672161e-05,2.916474887461329e-08,0.005856912475823849,0.005856883311074974,300x300
VCV004071023,0.07878529295884361,0.00016553056875784884,0.0007201695814266704,0.22245983299946503,1.9999734280171522,1.1770955997527158e-06,0.006060724738139727,0.00606190183373948,300x300
VCV004071028,8.15254434126282e-05,7.745765735250408e-05,0.0003172286002401034,6.330540290781321e-05,0.0002381000709406056,2.0463256277577363e-07,0.006009892919859623,0.006009688287296847,300x300
VCV004071030,9.114613445906001e-05,8.918289526988293e-05,0.0003858454658440258,7.049811799824606e-05,0.00024583939934585963,2.1606699464934292e-07,0.005890761071446164,0.005890977138440813,300x300
VCV004071032,1.686539747270682e-05,2.4627493886621954e-05,9.090004008415614e-05,4.589700046427521e-06,1.184426609812661e-05,1.8059509567722176e-06,0.006101288425170365,0.006099482474213593,300x300
VCV004071035,7.913783435302638e-05,7.832746663554184e-05,0.00034763335369370624,6.010161368467474e-05,0.0002069524860388583,1.7918376142133513e-07,0.0058218617491724725,0.005821682565411051,300x300
VCV004071041,8.203901179758532e-05,8.127097471061453e-05,0.00033027236898465484,6.260407769780812e-05,0.00021810256619247959,5.601639105918405e-07,0.005997529191543017,0.005998089355453609,300x300
VCV004071042,0.14143607249806162,6.418112744451782e-05,0.00026274191991885326,0.222237424827691,1.9998739446824252,4.2480800828501725e-07,0.006017285138852874,0.006017709946861159,300x300
VCV004071052,7.337535947679185e-05,8.028565853257132e-05,0.0003569983356010234,4.646423377496767e-05,0.00016691872133944852,6.386252187672373e-07,0.0062172304863349495,0.006217869111553717,300x300
VCV004071053,0.00015085918662356227,0.00012624694671525642,0.0005485013565669494,0.00013520428669638255,0.0004955555044494631,1.0584256519884441e-06,0.006183106677775207,0.006184165103427196,300x300
VCV004071064,0.00022181487566205876,0.0001664236496570433,0.0007544027073478621,0.0002197041398775844,0.0008037775408225034,8.555759644021665e-07,0.00600674528293234,0.006007600858896742,300x300
VCV004071066,0.9258418876238996,7.57419489130661e-05,0.0003458723823017984,0.6666632884240697,1.9999995079317396,2.8749170397600332e-08,0.0059840542524432685,0.005984083001613666,300x300
VCV004071082,1.8843320427963774e-05,2.7105632408238694e-05,0.00010981746974210449,5.077668301983134e-06,1.5423769525457764e-05,1.7076690986151527e-06,0.006001069839531806,0.005999362170433191,300x300
VCV004071087,0.3181852706924829,7.938490951623745e-05,0.000317046749800598,0.44445563417508954,1.9999896494200735,2.579254810477355e-07,0.005982725368997974,0.005982983294479022,300x300
VCV004071089,2.791167799004635e-05,3.763342192104091e-05,0.00016944379934793335,1.0429030747561975e-05,3.634287965126326e-05,1.917056629673758e-07,0.00605809706149336,0.006058288767156327,300x300
VCV004071104,0.10118137300559091,0.00018423883868581338,0.0008296752047718126,0.2223340510174168,1.9993873777887954,9.344994610386778e-07,0.00607878704870399,0.006079721548165029,300x300
VCV004071111,0.08844782156877629,7.795263740737612e-05,0.00034452968845692655,0.2222756090724904,1.9999998318032102,2.2841571181708709e-07,0.006044077637952141,0.006044306053663958,300x300
VCV004071119,0.17677294195218124,3.903042052618567e-05,0.00016332879437141318,0.22223516537416396,1.999997309676342,7.453061565826369e-08,0.006101546681038478,0.006101621211654136,300x300
VCV004071128,7.303040247928399e-05,7.920598541377904e-05,0.0003255093238980905,5.015026662407656e-05,0.00013311389208847668,5.771281114928112e-06,0.005913646471655041,0.005907875190540113,300x300
VCV004071142,0.27778317191647756,6.125426961945878e-05,0.00027967679706208254,0.4444568890359623,1.9999931741600383,4.5818026343964757e-07,0.006159436876469312,0.006159895056732752,300x300
VCV004071176,2.910719106350668e-05,3.8182307999613594e-05,0.00017450774522437956,1.1546379670885405e-05,4.209045680192425e-05,1.632426213432278e-07,0.006076355533373846,0.0060765187759951895,300x300
VCV004071180,0.17678493609711374,5.356719837435107e-05,0.0002169933146095246,0.22224042078127182,1.999996437849346,3.1876563851744935e-06,0.0061142662223741704,0.006111078565988996,300x300
VCV004071190,2.7640193573243693e-05,3.7787954945228236e-05,0.00017338877648923057,9.510218622412995e-06,3.443838902938978e-05,1.986519464550196e-07,0.006198853537749153,0.006199052189695608,300x300
VCV004071191,0.10107219109630061,9.004527275115078e-05,0.00039564374706943517,0.22225959140284537,1.9998625069329008,2.7828581243213857e-07,0.0060006759138107185,0.006000954199623151,300x300
VCV004071194,2.825930476658038e-05,3.8289046290211815e-05,0.00018355396125556422,1.0099595229289764e-05,3.542313956894638e-05,1.0495458631527843e-07,0.005942670081215258,0.0059427750358015735,300x300
VCV004071198,1.6158264409928367e-05,2.335490080689197e-05,9.172861965205115e-05,3.7664902545259734e-06,1.2884372406540834e-05,1.6195409696983035e-06,0.006082559079522336,0.006080939538552638,300x300
VCV004071207,5.646268731254261e-05,6.066913851837914e-05,0.0002491463992292525,3.7042651706466044e-05,0.00013808687706273748,2.953248190735308e-07,0.0060345601158353565,0.00603485544065443,300x300
VCV004071210,0.1769553923844384,0.0001666359190736518,0.000746789002716082,0.22243899760220304,1.999949233701959,1.4173517168111424e-06,0.006049154727825205,0.006050572079542016,300x300
VCV004071215,0.14149093967249005,0.0001443516375647232,0.0006104954964377823,0.22225412382696919,1.9995346465688537,8.020333587718288e-06,0.0060722629691616235,0.006064242635573905,300x300
VCV004071216,0.9624956858108938,0.00016670863553086283,0.0007087935777322779,0.6669044573936193,1.9999978557807538,1.09109859671927e-06,0.005991337414978811,0.00599242851357553,300x300
VCV004071217,2.913894637835256e-05,3.8446475947626794e-05,0.0001763189610317767,1.1347743951913477e-05,4.0634314612875144e-05,1.1096080795511276e-07,0.006093898200665105,0.00609400916147306,300x300
VCV004071227,0.7070019895825232,3.8726279714947115e-05,0.00016596154861660967,0.2222358470859605,1.99999987138279,1.8061756378723315e-08,0.006153048243575784,0.006153066305332163,300x300
VCV004071253,0.3181843101669888,7.927899062463924e-05,0.00031075978641650903,0.4444547377677898,1.9999898799356137,1.5254671280936355e-07,0.005828315928276886,0.005828468474989695,300x300
VCV004071261,7.160170168572697e-05,7.838093466284692e-05,0.00036184952618957544,4.50948050813027e-05,0.00015930552707243972,3.317527444311394e-07,0.006061329678373602,0.006061661431118033,300x300
VCV004071264,7.183948558112936e-05,7.630644648499741e-05,0.00034854226379796294,4.7967444522339304e-05,0.00017085621568135867,3.51397879753447e-07,0.005924625130029745,0.0059249765279094984,300x300
VCV004071266,2.8986698058741e-05,3.890059293626571e-05,0.00016849499049005623,1.2044845712747923e-05,3.7000737216907886e-05,1.8449253255583414e-07,0.005973384453967156,0.005973568946499712,300x300
VCV004071269,7.183948558112936e-05,7.630644648499741e-05,0.00034854226379796294,4.7967444522339304e-05,0.00017085621568135867,3.51397879753447e-07,0.005924625130029745,0.0059249765279094984,300x300
VCV004071277,0.07878849914452327,0.0001889442348520794,0.00084423312782822,0.22243194130064273,1.9996857655859688,4.714837177934028e-07,0.005951439380581307,0.0059519108642991005,300x300
VCV004071288,0.21996920132570635,3.7411488499203204e-05,0.00016572805356056958,0.4444463290640635,1.9999991848538026,2.0438459505910112e-07,0.006153942675852021,0.00615414706044708,300x300
VCV004071300,0.10116751585792352,0.00016488795641085902,0.0007151532255882248,0.22233464425332172,1.9995013385897478,1.2586483540584503e-06,0.006020834360862173,0.006022093009216231,300x300
VCV004071305,0.1768002740459974,6.485222242663766e-05,0.00027512233567891786,0.2222672772966296,1.9999932377263498,7.062292024066774e-07,0.006114760131015684,0.0061154663602180906,300x300
VCV004071311,0.00021320880324825556,0.00016613982324205164,0.0007558070749364987,0.00020968250377120492,0.0007174240862044545,1.3212530785931126e-06,0.00607437029538566,0.006075691548464253,300x300
VCV004071321,5.4984865470544915e-05,6.024132059894298e-05,0.00024898629608553074,3.495357890964051e-05,0.00012823626318403392,5.306766526110007e-07,0.00606456830918809,0.006065098985840701,300x300
VCV004071329,0.10104726809515133,6.14615787517514e-05,0.0002602425918670631,0.22224658110558015,1.9999378503621095,1.2547939886534826e-07,0.00591834095871709,0.005918466438115956,300x300
VCV004071337,0.2778891026490501,0.00016224990307055624,0.0007462355626792622,0.4445279009713345,1.9999620256686557,1.2341080349387648e-06,0.005993234501274788,0.005994468609309727,300x300
VCV004071342,0.10106152046416352,7.784560568924707e-05,0.0003430024020459055,0.22225310598740153,1.9999049482765836,2.0749882454190044e-07,0.0060239513020831584,0.0060241588009077,300x300
VCV004071347,0.08857924957719047,0.000161521411286682,0.0007390695588178203,0.22242443007952545,1.9999997325166465,9.555428197608948e-07,0.005916839552113628,0.005917795094933389,300x300
VCV004071354,0.0786062810232672,6.068332377371736e-05,0.0002730418080474917,0.22225389030336848,1.9999977305746683,2.776480411692539e-07,0.006017958088236898,0.006018235736278067,300x300
VCV004071399,0.07858153802908092,3.8936181610906795e-05,0.00017164070345037502,0.22223322931306524,1.9999972823491912,1.7337266475583868e-07,0.006083473909509457,0.006083647282174213,300x300
VCV004071416,4.403497169426434e-05,5.3942340281737025e-05,0.00021728341229583503,2.0947268506753423e-05,7.255947533824081e-05,3.2649290199722805e-06,0.006036621659331416,0.006033356730311443,300x300
VCV004071418,0.7071211133726983,0.00012768671740529143,0.000565416943337331,0.22235861152894984,1.999998787010878,9.298128814672069e-07,0.0060085910056512076,0.006009520818532675,300x300
VCV004071419,4.507852486195981e-05,5.4193366434972766e-05,0.0002162019076593219,2.294523322817395e-05,7.735882627035728e-05,3.2186541836553076e-06,0.005969821435328194,0.0059666027811445385,300x300
VCV004071420,3.085844582502217e-05,3.935509987066983e-05,0.0001707196126831262,1.4240924643391414e-05,4.792587376734048e-05,8.697048720258949e-08,0.005969333821629819,0.005969420792117022,300x300
VCV004071421,0.25536870965319813,7.966341917073167e-05,0.00034361017677271566,0.44449181366403234,1.9999893984212496,4.007834387472625e-07,0.006096052809973969,0.0060964535934127165,300x300
VCV004071424,0.00031698217446944713,0.0002144781407393888,0.000986038824644958,0.0003382344559389831,0.0011970009701520734,1.588868554663371e-06,0.006179690594418209,0.006181279462972872,300x300
VCV004071425,0.2778109338109614,8.938761168605862e-05,0.0003971421164075256,0.4444746939109227,1.9999880147482263,4.1581658243288605e-07,0.005977690029867696,0.005978105846450129,300x300
VCV004071427,1.594140169645385e-05,2.3116960611957757e-05,9.372638831038616e-05,3.542053501713759e-06,1.1856935369425337e-05,1.7097066781629477e-06,0.006113256111948663,0.0061115464052705,300x300
VCV004071428,3.0048900248713613e-05,3.830779175767525e-05,0.0001682384359675132,1.3283822066827926e-05,4.859028460957315e-05,1.6353221518258798e-08,0.005909698791778594,0.005909715145000112,300x300
VCV004071430,0.07878829528792337,0.00016472215967800786,0.0007048414288401833,0.22246699864942313,1.999964245369996,8.09051148007757e-07,0.005953073817514415,0.005953882868662423,300x300
VCV004071431,0.25532276643101437,3.8158202040929935e-05,0.00016902878591656956,0.4444536257833265,1.999997898656384,2.7897626228047534e-07,0.006009934146974374,0.006010213123236655,300x300
VCV004071432,0.00017144231049797618,0.0001466978452247909,0.0006017937814141033,0.0001488039667754373,0.000519608413010908,8.691435430310639e-06,0.006004512179020562,0.005995820743590252,300x300
VCV004071433,0.00017144231049797618,0.0001466978452247909,0.0006017937814141033,0.0001488039667754373,0.000519608413010908,8.691435430310639e-06,0.006004512179020562,0.005995820743590252,300x300
VCV004071434,0.48330038692398425,0.005655993413267354,0.03274006228728471,0.8570356606075762,1.9927951395419392,0.00015290443460274413,0.005966529797318044,0.006119434231920788,300x300
VCV004071436,0.16713716340576473,0.00016584341314063365,0.0007582782360865889,0.44464713089793584,1.9999996556711759,1.0675029722198581e-06,0.00614753057237461,0.00614859807534683,300x300
VCV004071437,8.903894170025186e-05,8.918117337906309e-05,0.0003945509656384655,6.598401711284858e-05,0.00023442789709771095,1.2824316106361394e-07,0.005925327914349527,0.0059254561575105905,300x300
VCV004071438,1.6483929965862077e-05,2.3589013828037843e-05,9.218287629157718e-05,4.066534529630535e-06,1.4303038841090299e-05,1.6831600851289e-06,0.006015838233183621,0.006014155073098492,300x300
VCV004071439,0.10103140248427515,5.149855910125997e-05,0.00022034884365521035,0.2222283543986244,1.9999557466168645,2.9883251806599523e-06,0.006076277684857613,0.006073289359676953,300x300
VCV004071442,0.00017144231049797618,0.0001466978452247909,0.0006017937814141033,0.0001488039667754373,0.000519608413010908,8.691435430310639e-06,0.006004512179020562,0.005995820743590252,300x300
VCV004071444,5.3250316596238185e-05,6.13807746755272e-05,0.00026474710314795813,3.070142871735509e-05,0.00011038477521285728,5.035573057586215e-07,0.006118195157310174,0.006118698714615933,300x300
VCV004071446,8.007360753763964e-05,8.107622454580522e-05,0.00035049884844221696,5.8501318918466635e-05,0.00020752746533370114,5.892675516592713e-07,0.006050949088534249,0.0060515383560859086,300x300
VCV004071448,2.9996119110801407e-05,3.8522481124802455e-05,0.00016342652989374817,1.3182042163273344e-05,4.702812730050798e-05,1.1721394281832137e-07,0.00604884365335719,0.006048960867300009,300x300
VCV004071453,0.17706145148139527,0.0002146861198943805,0.0009881107548111168,0.2225680093801441,1.9999154617532113,1.3927733753197474e-07,0.006043195605691824,0.006043334883029356,300x300
VCV004071455,7.388675371578301e-05,7.966404799306228e-05,0.0003678532290786532,4.71985023207111e-05,0.00017111250767321007,7.409281288445549e-07,0.006195106805080824,0.006195847733209668,300x300
VCV004073516,0.5598626125386513,0.00038967102083300044,0.002636613458320808,0.6666379861840112,1.9999915328712365,1.3839982649581362e-05,0.006156116183183199,0.006142276200533618,300x300
VCV004082396,0.8880157100818904,0.001108875188261579,0.005670434760290964,0.45133570296001857,1.999881652463625,1.5239858330732235e-05,0.006077478494137758,0.006092718352468491,300x300
VCV004082532,0.0797129748948816,0.00046164033129914386,0.0021026441660344647,0.22376700942856326,1.999542834744847,5.467699759294231e-06,0.006112103964739876,0.0061175716644991706,300x300
VCV004083530,3.9108790477178166e-05,4.958715902284023e-05,0.00019743560982823927,1.6492748966028754e-05,5.686470082466588e-05,3.4676478487503937e-06,0.00604178660712355,0.006038318959274799,300x300
VCV004083687,0.18949173527933022,0.00013273525903462666,0.0005855576368923865,0.4445135279297644,1.9999982275513633,1.0395513304721493e-06,0.006053261984955533,0.006052222433625061,300x300
VCV004086450,0.1415175070358877,0.00018594206664167414,0.000820040078263716,0.22227459610231673,1.9990144319750547,1.0955183943955546e-06,0.00612206536046108,0.006123160878855475,300x300
VCV004189250,1.7645495016143613e-05,2.5392619215414136e-05,0.00011054630192647297,4.101557939753222e-06,1.4320698360270612e-05,1.4916947464350266e-06,0.006045371204973526,0.006043879510227091,300x300
VCV004189257,0.07870260243115264,0.00012585300145057543,0.000554758692804351,0.22235519500585976,1.999974168674865,9.80364669741704e-07,0.006019510942287266,0.006020491306957008,300x300
VCV004189258,0.17681214610735688,8.015750772257793e-05,0.0003762346717277737,0.222262024660643,1.9999903834891615,7.255768529664669e-07,0.0061872241068447595,0.006187949683697726,300x300
VCV004189260,0.9660909824231081,0.0010955452147266018,0.005574843141726342,0.6724216655733876,1.9998834616239147,1.484541739349074e-05,0.006086795180407924,0.0061016405978014145,300x300
VCV004189261,0.7070002178649353,3.7722619809227735e-05,0.0001663351776230934,0.2222340229666456,1.9999998817554268,9.498264839924442e-08,0.0059725212697108055,0.005972616252359205,300x300
VCV004189263,1.8291128205273754e-05,2.6232420629400592e-05,0.00010775425639325542,4.570861535688506e-06,1.58374439798159e-05,1.5697326960079083e-06,0.006063463233222043,0.006061893500526035,300x300
VCV004189264,0.1767982061431234,6.140897484944111e-05,0.00025859473428445356,0.2222569133475064,1.9999943027785818,4.159825261031494e-07,0.006050591588034214,0.0060510075705603175,300x300
VCV004189266,0.004901822882691369,0.0011013032242239275,0.005668372275572438,0.007593390073851575,0.025755843286628277,1.4184747140758534e-05,0.005979249394715592,0.00599343414185635,300x300
VCV004189267,0.2387099193813584,0.005638369825655498,0.03331880833957791,0.33104862864329554,1.9926408855135698,0.00013210468384925594,0.006091557185672104,0.0062236618695213596,300x300
VCV004189270,0.16800992038259716,0.0007388458800676768,0.003159581558974195,0.4441556691855128,1.9999906049530103,6.784588276126727e-06,0.006017285138852874,0.006024069727129001,300x300
VCV004189271,2.986033849958167e-05,3.8683345413550486e-05,0.0001625893690116731,1.2987495227489987e-05,4.5452601371454016e-05,1.8286222629778498e-07,0.006117290802421523,0.006117473664647821,300x300
VCV004189272,0.2577981984170825,0.0011543798319865106,0.005318681052889004,0.4459670636794567,1.9958311950114311,1.464289291309203e-05,0.006063770885651525,0.006078413778564617,300x300
VCV004189273,0.07913977485152354,0.0003431607784936496,0.0016006668026911988,0.2228256931438499,1.9982428369865448,2.7705032782333536e-06,0.005941057670446766,0.005943828173725,300x300
VCV004189275,0.1010715279180969,8.970714335199397e-05,0.00039637206784726847,0.22225739310398598,1.9998677944047083,4.6725301656048296e-07,0.006099428035103673,0.0060998952881202335,300x300
VCV004189276,0.0810178400788382,0.0006688221496661385,0.003114448324756783,0.2257667344767489,1.9985322155952856,4.903114712300968e-06,0.005952564186740634,0.005957467301452935,300x300
VCV004189278,0.002425206773585172,0.0006565008584191703,0.003014972400358369,0.0035826164886157853,0.01320385418488157,7.770085478002974e-06,0.00606456830918809,0.006072338394666093,300x300
VCV004279056,0.17959450780595082,6.033277313325797e-05,0.00026927735177773027,0.4444600268221358,1.9999845668747738,2.863111907809926e-07,0.005920981035370792,0.005921267346561573,300x300
VCV004281284,0.00020319299664568746,0.0001609873546218873,0.0007392841610538714,0.0002045354668811012,0.000618239237051843,1.8227090936399903e-08,0.005998419952812285,0.005998438179903222,300x300
VCV004294233,0.005536697654109867,0.0011289438345144108,0.005737376904782501,0.008896943584785592,0.028907712768984406,1.0134168022571735e-05,0.00597939155267319,0.005989525720695762,300x300
VCV004532981,0.07954950787051171,0.0004243996458776641,0.001965436720921955,0.22351339783093593,1.9994788390266276,1.4071561083659617e-06,0.0059751711793294,0.005976578335437766,300x300
VCV004532982,0.0010388641488231687,0.00041642272455249505,0.0018772581420802015,0.0014197942447839267,0.00499509008450616,9.561286046025352e-07,0.006004419361543891,0.006005375490148493,300x300
VCV004532983,0.11988101826880497,0.0009083499260020159,0.004364832719939274,0.22470089511016336,1.9828055297651417,9.639656023532894e-06,0.0059735416064321655,0.005983181262455698,300x300
VCV004533295,0.0003278155636768939,0.00021433576809657795,0.0009544221871030378,0.00035977218312870866,0.0012684042654811378,1.1087983891140338e-06,0.0061195988530093155,0.0061207076513984295,300x300
VCV004539165,4.145252160139747e-05,5.295656806807679e-05,0.00022116441981952228,1.7354300795598594e-05,5.8890033498015804e-05,3.1886042213963295e-06,0.0060243865645192695,0.006021197960297873,300x300
VCV004539166,0.7857720308193131,0.00018434215007227472,0.0008442251040453805,0.4446916755053919,1.9999973645047393,7.814845148440899e-07,0.00596243029989095,0.005963211784405794,300x300
VCV004552901,0.27780302703045595,8.0777685267439e-05,0.0003529948171979158,0.4444707929946799,1.9999898738882513,6.745432422237616e-07,0.006170250359942502,0.006170924903184726,300x300
VCV004552934,2.7972859207559876e-05,3.780970621376354e-05,0.0001852208452408008,9.793202896747468e-06,3.478268332079981e-05,7.845263347901893e-08,0.005949042736224474,0.005949121188857953,300x300
VCV004552962,0.7080563230813849,0.00045487596350888746,0.0021685143369803567,0.2236888153094428,1.9999831391095062,3.374912457588218e-06,0.005973648439054594,0.005977023351512182,300x300
VCV004553001,0.638676027677518,0.005689101682458925,0.033756463718799576,0.8476047609253811,1.9995305424041274,0.00013882403993894024,0.005970085158271047,0.0061089091982099875,300x300
VCV004553010,0.1786603013120436,0.0006666401498479293,0.003245270871832795,0.2250382867700564,1.9989709641750384,7.832898004067959e-06,0.006120635579010466,0.0061284684770145335,300x300
VCV004553021,0.25538703480289093,9.150204032566329e-05,0.00038760460384047735,0.4445122316507856,1.9999875300008703,3.3758916199479183e-07,0.006055533804827052,0.006055871393989047,300x300
VCV004553048,0.19032255869665066,0.0004342304928941523,0.0019266260181594053,0.4455964636240226,1.9999898013153257,9.455208875054633e-08,0.005937015769787074,0.005936921217698323,300x300
VCV004553078,0.10102187365101276,3.831465309159762e-05,0.00017912598064053625,0.2222270095081849,1.9999764955324992,1.431611014943157e-07,0.006117786730314819,0.006117929891416313,300x300
VCV004553088,0.000327163649481729,0.00021941691756721728,0.000990742965839203,0.0003594901140392527,0.0012229243627056574,1.2810335953857e-06,0.006063808089341691,0.006065089122937076,300x300
VCV004553112,0.35832529299025984,0.0011079424194417587,0.005690638347495669,0.6681919956903681,1.9960836410971392,1.2645227193280179e-05,0.005917225571830834,0.0059298707990241145,300x300
VCV004553123,1.6025857900658895e-05,2.3486955427373436e-05,9.66364978294762e-05,3.4906647948066785e-06,1.1048242198108404e-05,1.7796241626993198e-06,0.006026681049818993,0.006024901425656294,300x300
VCV004553134,0.8848703922098581,0.0004312544341445923,0.0018598356411442321,0.44622913045456314,1.9999838722892576,9.048251027547055e-07,0.006097026472820711,0.006097931297923465,300x300
VCV004553149,0.1776274792790005,0.00042693470702950944,0.002004870003243363,0.2233723746388731,1.999656657949082,4.6039185748122935e-07,0.00607997555690351,0.006080435948760991,300x300
VCV004685939,8.982821061768447e-05,8.876819751627645e-05,0.00038732069662923696,6.707755243678331e-05,0.00024561125007094287,2.0422609905458577e-07,0.005957047285709236,0.00595725151180829,300x300
VCV004686570,0.0789548701362337,0.0002571637430279725,0.001094000833394157,0.22265363454554954,1.999968149690829,1.7894768006669615e-05,0.006140780811084486,0.006122886043077817,300x300
VCV004690223,0.00019563889573251522,0.000152804847615116,0.0006119144399913817,0.00021159074761186356,0.0005925854681213538,8.884084640019621e-06,0.00587934054299137,0.00587045645835135,300x300
VCV004711509,3.840675829306887e-05,4.873405352212257e-05,0.0001872831869987046,1.6539594626243906e-05,5.517680180666673e-05,3.3479125962432646e-06,0.006055902355975798,0.006052554443379554,300x300
VCV004713457,0.10194137918791242,0.00041564372753767273,0.0018003783742294652,0.22336513308874656,1.9977018942592628,2.6031123007055207e-07,0.006072444499267864,0.006072184188037793,300x300
VCV004713495,0.07886650436364472,0.00018811191511394784,0.0007183592035361896,0.22258108328692383,1.9999462584848147,1.0527658259517833e-06,0.00603959186246555,0.006040644628291502,300x300
VCV004713773,0.1768716313153178,0.00012415425609578362,0.0005828850884716866,0.2223246366145366,1.9999714405373208,1.3902528387208651e-06,0.006156346408041078,0.006157736660879799,300x300
VCV004714010,0.18025325695110544,0.00041613854106305393,0.0019670655870344528,0.4451126508439312,1.999538296264627,1.7751055903210758e-06,0.006096125444742312,0.0060979005503326335,300x300
VCV004714565,0.000269417763791108,0.0001869241138948669,0.0008106784892717364,0.0002862368201629575,0.0010040542082948578,1.2559274332416687e-06,0.006094354460408097,0.0060956103878413385,300x300
VCV004715367,0.1769544711163664,0.0001628603351655747,0.0007143290206204911,0.22243250637914297,1.9999636331988317,1.2922047942761153e-06,0.006030622698568199,0.006031914903362475,300x300
VCV004716542,0.07978110855534545,0.0004524733706501356,0.0020511033524951705,0.22389519951443393,1.9996746982148936,3.5167989140966194e-06,0.0059912727558453375,0.005994789554759434,300x300
VCV004717598,0.39580618417340885,0.0004528350838527591,0.002087334284638323,0.6664560537338191,1.9995985416916855,4.0011596327852936e-06,0.005968584234662926,0.005972585394295711,300x300
VCV004717601,0.1903190745738845,0.0005224109921573109,0.002441091259593381,0.4454152410161341,1.9999962430652882,4.8088074453885715e-06,0.006151056969452654,0.006155865776898042,300x300
VCV004719111,0.22026944126920323,0.0004498698400850771,0.002035228860868349,0.444705008912331,1.999785337099874,3.343802216225142e-06,0.005970085158271047,0.005973428960487272,300x300
VCV004719308,0.07858091552210615,3.920510311429046e-05,0.00017022305200656285,0.22223176495794922,1.9999866029991131,2.3445665385535275e-07,0.006011955512490386,0.006012189969144242,300x300
VCV004719549,0.0012596928837483598,0.0004627552021085129,0.002067844241058811,0.001898015149062947,0.00543556072397855,4.715173355800822e-06,0.006011627833906196,0.006016343007261997,300x300
VCV004719816,1.6089146625096743e-05,2.314471774943051e-05,8.936225311532986e-05,4.025482376916282e-06,1.3685890709047577e-05,1.658745355679822e-06,0.00590029751517127,0.00589863876981559,300x300
VCV004721316,0.883800430974618,8.877343290507679e-05,0.0003714892018703772,0.44450745980852285,1.9999994014582765,6.218048778164342e-07,0.006075959951810763,0.006076581756688579,300x300
VCV004721782,0.17688924912318557,0.0001264144069003031,0.0005766840617240712,0.22235214411649779,1.9999699217381761,7.591962246323788e-07,0.005965638066713797,0.00596639726293843,300x300
VCV004721995,1.8814962470587634e-05,2.6559540475783365e-05,0.00010060555049586084,5.4367782143701264e-06,1.894095660559536e-05,1.5686944738841843e-06,0.005904364003183877,0.005902795308709993,300x300
VCV004723690,0.2582786796510632,0.0011352090920028314,0.005532328788292948,0.44740198487470795,1.9958661011363317,1.4949453519630049e-05,0.006029404491899974,0.006044353945419604,300x300
VCV004723989,0.11837964559089358,0.000417307632207776,0.0019987441520088398,0.22273390847470464,1.9973005464499458,3.1199675459810464e-06,0.0061623303066684326,0.006165450274214414,300x300
VCV004725408,0.1770580685183335,0.00021776031723324835,0.000996947660112532,0.22258449649782522,1.9999035988339897,6.306236475109653e-07,0.006016210982035887,0.006016841605683398,300x300
VCV004726190,0.7072167633169847,0.0001868563498943506,0.0008631512915199258,0.22246935618392558,1.999997212399192,1.414407508589302e-06,0.006187028284373597,0.006188442691882187,300x300
VCV004726314,0.30893877998065095,0.005650800595264361,0.033009655110147085,0.6385763238380057,1.983230049384911,0.00014397887340169419,0.005925057879796804,0.006069036753198498,300x300
VCV004726444,0.07936927277920841,0.0004313424454528401,0.001977062565030871,0.2230479150747516,1.99618124678166,1.4648670803385846e-06,0.006012567799612337,0.006014032666692676,300x300
VCV004726990,0.10171905709483517,0.000424027315324833,0.0019790767146639077,0.2229776236196691,1.997348053293873,2.7207545045650552e-06,0.006140592972905905,0.0061433137274104705,300x300
VCV004728147,0.07910220703106811,0.0002969544399564483,0.0012314298275258456,0.2228762729597426,1.9999531514349806,1.745079357036352e-05,0.005945607417287858,0.005928156623717495,300x300
VCV004730792,0.08857924957719047,0.000161521411286682,0.0007390695588178203,0.22242443007952545,1.9999997325166465,9.555428197608948e-07,0.005916839552113628,0.005917795094933389,300x300
VCV004732605,0.17763010555049333,0.0004188637912278873,0.001982523214415735,0.22338264405606945,1.999664671822759,1.0646411343481418e-06,0.006103855797416629,0.0061049204385509774,300x300
VCV004732672,0.9637256688218983,0.000661171445100948,0.003281740746468906,0.6685023164476706,1.999958433748979,7.73902142600126e-06,0.006034323776864857,0.006042062798290858,300x300
VCV004732868,0.11845645826042563,0.0004270653099646678,0.0019363769176154663,0.22290876195835374,1.996020517040916,2.3848632780543166e-06,0.006008679788352251,0.006011064651630305,300x300
VCV004733780,0.1809874454074081,0.0007037386298916391,0.0031206695297513326,0.44533829441657286,1.993735755518351,5.447788319561976e-06,0.005923067997310956,0.005928515785630518,300x300
VCV004735897,0.17897265932572903,0.0006657931970920115,0.0031252824292887504,0.22552979012728575,1.9991324252155587,6.168471566654621e-06,0.005998201292927998,0.006004369764494652,300x300
VCV004735996,2.8421424645485287e-05,3.786733444712154e-05,0.00017840573778772628,1.0474066540138654e-05,3.7760943697673355e-05,1.4794457460238358e-07,0.006089420311537325,0.006089568256111928,300x300
VCV004756720,0.17679740960512758,6.195723574948684e-05,0.0002554994914636538,0.22225571718782566,1.9999933844892037,4.902985733037935e-07,0.0060316221787783,0.006032112477351604,300x300
VCV004757032,0.17957495183492297,3.856874568017744e-05,0.00017289939121156728,0.444450119661864,1.9999977761701024,2.586119751896501e-07,0.006179690594418209,0.006179949206393399,300x300
VCV004757808,9.170119012843353e-05,8.880839622897114e-05,0.00038215871216984443,7.014083762842589e-05,0.0002580959569422614,2.9429225425776223e-07,0.006012397886573025,0.006012692178827283,300x300
VCV004758197,2.972355833240078e-05,3.773527402405356e-05,0.00016303141513518415,1.3122953825655475e-05,4.9277253937329846e-05,5.005279266317303e-08,0.006093036705201767,0.006092986652409104,300x300
