locus,locus_tissue,enhancer_source,enhancer_source_tissue,condition,n_enhancers,mean_score_plp,mean_score_blb,delta,p_value,n_plp,n_blb
HBB,K562_erythroid,HBB,K562_erythroid,MATCHED,5,0.8441964557125904,0.8477620124866101,0.003565556774019707,4.662465851561939e-72,353,750
HBB,K562_erythroid,LDLR,HepG2_hepatocyte,MISMATCH,10,0.0005321790844480002,0.000537223950408775,5.0448659607748225e-06,5.0875756984018674e-18,353,750
HBB,K562_erythroid,TP53,K562_partial,MISMATCH,9,0.2078142391218882,0.19613623552568424,-0.011678003596203967,4.285734485014862e-24,353,750
LDLR,HepG2_hepatocyte,HBB,K562_erythroid,MISMATCH,5,0.0003786993814959268,2.8363058864125262e-21,-0.0003786993814959268,1.0688003493732214e-14,2274,1010
LDLR,HepG2_hepatocyte,LDLR,HepG2_hepatocyte,MATCHED,10,0.12107282551031574,0.19604412135613328,0.07497129584581753,6.328729072524666e-06,2274,1010
LDLR,HepG2_hepatocyte,TP53,K562_partial,MISMATCH,9,0.00420019897186967,0.0030767527499367827,-0.0011234462219328876,2.0209342233223145e-12,2274,1010
TP53,K562_partial,HBB,K562_erythroid,MISMATCH,5,8.284696531401578e-14,6.86059502510048e-13,6.032125371960322e-13,0.4463912429218251,1645,1149
TP53,K562_partial,LDLR,HepG2_hepatocyte,MISMATCH,10,0.0001620409709810105,0.0007090133284535382,0.0005469723574725277,0.44650508081667484,1645,1149
TP53,K562_partial,TP53,K562_partial,MATCHED,9,0.5752696899512688,0.5642598231047655,-0.011009866846503291,0.4462774215508123,1645,1149
